seq,名称EN,名称CN,展厅,类别,对象类型,同类组,组内件数,HS,IU,VI,VA,CE,ER,Q,D,G,CR,Core,V3旧tier,V3新tier,是否变化,判定说明,证据可信度,评分依据,CR理由,S-ness理由
1,"Yin Yu Tang, Chinese Merchant House",荫余堂 清代徽州商人古宅,Yin Yu Tang Courtyard,Historic Wooden Architecture,node,海外迁建中国历史建筑,1,9,10,10,10,10,10,10,10,10,10.000,9.850,S,S,,Core 9.850，峰值 10.0，S-ness 3/3,medium,这是海外唯一整体迁建的清代徽州民居，兼具完整空间体验、徽商社会叙事和全馆最高的身份辨识度。,组内唯一且无可替代的海外整体迁建清代徽州民居，兼具典范品质、极高非重复性与全馆核心叙事补位价值。,三项均为真：荫余堂是全馆身份标志，海外唯一整体迁建的清代徽州民居；两小时仍应优先安排，错过明显可惜，失去会直接削弱 PEM 的辨识度。
2,"Nanban Byobu, Portuguese Trade Arrival Screen",南蛮屏风：葡萄牙商船到来六曲屏风,Japanese Art Gallery,Screen Painting,object,日本南蛮贸易屏风画,1,9,9,9,9,9,0,9.5,9.5,10,9.600,9.060,S,S,,Core 9.060，峰值 9.0，S-ness 3/3,medium,南蛮屏风以金地大幅图像记录早期欧日接触与贸易，是日本馆及本馆跨洋交流叙事的核心展品。,组内唯一对象，且为南蛮贸易屏风的典范性实物，在本馆日本艺术及跨洋贸易叙事中均具不可替代性。,兼具日本艺术核心性与亚洲外销、跨洋接触叙事价值；两小时仍应安排，错过明显可惜，失去会明显削弱 PEM 以海贸连接东亚的身份。
3,Hawaiian Kū War God Figure,夏威夷库战神木雕,Oceanic Art Gallery,Carved Wood Sculpture,object,夏威夷仪式木雕人像,1,9,9,9,9,10,0,10,10,10,10.000,9.250,S,S,,Core 9.250，峰值 10.0，S-ness 3/3,medium,这件大型库神木雕连接夏威夷宗教、王权与卡普制度，在PEM大洋洲收藏中兼具稀缺性、视觉焦点和解释力。,组内唯一对象，且为PEM大洋洲仪式木雕中兼具纪念碑尺度、宗教王权内涵与稀缺性的核心代表，几乎无重复项，并直接补足本馆海事贸易与太平洋文明叙事。,它是大洋洲收藏的重要仪式性锚点，并连接 PEM 的早期远洋贸易来源；两小时仍应安排，错过罕见的 Kū 实物明显可惜，失去会显著损伤本馆的大洋洲身份。
4,"Spilum, Pair Portraits of Captain Wheatland & Wife",斯波伦 惠特兰船长夫妇外销肖像,Asian Export Art Gallery,Oil on Canvas,object,中国外销肖像油画,2,8,9,6,7,9,0,9.5,9.5,9.5,9.500,8.100,S,A,变,Core 8.100 落在 7.2–8.49,medium,成对的史贝霖肖像把广州画师、西洋油画技法与塞勒姆船长贸易网络结合起来，是两大馆藏身份的交叉物证。,组内首位：成对且身份明确的惠特兰夫妇肖像兼具史贝霖代表性与中美海贸叙事的独特补位价值，明显高于单件商人肖像。,
5,"Fitz Henry Lane, Twilight on the Kennebec",菲茨·亨利·莱恩：肯尼贝克河暮色,American Art Gallery,Oil Painting,object,美国光亮主义海景油画,1,8,6,7,7,7,0,8.5,9,4.5,7.850,7.035,A,B,变,Core 7.035 落在 5.5–7.19,medium,莱恩是美国光亮主义的重要画家，本作质量突出且有新英格兰海运叙事，但美国绘画并非PEM最不可替代的身份核心。,组内唯一对象，作为PEM藏品中最具代表性的莱恩光亮主义海景，D取高；但美国绘画并非本馆核心身份，G中等偏低。,
6,"John Singleton Copley, Portrait of Sarah Erving Waldo",科普利：莎拉·欧文·沃尔多肖像,American Art Gallery,Oil Painting,object,美国殖民地肖像油画,1,9,6,7,7,7,0,9,8,5,7.900,7.240,A,A,,Core 7.240 落在 7.2–8.49,medium,科普利的殖民地肖像具有国家级艺术史地位，能说明精英身份与服饰文化，但同类顶级资源在波士顿等馆更集中。,组内唯一对象，作为科普利殖民地肖像的高品质代表，D偏高；但该类并非PEM身份核心，G中等。,
7,"Rush Figurehead, USS Frigate",rushing船头木雕人像,Maritime Gallery,Carved Wood Sculpture,object,美国早期海军船首像,1,8,9,10,10,9,0,9,10,10,9.500,9.150,S,S,,Core 9.150，峰值 10.0，S-ness 3/3,medium,纪念碑尺度的早期美国海军船首像同时承载国家海权、塞勒姆港史与海事馆的视觉核心。,组内唯一对象，且为大型、完整的美国早期海军船首像，兼具威廉·拉什传统与PEM海事身份的代表性，因此D取组内最高。,大型早期美国海军船首像集中承载塞勒姆海事传统、国家海权与海事馆叙事；两小时仍应安排，错过明显可惜，失去会明显削弱 PEM 的海事身份。
8,Chinese Export Mandarin Punch Bowl,中国外销纹章大潘趣碗,Maritime Gallery Captain Collectors,Porcelain,object,中国外销纹章瓷,1,7,10,7,8,9,0,9.5,9,10,9.450,8.445,A,A,,Core 8.445 落在 7.2–8.49,medium,器物本身属于大量生产的外销瓷，但与东印度海洋学会创始船长及PEM建馆源流相连，具有极高的机构身份价值。,组内唯一对象，且以大型纹章潘趣碗结合清代外销贸易与PEM创馆船长旧藏，代表性和叙事补位价值均居首。,
9,"Edo Jizō Bosatsu Wood Sculpture, 1279",1279年地藏菩萨木雕,Powerful Figures Gallery,Wood Gilded Lacquer Sculpture,object,日本镰仓佛教木雕,1,9,7,9,8,9,0,9,10,8,9.100,8.360,S,A,变,Core 8.360 落在 7.2–8.49,medium,带确切纪年的镰仓地藏大型金漆木雕稀有且现场效果强，能集中解释日本佛教信仰与木雕工艺。,组内唯一对象，无同类竞争者；其带确切纪年的镰仓时期纪念碑式日本佛教木雕具有高度典范性与不可替代性，并补足本馆东亚宗教艺术叙事。,
10,"Samuel McIntire, Gardner‑Pingree House architectural carvings",塞缪尔·麦金太尔 加德纳‑平格里宅木雕构件,Gardner‑Pingree Historic House,Wood Architectural Ornament,node,塞勒姆联邦风格原位建筑木雕,1,7,8,6,6,8,9,9,9,10,9.200,7.470,A,A,,Core 7.470 落在 7.2–8.49,medium,麦金太尔原位木雕构件必须结合加德纳—平格里宅观看，能把塞勒姆地方建筑、商人阶层品味与联邦风格联系起来。,本组唯一对象，且为麦金太尔原位成组保存的代表性木雕；虽非其作品孤例，但在塞勒姆联邦建筑与PEM地方身份叙事中不可替代。,
11,"Josh Simpson, Mega‑Megaplanet Glass Sphere",乔希·辛普森：巨型星球艺术玻璃球,Art & Nature Center,Art Glass,object,美国当代艺术玻璃,1,6,7,9,9,4,0,8,8.5,4,7.350,6.985,A,B,变,Core 6.985 落在 5.5–7.19,medium,巨型玻璃球是PEM当代板块的醒目标志，灯光下即时吸引力很强，但艺术史与时代制度叙事相对有限。,组内唯一对象，作为PEM美国当代艺术玻璃的标志性大型作品代表性最高；D因本馆同类组内无可替代对象而偏高，但其星球母题仍有持续复制性，独特性主要来自巨型尺度。,
12,Korean Joseon Governor Welcoming Banquet Screen,朝鲜朝鲜时代 平壤道牧使欢迎宴会屏风,Korean Art Gallery,Screen Painting,object,朝鲜官署纪事屏风画,1,8,8,8,8,9,0,9.2,9.5,9.3,9.310,8.281,A,A,,Core 8.281 落在 7.2–8.49,medium,大幅朝鲜官署宴会屏风以高信息密度呈现地方治理、官阶制度与礼仪，是韩国馆代表性较强的叙事型精品。,组内唯一对象，作为朝鲜官署纪事大幅屏风的代表性例证，兼具稀缺性与对官僚制度、地方礼仪叙事的强补位价值。,
13,Maori War Treasure Jade Mere,毛利玉质战争权杖,Mixed Oceanic Gallery,Nephrite Jade Weapon,object,大洋洲玉石武器,1,8,8,6,7,8,0,9,9,9,9.000,7.650,A,A,,Core 7.650 落在 7.2–8.49,medium,前接触期高阶毛利软玉 mere 兼具酋长威权、玉料圣性与传家宝制度意义，是 PEM 大洋洲核心收藏中具有代表性的器物；但手持尺度限制现场冲击力，早期采集来源尚未充分核实。,组内唯一对象，作为高阶前接触期毛利软玉 mere，兼具玉石工艺典范性、毛利 mana 文化代表性及与 PEM 早期航海收藏史的连接，故在本组中无可替代。,
14,"Childe Hassam, New England Autumn Landscape",柴尔德·哈萨姆：新英格兰秋景,American Art Gallery,Oil Painting,object,美国油画,4,7,4,7,7,6,0,7.8,6.5,6.5,7.150,6.115,A,B,变,Core 6.115 落在 5.5–7.19,medium,哈萨姆成熟期的高质量美国印象派作品，画面季节感和地方性较强，但并非其顶尖代表作，在 PEM 身份体系中也不如海事、亚洲外销与大洋洲藏品不可替代。,组内品质与代表性居第二，作为成熟期哈萨姆的新英格兰风景代表，独特性高于同组另一件自然风景画。,
15,"Robert Feke, Portrait of Judge Richard Saltonstall",罗伯特·费克：理查德·索尔顿斯托尔法官肖像,American Art Gallery,Oil Painting,object,美国油画,4,8,5,7,7,8,0,8.8,9.0,8.5,8.800,7.030,A,B,变,Core 7.030 落在 5.5–7.19,high,费克约1750年的殖民地美国正式肖像属于其存世佳作，能具体呈现殖民时期精英肖像制度与社会身份，但单件作品并非 PEM 最不可替代的馆藏核心。,组内综合代表性第一，是费克最出色的存世肖像之一，并以殖民地美国肖像补足PEM的早期美国叙事。,
16,"Fidelia Bridges, Pastures by the Sea",菲德莉娅·布里奇斯：海边牧场,American Art Gallery,Oil Painting,object,美国油画,4,6,5,6,6,7,0,6.8,5.5,6.5,6.350,5.935,A,B,变,Core 5.935 落在 5.5–7.19,medium,布里奇斯的海滨自然画面精致，兼具19世纪美国自然观与女性艺术家创作史价值，但视觉尺度和艺术史地位均属优质常规品。,组内综合代表性第三，虽品质与典范性较弱，但女性艺术家、鸟花主题及海边景观使其区别于两件男性名家肖像。,
17,"Samuel McIntire, carved fireplace surround",塞缪尔·麦金太尔雕刻壁炉围板,Gardner‑Pingree House,Wood Architectural Carving,object,塞勒姆联邦时期建筑木雕,1,7,8,7,7,8,0,8,8,6,7.600,7.460,A,A,,Core 7.460 落在 7.2–8.49,medium,麦金太尔工作坊的联邦时期新古典主义壁炉雕刻体现塞勒姆地方工艺传统，并与 Gardner-Pingree House 的历史空间直接相连，因此本馆语境中的不可替代性和叙事价值较高。,组内唯一对象，作为麦金太尔工坊的塞勒姆联邦时期建筑木雕代表，典范性与本馆地方建筑史叙事补位价值较高。,
18,"John Singer Sargent, Portrait of Sarah Lawrence Brooks",萨金特：萨拉·劳伦斯·布鲁克斯肖像,American Art Gallery,Oil Painting,object,美国油画,4,8,5,8,8,6,0,8.5,5.0,4.5,6.650,6.815,A,B,变,Core 6.815 落在 5.5–7.19,medium,萨金特晚期肖像以大尺幅和出色笔触具有强烈观赏性，作者本身属国际一流，但这件社交肖像相较其绝对杰作次一级，社会史解释力也较有限。,组内品质居第二、知名度突出，但作为晚期萨金特社会肖像且与费克同属肖像类型，组内非重复性和PEM补位价值相对较低。,
19,"Josh Simpson, smaller planet glass orb",乔希·辛普森 中小型星球玻璃球,Art & Nature Center,Art Glass,object,当代艺术玻璃,2,6,5,7,7,5,0,8,7,4,6.900,5.990,B,B,,Core 5.990 落在 5.5–7.19,medium,辛普森的星球玻璃球色彩和内部微观景观具有直接吸引力，但本件尺寸较小，艺术史与 PEM 身份关联主要属于当代艺术玻璃收藏的补充。,组内代表性最高，规模与观赏性均明显优于同作者的小型弹珠，更能代表当代艺术玻璃的完整作品形态。,
20,Chinese Export porcelain dinner service partial set,中国外销瓷餐具套件残套,Asian Export Art Gallery,Porcelain,object,亚洲外销瓷,2,7,8,7,7,8,0,8.5,7,9,8.150,7.515,A,A,,Core 7.515 落在 7.2–8.49,medium,大尺幅广彩中国外销瓷餐具能清楚说明广州贸易、美国市场与跨文化消费，契合 PEM 亚洲外销艺术核心身份；但残套状态削弱了完整性和单件展示力度。,组内排序第1：虽为残套，但美国市场广式外销餐具直接对应PEM远洋贸易与亚洲外销核心叙事，品质与补位价值最高；相较另一件有田盘，独特性略低。,
21,Japanese Arita blue‑and‑white charger plate,日本有田烧青花大盘,Asian Export Art Gallery,Porcelain,object,亚洲外销瓷,2,7,7,8,8,7,0,7.5,8.5,8,7.900,7.390,A,A,,Core 7.390 落在 7.2–8.49,medium,大型有田青花外销盘以尺度、繁密人物纹饰和欧洲贸易背景形成较强现场吸引力，是 PEM 亚洲外销艺术语境中的重要日本案例，但类别代表性不及最顶尖孤品。,组内排序第2：有田烧青花大盘以巨型尺度和日本对欧贸易背景形成组内最强单件辨识度，D高于中式餐具，但对PEM核心远洋贸易叙事的补位略次。,
22,Japanese netsuke rabbit by Naito Toyomasa,内藤丰正 兔子根付,Japanese Art Gallery,Carved Ivory,object,日本根付,1,8,7,6,8,7,0,9,9,8,8.800,7.380,A,A,,Core 7.380 落在 7.2–8.49,high,内藤丰正署名兔根付属于江户晚期至19世纪初的名家精品，微型雕刻技巧和兔题材带来很强亲和力；其尺寸限制远观冲击，但对 PEM 日本艺术收藏具有明确代表性。,组内唯一对象，且为署名的江户晚期象牙根付名作，在日本根付类别中兼具典范性与本馆东亚收藏叙事的独特补位价值。,
23,Edo period medicine‑shop kanban signboard,江户药铺漆绘看板,Japanese Art Gallery,Painted Wood Sign,object,江户商业招牌,1,7,7,8,8,8,0,8,9,8,8.300,7.580,A,A,,Core 7.580 落在 7.2–8.49,high,江户药铺漆绘招牌色彩醒目且存世稀少，能同时讲解商业广告、民众医疗和城市日常生活，是日本艺术展中叙事效率很高的非典型器物。,组内唯一对象，且作为罕见留存的江户商业广告实物，代表性与非重复性最高。,
24,"Katsumata Chieko, Pumpkin ceramic sculpture",胜田千惠子：南瓜陶塑,Japanese Art Gallery,Stoneware Ceramic,object,当代日本陶瓷雕塑,1,7,6,7,7,6,0,7.5,9,8,8.050,6.705,A,B,变,Core 6.705 落在 5.5–7.19,high,胜田千惠子的有机形陶塑体现当代日本陶艺的材料与形态探索，南瓜题材易于产生视觉和情感联系，但其馆藏身份与历史叙事权重低于江户及外销艺术。,组内唯一对象，作为国际展出的当代日本有机形陶塑，承担本馆日本陶瓷雕塑门类的代表性与叙事补位。,
25,Joseon folding screen landscape painting,朝鲜时代山水六曲屏风,Korean Art Gallery,Screen Painting,object,朝鲜山水屏风画,1,7,5.5,7,6.5,6.5,0,7,8,7,7.300,6.505,A,B,变,Core 6.505 落在 5.5–7.19,medium,朝鲜时代高质量地方官营作坊屏风，画面与空间效果较好，但在PEM身份中不如海事、亚洲外销和大洋洲收藏核心。,组内唯一对象，承担馆内朝鲜山水屏风画的代表性位置；虽为高质量地方官营作坊作品，典范性略逊于宫廷名作，但非重复性较高并能补足东亚艺术叙事。,
26,"Hank Willis Thomas, Rich Black Specimen #460",汉克·威利斯·托马斯：黑色标本#460,American Contemporary Gallery,Metal Cut‑out Sculpture,object,美国当代观念雕塑,1,8,6.5,8,7.5,8,0,8.5,9.5,7.5,8.600,7.610,A,A,,Core 7.610 落在 7.2–8.49,medium,重要当代艺术家关于种族历史的剪影雕塑，兼具强烈轮廓视觉和社会叙事价值，但美国当代艺术并非PEM最不可替代的领域。,组内唯一对象，作为重要当代美国观念雕塑代表性较强；其种族历史主题为PEM的美国当代艺术与社会叙事补入独特一环。,
27,Salem ship portrait: “Friendship of Salem”,塞勒姆商船《友谊号》船舶肖像,Maritime Gallery,Oil Painting,object,塞勒姆海事船舶肖像画,2,7,9,7,7.5,8.5,0,8.5,9,8.5,8.650,7.965,A,A,,Core 7.965 落在 7.2–8.49,medium,记录著名塞勒姆贸易船及地方航海史，艺术等级并非顶尖，但与PEM海事起源和地方身份高度不可替代。,组内代表性首位：《友谊号》作为著名塞勒姆贸易船，兼具地方航海史文献价值与海事叙事核心地位。,
28,Brass Pakistani Astrolabe,巴基斯坦黄铜星盘,Maritime Gallery,Engraved Brass Scientific Instrument,object,伊斯兰科学与航海仪器,1,8,7,7,7.5,8.5,0,8.5,8.5,9,8.600,7.660,A,A,,Core 7.660 落在 7.2–8.49,medium,精细刻纹的伊斯兰星盘连接天文、航海与塞勒姆远洋贸易，历史教育价值强，但具体器物的顶级地位未有充分证据。,组内唯一对象，兼具伊斯兰科学仪器与海事航海功能，在本馆海事贸易叙事中具有较高的类别代表性与补位价值。,
29,"Valerie Hagerty, Shipwrecked Armoire with Barnacles",瓦莱丽·哈格蒂：附藤壶沉船主题立柜,Maritime Gallery,Mixed‑Media Furniture‑Sculpture,object,海事主题当代家具雕塑,1,7.5,8.5,9,8.5,7.5,0,8.5,9.5,8.5,8.800,8.255,A,A,,Core 8.255 落在 7.2–8.49,medium,以藤壶、沉船和立柜构成鲜明的海事遗墟意象，是PEM具有辨识度的当代作品，现场冲击和记忆点很强。,组内唯一的海事主题当代家具雕塑，兼具标志性综合材质语言与沉船意象，在本组中代表性和非重复性最高，并补充PEM海事叙事的当代维度。,
30,1803 ship‑wreck calendar stick,1803海难记事刻木杖,Maritime Gallery,Carved Wood Folk Object,object,美国海事民俗器物,1,7.5,8,5.5,7.5,8.5,0,8.5,9.5,9.5,9.000,7.625,A,A,,Core 7.625 落在 7.2–8.49,medium,1803年海难幸存者以刻痕记录时间的独特器物，视觉朴素但地方海事史和叙事教育价值突出。,组内唯一对象，作为记录1803年海难幸存经历的美国海事民俗木刻器物，代表性与非重复性最高，并强力补足PEM以远洋贸易为核心的海事叙事。,
31,Tahitian carved war club,塔希提雕花战棒,Oceanic Gallery,Carved Wood Weapon,object,大洋洲木雕武器,1,7.5,7.5,7.5,7,7.5,0,7.5,8.5,8,7.900,7.465,B,A,变,Core 7.465 落在 7.2–8.49,medium,保存良好的塔希提雕花战棒体现波利尼西亚武器与工艺传统，并有塞勒姆时代航海来源，但并非王室顶级范例。,组内唯一对象，作为塔希提木雕战棒代表性较高，但因非顶级王室实例，品质与典范程度略有限。,
32,Fiji carved spirit figure,斐济祖先神灵木雕,Oceanic Gallery,Carved Wood Sculpture,object,大洋洲祖灵木雕,1,8,8,8.5,8,8.5,0,8.5,9,8.5,8.650,8.215,A,A,,Core 8.215 落在 7.2–8.49,medium,具有力量感的斐济祖灵雕像兼具早期新英格兰航海采集史、宗教意义和显著现场视觉效果。,组内唯一的大洋洲祖灵木雕，兼具斐济文化代表性与早期航海收藏背景，在本馆同类中无可替代。,
33,New Zealand Māori carved treasure box (waka huia),毛利雕花珍宝木盒waka huia,Oceanic Gallery,Carved Wood Container,object,毛利雕刻珍宝盒,1,8.5,8,8.5,8.5,8.5,0,8.5,9.5,8.5,8.800,8.405,A,A,,Core 8.405 落在 7.2–8.49,medium,经典waka huia珍宝盒以精细旋涡式雕刻呈现毛利礼制、身份与珍藏文化，是大洋洲馆中兼具美感和解释力的代表。,组内唯一的毛利雕刻珍宝盒，waka huia形制与精细旋涡纹雕刻具有鲜明代表性，并为大洋洲文明叙事提供不可替代的一环。,
34,Chinese export gouache painting set of trades,中国外销水粉百工图组画,Asian Export Art Gallery,Gouache on Paper,object,中国外销水粉画,1,7.5,8.5,7.5,8,8.5,0,7.5,8,8.5,7.850,8.010,A,A,,Core 8.010 落在 7.2–8.49,medium,百工图组画直接展示中国工艺劳动与面向西方市场的视觉生产，契合PEM亚洲外销艺术核心并具有较强叙事性。,组内唯一的中国外销水粉百工图，虽属常见出口题材，但在本馆外销艺术与中国贸易叙事中具有明确的代表性和补位价值。,
35,Canton painted fan for western lady,广州外销西洋女士彩绘折扇,Asian Export Art Gallery,Ivory‑Paper Fan,object,中国外销折扇,1,6.5,6.5,7,7,7.5,0,7.5,8.5,7.5,7.800,6.930,A,B,变,Core 6.930 落在 5.5–7.19,medium,广州为西方女性顾客制作的彩绘折扇能说明跨文化消费与外销工艺，精美易懂但同类器物可替代性较高。,组内唯一对象，作为广州外销折扇代表具有较高独特性；其精细象牙纸扇与面向西洋女性消费者的外销语境，补充了PEM海上贸易与亚洲外销艺术叙事。,
36,Spilum portrait of Chinese merchant,斯波伦绘制中国商人肖像,Asian Export Art Gallery,Oil on Canvas,object,中国外销肖像油画,2,7.5,8,7.5,7,8.5,0,8.5,6.5,8,7.800,7.730,A,A,,Core 7.730 落在 7.2–8.49,medium,罕见的广州商人肖像以西式油画呈现中西交流、商业身份与外销语境，在PEM亚洲外销收藏中具有代表性。,组内次位：题材为中国商人且较少见，但作为史贝霖单件外销肖像，在成对完整性、人物对应性和海贸叙事覆盖上重复并弱于惠特兰夫妇肖像。,
37,Mughal painted manuscript leaf,莫卧儿细密画册页,Asian Export Art Gallery,Opaque Watercolor on Paper,object,南亚宫廷绘画与外销艺术,1,8,6.5,6.5,6.5,7.5,0,8,8.5,7.5,8.050,7.105,A,B,变,Core 7.105 落在 5.5–7.19,medium,莫卧儿宫廷细密画本身具有较高艺术与文明史价值，但单页尺度有限，且在PEM身份体系中不如东亚和海事核心藏品不可替代。,组内唯一对象，作为南亚宫廷绘画及塞勒姆贸易关联的代表性藏品，独特性高；虽非荫余堂或东亚海贸核心，但能补足馆内南亚宫廷艺术叙事。,
38,"Sinhalese ivory combs, export set",斯里兰卡外销象牙梳子套件,Asian Export Art Gallery,Carved Ivory,object,南亚外销工艺品,1,6.5,6.5,6.5,6,7,0,7.5,8.5,7.5,7.800,6.630,A,B,变,Core 6.630 落在 5.5–7.19,medium,斯里兰卡象牙梳子兼具精细工艺与面向欧美市场的贸易叙事，符合PEM外销艺术特色，但类别代表性和视觉冲击有限。,组内唯一对象，作为斯里兰卡南亚外销象牙雕的代表，兼具地域与材质工艺的独特性，并补充PEM亚洲外销艺术叙事。,
39,Edo period noblewoman palanquin (onna norimono),江户贵族女子轿舆,Japanese Art Gallery,Lacquered Wood Transport Object,object,日本江户时代贵族生活与漆器器物,1,8,8.5,8.5,8.5,8.5,0,8.8,9.2,8.6,8.880,8.438,A,A,,Core 8.438 落在 7.2–8.49,high,保存良好的江户高等级女性漆轿体量、装饰和社会等级信息突出，是日本艺术展厅中少见且能强烈说明贵族生活的器物。,组内唯一对象，作为保存良好的江户高阶贵族女子漆轿，兼具典范品质与本馆日本贵族生活及漆器叙事的唯一代表性。,
40,18‑century Japanese dragonfly‑design kabuto helmet,18世纪蜻蜓纹饰武士兜头盔,Japanese Art Gallery,Metal Helmet Armor,object,日本武家甲胄与武具,1,7.5,7.5,8,7.5,7.5,0,7.5,8.5,7.5,7.800,7.605,A,A,,Core 7.605 落在 7.2–8.49,high,晚江户至近代早期的精工蜻蜓纹兜兼具武家制度、工艺技术和鲜明造型价值，在日本馆中具有较强吸引力。,组内唯一对象，作为日本武家甲胄与武具的单件代表，凭18世纪蜻蜓纹金属兜及精细工艺具有较高品质与补位价值。,
41,Japanese ukiyo‑e complete Hokusai print set partial,葛饰北斋浮世绘组画残套,Japanese Art Gallery,Woodblock Print,object,日本江户时代浮世绘版画,2,8.5,6.5,6.5,7.5,7.5,0,8.8,7.2,6.5,7.860,7.336,A,A,,Core 7.336 落在 7.2–8.49,medium,北斋及其浮世绘艺术具有国际一流地位，良好印刷质量提升观赏性，但组画残套削弱了完整叙事和本馆不可替代性。,组内代表性较高：北斋名家组画虽为残套，仍以鲜明个人风格提供日本江户版画的重要代表。,
42,Hiroshige Tokaido set partial,歌川广重东海道五十三次部分版画,Japanese Art Gallery,Woodblock Print,object,日本江户时代浮世绘版画,2,8.5,6.5,7,7.5,8,0,8.7,6.1,6.8,7.540,7.454,A,A,,Core 7.454 落在 7.2–8.49,medium,《东海道五十三次》是江户旅行文化与浮世绘史的重要系列，部分版画仍具较高观看和教育价值，但不完整限制其优先级。,组内次于北斋：广重《东海道五十三次》题材经典，但仅为部分版画，与北斋组画共同构成江户浮世绘叙事，重复性略高。,
43,Joseon dynasty brass ritual incense burner,朝鲜王朝黄铜礼式香炉,Korean Art Gallery,Brass Inlaid Metalwork,object,朝鲜王朝礼仪金工器,1,7,7,7,6.5,8,0,7.5,8.5,7,7.700,7.145,B,B,,Core 7.145 落在 5.5–7.19,medium,朝鲜王朝礼式香炉以错嵌银饰体现仪式制度和金工技术，叙事价值较强，但普通游客的即时吸引力中等。,组内唯一对象，作为朝鲜王朝礼仪金工的代表性器物独特性高，但在全馆海事与亚洲外销叙事中属补充环节。,
44,Nam June Paik small video‑art sculpture,白南准小型影像雕塑,Korean Contemporary Gallery,Mixed‑Media Video Sculpture,object,韩国现代媒体艺术,1,8,7,6.5,7.5,8.5,0,9,10,9,9.300,7.655,A,A,,Core 7.655 落在 7.2–8.49,medium,白南准是影像艺术史上的关键先驱，小型作品的现场冲击虽有限，却能有效连接韩国身份、跨媒介创新与全球当代艺术史。,组内唯一对象，白南准作为影像艺术先驱具有最高典范性与不可替代性，并为馆内东亚叙事补足韩国现代媒体艺术一环。,
45,American Federal mahogany sideboard,美国联邦时代桃花心木餐边柜,American Decorative Arts,Wood Furniture,object,塞勒姆与新英格兰联邦时期家具,2,7,7.5,7,6.5,7.5,0,7,5.5,4.5,6.050,7.030,B,B,,Core 7.030 落在 5.5–7.19,medium,塞勒姆地区联邦式桃花心木餐边柜将地方贸易社会与高水平木作联系起来，但美国联邦家具在全国范围并非PEM独占强项。,组内相对而言排名第二；虽为比例优良的塞勒姆联邦式餐边柜，但与另一件地方家具在美国装饰艺术叙事上有一定重复，独特性较弱。,
46,Chippendale‑style Salem high‑boy chest,齐本德尔风格塞勒姆高斗柜,American Decorative Arts,Wood Furniture,object,塞勒姆与新英格兰联邦时期家具,2,7,7.5,7.5,7,7.5,0,7.5,7.5,5,7.000,7.275,A,A,,Core 7.275 落在 7.2–8.49,medium,塞勒姆本地制作、齐本德尔风格和丰富洛可可雕刻强化了地方工艺与社会史价值，视觉表现也高于一般家具。,组内排名第一；塞勒姆本地制作且带有丰富洛可可雕饰，在两件新英格兰家具中辨识度和代表性更突出，可补充地方工匠与风格演变叙事。,
47,"Paint‑decorated grandfather clock, New England folk",新英格兰民间彩绘落地大钟,American Decorative Arts,Painted Wood Furniture,object,新英格兰民间装饰艺术家具,1,7,7,8,7.5,7.5,0,7.5,8.5,6.5,7.600,7.360,A,A,,Core 7.360 落在 7.2–8.49,medium,彩绘落地钟具有醒目的体量和色彩，并能说明新英格兰民间审美与日常生活，是较易被普通游客记住的地方艺术品。,组内唯一对象，在新英格兰民间装饰艺术家具中无可替代；其彩绘落地大钟具有鲜明地域与民俗代表性，但对PEM核心海事及亚洲外销叙事的补位作用有限。,
48,Paul Revere silver creamer sugar bowl pair,保罗·里维尔银奶壶糖碗成对,American Decorative Arts,Silver Metalwork,object,美国殖民与联邦时期银器,1,8,7,6.5,7.5,7.5,0,8,8,5.5,7.500,7.325,A,A,,Core 7.325 落在 7.2–8.49,medium,保罗·里维尔署名使这对银器具有国家级工艺史和革命时代人物关联，但体量较小且低于其代表性大型杰作。,组内唯一对象，作为有保罗·里维尔签名的殖民时期银器具有较高典范性与本馆此类唯一性，但在全馆核心的海事及亚洲外销叙事中补位价值中等。,
49,Samuel McIntire carved sheaf‑of‑wheat motif fragment,麦金太尔雕刻麦穗装饰构件残件,Gardner‑Pingree House,Wood Fragment,object,塞勒姆联邦时期建筑雕刻构件,1,7,7.5,5,5.5,6.5,0,8,9,7,8.100,6.635,B,B,,Core 6.635 落在 5.5–7.19,medium,麦金太尔是塞勒姆联邦时期的重要建筑雕刻家，但此件为残件，视觉完整性和独立观赏吸引力有限；其在Gardner-Pingree House语境中仍能体现地方工艺与繁荣象征。,组内唯一对象，作为塞勒姆联邦时期麦金太尔代表性雕刻残件，独特性最高并补足地方建筑艺术叙事。,
50,Winslow Homer small watercolor coastal study,温斯洛·霍默小幅海岸水彩习作,American Art Gallery,Watercolor on Paper,object,美国画家海岸题材水彩,1,8,4.5,5.5,6,5.5,0,8.5,8.5,5.5,7.900,6.065,B,B,,Core 6.065 落在 5.5–7.19,medium,霍默在美国艺术史上地位很高，海岸题材也与新英格兰经验相关，但这是一件小幅习作，且欧洲与美国主流艺术并非PEM最不可替代的身份核心。,组内唯一对象；霍默海岸水彩本身具代表性，但在PEM以海事与亚洲外销艺术为核心的叙事中补位价值中等。,
51,John Trumbull preparatory sketch for revolution scene,约翰·特朗布尔独立战争构图草稿,American Art Gallery,Oil Sketch,object,美国历史画构图草稿,1,8,4.5,5.5,5.5,7.5,0,7.5,8.5,5.5,7.400,6.240,B,B,,Core 6.240 落在 5.5–7.19,medium,特朗布尔与美国革命历史画传统关系重要，草稿能揭示历史叙事的创作过程，但未完成性和美国主流艺术语境限制了其现场冲击与本馆独特性。,组内唯一的美国历史画构图草稿，代表约翰·特朗布尔革命战争题材创作，因无同类对象分摊其独特性而取高D；但在PEM整体海事与亚洲外销叙事中补位价值中等。,
52,Martin Johnson Heade hummingbird small study,马丁·约翰逊·希德蜂鸟小稿,American Art Gallery,Oil Painting,object,美国花卉与鸟类题材油画,2,7.5,4.5,6.5,6.5,5.5,0,7.2,5.0,4.5,6.000,6.000,B,B,,Core 6.000 落在 5.5–7.19,medium,希德的蜂鸟与花卉题材具有鲜明个人风格和美国艺术史价值，但简介明确其为小幅次要作品，对PEM身份和历史叙事的贡献有限。,组内品质与艺术史地位居次，虽以蜂鸟与花卉题材具辨识度，但作为希德的小稿代表性和非重复性低于欧姬芙。,
53,Georgia O’Keeffe small floral painting,乔治亚·欧姬芙花卉小幅作品,American Art Gallery,Oil Painting,object,美国花卉与鸟类题材油画,2,8.5,5,6.5,7,6,0,8.5,7.5,5.5,7.600,6.635,B,B,,Core 6.635 落在 5.5–7.19,medium,欧姬芙是美国现代艺术的国家级重要艺术家，花卉主题易于形成视觉记忆；但此作尺寸不大，且并非PEM最具不可替代性的亚洲、海事或塞勒姆核心藏品。,组内品质与艺术史地位居首，欧姬芙的花卉语言最具典范性和独特性，能补充美国现代艺术叙事。,
54,Sam Maloof walnut rocking chair,萨姆·马卢夫胡桃木摇椅,American Decorative Arts,Wood Furniture,object,美国现代手工家具,1,7.5,5,7,7,6.5,0,8.0,8.5,5.5,7.650,6.590,A,B,变,Core 6.590 落在 5.5–7.19,medium,马卢夫摇椅是美国现代手工家具中的知名类型，木材、曲线和手工制作带来较强现场吸引力，但其本馆身份权重低于亚洲外销艺术和塞勒姆海事遗产。,组内唯一对象，作为美国现代手工家具的代表性名作品质突出且本组无重复，但对PEM核心海事与亚洲外销叙事的补位价值中等。,
55,J.O.J. Frost folk painting of Salem harbor,J.O.J.弗罗斯特塞勒姆港民间绘画,American Art Gallery,Oil Painting,object,塞勒姆地方历史绘画,1,6.5,7,6,7,7.5,0,6.5,9,8,7.550,6.880,A,B,变,Core 6.880 落在 5.5–7.19,medium,弗罗斯特以民间方式记录塞勒姆旧港，对本地港口记忆和PEM的塞勒姆贸易起源具有直接叙事价值，但艺术史地位和视觉精致度较为有限。,组内唯一的塞勒姆地方历史绘画，以民间艺术视角记录本馆所在城市的港口记忆，代表性最高且无同组重复。,
56,Salem witch‑trial period court document manuscript,塞勒姆猎巫审判时代法庭原始手稿,Phillips Library Display Case,Manuscript Paper,object,塞勒姆地方历史原始文献,1,8.5,8.5,4,7,9,0,9.2,9.5,8.8,9.210,7.746,B,A,变,Core 7.746 落在 7.2–8.49,medium,猎巫审判时期的原始法庭手稿是理解塞勒姆事件的第一手证据，虽纸本文物视觉冲击弱，却具有很高的地方身份、历史真实性和教育叙事价值。,组内唯一对象，作为塞勒姆猎巫审判时期的法庭原始手稿，具有最高的地方历史典范性与不可替代性，并补足本馆塞勒姆社会史叙事。,
57,Chinese export lacquer gaming table,中国外销漆木游戏桌,Asian Export Art Gallery,Lacquered Wood Furniture,object,亚洲外销家具,3,7.5,7.5,7,7,7.5,0,7.5,4,7,6.350,7.235,A,A,,Core 7.235 落在 7.2–8.49,medium,广州外销漆木游戏桌直接连接中国工艺、美国商人家庭和跨太平洋贸易，契合PEM的亚洲外销艺术核心；家具尺度与漆饰也提供较好的观赏吸引力。,组内代表性最低，虽体现中国外销家具与塞勒姆贸易背景，但游戏桌在同组中的形式重复度最高。,
58,Japanese export lacquer writing desk,日本外销漆木写字台,Asian Export Art Gallery,Lacquered Wood Furniture,object,亚洲外销家具,3,8,7.5,7.5,7,8,0,8,8.5,8,8.150,7.665,A,A,,Core 7.665 落在 7.2–8.49,medium,江户时代外销漆木写字台将日本工艺与西方书写需求结合，能具体解释跨文化定制和贸易交流，是PEM亚洲外销艺术身份中的有力代表。,组内代表性最高，江户时代漆艺与西式书写功能结合独特，兼具东亚外销艺术核心性与典范价值。,
59,Indian Vizagapatam ivory‑inlaid cabinet,印度维扎加帕塔姆嵌象牙柜子,Asian Export Art Gallery,Inlaid Wood Furniture,object,亚洲外销家具,3,7.5,7,8,7.5,7.5,0,7.5,6.5,8.5,7.400,7.440,A,A,,Core 7.440 落在 7.2–8.49,medium,维扎加帕塔姆嵌象牙柜以精细镶嵌和英属印度外销背景体现跨文化生产，视觉品质突出，并能补充PEM亚洲贸易与殖民交流叙事。,组内代表性居中，维扎加帕塔姆嵌象牙工艺和英属印度来源显著区别于两件东亚漆木家具，并补足南亚外销叙事。,
60,Korean Joseon textile official rank badge,朝鲜时代官阶补子,Korean Art Gallery,Embroidery Textile,object,东亚官服与身份标识织物,1,7.5,6.5,6,6.5,8,0,7.5,8.5,7.5,7.800,6.980,B,B,,Core 6.980 落在 5.5–7.19,high,朝鲜王朝官阶补子保存较好，能清楚说明官僚等级、服饰制度和身份象征；其文化教育价值较高，但尺寸和视觉冲击有限，且不如PEM亚洲外销与海事收藏具有全馆标志性。,组内唯一对象，作为朝鲜王朝官员身份与等级制度的代表性刺绣织物，非重复性最高。,
61,Hawaiian feather cape fragment,夏威夷羽毛斗篷残片,Oceanic Gallery,Feather‑Textile Fragment,object,夏威夷羽毛礼仪织物,1,8,7,4,6,7,0,8,9,8,8.300,6.730,B,B,,Core 6.730 落在 5.5–7.19,medium,夏威夷贵族羽毛斗篷残片具有稀缺性与礼仪文化价值，但残片形态显著削弱现场视觉冲击。,组内唯一对象，作为夏威夷贵族羽毛礼仪织物的残片具有最高且不可替代的代表性，补足大洋洲礼仪与身份叙事。,
62,Marquesan carved ceremonial adze,马克萨斯仪式石锛,Oceanic Gallery,Stone‑Wood Tool,object,大洋洲仪式石木工具,1,7,7,7,7,7,0,7.5,8.5,8.5,8.000,7.100,A,B,变,Core 7.100 落在 5.5–7.19,medium,马克萨斯仪式石锛兼具精致石刃、雕木柄与仪式用途，能较完整呈现大洋洲传统工艺和社会功能。,组内唯一的马克萨斯仪式石锛，兼具大洋洲仪式器物的代表性与本馆海洋文化叙事的补位价值，因无同组对象重复而给予较高D。,
63,Tonga carved wooden drinking bowl,汤加雕花祭祀木酒碗,Oceanic Gallery,Carved Wood Vessel,object,大洋洲仪式木雕器皿,1,6,6,6,6,7,0,7,9,8,7.800,6.330,B,B,,Core 6.330 落在 5.5–7.19,medium,汤加卡瓦饮用仪式中的雕花木碗具有明确的社会宗教语境，但同类器物的独特性和视觉尺度有限。,组内唯一的大洋洲仪式木雕器皿，作为汤加卡瓦仪式代表具有最高的类别独特性，并补足PEM大洋洲文化叙事。,
64,"New Britain mask, Melanesia",新不列颠美拉尼西亚仪式面具,Oceanic Gallery,Painted Wood Mask,object,美拉尼西亚仪式面具,1,7,8,8,8,7,0,7.5,9,8.5,8.150,7.665,A,A,,Core 7.665 落在 7.2–8.49,medium,新不列颠仪式面具造型戏剧性强，并与早期塞勒姆远洋航行及博物馆海洋收藏史形成直接联系。,组内唯一的美拉尼西亚仪式面具，形式与早期塞勒姆远洋航行背景使其代表性和叙事补位价值突出。,
65,19‑century Chinese export reverse‑glass painting,中国外销玻璃背面画,Asian Export Art Gallery,Reverse Glass Painting,object,中国外销玻璃背画,2,7,8,6,7,7,0,7,7,7,7.000,7.100,A,B,变,Core 7.100 落在 5.5–7.19,medium,清代中国外销玻璃背画直接体现广州外销艺术与中美贸易联系，是PEM亚洲外销艺术身份的重要类型。,组内品质与典范性较高，作为清代面向美国市场的外销玻璃背画代表，独特性明显高于另一件。,
66,Chinese export ivory puzzle ball,中国外销象牙套球,Asian Export Art Gallery,Carved Ivory,object,中国外销象牙雕,1,7,7,7,8,6,0,8,9,9,8.500,7.150,A,B,变,Core 7.150 落在 5.5–7.19,medium,广州多层象牙套球以复杂镂雕和机关结构带来强烈的工艺惊奇感，但作为外销奇趣品的历史叙事较集中。,组内唯一对象，作为典型广州外销象牙套球兼具高辨识度与PEM亚洲外销艺术叙事的独特补位价值。,
67,Edo period samurai yoroi partial armor set,江户武士盔甲套件残套,Japanese Art Gallery,Armor Mixed‑Media,object,日本武士甲胄,1,7,5,7,7,6,0,7,9,7,7.600,6.410,B,B,,Core 6.410 落在 5.5–7.19,medium,江户武士甲胄的漆饰与金属构件工艺良好且易于吸引游客，但残套状态限制完整性，且非PEM最核心身份资源。,组内唯一的日本武士甲胄，虽为江户时代残套且并非完整器物，但在本组中代表性最高、重复性最低，可补足日本武家与东亚军事文化叙事。,
68,Japanese ceramic tea‑ceremony bowl (chawan),日本茶道茶碗,Japanese Art Gallery,Glazed Ceramic,object,日本茶道陶瓷,1,6,5,6,6,7,0,7,7.5,7,7.150,6.015,B,B,,Core 6.015 落在 5.5–7.19,medium,江户高质量茶碗可有效说明茶道的器物规范与审美，但单件茶碗的稀缺性和现场冲击力通常有限。,组内唯一对象，作为江户时代高质量日本茶道茶碗具有代表性，但因未见名窑或特殊制式信息，独特性仍低于馆藏中的标志性单件。,
69,"Indian miniature painting, Rajput hunting scene",拉杰普特细密画狩猎图,Asian Export Art Gallery,Opaque Watercolor on Paper,object,印度拉杰普特细密画,1,6,4,6,6,6,0,6.5,8,6,6.850,5.585,B,B,,Core 5.585 落在 5.5–7.19,medium,拉杰普特宫廷狩猎细密画制作扎实并反映王室生活，但题材常见且与PEM核心海事及亚洲外销身份关联较弱。,组内唯一一件拉杰普特细密画，虽为典型宫廷狩猎题材而非罕见主题，但在本馆该类别中具有唯一代表性，并补充南亚艺术叙事。,
70,Persian Qajar painted tile panel,卡扎尔波斯彩绘瓷砖板,Islamic‑Asian Gallery,Glazed Ceramic Tile,object,卡扎尔波斯彩绘陶砖,1,6,5,7,6,6,0,7,8,7,7.300,6.030,B,B,,Core 6.030 落在 5.5–7.19,medium,卡扎尔时期具象彩绘陶砖板具有墙面装饰的空间感和时代特征，但其艺术史地位与PEM身份关联均属中等。,组内唯一对象，作为卡扎尔波斯彩绘陶砖的唯一代表，具有较高类别典范性与非重复性，并补充馆内伊斯兰—亚洲叙事。,
71,Nantucket whaling‑scene scrimshaw whalebone,楠塔基特捕鲸主题骨雕scrimshaw,Maritime Gallery,Engraved Whalebone,object,新英格兰捕鲸时期鲸骨雕,1,7,7,6,7,8,0,8,9,8,8.300,7.130,A,B,变,Core 7.130 落在 5.5–7.19,medium,捕鲸时期鲸骨雕同时连接新英格兰海事经济、船员文化与纪念品生产，是PEM海事叙事中易于理解的代表性物件。,组内唯一对象，作为典型的新英格兰捕鲸时期鲸骨雕，代表性与非重复性均最高；同时直接补足PEM以海事贸易为核心的馆史叙事。,
72,Ship‑model of Salem trading brig “Cleopatra”,塞勒姆双桅商船《克娄巴特拉》船模,Maritime Gallery,Wood Ship‑Model,object,塞勒姆海事船模,1,8,9,8,8,9,0,8,8,9,8.200,8.420,A,A,,Core 8.420 落在 7.2–8.49,medium,塞勒姆重要商船《克娄巴特拉》的完整索具船模将地方航运史、远洋贸易和PEM起源直接结合，兼具高叙事性与现场吸引力。,组内唯一对象，作为塞勒姆重要商船的完整帆装船模，代表性与非重复性高，并直接补足本馆远洋贸易与海事叙事。,
73,18th‑century American whale‑oil lamp,18世纪美式鲸油灯,American Decorative Arts,Metal‑Glass Household Object,object,美国新英格兰海事生活器物,1,6,7,5,6,7,0,7,8,9,7.700,6.420,B,B,,Core 6.420 落在 5.5–7.19,medium,原始新英格兰鲸油灯虽属日常器物，但能具体连接塞勒姆远洋贸易、捕鲸经济与早期家庭照明史。,组内唯一对象，作为新英格兰鲸油照明与海事日常生活的代表，具有较高的同类唯一性和叙事补位价值。,
74,Felix Beato photograph of Chinese city gate,费利斯·比托中国城门原版照片,Photography Gallery,Albumen Photograph,object,19世纪中国纪实摄影,4,7,6,6,6,7,0,7.5,3,7,6.050,6.355,A,B,变,Core 6.355 落在 5.5–7.19,medium,比托的19世纪中国城门照片兼具早期摄影史与中国建筑记录价值，但单幅建筑影像的现场冲击和本馆不可替代性有限。,组内末位：比托中国城门照片虽具早期建筑纪实价值，但与组内其他中国城市景观影像重复度最高，代表性与补位性相对有限。,
75,John Thomson photograph of Canton street scene,约翰·汤姆森广州街景原版照片,Photography Gallery,Albumen Photograph,object,19世纪中国纪实摄影,4,8,6,6,7,8,0,8.5,7,8.5,8.050,7.055,A,B,变,Core 7.055 落在 5.5–7.19,medium,汤姆森记录广州日常生活的早期照片具有重要的中国社会史与摄影史价值，叙事性强于一般风景影像。,组内第二：汤姆逊广州街景以日常生活记录见长，历史与纪实价值突出，但在本组中与其他广州城市景观摄影存在一定主题重合。,
76,Salem sampler needlework girl’s schoolwork,塞勒姆少女刺绣样本,American Decorative Arts,Needlework Textile,object,新英格兰女性针绣样本,1,6,7,6,6,7,0,6.5,8,5.5,6.750,6.475,B,B,,Core 6.475 落在 5.5–7.19,medium,塞勒姆少女制作的精美联邦时期刺绣样本能说明地方教育、女性手工与新英格兰社会生活，并强化本地馆藏语境。,组内唯一对象，作为塞勒姆地方女性针绣教育的代表具有较高独特性，但在本馆海事与亚洲外销艺术叙事中的补位价值属中等。,
77,Hawaiian wooden surfboard fragment,夏威夷古冲浪板残件,Oceanic Gallery,Carved Wood Fragment,object,大洋洲传统木制交通与运动器物,1,7,7,5,7,8,0,8,9,8,8.300,6.980,A,B,变,Core 6.980 落在 5.5–7.19,medium,稀有的前现代夏威夷冲浪板残件虽保存不完整，却能解释波利尼西亚海洋技术、运动文化与身份传统。,组内唯一对象，作为夏威夷传统冲浪文化的木制遗存，在大洋洲传统交通与运动器物中具有最高的类别代表性与非重复性，并补充PEM海洋文明叙事。,
78,Samoan fine woven ceremonial mat,萨摩亚仪式编织席,Oceanic Gallery,Plant‑Fiber Textile,object,大洋洲仪式编织席,1,8,8,7,8,8,0,8.5,9.5,8.5,8.800,7.930,A,A,,Core 7.930 落在 7.2–8.49,medium,萨摩亚高等级仪式赠礼席兼具精湛编织、社会等级和交换礼仪价值，是PEM大洋洲收藏身份的有力代表。,组内唯一对象，作为萨摩亚高等级仪式编织席在大洋洲仪式编织席类别中具有最高代表性，且补足PEM海洋文化叙事的重要一环。,
79,Joseon dynasty brass temple bell fragment,朝鲜王朝铜钟残件,Korean Art Gallery,Cast Brass,object,朝鲜王朝佛教金属器,1,7,6,5,6,7,0,6,8,7,6.800,6.280,B,B,,Core 6.280 落在 5.5–7.19,medium,朝鲜王朝佛教寺院铜钟残件具有宗教与铸造史意义，但残片形态削弱了视觉完整性和普通游客的直观吸引力。,组内唯一的朝鲜王朝佛教金属器，虽为铜钟残件而完整性受限，仍具较高的类别代表性与韩国产佛教金属器补位价值。,
80,American folk carved weather‑vane figure,美国民间雕刻风向标人像,American Decorative Arts,Painted Wood Folk Sculpture,object,新英格兰民俗木雕,1,6,6,7,7,6,0,6.5,8,6.5,6.950,6.395,B,B,,Core 6.395 落在 5.5–7.19,medium,彩绘木制风向标人像具有鲜明的新英格兰地方性和民俗趣味，视觉亲和力较强但历史稀缺性有限。,组内唯一对象，作为新英格兰民俗木雕的代表性样本具有较高独特性，但在全馆叙事中主要补充美国地方民艺一环。,
81,"Fitz Henry Lane, Small Coastal Sketch",菲茨·亨利·莱恩：海岸小稿,American Art Gallery,Oil Sketch,object,美国艺术油画习作,2,7,7,5,6,7,0,7.5,8,8.5,7.850,6.635,B,B,,Core 6.635 落在 5.5–7.19,medium,菲茨·亨利·莱恩虽是重要的区域海事画家，但这件小幅草稿属于次要研究稿，价值主要在地方艺术史和创作过程。,组内排名第1：虽为小幅习作，但莱恩的海事题材最契合PEM核心身份，且相较另一件花园习作具有更强的叙事补位性。,
82,"Robert Feke, Portrait of Gentleman",罗伯特·费克：绅士肖像,American Art Gallery,Oil Painting,object,美国殖民时期肖像画,1,6,5,6,5,6,0,6.5,8,6,6.850,5.685,B,B,,Core 5.685 落在 5.5–7.19,medium,费克是美国殖民时期重要肖像画家，但该作明确属于质量扎实而非顶尖的次级肖像，本馆身份关联也较弱。,组内唯一的美国殖民时期肖像画，具备类别代表性，但作品本身属费克的次级作品，独特性按本馆同类唯一计高。,
83,"John Singleton Copley, Portrait Miniature",科普利：微型肖像,American Art Gallery,Miniature on Ivory,object,美国早期肖像细密画,1,8,6,5,7,7,0,8.5,8.5,6.5,8.100,6.760,B,B,,Core 6.760 落在 5.5–7.19,medium,科普利的象牙微型肖像虽尺度很小，却由美国最重要的早期肖像画家创作，具有较高艺术史和媒介史价值。,组内唯一对象，作为美国早期肖像细密画代表，品质与历史地位突出；虽非本馆海事或亚洲外销核心，但能补足美国早期肖像艺术叙事。,
84,"Childe Hassam, Flower Garden Study",柴尔德·哈萨姆：花园花卉习作,American Art Gallery,Oil Painting,object,美国艺术油画习作,2,7,5,7,6,6,0,7.2,4.5,4.5,5.850,6.085,B,B,,Core 6.085 落在 5.5–7.19,medium,哈萨姆的花园印象派画面具备明快的视觉吸引力和艺术家代表性，但题材属次要习作且不属于PEM最核心的海事或亚洲身份。,组内排名第2：哈萨姆具备较高艺术品质，但花园题材在本组中代表性较弱，对PEM海事及亚洲外销叙事的补位有限。,
85,"Martin Johnson Heade, Small Bird‑and‑Blossom Study",马丁·约翰逊·希德：花鸟小幅习作,American Art Gallery,Oil Painting,object,美国自然题材油画,2,6,4,5,5,5.5,0,5.8,3.8,2.8,4.600,4.985,B,C,变,Core 4.985 < 5.5,medium,希德为美国重要自然题材画家，但本件为小幅非代表性习作，在PEM美国艺术展厅中主要作补充观看。,组内相对居后：希德虽具美国自然题材特色，但为小幅非代表性习作，独特性和叙事补位有限。,
86,"Fidelia Bridges, Floral Watercolor",菲德莉娅·布里奇斯：花卉水彩,American Art Gallery,Watercolor on Paper,object,美国植物题材纸本水彩,1,5.5,3.5,4.5,5,4.5,0,6,8,3,6.000,4.675,B,C,变,Core 4.675 < 5.5,medium,花卉水彩完成度雅致，能体现19世纪自然观察与女性艺术实践，但艺术史地位和本馆不可替代性有限。,组内唯一对象，D按本馆美国植物题材纸本水彩的唯一代表给高分；但其19世纪女性艺术家花卉习作属性较典型，且对PEM核心海事与亚洲外销叙事补位有限。,
87,"J.O.J. Frost, Fisherman’s Cottage Scene",J.O.J.弗罗斯特：渔夫小屋,American Art Gallery,Oil Painting,object,塞勒姆地方生活题材绘画,1,5.5,5.5,5.5,6,7,0,6.5,8.5,8,7.400,5.990,B,B,,Core 5.990 落在 5.5–7.19,medium,虽属民间记忆式绘画，却直接连接塞勒姆滨水日常与地方社会史，叙事价值高于其艺术史地位。,组内唯一的塞勒姆地方生活题材绘画，以民间记忆方式呈现渔港日常，代表性与补位价值较高。,
88,"Winslow Homer, Figure Sketch",温斯洛·霍默：人物速写,American Art Gallery,Charcoal on Paper,object,美国人物题材纸本速写,1,6.5,4.5,4,5,5.5,0,6.5,7.0,5.0,6.350,5.235,C,C,,Core 5.235 < 5.5,medium,霍默具有国家级艺术史重要性，但本件只是信息性人物速写，视觉冲击和独立观赏价值较弱。,组内唯一对象，虽为霍默的普通人物习作而非代表性成作，但作为馆藏中唯一该类美国人物纸本速写仍具一定补位价值。,
89,"John Trumbull, Portrait Study",约翰·特朗布尔：人物肖像草稿,American Art Gallery,Oil Sketch,object,美国历史人物油画习作,1,6,4.5,4.5,5,6,0,6.5,7.5,6.5,6.800,5.330,B,C,变,Core 5.330 < 5.5,medium,特朗布尔与革命时代肖像传统相关，作品可说明历史画创作过程，但作为构图练习本身较为次要。,组内唯一对象，虽为特朗布尔的习作而非代表性成作，但以革命时期人物肖像草稿补充美国建国叙事，因无同组重复对象而获较高D。,
90,"Georgia O’Keeffe, Leaf Study",乔治亚·欧姬芙：叶片习作,American Art Gallery,Oil Painting,object,美国自然题材油画,2,6.5,4,5.5,6,5.5,0,6.8,5.8,3.2,5.780,5.428,B,C,变,Core 5.428 < 5.5,medium,欧姬芙具有国家级重要性，叶片形式也有鲜明视觉语言，但本件尺寸和类型均低于其代表作层级。,组内相对居前：欧姬芙的现代主义有机形态更具艺术史代表性，叶片习作在组内重复性较低，但对PEM核心海事与亚洲叙事的补位仍有限。,
91,"Samuel McIntire, Door‑frame carving fragment",塞缪尔·麦金太尔：门框木雕残件,Gardner‑Pingree House,Wood Carving,object,塞勒姆新古典主义建筑木雕,2,7,7.5,6,5.5,7,0,8,8,7.5,7.900,6.840,B,B,,Core 6.840 落在 5.5–7.19,medium,麦金太尔工作坊的建筑木雕残件与Gardner-Pingree House及塞勒姆新古典主义工艺语境直接相连，地方遗产解释力强。,组内排名第1，是麦金太尔新古典主义建筑木雕中更具典范性的门框残件，代表性与叙事补位价值最高。,
92,"Samuel McIntire, urn‑motif decorative trim",麦金太尔：瓮纹装饰木饰条,Gardner‑Pingree House,Wood Carving,object,塞勒姆新古典主义建筑木雕,2,6,6.5,5.5,4.5,6,0,7,4.5,6,6.050,5.830,B,B,,Core 5.830 落在 5.5–7.19,medium,瓮纹木饰条能说明联邦时期室内装饰和麦金太尔风格，但体量小、功能性强，独立吸引力低于完整建筑构件。,组内排名第2，虽为麦金太尔联邦时期室内木雕，但与同组门框雕刻在类型和语境上重复度较高，独特性相对较低。,
93,"Paul Revere, Silver Teaspoon Set",保罗·里维尔：银茶匙成套,American Decorative Arts,Silver,object,保罗·里维尔银器,2,7,6,5,5.5,6.5,0,7.5,7,5.5,6.950,6.145,B,B,,Core 6.145 落在 5.5–7.19,medium,里维尔署名银器兼具美国革命时代人物关联与精细工艺价值，但茶匙属于小型日用器，现场冲击有限。,组内代表性最高，成套银茶匙更能体现保罗·里维尔的银器工艺与历史辨识度，重复性低于盐罐。,
94,"Paul Revere, Silver Salt Cellar",保罗·里维尔：银盐罐,American Decorative Arts,Silver,object,保罗·里维尔银器,2,6.5,5.5,4.5,5,6,0,6.5,4,4.5,5.350,5.535,B,B,,Core 5.535 落在 5.5–7.19,medium,署名银盐罐可呈现早期美国城市家庭消费与银器制作，但尺寸小、类型常见，优先级低于更具代表性的里维尔作品。,组内代表性次于银茶匙成套，银盐罐虽有签名但属较常见的小型家用器，独特性与叙事补位较弱。,
95,Salem Federal‑era mahogany card table,塞勒姆联邦时代桃花心木牌桌,American Decorative Arts,Wood Furniture,object,塞勒姆联邦时期木家具,2,6.5,6.5,6.5,6,7,0,7,7,6,6.800,6.530,B,B,,Core 6.530 落在 5.5–7.19,medium,本地制作的联邦时期牌桌将塞勒姆贸易社会、家具工艺与家庭生活联系起来，地方语境和教育价值较强。,组内代表性最高：塞勒姆本地制作且保存为牌桌，较能体现本组地域与时代特征，重复性相对较低。,
96,Chippendale candle‑stand,齐本德尔式烛台,American Decorative Arts,Wood Furniture,object,塞勒姆联邦时期木家具,2,5.5,4.5,5.5,5,5.5,0,5.5,3,4,4.450,5.070,B,C,变,Core 5.070 < 5.5,medium,齐本德尔式烛台具有新英格兰家具工艺和洛可可装饰说明价值，但风格类型较常见且缺少明确制作者信息。,组内代表性较低：齐本德尔式烛台虽具装饰价值，但属新英格兰常见家具类型，与牌桌相比独特性和叙事补位较弱。,
97,Paint‑decorated blanket chest,彩绘储物箱,American Decorative Arts,Painted Wood Furniture,object,新英格兰民间彩绘木家具,1,6,5,5,5,6,0,6,8,4,6.200,5.470,B,C,变,Core 5.470 < 5.5,medium,典型的新英格兰民间彩绘储物家具，能说明地方生活与装饰传统，但艺术稀有性和本馆不可替代性有限。,组内唯一对象，作为新英格兰民间彩绘木家具的代表具有较高独特性，但其典范程度一般、对PEM核心海事与亚洲叙事的补位有限。,
98,"Samuel Maloof, small side stool",萨姆·马卢夫：小型边凳,American Decorative Arts,Wood Furniture,object,美国现代工艺木家具,1,6,4,4,4,5,0,7,8,4,6.700,4.820,B,C,变,Core 4.820 < 5.5,medium,马卢夫具有美国工艺家具史地位，但该件体量小且为次要尺度，现场冲击与叙事功能有限。,组内唯一对象，萨姆·马卢夫的手工木家具具有较强代表性与工艺辨识度，但小型边凳形制的独特性仍有限；对补充美国现代工艺叙事有一定价值。,
99,Tiffany favrile glass tumbler,蒂凡尼法夫赖尔玻璃杯,American Decorative Arts,Art Glass,object,美国艺术玻璃器,1,7,5,6,6,6,0,7,8,4,6.700,6.020,B,B,,Core 6.020 落在 5.5–7.19,medium,蒂凡尼法夫赖尔玻璃代表美国艺术玻璃的重要方向，虹彩效果有吸引力，但小型杯具并非其最具代表性的作品。,组内唯一对象，作为蒂凡尼法夫赖尔艺术玻璃杯具有较高典范性与独特性，但对PEM核心的海事及亚洲外销艺术叙事补位有限。,
100,American brass and iron andiron pair,美式黄铜铁制壁炉柴架成对,American Decorative Arts,Brass‑Iron Metalwork,object,美国联邦时期黄铜铁制壁炉器具,1,5,4,4,4,5,0,6,8,4,6.200,4.570,C,C,,Core 4.570 < 5.5,medium,联邦时期的实用装饰性壁炉构件可反映家居制度与工艺，但同类可替代性高、视觉冲击较弱。,组内唯一对象，作为联邦时期美国壁炉金工的代表性实物具有较高独特性，但在PEM以海事及亚洲外销艺术为核心的叙事中补位价值有限。,
101,"Salem girl’s needlework sampler, 1792",1792塞勒姆少女刺绣样本,American Decorative Arts,Needlework Textile,object,新英格兰刺绣样本,1,6,6,5,5,7,0,6.5,8.5,5.5,6.900,5.940,B,B,,Core 5.940 落在 5.5–7.19,medium,1792年塞勒姆少女刺绣兼具地方关联与女性教育、宗教和日常社会史价值，但视觉表现较为朴素。,组内唯一对象，作为1792年塞勒姆少女针绣样本具有明确的地方社会史与女性手工艺代表性，但在PEM整体海事及亚洲外销叙事中的补位价值属中等。,
102,Folk carved wooden eagle finial,民间木雕鹰顶饰,American Decorative Arts,Painted Wood,object,新英格兰民间彩绘木装饰件,1,4,3,3,3,4,0,4,7,3,4.700,3.520,C,C,,Core 3.520 < 5.5,medium,小型民间木雕鹰顶饰体现常见的新英格兰装饰母题，但尺寸小、类型普通且解释价值有限。,组内唯一对象，代表新英格兰民间彩绘木雕传统，但鹰顶饰本身属较常见母题，典范性与叙事补位价值有限。,
103,Chinese Canton export rose medallion plate,广彩徽章纹外销盘,Asian Export Art Gallery,Porcelain,object,中国广彩外销瓷器,2,6,6,6,6,6,0,6,3.5,6,5.250,5.925,B,B,,Core 5.925 落在 5.5–7.19,medium,广彩徽章纹盘直接体现中国面向美国市场的外销生产，是本馆亚洲外销主题中的标准性实物。,组内相对靠后：品质合格但属标准美国市场纹样的单件外销盘，类型重复度较高，叙事补位有限。,
104,Chinese Canton export porcelain teacup saucer group,广彩茶杯杯托组,Asian Export Art Gallery,Porcelain,object,中国广彩外销瓷器,2,6,6,6,7,7,0,6.5,5.5,7,6.300,6.330,B,B,,Core 6.330 落在 5.5–7.19,medium,成组茶杯与杯托比单件更能呈现外销瓷的使用场景、消费文化和中美贸易联系，观赏性也较好。,组内相对更具代表性：成组的广彩茶杯与杯托能呈现完整使用组合，重复性低于单件标准纹样盘。,
105,"Chinese export silver spoon set, Forbes collection",福布斯藏中国外销银勺套件,Asian Export Art Gallery,Silver Metalwork,object,中国外销银器,2,6,7,5,5,7,0,6.5,4,6,5.650,6.065,B,B,,Core 6.065 落在 5.5–7.19,medium,福布斯中国贸易藏品中的外销银勺能连接广州工艺、海外消费与塞勒姆贸易史，馆本语境价值高于其单件视觉冲击。,组内代表性较弱，虽为制作精良的中国外销银器，但银质餐具的类型重复度高，独特性低于约1680年的银茶壶。,
106,Chinese export lacquer sewing box,中国外销漆木针线盒,Asian Export Art Gallery,Lacquered Wood,object,中国外销漆器,1,6,6,6,6,7,0,7,8,7,7.300,6.280,B,B,,Core 6.280 落在 5.5–7.19,medium,外销漆木针线盒具体呈现中国工艺如何适应西方女性用品需求，兼具物质文化与性别史叙事价值。,组内唯一对象，作为中国外销漆器代表具有较高独特性，但体量与功能较专门，典范性和叙事补位价值中上。,
107,Chinese export gouache insect‑and‑flower album leaf,外销水粉花鸟册页,Asian Export Art Gallery,Gouache on Paper,object,中国外销纸本水粉画,1,5,5,5,5,6,0,5,8,7,6.300,5.280,B,C,变,Core 5.280 < 5.5,medium,花鸟水粉册页体现外销装饰绘画的审美适配，但属于典型性较强而非卓越性的轻型作品。,组内唯一的中国外销纸本水粉册页，虽属典型装饰性作品，但在本馆亚洲外销艺术叙事中提供了纸本花鸟绘画这一独特补位。,
108,Chinese reverse glass portrait of merchant’s wife,外销玻璃背画商人夫人像,Asian Export Art Gallery,Reverse Glass Painting,object,中国外销玻璃背画,2,6,6,6,6,6,0,5.5,3.5,5,4.800,5.880,B,B,,Core 5.880 落在 5.5–7.19,medium,玻璃背画商人夫人像能说明外销肖像与西方客户需求，媒材效果有吸引力但作品质量被描述为标准水平。,组内属标准品质的商人夫人像，与同类外销玻璃背画重复度较高，代表性和补位价值居后。,
109,Chinese ivory export figurine of lady,外销象牙仕女摆件,Asian Export Art Gallery,Carved Ivory,object,亚洲外销象牙雕,4,5.5,6.5,5.5,5.5,6.5,0,6.5,4.5,7.5,6.100,5.960,B,B,,Core 5.960 落在 5.5–7.19,medium,广州外销象牙仕女属于塞勒姆贸易与亚洲外销艺术语境中的常见装饰性工艺品，历史叙事尚可但体量和艺术独特性有限。,组内第三：外销象牙仕女摆件符合中国外销工艺的常见类型，品质尚可但同类重复性较高，叙事价值主要在于强化中国外销主线。,
110,Chinese ivory puzzle ball small size,小型外销象牙套球,Asian Export Art Gallery,Carved Ivory,object,亚洲外销象牙雕,4,6,6.5,6,7,6.5,0,8,9,8.5,8.400,6.590,B,B,,Core 6.590 落在 5.5–7.19,medium,多层象牙套球以精巧结构和外销趣味带来较强的现场惊喜，同时能说明中国工艺品如何进入全球贸易市场。,组内首位：多层套球是亚洲外销象牙中最具工艺辨识度与代表性的出口奇珍，且高度契合PEM的亚洲外销艺术叙事。,
111,Anglo‑Indian sandalwood casket,英印檀香木首饰盒,Asian Export Art Gallery,Inlaid Wood,object,南亚外销镶嵌木作,2,5.5,5.5,5.5,5.5,6,0,6.5,4.5,6.5,5.900,5.615,C,B,变,Core 5.615 落在 5.5–7.19,medium,带局部镶嵌的英印檀香木小盒属于可替代性较高的外销实用品，主要价值在于展示跨文化消费而非突出艺术成就。,组内居次：英印檀香木首饰盒虽契合南亚外销木作主题，但部分镶嵌且器形与另一件文具盒相比代表性和非重复性较弱。,
112,Indian Vizagapatam small writing box,印度维扎加帕塔姆嵌象牙小文具盒,Asian Export Art Gallery,Inlaid Wood,object,南亚外销镶嵌木作,2,6.5,6.5,6,6,7,0,7.5,8.5,7.5,7.800,6.555,B,B,,Core 6.555 落在 5.5–7.19,medium,维扎加帕塔姆嵌象牙文具盒工艺明确，并能具体说明英属印度为英国客户生产外销奢侈品的殖民贸易关系。,组内首位：维扎加帕塔姆嵌象牙小文具盒兼具明确产地风格、象牙镶嵌工艺与英属印度外销背景，在两件中最具典范性和独特补位价值。,
113,Mughal ivory small animal group,莫卧儿象牙小动物群雕,Asian Export Art Gallery,Carved Ivory,object,亚洲外销象牙雕,4,5.5,5.5,5.5,5.5,5.5,0,5.5,4,6.5,5.250,5.475,C,C,,Core 5.475 < 5.5,medium,莫卧儿背景增加了历史语境，但该件被描述为次要的海外贸易装饰雕刻，体量、视觉冲击和独特性均有限。,组内末位：莫卧儿小动物群雕虽能补充印度来源，但属简介所示的次要装饰性外销雕刻，与组内象牙小雕重复度较高，代表性最弱。,
114,Mughal miniature portrait of court attendant,莫卧儿细密画宫廷侍从,Asian Export Art Gallery,Opaque Watercolor on Paper,object,南亚细密画,2,6.5,6.5,6.5,6,7,0,6.5,6,5.5,6.150,6.465,B,B,,Core 6.465 落在 5.5–7.19,medium,莫卧儿宫廷侍从细密画可代表宫廷绘画和社会等级叙事，虽为中等水平且题材非核心人物，仍具良好教育价值。,组内代表性较高：莫卧儿宫廷画传统比拉杰普特区域性风景更具典范性，但题材为普通侍从，独特性仍属中等。,
115,Rajput landscape miniature,拉杰普特风景细密画,Asian Export Art Gallery,Opaque Watercolor on Paper,object,南亚细密画,2,6,6,6.5,6,6.5,0,6,4.5,6,5.550,6.105,B,B,,Core 6.105 落在 5.5–7.19,medium,拉杰普特风景细密画具有区域画派和日常审美价值，画面宜人但非王室题材、艺术地位和叙事强度较为有限。,组内次于莫卧儿细密画：拉杰普特风景画补充印度区域画派与非宫廷题材，但同类典范度和独特性较弱。,
116,Sinhalese carved ivory hair ornament,斯里兰卡象牙发饰,Asian Export Art Gallery,Carved Ivory,object,亚洲外销象牙雕,4,6,6.5,6,6,6.5,0,6.5,7,7,6.750,6.275,B,B,,Core 6.275 落在 5.5–7.19,medium,斯里兰卡象牙发饰以精细个人装饰和经塞勒姆贸易流入的背景，补充了亚洲海上贸易网络的地域广度。,组内第二：斯里兰卡象牙发饰地域与用途独特，重复性低，为塞勒姆贸易网络补充南亚环节，但典范程度不及套球。,
117,Japanese Arita blue‑and‑white small vase,有田烧青花小瓶,Asian Export Art Gallery,Porcelain,object,日本外销瓷器,2,6.5,6.5,6.5,6,6.5,0,6.5,4.5,5.5,5.700,6.345,B,B,,Core 6.345 落在 5.5–7.19,medium,有田烧青花小瓶制作规整，能代表日本瓷器面向欧洲市场的外销形态，但标准化器形使其独特性和视觉冲击中等。,组内代表性较低：有田青花小瓶属于标准欧洲市场器形，与同组伊万里盖碗相比重复性更高、独特性较弱。,
118,Japanese Imari covered bowl,伊万里烧盖碗,Asian Export Art Gallery,Porcelain,object,日本外销瓷器,2,6.5,6.5,7,7,6.5,0,7,7,6.5,6.900,6.690,B,B,,Core 6.690 落在 5.5–7.19,medium,伊万里烧盖碗以鲜明的经典外销配色和完整器形具有较强观赏性，也能说明日本瓷器对欧洲消费市场的适应。,组内代表性较高：伊万里盖碗兼具经典外销彩饰与完整器形，相比标准化小瓶更具辨识度和叙事补位价值。,
119,Japanese lacquer export small cabinet drawer unit,日本外销漆木小斗柜,Asian Export Art Gallery,Lacquered Wood,object,日本外销漆器,2,6.5,6.5,6.5,6,7,0,7,8,7,7.300,6.580,B,B,,Core 6.580 落在 5.5–7.19,medium,受南蛮风格影响的日本外销漆木柜体现东亚工艺与西方室内生活的结合，兼具贸易史和设计史价值但体量较小。,组内代表性较高：作为面向西方室内使用的日本外销漆器小斗柜，体量与家具功能比文具盒更能体现外销漆器的跨文化适应。,
120,Japanese export lacquer writing box,日本外销漆文具盒,Asian Export Art Gallery,Lacquered Wood,object,日本外销漆器,2,6.5,6.5,6.5,6,7,0,6.5,4,6,5.650,6.415,B,B,,Core 6.415 落在 5.5–7.19,medium,江户时代日本外销漆文具盒能清楚呈现漆器工艺、欧洲使用场景与跨文化商品流通，虽为小型实用器且缺少名家信息。,组内代表性较低：江户时代外销漆文具盒虽具西用功能，但与同组小斗柜相比体量和叙事独特性较弱，存在较明显的器类重复。,
121,"Netsuke rat, signed Edo work",江户签名根付老鼠,Japanese Art Gallery,Carved Ivory,object,日本江户根付,2,7,6.5,6.5,7,6.5,0,7.5,8,7.5,7.650,6.790,B,B,,Core 6.790 落在 5.5–7.19,medium,江户时代有款根付且雕刻质量良好，兼具民俗工艺与观赏性，但并非顶级名家或代表作。,组内代表性更高：有款且为江户象牙雕老鼠，品质与典范性均优于无款木雕龟，因而承担日本根付叙事的核心位置。,
122,"Netsuke tortoise, unsigned",无款根付龟,Japanese Art Gallery,Carved Wood,object,日本江户根付,2,5.5,5.5,6,6.5,5.5,0,6,4.5,5.5,5.450,5.720,B,B,,Core 5.720 落在 5.5–7.19,medium,无款木雕根付造型亲切、工艺尚佳，适合展示日常携带文化，但历史与收藏层级有限。,组内居次：木雕龟刻工精细且具观赏性，但无款、偏实用，与签名江户根付老鼠相比独特性和代表性较弱。,
123,Edo period wooden medicine box,江户时代木药箱,Japanese Art Gallery,Painted Wood,object,日本江户民用木器,1,5.5,5.5,5.5,5,6.5,0,5.5,8,5.5,6.250,5.650,B,B,,Core 5.650 落在 5.5–7.19,medium,商人阶层使用的彩绘药箱视觉冲击有限，但能具体说明江户日常生活与民间物质文化。,组内唯一对象，虽为江户民用器而非顶尖名品，但以彩绘木药箱补足日本日常医疗与商人生活叙事，代表性和非重复性在本组最高。,
124,Edo bronze censer with floral relief,江户花卉纹青铜香炉,Japanese Art Gallery,Bronze Metalwork,object,日本江户青铜器,1,6,5.5,6.5,6,6,0,6.2,8.2,5.5,6.660,6.016,B,B,,Core 6.016 落在 5.5–7.19,medium,江户町屋使用的花卉纹青铜香炉装饰性较强，体现民用金工审美，但并非罕见杰作。,组内唯一对象，作为江户时期日本青铜日用香炉具有较高的类别独特性，但其町屋装饰属性在全馆亚洲艺术叙事中的补位价值中等。,
125,Edo period iron tea‑kettle tetsubin,江户铁茶壶铁瓶,Japanese Art Gallery,Iron Metalwork,object,日本江户饮茶器,1,6,5.5,6,6,6.5,0,5.5,8,6.5,6.450,5.995,B,B,,Core 5.995 落在 5.5–7.19,medium,典型商人阶层铁瓶可关联日本饮茶与铸铁工艺传统，文化解释力尚可但代表性一般。,组内唯一对象，虽为江户商人阶层的典型日用铁瓶、品质并非名家孤品，但承担了日本饮茶器与铁工艺的唯一代表位置。,
126,"Ukiyo‑e beauty print, minor artist",二流浮世绘美人版画,Japanese Art Gallery,Woodblock Print,object,日本浮世绘版画,3,6.5,5.5,7,7,6.5,0,5.8,2.5,5.5,4.750,6.225,B,B,,Core 6.225 落在 5.5–7.19,medium,二流江户浮世绘仍具鲜明美人图视觉吸引力，可说明版画消费文化，但艺术史地位有限。,组内代表性最低，虽可补充江户浮世绘美人题材，但作者属二流且与同组版画重复度最高。,
127,Katsushika Hokusai miscellaneous sketch print,葛饰北斋杂画小版画,Japanese Art Gallery,Woodblock Print,object,日本浮世绘版画,3,7,6,7,7,6.5,0,7.0,6.0,6.5,6.600,6.635,B,B,,Core 6.635 落在 5.5–7.19,medium,北斋作者身份提升艺术史与游客吸引力，但作品来自较不知名系列且为小版画，不能等同于其顶尖名作。,组内居中，北斋身份提升其品质与辨识度，但属杂画小版画且系列不突出，独特性低于广重站点版画。,
128,"Hiroshige, miscellaneous station print",歌川广重普通站点版画,Japanese Art Gallery,Woodblock Print,object,日本浮世绘版画,3,7.5,6.5,7.5,7.5,7.5,0,7.5,7.5,7.0,7.400,7.240,B,A,变,Core 7.240 落在 7.2–8.49,medium,广重《东海道五十三次》普通站点版画属于经典旅行版画系列，兼具景观表现、江户交通史与较强观赏性。,组内代表性最高，广重及《东海道五十三次》能最有效代表日本浮世绘的经典风景版画传统。,
129,Joseon dynasty white porcelain bottle,朝鲜王朝白瓷瓶,Korean Art Gallery,Porcelain,object,朝鲜王朝陶瓷,2,6.5,6,6.5,6.5,6.5,0,5.5,4,5.5,5.050,6.230,B,B,,Core 6.230 落在 5.5–7.19,medium,朝鲜王朝素烧白瓷瓶体现朴素审美与窑业传统，造型优雅但属地方窑的常规优质作品。,组内品质与典范性居次，白瓷瓶为较常见且描述为地方窑产品，独特性低于青瓷小碗。,
130,Joseon celadon small bowl,朝鲜青瓷小碗,Korean Art Gallery,Stoneware‑Porcelain,object,朝鲜王朝陶瓷,2,6.5,6,6.5,6.5,6,0,6,7,6.5,6.400,6.290,B,B,,Core 6.290 落在 5.5–7.19,medium,朝鲜青瓷小碗具有直观的釉色与器形美感，可说明朝鲜陶瓷传统，但尺度与艺术等级较为常规。,组内代表性居首，青瓷小碗相较白瓷瓶在材质与釉色上更具辨识度和非重复性。,
131,Joseon embroidered floral rank badge fragment,朝鲜刺绣补子残片,Korean Art Gallery,Embroidery Textile,object,朝鲜王朝官服织物,1,6.5,5.5,5,5,7,0,6.5,8,7,7.050,5.930,C,B,变,Core 5.930 落在 5.5–7.19,medium,官员品级补子残片虽视觉完整性受损，却能具体解释朝鲜王朝身份等级、服饰制度与官方象征。,组内唯一对象，作为朝鲜王朝官服刺绣补子虽为残片，仍具较高的类别代表性与非重复性，并补充馆内东亚纺织艺术叙事。,
132,Joseon bronze hand‑mirror,朝鲜青铜手镜,Korean Art Gallery,Bronze Metalwork,object,朝鲜王朝青铜日用器,1,5.5,5.5,5.5,5.5,6,0,5.8,7.2,6.3,6.320,5.657,B,B,,Core 5.657 落在 5.5–7.19,medium,晚期朝鲜青铜手镜展示个人用品与铸造工艺，具有一定社会史价值，但装饰与稀有性均较有限。,组内唯一对象，虽为较常见的朝鲜晚期日用青铜器，但以个人镜这一生活器形补充韩国工艺与日常文化叙事，代表性高于重复性。,
133,Nam June Paik small TV‑object study,白南准小型电视媒介习作,Korean Contemporary Gallery,Mixed‑Media Video Sculpture,object,韩国当代媒介艺术,1,7,5,4,5,6,0,7.5,8.5,7.5,7.800,5.680,B,B,,Core 5.680 落在 5.5–7.19,medium,白南准具有国际艺术史重要性，但该件为小型、少展出的媒介习作，现场冲击和本馆不可替代性有限。,组内唯一对象，虽为白南准较小且较少展出的媒介习作，仍代表韩国当代媒介艺术这一叙事环节，故D按本组唯一性取高分。,
134,Hawaiian carved wooden bowl,夏威夷木雕食用碗,Oceanic Art Gallery,Carved Wood,object,大洋洲雕刻木器,5,5,5,5,5,6,0,5.5,3,5.5,4.750,5.125,B,C,变,Core 5.125 < 5.5,medium,夏威夷日常使用木碗能说明地方生活与工艺传统，但非王室等级且同类可替代性较高。,组内代表性较低，属于制作精良但常规的夏威夷日用木碗，形式重复度最高。,
135,Hawaiian stone fishing sinker set,夏威夷石制渔坠组,Oceanic Art Gallery,Stone Tool,object,大洋洲石制工具与渔具,2,5,4,4,4,6,0,5,4,7,5.100,4.610,B,C,变,Core 4.610 < 5.5,medium,石制渔坠体现传统捕鱼技术和生活方式，但视觉表现朴素，单件身份价值与游客吸引力较弱。,组内为较具渔业功能特色但相对小众、代表性低于毛利石锛的对象；其价值在于补充波利尼西亚传统捕鱼技术叙事。,
136,Hawaii woven mat fragment,夏威夷编织席残片,Oceanic Art Gallery,Plant‑Fiber Textile,object,大洋洲植物纤维编织物,2,6,6,3,4,7,0,7,8,8,7.500,5.550,B,B,,Core 5.550 落在 5.5–7.19,medium,前接触时期的夏威夷席残片具有较好的时代与技术叙事价值，但残缺状态显著削弱视觉冲击。,组内代表性最高：前接触时期夏威夷席残片兼具早期历史性与地域辨识度，在同类中重复性最低。,
137,Māori wooden food storage box,毛利木质食物储存盒,Oceanic Art Gallery,Carved Wood,object,大洋洲雕刻木器,5,6,5,5,5,6,0,6,4,6,5.400,5.390,B,C,变,Core 5.390 < 5.5,medium,毛利木质储物盒体现功能器物与装饰传统，但表面 ornament 中等且并非显著等级或代表性作品。,组内居中偏下，毛利功能性木盒具一定地域辨识度，但装饰与类型仍较常见。,
138,Māori stone adze implement,毛利石锛工具,Oceanic Art Gallery,Nephrite Stone Tool,object,大洋洲石制工具与渔具,2,6,5,5,5,6,0,6,7,8,6.700,5.520,B,B,,Core 5.520 落在 5.5–7.19,medium,软玉石锛兼具毛利材料文化和劳动技术信息，但属于普通工具等级，艺术与视觉表现有限。,组内代表性更强，毛利软玉石锛虽属普通工艺等级，但兼具鲜明文化标识与石器技术典型性，且为大洋洲文明叙事的重要补位。,
139,Marquesan small ancestor carving,马克萨斯小型祖先木雕,Oceanic Art Gallery,Carved Wood,object,大洋洲雕刻木器,5,7,6,6,6,7,0,7,8,7.5,7.400,6.490,B,B,,Core 6.490 落在 5.5–7.19,medium,马克萨斯祖先木雕具有明确的宗教与身份象征，风格质量良好，但小型尺度限制了现场冲击。,组内代表性很高，马克萨斯祖先像提供明确的仪式性人物雕刻类型，虽尺寸较小仍具较强独特性。,
140,Fijian carved wooden bowl,斐济雕花仪式木碗,Oceanic Art Gallery,Carved Wood,object,大洋洲雕刻木器,5,7,6,6,6,7,0,7.5,7,7.5,7.350,6.485,B,B,,Core 6.485 落在 5.5–7.19,medium,斐济卡瓦仪式木碗连接礼仪、权力等级与饮用传统，雕刻质量良好但仅属次级首领等级。,组内代表性最高之一，斐济卡瓦仪式木碗兼具较高工艺与礼仪功能，明显高于普通日用容器。,
141,Tongan woven basket,汤加编织储物篮,Oceanic Art Gallery,Plant‑Fiber Textile,object,大洋洲植物纤维编织物,2,5,5,5,5,6,0,6,5,7,5.900,5.240,B,C,变,Core 5.240 < 5.5,medium,汤加植物纤维篮兼有实用与仪式用途，能说明编织传统，但整体仍是可替代的常规器物。,组内次位：汤加篮虽有实用及仪式语境并补充波利尼西亚叙事，但相较夏威夷席的历史独特性与代表性较弱。,
142,New Hebrides spirit mask fragment,新赫布里底神灵面具残件,Oceanic Art Gallery,Painted Wood Fragment,object,大洋洲仪式面具,1,6,5,4,5,6,0,6.5,8,8,7.250,5.425,B,C,变,Core 5.425 < 5.5,medium,新赫布里底彩绘面具残件保留了美拉尼西亚仪式艺术线索，但残缺状态降低了完整性和展示冲击。,组内唯一对象，作为新赫布里底仪式面具残件具备本馆大洋洲叙事中的独特补位价值；但因仅存彩绘木残件，典范性与完整展示力略受限制。,
143,Rapa Nui carved wooden statuette,复活节岛小木雕像,Oceanic Art Gallery,Carved Wood,object,大洋洲雕刻木器,5,6,5,5,6,6,0,6.5,6,8,6.650,5.665,B,B,,Core 5.665 落在 5.5–7.19,medium,复活节岛木雕借用 moai 形象，具有鲜明地域识别度和游客吸引力，但体量小且属接触后作品。,组内独特性较强，拉帕努伊木像补入复活节岛文化这一稀有叙事环节，但因后接触期且体量小，品质与典范性略逊。,
144,"Scrimshaw whale tooth, sailing‑ship motif",捕鲸骨雕帆船主题鲸牙,Maritime Gallery,Engraved Whale Tooth,object,新英格兰海事鲸骨雕,1,6,7,6,7,7,0,7,9,8,7.800,6.730,B,B,,Core 6.730 落在 5.5–7.19,medium,捕鲸者雕刻的帆船主题鲸牙直接连接塞勒姆海事与捕鲸历史，民间工艺和叙事吸引力较强。,本组唯一的经典捕鲸者刻制鲸牙，帆船主题最能代表新英格兰海事民俗传统，因无组内重复对象而取高D。,
145,Scrimshaw walrus tusk small piece,小型海象牙骨雕,Maritime Gallery,Engraved Walrus Ivory,object,海事鲸捕与海象牙刻制品,1,5,6,4,5,6,0,6,8,8,7.000,5.450,B,C,变,Core 5.450 < 5.5,medium,小型海象牙刻是鲸捕航海文化的常见纪念性器物，能补充PEM海事叙事但艺术与现场冲击有限。,组内唯一的海象牙刻制品，虽为小型捕鲸航海纪念品，仍是海事贸易与捕鲸叙事中不可替代的代表。,
146,Whalebone bus‑k corset stay,鲸鱼骨束腰撑片,Maritime Gallery,Whalebone,object,海事鲸捕与鲸骨日用器物,1,4,5,3,4,5,0,5,7,6,5.800,4.430,B,C,变,Core 4.430 < 5.5,medium,鲸骨束腰撑片具体呈现鲸业原材料进入日常消费的过程，但属于普通日用例证，视觉与独特性较弱。,组内唯一对象，以鲸骨束腰撑片具体呈现捕鲸业原料进入日常用品的路径，代表性中等而馆内海事叙事补位价值较高。,
147,Brass ship compass working example,黄铜船用罗盘实物,Maritime Gallery,Brass‑Glass Scientific Instrument,object,海事航海仪器,1,6,7,5,6,7,0,7,8,8,7.500,6.400,B,B,,Core 6.400 落在 5.5–7.19,medium,19世纪商船罗盘直接连接塞勒姆远洋贸易与航海技术，是海事展厅中兼具功能性和解释力的代表性器物。,组内唯一对象，作为功能性19世纪商船罗盘具有较强类别代表性，并补足PEM海事贸易与航海技术叙事。,
148,Lead ship’s sounding weight,铅制测水深铅锤,Maritime Gallery,Lead Metal Object,object,海事航海测量工具,1,5,7,3,4,6,0,7,8,8.5,7.600,5.460,B,C,变,Core 5.460 < 5.5,medium,曾用于塞勒姆双桅船的测深铅锤具有明确地方航海关联，能说明船上作业但形制朴素、观赏性有限。,组内唯一对象，作为塞勒姆远洋贸易背景下的实用航海测深器具，代表性与叙事补位价值均较高。,
149,Ship‑carpenter’s folding rule,船木匠折叠木尺,Maritime Gallery,Wood‑Brass Tool,object,海事船木工工具,1,4,5,3,4,5,0,6,8,7,6.800,4.530,C,C,,Core 4.530 < 5.5,medium,船木匠折叠尺说明船舶维修与建造的劳动环节，但属于可替代的常规工具。,组内唯一对象，虽属常见船木匠测量工具，但直接代表海事木工技艺并补足远洋贸易背后的造船与维修环节。,
150,Water‑colour ship portrait of minor Salem brig,塞勒姆普通双桅船水彩肖像,Maritime Gallery,Watercolor on Paper,object,塞勒姆海事船舶肖像画,2,6,6,5,5,6,0,5.5,3,5.5,4.750,5.575,B,B,,Core 5.575 落在 5.5–7.19,medium,普通塞勒姆商船的纪实水彩保留了地方贸易与船舶史信息，但船只知名度和艺术表现均较有限。,组内代表性次位：普通且知名度较低的塞勒姆双桅船水彩主要提供一般性补充，和首位对象存在较高题材重复。,
151,Model of small coastal schooner,沿海小纵帆船船模,Maritime Gallery,Wood Ship‑Model,object,海事帆船模型,1,5,6,6,6,6,0,6,8,8,7.000,5.900,B,B,,Core 5.900 落在 5.5–7.19,medium,沿海贸易帆船模型能直观解释日常商业航运的船型与尺度，现场可读性高于其本身的稀有性。,组内唯一对象，作为沿海贸易帆船的代表性船模具有较高补位价值，但其日常工作船属性使品质与典范程度并非顶尖。,
152,19th‑century whale‑oil lantern,19世纪鲸油手提灯,Maritime Gallery,Metal‑Glass Household Object,object,海事照明与船上生活器物,1,5,6,5,5,6,0,6,8,8,7.000,5.600,B,B,,Core 5.600 落在 5.5–7.19,medium,鲸油手提灯连接捕鲸经济、船上夜间作业与日常生活，是有实用叙事价值的常规海事器物。,组内唯一对象，虽为常见船用鲸油灯，但作为海事画廊中体现远洋航行夜间生活与船上技术的一环，代表性和补位价值较高。,
153,Salem customs‑house manuscript fragment,塞勒姆海关手稿残页,Phillips Library Display Case,Manuscript Paper,object,塞勒姆海事手稿,2,6,7,2,4,8,0,6,5,8,6.100,5.660,B,B,,Core 5.660 落在 5.5–7.19,medium,塞勒姆海关进口货物记录残页属于直接的一手贸易文献，虽残缺且难以直观展示，却能有力解释港口制度与全球贸易。,组内次位：海关进口货物记录直接体现塞勒姆远洋贸易，但属于较常规的机构性运输文书，独特性低于船长私人日志。,
154,Ship captain’s personal journal fragment,船长私人航海日志残页,Phillips Library Display Case,Manuscript Paper,object,塞勒姆海事手稿,2,6,6,2,5,7,0,7,8,8,7.500,5.550,B,B,,Core 5.550 落在 5.5–7.19,medium,船长航海日志残页提供个人视角下的塞勒姆航海经验，教育与叙事价值较强但物理观赏性很低。,组内代表性最高：船长私人航海日志兼具个人航海叙事与塞勒姆海事身份，非重复性明显高于海关运输记录。,
155,Felix Beato landscape photograph,费利斯·比托风景原版照片,Photography Gallery,Albumen Photograph,object,19世纪东亚纪实摄影,2,7,6,6,6,6,0,7,5,7,6.400,6.240,B,B,,Core 6.240 落在 5.5–7.19,medium,费利斯·比托是早期亚洲摄影的重要人物，原版蛋白照片具有历史媒介价值，但该风景地点较次要。,组内居次：比托风景照片技艺与历史价值尚可，但地点较冷门、题材较常见，独特性和叙事补位弱于汤姆逊街景。,
156,John Thomson street‑scene photograph,约翰·汤姆森街景原版照片,Photography Gallery,Albumen Photograph,object,19世纪东亚纪实摄影,2,7,6,5,6,7,0,8,7,8,7.700,6.370,B,B,,Core 6.370 落在 5.5–7.19,medium,约翰·汤姆森的中国摄影具有重要文献与视觉史意义，即使是系列中的普通街景仍能解释19世纪东亚社会。,组内代表性最高：汤姆逊是中国纪实摄影的重要摄影家，其街景虽属系列中的次要作品，仍具较强东亚社会记录与叙事补位价值。,
157,19th‑century travel album page,19世纪旅行相册单页,Photography Gallery,Albumen Photograph,object,美国旅行纪念蛋白照片,1,4.5,3.0,3.0,3.0,4.5,0,5.5,8.5,6.5,6.600,3.885,B,C,变,Core 3.885 < 5.5,low,普通旅行者拼组的19世纪纪念性蛋白照片单页，能反映地方旅游与摄影史，但缺少独特图像或重要 provenance。,组内唯一的美国旅行纪念蛋白照片，虽为混合纪念性单页、典范性有限，但在本组中无重复对象，且能补充塞勒姆远洋旅行与早期摄影叙事。,
158,Persian Safavid small ceramic bowl,萨法维波斯陶小碗,Islamic‑Asian Gallery,Glazed Pottery,object,伊斯兰釉陶小型器物,1,5.5,4.0,4.5,4.0,5.0,0,5.5,8,5.5,6.250,4.750,C,C,,Core 4.750 < 5.5,medium,萨法维时期陶器具有明确历史语境，但造型与几何装饰简单，且为小型常见器物。,组内唯一的萨法维波斯釉陶代表，虽装饰朴素、典范性中等，但承担伊斯兰陶艺叙事中不可替代的波斯环节。,
159,Persian Qajar painted tile fragment,卡扎尔波斯彩绘瓷砖残件,Islamic‑Asian Gallery,Glazed Ceramic Tile,object,伊斯兰建筑釉陶砖残件,2,5.0,4.0,4.0,4.0,5.0,0,5.5,5.5,5.0,5.400,4.490,C,C,,Core 4.490 < 5.5,medium,卡扎尔建筑彩绘砖可说明伊斯兰建筑装饰传统，但仅为图像残片且缺少具体建筑或艺术家信息。,组内相对第二：卡扎尔时期具象彩绘砖有地域与时代辨识度，但与另一件伊斯兰釉陶砖残件在建筑装饰属性上重复，代表性和补位性略低。,
160,Mamluk brass inlaid small tray,马穆鲁克嵌饰黄铜小托盘,Islamic‑Asian Gallery,Brass Metalwork,object,伊斯兰嵌饰黄铜器,1,6.0,4.0,5.0,5.0,5.5,0,6.5,8.5,7.0,7.200,5.245,B,C,变,Core 5.245 < 5.5,medium,马穆鲁克嵌饰黄铜工艺具有较高区域艺术史价值，但小型家用托盘的独特性和现场冲击有限。,组内唯一的伊斯兰嵌饰黄铜器，虽为体量较小且较常见的家用托盘，仍承担本馆伊斯兰金工叙事中不可替代的代表位置。,
161,Ottoman calligraphic tile fragment,奥斯曼书法瓷砖残件,Islamic‑Asian Gallery,Glazed Ceramic Tile,object,伊斯兰建筑釉陶砖残件,2,5.5,4.0,4.5,4.5,5.5,0,6.0,7.0,6.0,6.300,4.905,C,C,,Core 4.905 < 5.5,medium,奥斯曼书法瓷砖能连接宗教书写、建筑装饰与伊斯兰视觉文化，但残件尺度小且信息有限。,组内第一：奥斯曼书法釉砖以阿拉伯书法装饰形成更鲜明的伊斯兰艺术识别度，相较具象卡扎尔砖重复性更低，叙事补位价值更高。,
162,Ottoman embroidered towel fragment,奥斯曼刺绣织物残片,Islamic‑Asian Gallery,Embroidery Textile,object,奥斯曼刺绣家用织物,1,5.0,4.0,4.0,4.0,5.0,0,5.5,7,5.5,5.950,4.545,C,C,,Core 4.545 < 5.5,medium,奥斯曼刺绣织物可体现家居生活与装饰传统，但普通花卉纹样残片的艺术和展示吸引力较弱。,组内唯一对象，因此D取偏高值；但其为装饰性家用刺绣残片，品质与典范性中等，对本馆海事及亚洲外销叙事的补位价值有限。,
163,Greek black‑figure kylix cup fragment,古希腊黑绘浅酒杯残件,Ancient Mediterranean,Terracotta,object,古希腊彩绘陶器残片,2,6.0,3.0,4.0,4.5,6.0,0,6.2,4.8,2.5,5.040,4.629,C,C,,Core 4.629 < 5.5,medium,黑绘浅酒杯上的神话场景具有古希腊叙事和陶绘史价值，但器物残缺且无法确认画工或完整构图。,组内相对而言，黑绘浅酒杯残件虽有神话场景，但器形与残缺状态使其代表性低于红绘双耳罐颈部残件。,
164,Greek red‑figure amphora neck fragment,古希腊红绘双耳罐颈部残件,Ancient Mediterranean,Terracotta,object,古希腊彩绘陶器残片,2,6.0,3.0,4.0,4.5,6.0,0,6.8,6.6,2.8,5.940,4.719,C,C,,Core 4.719 < 5.5,medium,阿提卡红绘陶器颈部残片可说明古希腊绘画技术与器物用途，但仅存局部，视觉完整性有限。,组内代表性最高，红绘双耳罐颈部残件更能体现典型的阿提卡彩绘陶器传统，并与黑绘杯残件形成风格递进。,
165,Roman marble portrait bust fragment,罗马大理石胸像残件,Ancient Mediterranean,Marble Sculpture,object,古罗马大理石肖像雕塑残件,1,5.5,3.0,4.5,4.0,5.5,0,5.5,7,3.5,5.550,4.505,C,C,,Core 4.505 < 5.5,medium,罗马肖像雕塑涉及身份再现与帝国社会文化，但胸像破损严重且缺少人物身份信息。,组内唯一对象，虽为罗马大理石肖像残件而具类别代表性，但残缺且缺乏突出的个体识别信息；对PEM海事及亚洲、大洋洲叙事的补位价值有限。,
166,Roman glass perfume bottle,罗马玻璃香水瓶,Ancient Mediterranean,Glass Vessel,object,古罗马玻璃容器,1,6.0,3.0,5.0,5.0,6.0,0,6.5,8,6.5,6.950,5.045,C,C,,Core 5.045 < 5.5,medium,吹制玻璃香水瓶能具体说明罗马日常生活、墓葬习俗与玻璃技术，且器形虽小仍有一定观赏性。,组内唯一对象，因此在古罗马玻璃容器中代表性最高；其小型吹制香水瓶虽属典型葬仪器物，但仍能补足PEM古代地中海叙事中的玻璃工艺环节。,
167,Egyptian faience amulet figurine,埃及费昂斯护身符小造像,Ancient Mediterranean,Faience,object,古埃及费昂斯护身符,1,6.0,3.0,4.5,5.0,6.5,0,6.5,8.5,5.0,6.800,5.030,C,C,,Core 5.030 < 5.5,medium,费昂斯护身符直接关联古埃及的葬仪、护佑信仰与材料技术，但小型常见造像的个体独特性有限。,组内唯一对象，作为埃及费昂斯护身符小造像具有最高的类别代表性与非重复性；但在PEM以海事、亚洲外销艺术及东亚收藏为核心的叙事中，补位价值属中等。,
168,Etruscan bronze fibula safety‑pin brooch,伊特鲁里亚青铜别针胸针,Ancient Mediterranean,Bronze Metalwork,object,伊特鲁里亚青铜服饰金工,1,6.0,3.0,4.5,4.5,6.0,0,6.0,8.0,4.0,6.200,4.820,C,C,,Core 4.820 < 5.5,medium,伊特鲁里亚青铜别针可说明服饰制度、金属工艺及该文明的区域特色，但属于小型实用装饰品。,组内唯一的伊特鲁里亚青铜服饰金工，因本馆此类对象无同类重复而获较高D，但品质与叙事补位价值属中等。,
169,"Italian maiolica plate, 16th‑century",16世纪意大利马约里卡陶盘,European Decorative Arts,Ceramic,object,欧洲陶瓷餐具与装饰陶瓷,2,6,3,6,5,5,0,7,7,3,6.200,4.970,C,C,,Core 4.970 < 5.5,medium,16世纪意大利马约里卡具有明确工艺史价值，但属于作坊制作的普通餐盘，且欧洲装饰艺术不是本馆最不可替代的核心。,组内代表性第一：16世纪意大利马约里卡彩绘陶盘兼具年代与典范性，相较代尔夫特瓷砖组更具独立艺术与历史辨识度。,
170,Renaissance bronze small plaquette religious theme,文艺复兴宗教主题青铜小浮雕牌,European Decorative Arts,Bronze,object,欧洲文艺复兴宗教青铜小品,1,6,3,5,4,6,0,5.5,7,3.5,5.550,4.755,C,C,,Core 4.755 < 5.5,medium,文艺复兴宗教小浮雕可说明私人信仰与家庭祭坛传统，但体量小、题材常见且明确为次要 devotional 作品。,组内唯一对象，虽为文艺复兴私人祭坛用的小型宗教青铜浮雕、典范性有限，但在本组中无重复者，具一定独特性；对PEM欧洲装饰艺术叙事有补位价值但非核心。,
171,Baroque pewter drinking mug,巴洛克白镴饮酒杯,European Decorative Arts,Pewter Metalwork,object,欧洲锡镴日用器皿,1,4,2,3,3,4,0,5,8,2,5.300,3.330,C,C,,Core 3.330 < 5.5,medium,巴洛克锡镴杯主要是功能性上层日用器，能补充生活史信息，但艺术独创性、视觉冲击和本馆代表性都有限。,组内唯一对象，因无同类可重复项而获高D；但属较常见的巴洛克日用锡镴器，品质与PEM核心海事、亚洲及大洋洲叙事的补位价值有限。,
172,Gothic stained‑glass floral fragment,哥特彩色玻璃花卉残片,European Decorative Arts,Stained‑Glass,object,欧洲教堂彩色玻璃,1,5,2,4,3,4,0,5,7,3,5.200,3.670,C,C,,Core 3.670 < 5.5,medium,哥特彩色玻璃残片具有宗教建筑与工艺史意义，但为无人物花卉残件，完整性和现场感染力明显不足。,组内唯一的哥特教堂彩色玻璃对象，虽为非具象花卉残片且品质信息有限，但具有本馆此类唯一的代表性；对欧洲宗教装饰艺术叙事有补位价值。,
173,Dutch delft blue‑and‑white tile group,代尔夫特蓝白瓷砖组,European Decorative Arts,Ceramic,object,欧洲陶瓷餐具与装饰陶瓷,2,6,3,6,5,5,0,6,3,3,4.500,4.800,B,C,变,Core 4.800 < 5.5,medium,代尔夫特蓝白瓷砖组体现荷兰装饰陶瓷与室内景观图像传统，成组展示增强视觉性，但在PEM身份中仍属非核心欧洲藏品。,组内代表性第二：荷兰代尔夫特蓝白风景瓷砖虽有地域特色，但属较常见的成组装饰陶瓷，重复性高于意大利马约里卡陶盘。,
174,Japanese contemporary ceramic tea cup,日本当代陶艺茶杯,Art & Nature Center,Stoneware Ceramic,object,日本当代陶艺,1,5,4,5,5,4,0,6,8,5,6.400,4.740,C,C,,Core 4.740 < 5.5,medium,日本在本馆语境中具有重要关联，然而这件只是当代在世艺术家的制作精良茶杯，历史与叙事影响有限。,组内唯一对象，因本组无可替代者而获较高D；但作为未注明艺术家的当代陶艺茶杯，品质典范性与对PEM核心海事、亚洲外销及东亚叙事的补位价值中等。,
175,Small Josh Simpson planet marble,乔希·辛普森小型星球玻璃弹珠,Art & Nature Center,Art Glass,object,当代艺术玻璃,2,5,5,5,5,4,0,6,3,2,4.300,4.780,B,C,变,Core 4.780 < 5.5,medium,乔希·辛普森的星球主题艺术玻璃与本馆艺术与自然语境相合，但小型弹珠的尺度和信息承载力远低于大型代表作。,组内代表性较低，作为同作者星球玻璃球的微型、重复性更高的版本，独特补位价值有限。,
176,Contemporary mixed‑media shell assemblage artwork,当代贝壳混合媒介装置小品,Art & Nature Center,Mixed‑Media,object,当代自然主题综合媒介作品,1,4,2,4,3,3,0,4,8,4,5.200,3.320,C,C,,Core 3.320 < 5.5,medium,贝壳材料提供有限的自然与材料观念，但小型综合媒介小品缺少明确的历史地位、规模冲击和强叙事。,组内唯一对象，因其以贝壳为核心的当代综合媒介形式具有最高的非重复性；但品质典范性一般，对PEM整体文明叙事的补位价值有限。,
177,Hank Willis Thomas small print work,汉克·威利斯·托马斯小幅版画,American Contemporary Gallery,Print on Paper,object,美国当代社会议题版画,1,7,4,4,6,7,0,7.5,8,6,7.350,5.685,B,B,,Core 5.685 落在 5.5–7.19,medium,汉克·威利斯·托马斯是重要美国当代艺术家，种族议题具有较强教育价值，但小幅版画的视觉规模和本馆不可替代性有限。,组内唯一对象，在美国当代社会议题版画中无可横向替代；艺术家与种族议题赋予其较高品质和叙事补位价值，但并非本馆海事或亚洲外销艺术核心。,
178,Valerie Hagerty small cabinet study,瓦莱丽·哈格蒂小型柜子习作,Maritime Gallery,Mixed‑Media,object,当代柜体与家具观念作品,1,5,4,4,4,4,0,5,8,3,5.500,4.350,C,C,,Core 4.350 < 5.5,medium,哈格蒂以柜体为媒介的缩小习作可联系当代物件与海事展陈，但习作性质和小尺度限制了其独立观赏价值。,组内唯一对象，作为当代柜体观念作品的唯一代表，非重复性高；但其品质典范度及对PEM海事、亚洲外销艺术核心叙事的补位作用较有限。,
179,Salem witch‑trial era brass thimble,塞勒姆猎巫时代黄铜顶针,Special Case Display,Brass Artifact,object,塞勒姆殖民时期日用小件,1,5,6,2,5,6,0,5.0,8.0,7.0,6.300,5.080,B,C,变,Core 5.080 < 5.5,medium,普通黄铜顶针的物质价值不高，却因出自塞勒姆猎巫时代遗址而能连接地方考古、日常生活与本馆地域身份。,组内唯一对象，虽为普通黄铜顶针、品质与典范性一般，但其塞勒姆殖民时期及猎巫时代语境具有不可替代的地方历史代表性，能补足本馆早期社区生活叙事。,
180,18th‑century shoe buckle silver,18世纪银鞋扣,American Decorative Arts,Silver Metalwork,object,殖民时期银质个人饰品,1,5,3,4,4,5,0,6,8,5,6.400,4.340,B,C,变,Core 4.340 < 5.5,medium,18世纪银鞋扣能说明殖民时期服饰、消费与工艺，但属于可替代的常见个人装饰品，缺乏突出艺术或本馆标志性。,组内唯一对象，作为殖民时期银质个人饰品具有本类代表性，但对本馆核心海事与亚洲外销叙事的补位价值中等。,
181,Carved walnut snuff box,雕花胡桃木鼻烟盒,American Decorative Arts,Carved Wood,object,美国民间木雕器物,2,5,5,4,4,4,0,5,3,3,4.000,4.450,C,C,,Core 4.450 < 5.5,medium,小型民间风格胡桃木鼻烟盒具有一定美国装饰艺术和日常生活史价值，但缺乏作者、年代或特殊 provenance 信息，视觉与叙事冲击有限。,组内次位：雕花胡桃木鼻烟盒属于较常见的民间木雕器物，与捕鲸船餐具相比代表性、独特性及本馆叙事补位价值较低。,
182,Chinese export bamboo folding fan,外销竹骨折扇,Asian Export Art Gallery,Bamboo‑Paper Fan,object,中国外销扇类,1,5,5,4,5,6,0,4,8,7,5.800,5.080,B,C,变,Core 5.080 < 5.5,medium,普通等级的中国外销竹扇能说明中西贸易与消费文化，但工艺、视觉和单件稀缺性不足以代表亚洲外销艺术核心。,组内唯一的中国外销竹骨折扇，虽为普通等级、品质代表性有限，但在本组中承担该类器物的唯一代表，并补充PEM亚洲外销艺术叙事中的日常消费品环节。,
183,Japanese wood tea caddy,日本木制茶罐,Japanese Art Gallery,Painted Wood,object,日本民间木制茶具,1,5,5,4,4,5,0,5,7,4,5.400,4.740,C,C,,Core 4.740 < 5.5,medium,商人阶层日常茶储存器具可补充日本社会生活史，但属于常规实用品，视觉吸引力和本馆不可替代性有限。,组内唯一对象，虽为普通商人阶层彩绘木制茶罐、典范性有限，但代表日本民间日用茶文化并提供馆内日本生活艺术叙事的独特补位。,
184,Korean iron pot for home cooking,朝鲜家用铁锅,Korean Art Gallery,Iron Metalwork,object,朝鲜日用铁器,1,4,4,3,3,5,0,6,8,7,6.800,4.130,C,C,,Core 4.130 < 5.5,medium,家用铁锅主要体现朝鲜日常物质文化和铸造技术，实用性强但艺术性、观赏性及单件叙事冲击较低。,组内唯一对象，作为朝鲜日用铁器的代表性家用炊具，独特性较高，并补充东亚日常生活与铁工艺叙事。,
185,Polynesian shell neck ornament,波利尼西亚贝壳颈饰,Oceanic Art Gallery,Shell‑Fiber Jewelry,object,波利尼西亚贝壳首饰,1,5,5,5,5,5,0,4,8,6,5.600,5.060,B,C,变,Core 5.060 < 5.5,medium,普通等级的贝壳颈饰能呈现波利尼西亚装饰传统并具有一定现场色彩，但不是稀有或高等级代表作。,组内唯一对象，因本组无其他波利尼西亚贝壳首饰可重复而获高D，但其本身属常见等级的个人 adornment，品质与典范性中等，主要为大洋洲叙事提供基础补位。,
186,Whaling‑ship carved wooden utensil,捕鲸船自制木雕餐具,Maritime Gallery,Carved Wood,object,美国民间木雕器物,2,6,7,4,6,7,0,7,9,9,8.000,6.300,B,B,,Core 6.300 落在 5.5–7.19,medium,捕鲸船上自制的木雕餐具直接连接塞勒姆海事贸易与船员生活，物件本身普通但地方历史叙事和博物馆身份关联较强。,组内首位：捕鲸船上制作并使用的木雕餐具兼具海事文化与塞勒姆远洋贸易叙事，独特性和补位价值最高。,
187,Hand‑colored lithograph of Salem harbor,手工上色塞勒姆港石版画,Photography Gallery,Hand‑Colored Lithograph,object,塞勒姆历史图像版画,1,5,6,5,5,6,0,5,8,7,6.300,5.530,B,B,,Core 5.530 落在 5.5–7.19,medium,塞勒姆港的十九世纪旅游版画具有地方记忆和城市海事叙事价值，但作为流行观光印刷品，其艺术等级和稀缺性有限。,组内唯一对象，作为塞勒姆港与本馆海事贸易叙事的代表性地方图像，独特性高于一般重复性旅游版画。,
188,Safavid textile fragment floral pattern,萨法维花卉织物残片,Islamic‑Asian Gallery,Silk Textile,object,萨法维波斯丝织物,1,7,5,5,4,6,0,7,8,6,7.100,5.610,B,B,,Core 5.610 落在 5.5–7.19,medium,萨法维时期丝织物残片体现波斯纺织与装饰传统，历史价值较强，但仅为花卉纹残片且缺少更具体的制作背景。,组内唯一对象，因此在萨法维波斯丝织物中具有最高代表性；但因仅为花卉纹织物残片，典范性与叙事补位价值有限。,
189,Etruscan terracotta votive figurine,伊特鲁里亚陶制还愿小造像,Ancient Mediterranean,Terracotta,object,伊特鲁里亚陶制祭祀器物,1,7,4,4,5,7,0,6,8,4,6.200,5.420,B,C,变,Core 5.420 < 5.5,medium,伊特鲁里亚神庙还愿小像能清楚解释古代祭祀和宗教实践，文明史价值较高，但体量小且在本馆身份中的独特性有限。,组内唯一对象，作为伊特鲁里亚陶制祭祀器物的唯一代表，D较高；但其通用型还愿小造像的典范性有限，且对PEM海事与亚洲外销艺术主线的补位价值中等偏低。,
190,"Venetian glass drinking goblet, 17th‑century",17世纪威尼斯玻璃高脚杯,European Decorative Arts,Glass Vessel,object,十七世纪意大利玻璃器皿,1,6,3,6,6,5,0,6,8,3,6.000,5.100,B,C,变,Core 5.100 < 5.5,medium,十七世纪威尼斯吹制玻璃杯具有良好的工艺观赏性和消费史价值，但属作坊生产且欧洲装饰艺术并非PEM最具不可替代性的领域。,组内唯一对象，代表十七世纪意大利玻璃器皿这一类别，但其为普通作坊生产的威尼斯高脚杯，典范性有限；对本馆主线叙事的补位价值较低。,
191,American folk carved animal figure,美国民间木雕小动物,American Decorative Arts,Painted Wood,object,美国民间彩绘木雕,1,5,5,5,6,5,0,4,8,3,5.000,5.150,C,C,,Core 5.150 < 5.5,medium,彩绘民间木雕小动物亲切醒目、容易吸引普通游客，但属于常见装饰性民间艺术，历史和教育叙事深度有限。,组内唯一对象，作为美国民间彩绘木雕的代表性样本具有较高唯一性，但品质信息有限且对PEM核心海事与亚洲外销叙事补位较弱。,
192,Chinese Qing‑dynasty scholar’s rock miniature,清代文人小供石,Asian Export Art Gallery,Stone Ornament,object,中国外销文人雅玩,1,6,6,6,6,7,0,6,8,7,6.800,6.230,B,B,,Core 6.230 落在 5.5–7.19,medium,清代文人供石兼具中国文人审美、物质文化和西方收藏传播的叙事，契合PEM亚洲外销艺术身份，但小型且未显示特殊名家或稀有 provenance。,组内唯一对象，作为清代中国文人雅玩及西方收藏趣味的代表，具有较高的类别独特性，并补充亚洲外销艺术叙事中日常性、鉴赏性的一环。,
193,Japanese bamboo flower vase,日本竹制花入,Japanese Art Gallery,Bamboo Craft,object,日本竹工艺花器,1,6,5,6,5,5,0,6,8,6,6.600,5.510,B,B,,Core 5.510 落在 5.5–7.19,low,日本町屋日常插花用竹制花入，工艺传统明确但缺少作者、年代或稀有性信息，现场吸引力和叙事深度有限。,组内唯一的日本竹工艺花入，虽非馆标志性名品，但承担日本竹工艺与生活美学叙事的代表位置。,
194,Māori woven basket,毛利编织储物篮,Oceanic Art Gallery,Plant‑Fiber Textile,object,毛利植物纤维篮筐,1,6,6,5,5,6,0,6,8,7,6.800,5.780,B,B,,Core 5.780 落在 5.5–7.19,low,毛利日常携物篮能体现植物纤维编织与生活文化，但作为实用篮具缺少仪式性、稀有性或强烈视觉冲击。,组内唯一的毛利植物纤维篮筐，虽属日用型器物且典范度中等，但为本馆大洋洲叙事补入毛利日常物质文化一环，独特性按组内唯一性取高。,
195,Salem ship‑captain’s brass seal stamp,塞勒姆船长黄铜私章,Maritime Gallery,Brass Artifact,object,塞勒姆海事个人印章,1,6,7,4,5,7,0,7,8.5,8,7.650,6.115,B,B,,Core 6.115 落在 5.5–7.19,low,塞勒姆船长用于船务文件的黄铜私章紧扣本馆远洋贸易与地方海事身份，但体量小且个人物件的视觉吸引力有限。,组内唯一对象，作为塞勒姆船长航海文书所用的个人私章，虽非宏大海事遗物，却独特补充本馆远洋贸易与海事日常叙事。,
196,Miniature watercolor of Yin Yu Tang courtyard,荫余堂庭院微型水彩稿,Yin Yu Tang Courtyard,Watercolor on Paper,object,荫余堂相关纸本水彩,1,5,6,4,4,7,0,7,9,8,7.800,5.530,B,B,,Core 5.530 落在 5.5–7.19,low,荫余堂庭院的记录性水彩有助于解释清代民居空间和搬迁保存过程，但它是辅助性研究稿，艺术与现场冲击力较弱。,组内唯一的荫余堂相关纸本水彩，虽非民居本体，却以庭院空间记录补充荫余堂整体搬迁重建的叙事。,
197,Mwaash aMbooy mask,,,African Art,object,非洲传统仪式面具,2,8,6,8,7,8,0,8.5,8,5,7.650,7.315,,A,变,Core 7.315 落在 7.2–8.49,high,19世纪库巴族Mwaash aMbooy面具以酒椰纤维、豹皮、贝壳和玻璃珠构成，材料组合与鲜明形制具有较强的文化解释力和视觉吸引力。,组内代表性最高：库巴王权语境与豹纹、豹皮、海螺壳等复合材料使其相较另一件面具更具典范性和非重复性。,
198,Figure group,,,African Art,object,非洲传统人物雕塑,1,7,5,6,5,7,0,7.5,8.5,6.5,7.600,6.110,,B,变,Core 6.110 落在 5.5–7.19,medium,19世纪早中期洛安果地区的象牙人物组具有年代和材料的重要性，可用于讲解刚果地区雕塑传统，但题名和具体功能信息不足。,组内唯一对象，作为19世纪早中期刚果洛安果地区象牙人物雕塑，代表性与非重复性均高，但对PEM核心海事及亚洲外销叙事的补位属次级。,
199,Barkcloth,,,African Art,object,非洲传统纺织与树皮布,1,7,5,6,5,7,0,8,9,5,7.700,6.120,,B,变,Core 6.120 落在 5.5–7.19,high,乌干达巴干达人的树皮布体现独特的植物材料加工和区域文化传统，但作为晚期至近代的平面材料，视觉冲击和不可替代性中等。,组内唯一对象，以乌干达巴干达树皮布传统的材料与文化代表性占据最高相对位置；其非洲传统纺织叙事补充全馆全球文化视野，但对PEM核心海事与亚洲外销身份的补位有限。,
200,Sowo-wui mask,,,African Art,object,非洲传统仪式面具,2,8,6,8,7,8,0,8,5,4,6.300,7.180,,B,变,Core 7.180 落在 5.5–7.19,high,19世纪晚期至20世纪早期的门德族木面具具有明确地域与社群传统，形制鲜明，适合现场观看并解释西非社会与仪式文化。,组内代表性次于Mwaash aMbooy：门德族Sowo-wui面具具有明确仪式价值，但在本组中材料与形式的独特性较弱。,
201,West African Outlook,,,African Art,object,非洲现代纸本绘画,1,6,4,6,5,5,0,6,8,5,6.400,5.240,,C,变,Core 5.240 < 5.5,high,南非艺术家约2000年的纸本油画棒作品可补充非洲现代艺术叙事，但年代较近、媒介常见，且并非本馆最具身份性的收藏方向。,组内唯一对象，作为查尔斯·塞卡诺的南非现代纸本作品具有本馆此类唯一性，但在PEM整体海事与亚洲外销艺术叙事中的补位价值中等。,
202,Kiti cha enzi (chair of power),,,African Art,object,非洲传统家具与权力器物,2,8,6,8,7,8,0,8,8,6,7.600,7.310,,A,变,Core 7.310 落在 7.2–8.49,high,19世纪早期桑给巴尔斯瓦希里人的权力椅兼具政治象征、区域交流和复杂材料工艺，形体也能形成较强的展厅焦点。,组内代表性更高：桑给巴尔19世纪早期权力座椅兼具社会等级象征与木骨复合工艺，在本组中比普通头枕更具典范性和叙事辨识度。,
203,Headrest,,,African Art,object,非洲传统家具与权力器物,2,7,5,6,5,6,0,6,4,4,5.000,5.700,,B,变,Core 5.700 落在 5.5–7.19,medium,19世纪中期祖鲁木制头枕体现日常器物中的造型与社会文化信息，但功能单一、尺寸通常较小，现场吸引力和馆本不可替代性有限。,组内相对次位：祖鲁木制头枕体现日常器物传统，但功能与形制较常见，独特性及对PEM海事、亚洲和大洋洲核心叙事的补位较弱。,
204,Finger piano,,,African Art,object,非洲传统乐器,1,7,5,6,7,7,0,6,8,5,6.400,6.290,,B,变,Core 6.290 落在 5.5–7.19,high,19世纪南非木铁黄铜指拇琴兼具乐器功能、材料工艺和声音文化的解释潜力，普通游客也较容易理解其用途。,组内唯一对象，作为19世纪南非指拇琴具备较高的非洲传统乐器代表性与独特性，可补充馆内非洲文化与音乐叙事，但并非PEM最核心的海事或亚洲外销收藏。,
205,Drum,,,African Art,object,西非鼓类,1,5.5,4.5,5.5,5.0,6.0,0,6,8,4.5,6.300,5.330,,C,变,Core 5.330 < 5.5,medium,19世纪晚期加纳加族鼓具有明确的仪式与社会文化信息，但缺少名家、特殊事件或稀有性依据，在PEM身份中的地位有限。,组内唯一的西非鼓类对象，虽为较常见的加纳鼓型，仍凭单件代表性获得较高D；其早期入藏和非洲文化补位价值中等。,
206,Mask,,,African Art,object,西非面具,1,6.5,5.0,7.0,6.8,6.8,0,7.5,9,6.5,7.750,6.415,,B,变,Core 6.415 落在 5.5–7.19,medium,1830年代或更早的利比里亚格列博族或克鲁族面具年代较早、视觉辨识度强，能说明西非仪式与身份表达，但并非PEM核心收藏。,组内唯一的西非面具，且为19世纪中叶以前的利比里亚格列博族或克鲁族作品，在本馆同类中具有显著的唯一性与代表性。,
207,Ceremonial axe,,,African Art,object,东南非仪式武器与权力器物,1,5.5,4.5,5.8,5.2,5.8,0,6.5,8.5,5.5,6.900,5.435,,C,变,Core 5.435 < 5.5,medium,中期19世纪仪式斧具有权力象征和跨材料工艺价值，但产地、族属均不确定，且普通游客的直观吸引力有限。,组内唯一对象，在东南非仪式武器与权力器物中具有唯一代表性；其19世纪中期年代与木、铁、玻璃珠组合提升品质判断，但对PEM核心海事及亚洲叙事的补位作用中等。,
208,Sensul (Folding icons) in original embossed leather case,,,African Art,object,埃塞俄比亚基督教手抄本与宗教图像,1,8.0,5.8,6.5,6.0,8.0,0,8.2,9.0,6.8,8.160,6.941,,B,变,Core 6.941 落在 5.5–7.19,medium,15至16世纪早期的埃塞俄比亚折叠宗教图像及原装皮盒年代稀早，能有效解释埃塞俄比亚基督教传统与物质文化。,组内唯一对象，作为15世纪至16世纪早期埃塞俄比亚折叠宗教图像及其原装皮套的代表，品质与历史典范性较高，并补足PEM非海事、非亚洲主线的非洲基督教视觉文化叙事。,
209,Salem Common on Training Day,,,American Art,object,塞勒姆及新英格兰地方题材绘画,1,6.8,7.5,6.2,6.5,7.3,0,8.2,9.1,8.4,8.510,7.086,,B,变,Core 7.086 落在 5.5–7.19,high,1808年塞勒姆公共广场训练日场景直接连接本地城市史与早期美国社会生活，是PEM塞勒姆地域身份的重要图像。,组内唯一对象，作为1808年塞勒姆地方公共生活与民兵训练的早期实景绘画，代表性与不可替代性最高。,
210,La belle epoque,,,American Art,object,美国战后抽象绘画,1,6.8,4.5,7.0,6.5,5.8,0,7.5,8.5,4.5,7.200,6.100,,B,变,Core 6.100 落在 5.5–7.19,medium,哈蒂根是美国战后艺术中有影响力的画家，作品可能具有较强色彩与构图冲击，但单件作品对PEM身份及历史叙事的不可替代性一般。,组内唯一的美国战后抽象绘画对象，格蕾丝·哈蒂根的作品具备较高艺术史代表性；但该类并非PEM海事及亚洲外销艺术核心叙事，补位价值中等偏低。,
211,Untitled,,,American Art,object,美国非裔抽象绘画,1,6.2,4.8,6.2,5.7,6.4,0,7.5,8.5,4.5,7.200,5.905,,B,变,Core 5.905 落在 5.5–7.19,medium,Felrath Hines兼具非裔美国艺术史与抽象绘画价值，但作品无题且缺少具体创作背景，现场吸引力和叙事明确度中等。,组内唯一对象，作为非裔抽象绘画代表具有较高独特性，但在PEM以海事、亚洲外销艺术及东亚收藏为核心的叙事中补位价值中等。,
212,"Webster House, Provincetown",,Seamans Gallery,American Art,object,普罗温斯敦艺术殖民地绘画,1,5.8,4.8,6.0,5.8,5.8,0,6.8,8.0,6.5,7.100,5.710,,B,变,Core 5.710 落在 5.5–7.19,medium,普罗温斯敦题材具有新英格兰区域文化意义，画面应有地方风景与建筑吸引力，但艺术家及作品在全国范围的代表性有限。,组内唯一的普罗温斯敦艺术殖民地绘画，因无同类重复而具较高代表性，但在 PEM 的海事与亚洲外销艺术核心叙事之外，主要承担地区艺术史补位作用。,
213,Weight,,,American Art,object,美国当代社会主题雕塑,1,7.0,4.8,7.2,7.0,7.2,0,7.5,8.5,6.5,7.600,6.570,,B,变,Core 6.570 落在 5.5–7.19,medium,Alison Saar的重要当代创作通常结合非裔历史、劳动与记忆议题，煤尘、金属、木材和绳索构成带来较强物质与社会寓意。,组内唯一对象，作为Alison Saar以煤尘、拾得物与绳索展开社会记忆议题的当代雕塑，代表性和非重复性均高；但对PEM海事及亚洲外销艺术核心叙事的补位作用中等。,
214,"East Headland, Appledore, Isles of Shoals",,,American Art,object,美国印象派风景画,1,8.2,5.0,7.8,7.5,6.8,0,8.2,8.5,5.5,7.750,6.980,,B,变,Core 6.980 落在 5.5–7.19,high,哈萨姆是美国印象派公认的重要画家，海岛景观兼具国家级艺术史地位与较强视觉吸引力，但美国主流艺术并非PEM最不可替代的身份核心。,组内唯一的美国印象派风景画，哈萨姆及其海岛题材具有较强代表性与非重复性，但对PEM海事及亚洲艺术核心叙事的补位价值有限。,
215,Portrait of Ahmad bin Na'aman,,,American Art,object,美国海事与跨文化肖像画,1,7.8,7.8,6.5,7.0,8.0,0,7.5,9.2,8.8,8.270,7.562,,A,变,Core 7.562 落在 7.2–8.49,medium,1840年阿赫迈德·本·纳阿曼肖像连接阿曼人物、跨大西洋交往与塞勒姆远洋贸易叙事，对PEM海事和跨文化身份尤其有解释力。,组内唯一对象，作为19世纪美国海事与跨文化肖像，兼具较高艺术品质、罕见题材和对塞勒姆远洋贸易叙事的显著补位价值。,
216,Velocipede,,,American Decorative Art,object,美国十九世纪交通器物,1,6.5,5.8,6.2,7.0,6.8,0,6.5,8.5,5.5,6.900,6.440,,B,变,Core 6.440 落在 5.5–7.19,high,1855至1865年的早期自行车兼具技术史、城市生活史和新奇的现场吸引力，是美国装饰艺术收藏中较易理解的社会史对象。,组内唯一对象，作为美国早期自行车交通器物具有较高独特性，但对PEM核心海事与亚洲外销叙事的补位价值中等。,
217,Jug,,,American Decorative Art,object,美国早期陶器与炻器,1,7,5,5,5,7,0,7,8,5,6.900,5.890,,B,变,Core 5.890 落在 5.5–7.19,high,Commeraw 是早期美国陶艺与非裔美国工匠史中有辨识度的人物，此罐兼具日用器和社会史价值，但现场冲击有限。,组内唯一对象，作为美国早期盐釉炻器代表具有较高独特性；但在PEM以海事、亚洲外销艺术和东亚收藏为核心的叙事中仅属补充。,
218,Pear,,,American Decorative Art,object,美国早期彩绘木制装饰品,1,7,6,7,8,6,0,8,9,7,8.100,6.860,,B,变,Core 6.860 落在 5.5–7.19,high,麦金太尔与科尔内合作的仿真木梨体现塞勒姆联邦时期的装饰趣味，造型出奇，普通游客容易留下印象。,组内唯一对象，且由塞勒姆重要工匠 Samuel McIntire 与 Michele Felice Cornè 创作，作为1807年美国早期彩绘木制装饰品的代表性实例具有高独特性；同时补充PEM早期美国装饰艺术叙事。,
219,Great chair,,,American Decorative Art,object,美国早期椅具,2,8,7,6,6,8,0,8.5,8.5,5.5,7.900,7.140,,B,变,Core 7.140 落在 5.5–7.19,high,约1670年的丹尼斯大椅属于极早期有作者可考的新英格兰家具，能清楚讲述殖民地工艺与社会史。,组内排名第1：约1670年的早期美国橡木高背椅，年代与类型代表性均明显高于另一件，且为馆藏美国早期椅具中更具典范性者。,
220,Chimneypiece from the Simon Forrester house,,,American Decorative Art,object,美国早期建筑木雕构件,1,7,7,7,6,7,0,7.5,8.5,7.5,7.800,6.930,,B,变,Core 6.930 落在 5.5–7.19,high,来自北岸住宅的1791年雕刻壁炉构件把塞勒姆地区室内空间、地方工匠和美国早期居住文化联系起来。,组内唯一对象，1791年马萨诸塞州北岸住宅木雕构件具有较强的早期美国地域代表性，因无同组重复项而获高D，但对PEM核心海事与亚洲外销叙事的补位属次核心。,
221,Dressing chest,,,American Decorative Art,object,美国早期储物家具,2,7,6,7,6,7,0,8,4,5,6.200,6.520,,B,变,Core 6.520 落在 5.5–7.19,high,西摩制作、归于怀特曼雕刻的联邦时期梳妆柜材料与工艺丰富，适合解释美国精英家具和装饰艺术的发展。,组内次位：约1810年的高品质梳妆柜虽工艺出色，但相较1679年储物柜年代较晚、类型更常见，重复性更高。,
222,Pictorial Sampler,,,American Decorative Art,object,美国早期刺绣样本,1,7,6,6,6,8,0,7.5,8.5,5.5,7.400,6.640,,B,变,Core 6.640 落在 5.5–7.19,high,1783年的具象刺绣样本记录了早期美国女性教育、针线技艺和家庭文化，教育叙事价值高于其尺度冲击。,组内唯一对象，作为1783年美国早期具象刺绣样本代表性突出，但对PEM海事及亚洲外销艺术核心叙事的补位价值中等。,
223,Side chair,,,American Decorative Art,object,美国早期椅具,2,6,5,5,4,6,0,6.5,3.5,3.5,5.000,5.200,,C,变,Core 5.200 < 5.5,high,古尔德制作的桃花心木椅代表十八世纪美国家具，但复制的椅面装饰削弱了完整性，单件观赏吸引力一般。,组内排名第2：18世纪中期常见的美国侧椅，虽具历史与工艺价值，但相较组内早期高背椅类型重复度更高，且复制装饰面料削弱其独特性。,
224,Dwarf Clock,,,American Decorative Art,object,美国早期钟表,1,6,5,6,6,6,0,7,8,5,6.900,5.840,,B,变,Core 5.840 落在 5.5–7.19,high,1790年的小型落地钟展示美国早期家具、机械和计时文化，工艺完整但在馆内身份与现场冲击上并非核心。,组内唯一对象，作为1790年的美国早期木制钟表具有较强代表性与非重复性，但对PEM核心海事及亚洲外销叙事的补位作用中等。,
225,Coffee service,,,American Decorative Art,object,美国现代银制器,1,5,4,6,5,5,0,6,8,3,6.000,5.000,,C,变,Core 5.000 < 5.5,medium,1998年的银制咖啡具体现博物馆对现代装饰艺术的收藏延伸，制作与反光效果尚可，但历史和不可替代性有限。,组内唯一的美国现代银制器，因本馆此类对象暂无可替代者而获较高D；但其品质与历史典范性中上，且对PEM海事、亚洲外销及大洋洲叙事的补位价值有限。,
226,Valuables cabinet owned by Joseph and Bathsheba Pope,,,American Decorative Art,object,美国早期储物家具,2,8,7,7,7,8,0,9,9,8,8.800,7.530,,A,变,Core 7.530 落在 7.2–8.49,high,1679年、带有明确所有者传承的贵重物品柜是极早期美国家具的重要实物，兼具稀有性、工艺和社会史叙事。,组内代表性最高：1679年的早期美国储物柜，年代、类型与具体拥有者背景使其在两件中最具典范性和非重复性。,
227,Teapot in Hand,,,American Decorative Art,object,美国当代实验陶瓷,1,7,6,8,8,7,0,8,9,7,8.100,7.160,,B,变,Core 7.160 落在 5.5–7.19,high,埃里克森以瓷器、炻器和金箔重构茶壶意象，连接美国工艺、历史仿制与亚洲外销艺术传统，视觉辨识度很高。,组内唯一对象，作为美国当代实验陶瓷的代表，其跨媒材、金箔装饰的茶壶形式具有较高独特性，并补充PEM美国装饰艺术叙事中的当代实验环节。,
228,Talavera Poblana Basin,,,American Decorative Art,object,墨西哥殖民时期锡釉陶器,1,7,5,7,7,7,0,7,9,6,7.400,6.540,,B,变,Core 6.540 落在 5.5–7.19,medium,1700—1730年的普埃布拉塔拉韦拉盆体现殖民时期墨西哥陶瓷与跨文化贸易传统，色彩和纹饰也有较强观赏性。,组内唯一对象，作为墨西哥殖民时期锡釉陶器的唯一代表，非重复性最高；其殖民美洲工艺视角可补充PEM的跨文化贸易与美洲装饰艺术叙事。,
229,Isabella,,,American Decorative Art,object,美国当代玻璃艺术,1,7,5,8,7,6,0,8.5,9,6.5,8.250,6.625,,B,变,Core 6.625 落在 5.5–7.19,medium,美国艺术家托茨·津斯基以独特玻璃丝网工艺著称，作品具有明显视觉吸引力，但并非PEM身份核心藏品。,组内唯一的美国当代玻璃艺术代表，以托茨·津斯基标志性的玻璃丝网工艺体现较高典范性与不可重复性，并补充PEM美国装饰艺术叙事。,
230,Brooch,,,American Decorative Art,object,美国装饰艺术珠宝,1,7,5,6,6,6,0,7.5,8.5,4.5,7.200,6.070,,B,变,Core 6.070 落在 5.5–7.19,medium,蒂芙尼1910年金质绿玉髓胸针体现美国珠宝工艺与品牌史，但体量小且在PEM中可由同类珠宝替代。,组内唯一对象，作为1910年蒂芙尼金质绿玉髓胸针具备较高品质与代表性；其独特性按本组唯一计高，但对PEM海事及亚洲外销艺术核心叙事的补位价值有限。,
231,Cabinet,,,American Decorative Art,object,美国装饰艺术家具,1,6,4,5,5,5,0,5,8,3,5.500,5.000,,C,变,Core 5.000 < 5.5,low,19世纪家具经20世纪改造，具有设计史和物质文化价值，但现有资料不足以显示其为该类中的突出代表。,组内唯一的美国装饰艺术家具对象，具备类别代表性但缺乏可确认的顶尖品质或PEM核心海事、亚洲叙事补位价值。,
232,Sampler,,,American Decorative Art,object,墨西哥纺织与刺绣,1,5,4,5,4,5,0,5.5,7.5,4.5,5.900,4.690,,C,变,Core 4.690 < 5.5,low,18世纪晚期墨西哥棉丝刺绣可说明区域纺织传统，但艺术家不详、信息有限且同类替代性较高。,组内唯一的墨西哥晚期18世纪棉丝刺绣品，因类别唯一性获得较高D，但缺乏更明确的名家或典范地位，且对PEM核心亚洲外销与海事叙事的补位有限。,
233,Child's jacket,,,Asian Export Art,object,南亚—欧洲跨文化纺织品,1,7,7,6,6,8,0,7.5,9,8.5,8.150,6.965,,B,变,Core 6.965 落在 5.5–7.19,high,科罗曼德尔海岸制作、荷兰组装的儿童夹克直接呈现印度洋贸易、欧洲消费与跨文化生产，契合PEM亚洲外销艺术核心。,组内唯一对象，作为印度科罗曼德尔海岸纺织品与荷兰组装工艺结合的跨文化服饰，代表性与非重复性最高，并补足PEM亚洲外销艺术及全球贸易叙事。,
234,Dressing table,,,Asian Export Art,object,日本漆器与梳妆家具,1,7,6,8,7,7,0,7.5,9,8,8.050,7.005,,B,变,Core 7.005 落在 5.5–7.19,high,长崎漆器、珍珠母与金属结合的梳妆台工艺精致、现场视觉效果强，并能说明日本外销工艺与全球消费。,组内唯一对象，作为约1878年日本长崎漆艺与梳妆家具结合的亚洲外销艺术，具有较高的本馆类别代表性与叙事补位价值。,
235,Shuja-ud-Daula and His Sons,,Sean M. Healey Family Gallery of Asian Export Art,Asian Export Art,object,中国外销绘画,1,8,8,7,7,9,0,8,9,9,8.500,7.900,,A,变,Core 7.900 落在 7.2–8.49,high,广州背画将印度政治人物题材、中国制作与欧洲版画及油画来源结合，是PEM亚洲外销体系中叙事性很强的跨文化作品。,组内唯一对象，以广州外销艺术中的玻璃背面绘画及印度宫廷题材呈现跨文化传播，代表性与非重复性最高，并补充PEM亚洲外销艺术的核心叙事。,
236,Mounted crow cup,,Sean M. Healey Family Gallery of Asian Export Art,Asian Export Art,object,中国外销瓷器,1,8,8,7,7,8,0,8.5,9.5,9.5,9.000,7.800,,A,变,Core 7.800 落在 7.2–8.49,high,约1610年景德镇瓷器与德国鎏金银饰件结合，体现早期全球贸易、改装与跨文化收藏趣味，稀有性较高。,组内唯一对象，约1610年的景德镇瓷器结合德国鎏金银饰件，代表早期中欧工艺交流，在本馆中国外销瓷叙事中具有高度独特的补位价值。,
237,Ewer,,Sean M. Healey Family Gallery of Asian Export Art,Asian Export Art,object,南亚外销器物,1,8,8,8,7,8,0,8,9,9,8.500,7.900,,A,变,Core 7.900 落在 7.2–8.49,high,古吉拉特木胎、珍珠母和黄铜制水罐年代早、材质华丽，能具体解释南亚工艺与欧洲贸易网络。,组内唯一的南亚外销器物，以古吉拉特艺术、珍珠母与黄铜工艺构成鲜明代表性，并补足PEM亚洲外销艺术叙事中的南亚一环。,
238,Portable shrine,,Sean M. Healey Family Gallery of Asian Export Art,Asian Export Art,object,日本跨文化宗教艺术,1,9,9,8,8,10,0,9,10,10,9.500,8.900,,S,变,Core 8.900，峰值 10.0，S-ness 2/3,high,约1597年九州耶稣会相关便携祭坛结合欧洲宗教图像、日本制作与漆盒，是早期基督教传播和日欧交流的罕见实物。,组内唯一对象，兼具16世纪日本九州耶稣会艺术与日本髹漆螺钿工艺，是本馆亚洲外销艺术及早期跨文化交流叙事的代表。,早期日本—耶稣会跨文化宗教艺术，直接契合亚洲外销艺术主轴；虽体量小且专业性强，仍值得两小时行程安排，错过会可惜。但它不是 PEM 整体身份不可替代的单一标志，失去不会明显改写本馆身份。
239,Chair,,Sean M. Healey Family Gallery of Asian Export Art,Asian Export Art,object,南亚外销家具,1,8,8,8,8,8,0,8.5,9.5,8.5,8.800,8.080,,A,变,Core 8.080 落在 7.2–8.49,high,维沙卡帕特南制作的乌木象牙镶嵌椅兼具尺度、材质和工艺冲击力，集中体现南亚家具与外销审美的交汇。,组内唯一对象，作为18世纪印度维沙卡帕特南南亚外销家具，以乌木、象牙镶嵌等工艺填补馆内印度海贸与外销家具叙事，代表性最高。,
240,Figure of a bijin (beautiful woman),,Sean M. Healey Family Gallery of Asian Export Art,Asian Export Art,object,日本外销瓷与陶塑,1,7,6,7,7,6,0,7.5,9,8.5,8.150,6.715,,B,变,Core 6.715 落在 5.5–7.19,high,有田瓷制美人像工艺优雅、易于引发普通游客兴趣，但题材较常见，历史叙事和不可替代性低于馆内若干跨文化重器。,组内唯一对象，作为17—18世纪日本有田外销瓷塑代表，非重复性最高，并直接补足PEM亚洲外销艺术核心叙事。,
241,A complete set of Chinese wallpaper,,Sean M. Healey Family Gallery of Asian Export Art,Asian Export Art,object,中国外销壁纸,1,8,8.5,8.5,8,8.5,0,9,10,9.5,9.400,8.415,,A,变,Core 8.415 落在 7.2–8.49,high,约1800年广州成套外销壁纸，完整性、沉浸式视觉效果和跨文化贸易叙事都很突出，契合PEM亚洲外销艺术核心身份。,组内唯一对象，作为约1800年广州制作且完整保存的中国外销壁纸套装，在本馆亚洲外销艺术与海上贸易叙事中具有突出代表性和不可替代性。,
242,Tea packer and tea porter,,Sean M. Healey Family Gallery of Asian Export Art,Asian Export Art,object,广州外销人物模型,1,7,8.5,7,8,8.5,0,8.5,9,8.5,8.650,7.915,,A,变,Core 7.915 落在 7.2–8.49,high,约1803年广州外销人物模型且为PEM早期捐赠，直接连接塞勒姆海贸史，并能具体呈现茶叶生产与劳作体系。,组内唯一对象，作为约1803年广州外销人物模型成对实例，代表性与非重复性最高，并补足PEM海上贸易及亚洲外销艺术叙事。,
243,Charger with the Okeover family coat of arms,,Sean M. Healey Family Gallery of Asian Export Art,Asian Export Art,object,中国外销瓷,2,7,6.5,7.5,6.5,7,0,7.5,5.5,7.5,6.900,6.865,,B,变,Core 6.865 落在 5.5–7.19,high,18世纪景德镇外销纹章瓷盘能说明中欧定制贸易，工艺和纹章视觉明确，但同类器物可替代性较高。,组内次位：徽章纹章体现定制外销特色，但同类家族纹章瓷器的重复性较高，代表性低于奥古斯都大帝盖瓶。,
244,Teapot,,Sean M. Healey Family Gallery of Asian Export Art,Asian Export Art,object,中国外销银器,2,7.5,7.5,7,7,7.5,0,8.5,8.5,8,8.400,7.440,,A,变,Core 7.440 落在 7.2–8.49,high,约1680年中国南方银制茶壶年代早、兼具茶贸与跨文化器物史价值，是PEM海事贸易语境中的有力代表。,组内首位，约1680年的中国南方银茶壶年代早且器类更具典范性，在中国外销银器中明显比银勺套件更具稀缺与叙事补位价值。,
245,Christ child,,Sean M. Healey Family Gallery of Asian Export Art,Asian Export Art,object,南亚基督教宗教雕塑,1,8,7.5,8.5,8.5,8,0,8.8,9.5,9.2,9.090,8.134,,A,变,Core 8.134 落在 7.2–8.49,high,16至17世纪果阿或斯里兰卡水晶圣婴，宝石与黄金装饰带来强烈视觉吸引力，也集中体现亚洲、欧洲与基督教艺术的交汇。,组内唯一对象，作为果阿或斯里兰卡制作、融合南亚基督教与葡萄牙外销背景的宝石材质宗教雕塑，代表性与非重复性最高。,
246,Tea Production in China,,Sean M. Healey Family Gallery of Asian Export Art,Asian Export Art,object,中国外销贸易绘画,1,7.5,8,7.5,7.5,8.5,0,8.5,9.5,8.5,8.800,7.905,,A,变,Core 7.905 落在 7.2–8.49,high,约1800年广州外销茶叶生产画直接解释茶叶加工、商品贸易与中美海上联系，叙事教育价值尤其突出。,组内唯一对象，作为约1800年广州外销贸易绘画，以茶叶生产补足塞勒姆远洋贸易与亚洲外销艺术叙事，代表性最高且无同类重复。,
247,Augustus the Strong's covered vase,,Sean M. Healey Family Gallery of Asian Export Art,Chinese Art,object,中国外销瓷,2,8,7.5,8,7.5,8,0,8.5,8.5,8.5,8.500,7.850,,A,变,Core 7.850 落在 7.2–8.49,high,1710至1715年景德镇带盖瓷瓶与奥古斯都大帝相关，兼具宫廷消费、全球贸易和高水平瓷艺叙事。,组内首位：兼具较早年代、盖瓶器形与欧洲宫廷关联，独特性和代表性明显高于另一件外销瓷。,
248,Six-panel wall hanging,,,Chinese Art,object,清代宫廷丝织品,1,8,7.5,8.5,8,8,0,8.5,8.5,7.5,8.300,7.980,,A,变,Core 7.980 落在 7.2–8.49,high,苏州御用丝织厂制作的18世纪大型成套丝绸挂饰，工艺复杂、视觉尺度突出，并能说明清代宫廷生产体系。,组内唯一对象，作为苏州御用丝织厂制作的清代宫廷丝织品，典范性与本馆中国宫廷工艺叙事补位价值较高。,
249,Pair of tribute bearers,,,Chinese Art,object,中国宫廷陈设人物像,1,7.5,7,8,7.5,7.5,0,8,9,7.5,8.200,7.520,,A,变,Core 7.520 落在 7.2–8.49,high,18世纪晚期北京制作的成对贡使人物像结合木、象牙、珍珠母与掐丝珐琅，能呈现朝贡秩序及精细陈设工艺。,组内唯一对象，以木、象牙、珍珠母与掐丝珐琅构成的晚清宫廷陈设人物像，代表性与非重复性最高；同时补充PEM中国宫廷艺术叙事。,
250,"Jesus, Mary, and Joseph",,,Chinese Art,object,中国基督教主题绘画,1,5.5,5.5,6,5.5,6.5,0,6.5,9,8.5,7.650,5.940,,B,变,Core 5.940 落在 5.5–7.19,medium,20世纪中国艺术家以水墨设色表现耶稣、玛丽和约瑟，具有宗教文化融合的解释价值，但年代较晚且艺术史地位相对有限。,组内唯一的中国基督教主题绘画，题材跨越中国艺术与基督教传播叙事，非重复性高，但艺术家及典范地位相对有限。,
251,Second-degree Daoist priest's robe,,,Chinese Art,object,中国道教宗教服饰,1,7.5,7.5,8,7.5,8.5,0,7.5,9,8.5,8.150,7.790,,A,变,Core 7.790 落在 7.2–8.49,high,18世纪二品道士法衣以刺绣丝绸和金线制作，材质视觉突出，并能具体解释道教等级、仪式与服饰制度。,组内唯一对象，作为18世纪中国道教二品道士宗教服饰，在本馆此类中具有唯一性和较高的亚洲宗教文化叙事补位价值。,
252,Stool,,,Chinese Art,object,中国当代设计家具,1,4.5,4.5,5.5,5,5,0,6.5,8,6.5,6.950,5.045,,C,变,Core 5.045 < 5.5,high,2006年不锈钢凳属于当代中国设计中的单件功能性作品，在PEM亚洲历史与外销艺术核心叙事中相对边缘且可替代。,组内唯一对象，作为中国当代设计家具的唯一代表，不锈钢材质与艺术家捐赠背景赋予其较高的类别独特性，但在PEM以历史亚洲艺术、海事艺术和荫余堂为核心的叙事中补位价值中等。,
253,Bed cover,,,Chinese Art,object,中国民间拼布纺织品,1,5,4.5,5.5,5.5,6,0,5.5,7.5,5.5,6.100,5.285,,C,变,Core 5.285 < 5.5,high,20世纪中晚期手工拼布具有日常生活与民间工艺价值，但年代较近、作者不详，且在PEM身份叙事中不可替代性有限。,组内唯一对象，作为本馆中国民间拼布纺织品的唯一代表，D偏高；但其时代较晚、艺术史典范性有限，Q中等，对PEM核心海事与亚洲外销叙事的补位价值有限。,
254,Empress Xiaoxian,,,Chinese Art,object,清代宫廷人物肖像,1,7.5,6.5,6.5,6.5,8,0,8.5,9,8,8.550,7.130,,B,变,Core 7.130 落在 5.5–7.19,high,1777年清代皇后肖像结合中西宫廷绘画传统，能清晰阐释清宫制度、跨文化艺术交流与帝国视觉文化。,组内唯一对象，作为清代宫廷女性肖像及中西融合宫廷绘画的代表，D按本馆此类唯一性取高分。,
255,Lidded ritual grain container with lozenges and scrolls,,Yin Yu Tang Interpretive Gallery,Chinese Art,object,中国古代青铜礼器,1,7.5,7.5,6.5,6,8.5,0,8.5,9,7.5,8.450,7.370,,A,变,Core 7.370 落在 7.2–8.49,high,春秋时期铸 bronze 礼器年代久远且直接关联中国早期礼制与政治秩序，在荫余堂诠释空间中还能强化PEM的中国收藏叙事。,组内唯一的中国古代青铜礼器，且为春秋时期带盖簋类礼器，代表性与非重复性最高；虽非PEM海事或外销艺术核心，但能补足东亚早期礼制文明叙事。,
256,Desk and dressing table on stand,,,Chinese Art,object,中国家具与文房器,1,6.5,6.5,7,6.5,6.5,0,7.5,8.5,8,7.900,6.715,,B,变,Core 6.715 落在 5.5–7.19,high,18世纪广州制作的紫檀、象牙与金属组合家具体现精细工艺和社会生活，但属于可由同类精品替代的馆藏类型。,组内唯一对象，以广州制作、象牙与紫檀结合的18世纪中期桌柜兼梳妆台代表中国外销家具，非重复性最高。,
257,Headdress,,,Chinese Art,object,清代服饰与头饰,1,6.5,6.5,8,8,7.5,0,7.5,8.5,8.5,8.000,7.250,,A,变,Core 7.250 落在 7.2–8.49,high,约1800年的翠鸟羽毛、珊瑚与鎏金装饰具有强烈视觉吸引力，并能说明清代身份、礼仪与奢侈材料文化。,组内唯一对象，作为约1800年的清代华美头饰具有较高代表性；其翠鸟羽毛、珊瑚与鎏金工艺强化了非重复性，并补充PEM东亚及亚洲装饰艺术叙事。,
258,Snuff bottle,,,Chinese Art,object,清代宫廷珐琅器,1,7,6,7,7,7,0,8,9,8,8.300,6.880,,B,变,Core 6.880 落在 5.5–7.19,high,18世纪北京宫廷作坊的铜胎珐琅鼻烟壶体现宫廷工艺、微型器物文化与中西技术交流，但体量小且缺少独特馆史关联。,组内唯一对象，作为18世纪北京宫廷作坊铜胎珐琅鼻烟壶，品质与宫廷工艺代表性较高，并补足清代宫廷珐琅器这一叙事环节。,
259,Figurehead 2.0,,,Contemporary Art,object,当代数字投影艺术,1,6.5,8.5,8,7.5,6.5,0,8,9.5,8,8.450,7.570,,A,变,Core 7.570 落在 7.2–8.49,high,该作品由PEM委托并于2019年重述，数字投影具有现场沉浸感，是本馆当代艺术项目身份的重要组成部分。,组内唯一的当代数字投影艺术作品，且为博物馆委托并重新呈现，代表性与非重复性最高；虽非PEM海事或亚洲外销艺术核心，却补足当代科技艺术叙事。,
260,"Alchemy of the Soul, Elixir of the Spirits",,Seamans Gallery,Contemporary Art,object,当代沉浸式多媒介装置,1,7,7.5,8,7.5,8,0,8,9,7,8.100,7.610,,A,变,Core 7.610 落在 7.2–8.49,medium,委托创作的玻璃、声音与水和朗姆酒精华构成强烈沉浸体验，并以艺术家的古巴文化背景提供跨文化叙事潜力。,组内唯一对象，作为综合材料与多声道声音构成的当代沉浸式装置代表性最强；其古巴裔艺术家的精神性叙事为PEM补充了非欧美主流的当代视角，但对海事、亚洲外销及荫余堂核心身份的补位有限。,
261,Mr. and Mrs. Paul Mellon Staircase and Galleries,,,Contemporary Art,node,PEM当代建筑与空间艺术,1,6.5,8,8.5,8,6.5,8,8.2,9.5,7.8,8.510,7.676,,A,变,Core 7.676 落在 7.2–8.49,high,由Michael Lin受委托创作的楼梯与画廊空间是游客动线中的大型现场艺术介入，显著塑造展馆空间识别度和参观体验。,组内唯一的当代建筑与空间艺术案例，以委托创作并结合楼梯与展厅空间的场域性装置占据最高代表性，非重复性极强。,
262,Immanence,,,Contemporary Art,object,当代观念性装置艺术,1,7,7,7.5,7,7.5,0,7.5,8.5,5.5,7.400,7.190,,B,变,Core 7.190 落在 5.5–7.19,medium,以木门、门铰链和金属骨架构成的装置具有明确的观念性与身体感，能引发关于阻隔、进入和社会关系的解释。,组内唯一对象，作为以门铰链、木门与金属骨架构成的观念性装置具有较高独特性，但对PEM海事及亚洲外销艺术核心叙事的补位作用相对有限。,
263,Pretty Pretty 10,,,Contemporary Art,object,当代纤维与织物艺术,1,6.5,6.5,7,7,7.5,0,7.5,9,6.5,7.750,6.925,,B,变,Core 6.925 落在 5.5–7.19,medium,线迹、机缝与织物贴花将当代纤维媒介与身份表达结合，具有亲近的手工质感和教育潜力，但目前缺乏更具体的作品语境资料。,组内唯一的当代纤维艺术作品，以巴哈马艺术家及机缝、织物贴花媒介形成鲜明代表性；虽非PEM海事与亚洲外销艺术核心，但补充了当代跨文化与身份叙事。,
264,Stamp Act Repeal'd teapot,,,European Art,object,18世纪英国政治纪念陶瓷,1,7.5,7,6.5,7,8.5,0,7.5,9,6,7.650,7.315,,A,变,Core 7.315 落在 7.2–8.49,high,1766年纪念印花税废除的茶壶直接连接英美殖民政治与革命前夕公共舆论，叙事清晰，虽属欧洲陶瓷却与美国历史高度相关。,组内唯一对象，1766年纪念《印花税法》废除，政治纪念陶瓷的历史指向鲜明且非重复性最高；同时可补充英国—北美殖民关系与塞勒姆海贸叙事，但并非PEM核心亚洲或海事藏品。,
265,Two English Boys in Asian Clothing,,Sean M. Healey Family Gallery of Asian Export Art,European Art,object,亚洲外销艺术展中的欧洲画作,3,7,7,6,7,8,0,7,3,6,5.600,6.860,,B,变,Core 6.860 落在 5.5–7.19,high,英国画家描绘身着亚洲服饰的儿童，兼具18世纪跨文化消费与身份表演的叙事价值，但艺术家及作品本身并非世界级名作。,组内代表性最低：虽体现欧洲人对亚洲服饰的想象，但与本组其他更具地域和历史叙事的作品相比重复性最高。,
266,Side chair from the grand salon on the ocean liner Normandie,,,European Art,object,海事题材装饰器物,2,7,6,7,7,7,0,8,6,6,7.000,6.750,,B,变,Core 6.750 落在 5.5–7.19,high,诺曼底号豪华邮轮原装沙龙座椅体现1930年代法国装饰艺术与跨大西洋航运文化，对海事馆藏有辅助价值。,组内品质与设计代表性较高，但相较于直接表现海战与美国海事史的花瓶，其海事叙事和独特性居次位。,
267,"Homeland, Blue and White",,,European Art,object,当代亚洲外销瓷再创作,1,7,8,8,7,8,0,7,9,8,7.800,7.630,,A,变,Core 7.630 落在 7.2–8.49,high,以中国、日本瓷器和荷兰代尔夫特残片重构跨文化贸易遗产，形式醒目且直接强化PEM亚洲外销艺术的叙事。,组内唯一对象，以17世纪中日瓷器与荷兰代尔夫特陶片的当代再创作独占代表性；同时连接亚洲外销艺术、荷兰贸易史与欧洲艺术叙事。,
268,"Armor, helmet and cuirass, used for the gioco del ponte (contest on the bridge) in Pisa",,,European Art,object,欧洲历史武备,1,7,4,6,6,7,0,6.5,8.5,4.5,6.700,5.920,,B,变,Core 5.920 落在 5.5–7.19,high,用于比萨桥上竞赛的彩绘铠甲保存了地方仪式、公共竞技与早期近代武备的结合，但与PEM核心身份关联有限。,组内唯一对象，作为意大利特殊桥上竞赛用彩绘铁甲具有较高非重复性，但在PEM以海事、亚洲外销艺术和东亚收藏为核心的叙事中补位价值有限。,
269,Potpourri vase,,Sean M. Healey Family Gallery of Asian Export Art,European Art,object,亚洲外销瓷与欧洲奢侈装饰器物,1,8,8,8,8,8,0,8.5,9.5,8.5,8.800,8.080,,A,变,Core 8.080 落在 7.2–8.49,high,中国、日本瓷器与法国鎏金青铜组合成18世纪巴黎奢侈品，集中呈现亚洲物质文化进入欧洲消费体系的过程。,组内唯一对象，以中日法瓷器结合巴黎艺术家设计与法国鎏金青铜的复合型约1740年奢华器物，非重复性最高，并高度契合PEM亚洲外销艺术叙事。,
270,"Dr. Thomas Richardson Colledge and His Assistant Afun in Their Ophthalmic Hospital, Macau",,Sean M. Healey Family Gallery of Asian Export Art,European Art,object,亚洲外销艺术展中的欧洲画作,3,8,8,7,7,9,0,8,6,8,7.400,7.790,,A,变,Core 7.790 落在 7.2–8.49,high,钱纳利描绘澳门眼科医院及中英人物，兼具澳门殖民社会、医疗交流和跨文化接触的高叙事价值。,组内居中：以澳门眼科医院及中西医疗交流为独特切入，较服饰肖像更具非重复性，但整体补位性略逊于加尔各答港海事题材。,
271,Launching of an Armed Merchantman in Calcutta Harbor,,Sean M. Healey Family Gallery of Asian Export Art,European Art,object,亚洲外销艺术展中的欧洲画作,3,8,8,8,8,9,0,8,8,9,8.200,8.170,,A,变,Core 8.170 落在 7.2–8.49,high,描绘加尔各答港武装商船下水，直接连接远洋贸易、殖民港口与海事技术，是PEM亚洲外销和海事身份的交汇点。,组内代表性最高：直接结合加尔各答港、武装商船与远洋贸易，最契合PEM海事艺术及亚洲外销艺术的核心叙事。,
272,"Pair of vases, USS Demologos and USS Constitution vs. HMS Guerriere",,Byrne Family Gallery of Maritime Art,European Art,object,海事题材装饰器物,2,7,7,8,8,8,0,8,9,9,8.500,7.600,,A,变,Core 7.600 落在 7.2–8.49,high,法国瓷器双瓶表现美国海军舰艇与英美海战，兼具精致装饰效果和美国海事、战争记忆的解释力。,组内代表性最高，以成对瓷瓶独特呈现美国早期军舰与英美海战，最能补足PEM的海事贸易与跨大西洋叙事。,
273,Prayer bead with the God in Glory and the Last Judgment,,,European Art,object,欧洲宗教雕刻小型器物,1,8,5,7,6,8,0,8,8.5,3,7.150,6.715,,B,变,Core 6.715 落在 5.5–7.19,high,约1500—1530年的黄杨木祈祷珠属于精细的尼德兰宗教雕刻，能解释晚期中世纪私人虔信，但体量小且非PEM核心特色。,组内唯一对象，作为16世纪早期荷兰雕刻黄杨木祈祷珠具有较高典范性与独特性，但对以海事及亚洲外销艺术为核心的PEM文明叙事补位有限。,
274,Chandelier for East India Marine Hall,,East India Marine Hall,European Art,object,PEM早期馆史与海事空间器物,1,7,9,8,8,9,0,7,9,9,8.000,8.200,,A,变,Core 8.200 落在 7.2–8.49,high,这件18世纪切割玻璃枝形吊灯自1804年即为East India Marine Hall陈设，直接承载PEM早期海事博物馆的机构记忆。,组内唯一对象，作为1804年捐赠并服务于东印度海事厅空间的18世纪英格兰切割玻璃枝形吊灯，具有突出的馆史与海事叙事补位价值。,
275,Salem Light Infantry uniform,,,Fashion Textiles,object,塞勒姆地方历史服饰,1,7,7,6,7,8,0,7,9,8,7.800,7.080,,B,变,Core 7.080 落在 5.5–7.19,high,约1812年的塞勒姆轻步兵制服连接地方民兵、美国早期社会和服饰制度，对PEM的塞勒姆地域身份具有明确教育价值。,组内唯一对象，作为约1812年的塞勒姆地方民兵制服，具有本馆此类地方历史服饰的独特代表性，并补充塞勒姆社区与美国早期地方社会叙事。,
276,Corset,,,Fashion Textiles,object,19世纪欧美女性服饰,1,7,5,6,7,7,0,7,9,5,7.200,6.370,,B,变,Core 6.370 落在 5.5–7.19,high,巴黎百货公司生产的19世纪晚期紧身胸衣可说明消费社会、性别规范和身体塑形，但与PEM不可替代的核心身份关联较弱。,组内唯一对象，因此在19世纪欧美女性服饰中代表性最高；其巴黎百货商店生产背景使其具有商业时尚史的独特性，但对PEM海事与亚洲外销艺术叙事的补位有限。,
277,Wedding dress,,,Fashion Textiles,object,历史与当代服装,6,6,5,5,5,6,0,5.5,4,6.5,5.250,5.375,,C,变,Core 5.375 < 5.5,medium,1872年塞勒姆制作的婚 dress 对地方社会史和服饰史有价值，但属于可替代的常规历史服装，现场冲击力有限。,组内代表性偏低，虽有塞勒姆地方关联，但作为19世纪婚 dress 类型较常见，重复性最高。,
278,Applique Rising-Sun Quilt,,,Fashion Textiles,object,装饰性纺织品（被褥与床罩）,2,7,5,7,7,7,0,7,4,5,5.700,6.370,,B,变,Core 6.370 落在 5.5–7.19,high,约1845年的马萨诸塞州太阳纹拼布兼具强烈图案效果与新英格兰家庭、地方工艺和社会史叙事价值。,组内次位：约1845年马萨诸塞州棉质拼布具有地方生活史价值，但相较印度帕兰波尔在年代、跨文化贸易关联和工艺独特性上重复度更高。,
279,Dress,,,Fashion Textiles,object,历史与当代服装,6,7,5,7,7,6,0,6.5,5.5,5.5,6.000,6.250,,B,变,Core 6.250 落在 5.5–7.19,high,1927年巴黎Jenny成衣体现战间期高级时装与复合材料工艺，视觉吸引力较强，但并非PEM身份核心。,组内居中偏后，1927年巴黎Jenny服装及特殊材质有辨识度，但对PEM核心叙事补位有限。,
280,Banyan (dressing gown),,,Fashion Textiles,object,历史与当代服装,6,7,6,7,6,7,0,7.5,8.5,8.5,8.000,6.700,,B,变,Core 6.700 落在 5.5–7.19,high,18世纪中期丝绸提花banyan连接英美精英服饰、跨大西洋贸易和殖民社会史，与塞勒姆贸易背景有较好关联。,组内代表性最高之一，18世纪中期banyan兼具英美社会史与跨大西洋贸易语境，类型独特且叙事补位强。,
281,Palampore (bed cover),,,Fashion Textiles,object,装饰性纺织品（被褥与床罩）,2,8,8,8,8,8,0,9,9,9,9.000,8.100,,A,变,Core 8.100 落在 7.2–8.49,high,1710—1750年的印度刺绣palampore兼具高水平工艺、跨文化贸易史和亚洲外销艺术价值，直接契合PEM身份。,组内代表性最高：18世纪印度帕兰波尔床罩兼具早期亚洲外销艺术、精细刺绣与材料复合特征，在本组中最具历史与文化独特性。,
282,Evening tuxedo jumpsuit,,,Fashion Textiles,object,历史与当代服装,6,7,6,7,7,6,0,7.5,6.5,6,6.900,6.590,,B,变,Core 6.590 落在 5.5–7.19,high,杰弗里·比恩的晚期设计代表美国现代时装观念，剪裁和礼服转化具有观赏性，但年代较近、叙事深度有限。,组内居中，Geoffrey Beene及晚期礼服设计具有品质和现代时尚史价值，但同类当代名家服装仍有重复。,
283,Bracelet,,,Fashion Textiles,object,当代原住民首饰,1,6,5,7,6,6,0,7,8,6,7.100,6.010,,B,变,Core 6.010 落在 5.5–7.19,high,Cody Sanderson的银质首饰体现当代迪内—霍皮艺术家的设计语言，视觉性较强，但单件的历史与馆藏代表性有限。,组内唯一对象，作为当代原住民首饰代表具有较高独特性，但在PEM海事、亚洲外销艺术与荫余堂核心叙事中的补位价值属中等。,
284,Dress,,,Fashion Textiles,object,历史与当代服装,6,8,6,6,7,8,0,8.5,8,7.5,8.150,7.065,,B,变,Core 7.065 落在 5.5–7.19,high,Claire McCardell是美国现代服装设计的重要人物，1940年代作品对美国设计史和功能性着装叙事具有较高教育价值。,组内品质与历史地位最高，Claire McCardell是美国现代服装设计的关键代表，虽非PEM独有类型仍具强典范性。,
285,Kiss Me Dolores,,Carl and Iris Barrel Apfel Gallery of Fashion and Design,Fashion Textiles,object,当代设计鞋履,1,5,5,7,7,5,0,7,9,5,7.200,5.820,,B,变,Core 5.820 落在 5.5–7.19,high,Charlotte Olympia的水钻、皮革与丝缎设计具有鲜明的当代时尚趣味和即刻视觉吸引力，但历史与教育价值较有限。,组内唯一对象，作为 Charlotte Olympia 的当代设计鞋履，代表性与非重复性最高；但对 PEM 核心海事及亚洲外销叙事的补位作用有限。,
286,"Ensemble, from the collection Fashion as Resistance",,,Fashion Textiles,object,历史与当代服装,6,7,6,6,6,8,0,7,7.5,8,7.350,6.635,,B,变,Core 6.635 落在 5.5–7.19,high,Carla Fernández的“Fashion as Resistance”系列将墨西哥身份、政治表达与服装设计结合，叙事和教育价值突出。,组内居前，Carla Fernández以“时尚作为抵抗”引入墨西哥当代社会与身份叙事，地域和主题补位明显。,
287,Cape,,,Fashion Textiles,object,原住民服饰与纺织品,1,8,7,7,7,8,0,8.5,9,8,8.550,7.505,,A,变,Core 7.505 落在 7.2–8.49,high,约1820年的乌南加克斯肠衣斗篷展示阿留申群岛独特材料技术与原住民文化，稀有性和文化解释力较高。,组内唯一对象，约1820年的乌南加克斯阿留申肠衣斗篷以罕见材料和原住民文化语境代表本馆原住民纺织品叙事，非重复性最高。,
288,Doll of a woman and child (iki ningyo),,,Japanese Art,object,日本民俗人形,1,7,8,7,7,8,0,8,9,8,8.300,7.530,,A,变,Core 7.530 落在 7.2–8.49,high,1883年由爱德华·莫尔斯为PEM委托制作的日本人形兼具精细工艺、日本社会文化叙事和博物馆早期东亚收藏史价值。,组内唯一对象，作为1883年为爱德华·莫尔斯委托制作的日本生人形，兼具民俗工艺与PEM早期日本收藏史的独特代表性。,
289,"Kabuki robe (uchikake) with design of tortoise, crane, and pines",,,Japanese Art,object,日本戏剧服饰,1,7,6,8,8,7,0,7.5,8.5,7.5,7.800,7.130,,B,变,Core 7.130 落在 5.5–7.19,high,19世纪日本歌舞伎礼服结合金包线、丝绸与吉祥纹样，兼具精湛工艺、强烈视觉效果和戏剧文化解释力。,组内唯一对象，作为日本歌舞伎戏剧服饰代表，兼具华丽工艺与日本表演文化补位价值，D在本组最高。,
290,"Dejima, the Dutch Trading Station at Nagasaki handscroll",,,Japanese Art,object,日本对外贸易题材绘画与手卷,1,7,8,6,7,9,0,8,9,9,8.500,7.550,,A,变,Core 7.550 落在 7.2–8.49,high,描绘长崎出岛荷兰贸易站，直接连接日本、欧洲与塞勒姆的海事贸易语境，叙事和教育价值突出。,组内唯一对象，且以长崎出岛荷兰贸易站为主题，最直接代表日本对外贸易与PEM海事—亚洲交流叙事。,
291,Teacup and saucer,,,Japanese Art,object,日本茶具,1,5,6,5,5,7,0,6,8,7,6.800,5.730,,B,变,Core 5.730 落在 5.5–7.19,high,约1801年的日常茶具本身较为常规，但1803年早期入藏背景能说明塞勒姆与日本贸易及收藏史。,组内唯一对象，作为约1801年的日本茶具并具早期航海贸易捐赠背景，在本馆同类中具有较高的唯一性与叙事补位价值，但器物等级并非顶尖名品。,
292,Surcoat (jinbaori),,Sean M. Healey Family Gallery of Asian Export Art,Japanese Art,object,日本武士外套与跨文化服饰,1,7,8,8,8,8,0,8,9,9,8.500,7.850,,A,变,Core 7.850 落在 7.2–8.49,high,18世纪阵羽织使用荷兰鎏金皮革和欧洲印花布，鲜明体现日本武士文化与亚洲外销贸易的交汇。,组内唯一对象，作为18世纪日本阵羽织并融汇荷兰鎏金皮革与欧洲印花棉布，兼具跨文化独特性与皮博迪埃塞克斯博物馆亚洲外销艺术叙事的补位价值。,
293,Brazier in the form of a rabbit,,,Japanese Art,object,日本动物造型陶瓷器,1,5,5,7,7,5,0,7,8,7,7.300,5.830,,B,变,Core 5.830 落在 5.5–7.19,medium,兔形炻器火盆造型生动、现场易于吸引游客，但年代宽泛且主要属于可替代的装饰性器物。,组内唯一对象，兔形炻器作为日本动物造型陶瓷的独特代表，兼具日本艺术与博物馆早期收藏史的补位价值。,
294,Portrait of Edward Sylvester Morse,,,Japanese Art,object,与PEM收藏史相关的人物肖像,1,6,7,6,6,7,0,7.5,9.5,9.5,8.500,6.650,,B,变,Core 6.650 落在 5.5–7.19,high,本森绘制的爱德华·莫尔斯肖像具有一定美国艺术价值，更重要的是解释莫尔斯与PEM日本收藏传统的形成。,组内唯一对象，既是本馆日本艺术收藏史相关人物肖像，又连接塞勒姆学术传统与东亚叙事，因此在本组代表性最高。,
295,Screen,,,Korean Art,object,韩国折屏,2,6,7,7,6,6,0,6,4,5,5.200,6.320,,B,变,Core 6.320 落在 5.5–7.19,medium,18世纪晚期韩国折屏具有空间装饰性和韩国宫廷、居住文化的展示潜力，但缺乏题材与作者信息支持更高评价。,组内相对排名第二，虽为18世纪晚期韩国折屏，但题材与形式信息较泛，代表性和非重复性低于郭子仪宴会十扇屏。,
296,Ten-panel screen (Banquet of Guo Ziyi),,,Korean Art,object,韩国折屏,2,7,7,8,8,8,0,8,8,8,8.000,7.550,,A,变,Core 7.550 落在 7.2–8.49,high,十扇丝绸屏风以郭子仪宴会为题，规模和视觉连续性突出，并能讲述韩国对东亚吉祥、身份与礼制图像的吸收。,组内排名第一，郭子仪宴会十扇屏兼具明确历史题材、完整十扇形式与较强视觉辨识度，是本组最具代表性的韩国折屏。,
297,Soban (small individual table),,,Korean Art,object,韩国小型漆木家具,1,7,8,7,7,8,0,7.5,8.5,7.5,7.800,7.480,,A,变,Core 7.480 落在 7.2–8.49,high,19世纪韩国小饭桌结合漆艺与螺钿，兼具精美工艺和日常生活叙事，且1884年入藏强化其在PEM韩国收藏史中的地位。,组内唯一的韩国小型漆木家具，以19世纪晚期漆木与珍珠母工艺体现韩国日用家具传统，代表性与叙事补位价值较高。,
298,Hat (gat),,,Korean Art,object,韩国传统帽饰,2,7,8,6,7,8,0,8,8.5,8,8.150,7.365,,A,变,Core 7.365 落在 7.2–8.49,high,갓是辨识度很高的韩国传统社会服饰，材料和形制可解释身份制度、礼仪与近代韩国文化，并与俞吉濬捐赠史相连。,组内第1，gat 是韩国传统帽饰中最具代表性的核心类型，独特性与叙事补位价值最高。,
299,Cotton armor with talismans,,,Korean Art,object,韩国防护与仪式性服饰,1,7,7,7,7,8,0,7.5,9,8.5,8.150,7.265,,A,变,Core 7.265 落在 7.2–8.49,high,带护符的棉甲同时呈现韩国防护技术、军事服饰与民间信仰，文化叙事强于其单纯的工艺观赏性。,组内唯一对象，作为韩国防护与仪式性服饰的唯一代表，棉甲结合符咒及多种材料，具有较高的类别独特性，并补充PEM东亚与军事文化叙事。,
300,Portrait of Yu Giljun,,,Korean Art,object,与韩国收藏史相关的摄影肖像,1,6,7,4,5,8,0,7,9,8,7.800,6.280,,B,变,Core 6.280 落在 5.5–7.19,medium,塞勒姆摄影工作室拍摄的俞吉濬肖像视觉冲击有限，但能把当地摄影、韩国人物及PEM韩国收藏网络联系起来。,组内唯一对象，作为19世纪韩国重要人物俞吉濬的肖像，具有较高历史代表性与不可重复性，并补足PEM韩国收藏及跨文化交流叙事。,
301,Noblewoman's bridal fan (jinjuseon),,,Korean Art,object,韩国礼仪扇具,1,6.5,5.5,6.5,6,6.5,0,7,9,6.5,7.500,6.275,,B,变,Core 6.275 落在 5.5–7.19,high,18世纪贵族婚礼用刺绣扇兼具礼仪史与精细工艺价值，但体量和现场冲击有限。,组内唯一对象，作为18世纪韩国贵族婚礼礼仪扇具具有较高典范性与非重复性，并补充PEM东亚礼仪文化叙事。,
302,Hwarot (bridal robe),,,Korean Art,object,韩国婚礼服饰,1,8,6.5,8,8,8,0,8.5,9.5,8,8.700,7.695,,A,变,Core 7.695 落在 7.2–8.49,high,18世纪晚期华丽婚礼袍保存多种材质与金属线工艺，能直观呈现朝鲜王朝婚礼制度与身份文化。,组内唯一对象；18世纪晚期韩国婚礼礼服兼具时代代表性与稀有的宫廷刺绣传统，可补足PEM东亚生活与礼仪叙事。,
303,Village guardian posts (jangseung),,,Korean Art,object,韩国村落守护柱,1,7,6,7.5,7.5,7.5,0,7.5,9,8.5,8.150,7.090,,B,变,Core 7.090 落在 5.5–7.19,high,成对村落守护柱是韩国民间信仰与社区空间的重要实物，造型醒目且叙事性强。,组内唯一的韩国村落守护柱，具有较高的民俗代表性与非重复性，并为PEM东亚文化叙事补充韩国乡村信仰一环。,
304,Box,,,Korean Art,object,韩国漆器与螺钿盒,1,8,7,8,7.5,7.5,0,8,9,8,8.300,7.630,,A,变,Core 7.630 落在 7.2–8.49,high,16至17世纪木胎漆器加螺钿工艺年代早、装饰质量高，代表韩国工艺传统的重要类型。,组内唯一对象，作为16—17世纪韩国漆木螺钿盒，在本馆韩国漆器类别中具有较高的唯一性与代表性。,
305,Wrapping cloth (bojagi),,,Korean Art,object,韩国包袱布与实用织物,1,5.5,5,6.5,6,6.5,0,6.2,8.5,6.0,6.850,5.885,,B,变,Core 5.885 落在 5.5–7.19,high,20世纪苎麻包袱布体现韩国日常生活与织物审美，但年代较晚且同类可替代性较高。,组内唯一对象，作为韩国包袱布与实用织物的代表具有较高相对独特性，但其20世纪日常织物属性限制了品质与全馆叙事补位价值。,
306,Nectar Ritual (gamnotaeng) hanging scroll,,,Korean Art,object,韩国宗教仪式绘画,1,8,7,7.5,7,8.5,0,8.5,9,8.5,8.650,7.665,,A,变,Core 7.665 落在 7.2–8.49,high,1744年甘露幀以宗教仪式图像解释朝鲜时代信仰、社会秩序与死亡观，教育叙事价值突出。,组内唯一对象，作为韩国宗教仪式绘画在本馆具有唯一代表性，兼具较高艺术史价值与亚洲宗教叙事补位作用。,
307,Dragon jar,,,Korean Art,object,韩国白瓷龙纹罐,1,7.5,6.5,8,8,7,0,7.5,8.5,7.5,7.800,7.355,,A,变,Core 7.355 落在 7.2–8.49,high,晚19世纪白瓷龙罐结合朝鲜白瓷传统与象征性龙纹，形体纯粹、辨识度高，适合现场观赏。,组内唯一对象，作为韩国白瓷龙纹罐的单件代表，独特性高；其东亚艺术属性补充了PEM的亚洲收藏与文明叙事。,
308,Bowler hat,,,Korean Art,object,韩国传统帽饰,2,7,6,7,7.5,7.5,0,7,5.5,7.5,6.650,6.865,,B,变,Core 6.865 落在 5.5–7.19,high,约1883年的马鬃竹纸帽体现韩国身份服饰与社会礼制，材料和结构也具有鲜明视觉特色。,组内第2，Bowler hat 虽体现韩国近代对外来帽式的吸收，但与 gat 同属传统帽饰组且典范性和非重复性较低。,
309,"Inkwell inscribed, Madam Pauling, Joseon Ministry of Internal Affairs",,,Korean Art,object,韩国近代外交与现代化物件,1,7,6.5,5.5,6,8,0,7.5,9,8.5,8.150,6.765,,B,变,Core 6.765 落在 5.5–7.19,high,带有朝鲜内务部门及英文姓名铭文的银铜墨水器，虽视觉普通，却能具体连接朝鲜晚期官僚制度与跨文化接触。,组内唯一对象，作为朝鲜末期外交与行政现代化语境中的西式书写器物，代表性与非重复性最高，并能补足PEM东亚叙事中的近代韩国环节。,
310,Sword and sheath,,,Korean Art,object,韩国兵器与佩饰,1,6.5,5.5,6.5,6.5,6.5,0,6.5,8.5,6.5,7.100,6.310,,B,变,Core 6.310 落在 5.5–7.19,high,传统刀剑及鞘具可说明韩国武备、身份与工艺，但现有资料不足以支持其为罕见或顶尖实例。,组内唯一对象，作为韩国兵器与佩饰的单件代表，独特性高；品质与历史地位中上，并为馆内东亚叙事补入韩国军事文化一环。,
311,Free reed wind instrument (saenghwang),,,Korean Art,object,韩国传统乐器,2,7,6,7,7,7.5,0,7.5,8.5,7.5,7.800,6.905,,B,变,Core 6.905 落在 5.5–7.19,high,生簧是韩国传统簧管乐器的代表，能解释宫廷及民间音乐文化，复合材料结构也具观赏性。,组内代表性最高，笙簧结构与音色在韩国传统乐器中较独特，能补充韩国宫廷及民间音乐叙事。,
312,Lute (biwa),,,Korean Art,object,韩国传统乐器,2,5.5,4.5,5.5,5.5,5.5,0,6,4.5,6,5.550,5.255,,C,变,Core 5.255 < 5.5,medium,木制琵琶类乐器可补充东亚音乐交流叙事，但单凭现有信息难以确认其在韩国乐器中的特殊性。,组内代表性次于笙簧，琵琶类弦乐器的跨文化类型重复度较高，但仍能补充韩国传统弦乐与音乐文化叙事。,
313,Fan (taegeukseon),,,Korean Art,object,韩国传统扇具,1,5,5,5,4.5,6,0,5.5,8,6.5,6.450,5.220,,C,变,Core 5.220 < 5.5,medium,19世纪韩国纸漆木扇体现东亚日常工艺，但无知名作者或特殊历史事件，属于相关馆藏中的常规品。,组内唯一对象，作为馆藏中韩国传统扇具的代表具有较高非重复性，但其品质与典范地位仍属中等，主要承担补充东亚及韩国文化叙事的作用。,
314,Launching of the Ship Fame,,,Maritime Art And History,object,美国海事题材绘画,4,7,7.5,7,7,8,0,8,8,9.5,8.300,7.405,,A,变,Core 7.405 落在 7.2–8.49,high,1802年描绘造船下水，直接连接塞勒姆的造船、贸易与海事社会史，兼具明确叙事和现场感。,组内综合代表性第二：早期美国船舶下水题材具有鲜明历史与新英格兰海事背景，在本组中地方叙事补位价值仅次于莱恩。,
315,Two-headed equestrian figurehead,,Byrne Family Gallery of Maritime Art,Maritime Art And History,object,船舶船首雕像,1,7,8,8,8,7,0,8.5,9.5,8.5,8.800,7.730,,A,变,Core 7.730 落在 7.2–8.49,high,约1750年的双头骑士船首饰物造型罕见、尺度与材质具有强烈视觉冲击，并突出航海艺术展厅的特色。,组内唯一对象，约1750年的英国双头骑马船首雕像兼具年代价值与罕见造型，在本馆船舶船首雕像类别中具有最高代表性。,
316,"The Stranding of Corvettes in the Mauvais Canal, Strait of Torres",,Byrne Family Gallery of Maritime Art,Maritime Art And History,object,欧洲海上探险与航海绘画,1,7,7.5,8,7,8,0,8.5,9.5,9,8.900,7.615,,A,变,Core 7.615 落在 7.2–8.49,high,1843年描绘托雷斯海峡航行事故，结合欧洲海上探险、制图与大洋洲接触史，具有较强叙事价值。,组内唯一对象，作为19世纪法国航海探险绘画并描绘托雷斯海峡失事场景，兼具海事艺术代表性与大洋洲叙事补位价值。,
317,Royal presentation octant dedicated to King Louis XVI,,Byrne Family Gallery of Maritime Art,Maritime Art And History,object,航海仪器与科学测量器,1,7,7.5,6,7,8,0,9,10,9,9.300,7.355,,A,变,Core 7.355 落在 7.2–8.49,high,献给路易十六的皇家八分仪将航海测量、王权赞助与18世纪远洋活动联系起来，是海事科技史的有效切入点。,组内唯一对象，且为献给路易十六的皇家航海八分仪，在航海仪器中兼具高品质、宫廷历史地位与非重复性；作为PEM海事叙事核心藏品，补位价值很高。,
318,Scrimshaw of the ship Susan,,Byrne Family Gallery of Maritime Art,Maritime Art And History,object,美国水手雕刻与鲸牙工艺,1,7,8.5,7,8,8,0,9,10,9.5,9.400,7.915,,A,变,Core 7.915 落在 7.2–8.49,high,1829年水手在鲸牙上的雕刻并于1830年进入馆藏，集中体现捕鲸、船员生活与塞勒姆海事传统。,组内唯一对象，作为1829年美国水手雕刻与鲸牙工艺代表作，品质与历史典范性突出，且直接补足PEM以远洋贸易和海事艺术为核心的馆史叙事。,
319,Model of the ship Queen Elizabeth,,Byrne Family Gallery of Maritime Art,Maritime Art And History,object,历史船舶模型,2,6,6,8,7,6,0,8,6,7,7.200,6.570,,B,变,Core 6.570 落在 5.5–7.19,high,大型皇后号邮轮模型细节和尺度感突出，能说明20世纪跨大西洋客运史，但与PEM早期塞勒姆身份的联系较间接。,组内排名第2，虽为工艺精良且具国际知名度的现代远洋客轮模型，但在本组中地方历史关联和叙事独特性低于Friendship。,
320,Ship Southern Cross in Boston Harbor,,,Maritime Art And History,object,美国海事题材绘画,4,8,8.5,9,8,8,0,9,9,9,9.000,8.375,,A,变,Core 8.375 落在 7.2–8.49,high,菲茨·亨利·莱恩的海港画将美国海事主题、光色审美与新英格兰航运联系起来，是PEM海事收藏中的高辨识度作品。,组内综合代表性第一：菲茨·亨利·莱恩的高水平美国海事绘画兼具典范性与波士顿港叙事价值，非重复性最高。,
321,Icebound Ship,,,Maritime Art And History,object,美国海事题材绘画,4,7,7.5,8,7,7.5,0,7.5,5.5,7,6.800,7.330,,A,变,Core 7.330 落在 7.2–8.49,high,威廉·布拉德福德以冰海航行为主题，画面氛围强，并能解释美国19世纪极地航海想象与海事文化。,组内综合代表性第四：冰困船只题材虽具美国海事历史意义，但与常见船景重复度最高，因此D明显低于组内其他对象。,
322,They Took Their Wives with Them on Their Cruises,,Byrne Family Gallery of Maritime Art,Maritime Art And History,object,美国海事题材绘画,4,7.5,7,8,8,6.5,0,7.5,7,7.5,7.350,7.360,,A,变,Core 7.360 落在 7.2–8.49,high,N.C.怀氏的戏剧性海上场景具有很强的可看性和叙事吸引力，但其对PEM核心历史身份的不可替代性有限。,组内综合代表性第三：N. C. Wyeth以独特的叙事性和女性随船主题区别于一般船景，但在海事绘画典范性上低于前两件。,
323,Portrait of Nathaniel Bowditch,,Byrne Family Gallery of Maritime Art,Maritime Art And History,object,美国海事人物肖像,1,7,8.5,6,7,9,0,8.5,9.5,9,8.900,7.715,,A,变,Core 7.715 落在 7.2–8.49,high,纳撒尼尔·鲍迪奇兼具塞勒姆海商、航海家与导航数学家身份，且作品由东印度海洋协会委托，能直接解释PEM的制度与地方根源。,组内唯一对象，作为东印度海洋协会委托的纳撒尼尔·鲍迪奇肖像，兼具塞勒姆远洋贸易与海事知识史代表性，故D取高分。,
324,Model of the ship Friendship,,Byrne Family Gallery of Maritime Art,Maritime Art And History,object,历史船舶模型,2,7.5,9,7,8,8.5,0,8.5,8.5,9,8.600,8.135,,A,变,Core 8.135 落在 7.2–8.49,high,约1804年的友谊号模型与早期塞勒姆航运及馆藏形成史高度契合，以具体船舶说明远洋贸易网络和造船传统。,组内排名第1，作为约1804年的早期美国商船模型，更直接代表塞勒姆远洋贸易与本馆海事身份，重复性最低。,
325,Captain Cook Cast a Way on Cape Cod,,,Maritime Art And History,object,18—19世纪塞勒姆海事船舶画,2,6.5,7.5,6,6.5,7.5,0,7.5,8.5,7.5,7.800,6.955,,B,变,Core 6.955 落在 5.5–7.19,high,1802年海事题材纸本水粉，连接塞勒姆航海史与库克船长叙事，是PEM海事身份的重要但非顶尖单件代表。,组内排名第1：其1802年作品兼具较突出的艺术家辨识度与非典型海事叙事，在两件船舶画中代表性更强。,
326,Ship Alfred of Salem Cap Joseph Felt,,,Maritime Art And History,object,18—19世纪塞勒姆海事船舶画,2,6,7.5,5.5,6,7,0,6.5,4.5,8.5,6.300,6.480,,B,变,Core 6.480 落在 5.5–7.19,high,描绘塞勒姆船只及船长的早期海事水彩，地方史料价值突出，但艺术表现与现场冲击较为有限。,组内排名第2：虽直接记录塞勒姆船只并对本馆海贸叙事补位价值高，但船舶肖像式画面相对常规，独特性低于前者。,
327,Hovenweep #331,,,Native American Art,object,当代美国原住民绘画,2,7.5,7,7.5,6.8,7,0,8.5,6.5,7.8,7.760,7.221,,A,变,Core 7.221 落在 7.2–8.49,high,切罗基艺术家Kay WalkingStick的成熟绘画，将原住民身份与景观抽象结合，体现PEM当代原住民艺术收藏方向。,组内排第二：Kay WalkingStick 具有较高艺术品质和切罗基文化代表性，但与组内更具标志性的 Cannon 作品相比，独特补位性略弱。,
328,"Tsu Heidei Shugaxtutaan (We Will Again Open This Container of Wisdom That Has Been Left in Our Care), Parts I and II",,,Native American Art,object,当代原住民影像与录像艺术,1,8,7.5,7.5,7.5,8.5,0,8.5,9,8.5,8.650,7.865,,A,变,Core 7.865 落在 7.2–8.49,high,以特林吉特和乌南加克斯表演回应被挪用的文化知识，录像媒介和去殖民叙事具有很强的教育与思想冲击力。,组内唯一对象，作为当代原住民影像艺术代表，兼具特林吉特与乌南加克斯文化语境及数字录像媒介的不可替代性；在本组中相对位置最高。,
329,Boots,,,Native American Art,object,当代原住民珠饰与穿戴艺术,1,7.5,7.5,8.5,8.5,7.5,0,8.5,9.5,8.5,8.800,7.930,,A,变,Core 7.930 落在 7.2–8.49,high,Jamie Okuma在鲁布托靴子上施作复杂玻璃珠饰，将原住民工艺、时尚与当代身份结合，视觉吸引力和PEM关联度都很强。,组内唯一对象，且以杰米·奥库马的当代原住民珠饰技艺与鲁布托时尚靴履的跨文化结合，具有鲜明的典范性和不可重复性；同时补足PEM当代原住民艺术叙事。,
330,Indian with Beaded Headdress,,,Native American Art,object,当代美国原住民绘画,2,8,7.5,8,7.5,7.5,0,8.8,8.5,7.8,8.510,7.776,,A,变,Core 7.776 落在 7.2–8.49,high,T.C. Cannon是美国原住民现代艺术的重要艺术家，这件油画兼具鲜明肖像风格、历史语境和原住民主体性。,组内排第一：T.C. Cannon 是当代美国原住民艺术的重要代表，其人物肖像相较另一件作品更具典范性与辨识度。,
331,Hanodaga:yas (Town Destroyer),,,Native American Art,object,当代原住民影像与装置艺术,1,8,8,8,8,9,0,9,10,9,9.300,8.280,,A,变,Core 8.280 落在 7.2–8.49,high,通过华盛顿雕像复制品、测量仪器、草坪与莫霍克声音，批判殖民土地测绘及美国国家叙事，现场形式和解释价值都很突出。,组内唯一对象，兼具莫霍克语境、影像与装置媒介，并以殖民历史重释乔治·华盛顿，在本馆当代原住民艺术叙事中具有不可替代的代表性。,
332,"David Weeden (Mashpee Wampanoag), from the ongoing Critical Indigenous Photographic Exchange series",,,Native American Art,object,当代原住民摄影,1,6.5,6.5,6.5,6.3,7.5,0,7.5,9,8.5,8.150,6.785,,B,变,Core 6.785 落在 5.5–7.19,high,Will Wilson以湿版火棉胶传统重新呈现Mashpee Wampanoag人物，文化主体性和摄影史教育价值较强，但单幅肖像的现场冲击有限。,组内唯一对象，兼具当代原住民摄影的代表性与跨族群文化交流议题，在本馆原住民艺术叙事中具有较强的独特补位价值。,
333,"Companion Species: Cosmos, Sunrise, Flint",,,Native American Art,object,当代美国原住民纤维艺术,1,7,7,8,7.5,7.5,0,8.5,9.5,8.5,8.800,7.480,,A,变,Core 7.480 落在 7.2–8.49,high,Marie Watt以再生羊毛毯和刺绣讨论记忆、关系与原住民社群，材料尺度和纤维质感带来较强视觉及叙事效果。,组内唯一对象，作为塞内卡艺术家以再生羊毛毯和刺绣呈现的当代原住民纤维艺术，代表性与非重复性最高，并补充PEM的原住民与当代艺术叙事。,
334,Drum,,,Native American Art,object,历史时期阿拉斯加原住民器物,1,7.5,7.5,6.5,6.5,8,0,7.5,8.5,7.5,7.800,7.305,,A,变,Core 7.305 落在 7.2–8.49,medium,19世纪晚期尤皮克鼓以传统材料保存阿拉斯加原住民仪式与声音文化线索，历史和教育价值高于其外观冲击。,组内唯一对象，作为19世纪晚期尤皮克鼓在本馆阿拉斯加原住民器物中具有较高代表性与非重复性，并补充北极地区原住民文化叙事。,
335,Sash,,,Native American Art,object,历史时期美国原住民纺织与珠饰,1,7,7,6.5,6,7.5,0,7.5,8.5,7.5,7.800,6.930,,B,变,Core 6.930 落在 5.5–7.19,medium,19世纪中期乔克托纺织与珠饰腰带体现东南部原住民服饰工艺和文化延续，但作者及具体使用情境已不详。,组内唯一对象，作为19世纪中期乔克托族纺织与珠饰实例具有较高代表性；其东南部原住民文化与羊毛、丝绸及玻璃珠组合补充了PEM原住民艺术叙事。,
336,Bibi k'inpi (cradleboard),,,Native American Art,object,历史时期美国原住民婴儿背板,1,7.5,7.5,7.5,7,8,0,8.2,8.8,6.8,8.100,7.560,,A,变,Core 7.560 落在 7.2–8.49,medium,约1840年的达科他婴儿背板保存豪猪刺、珠饰、皮革和木结构，能具体说明照护传统、工艺体系与区域文化。,组内唯一对象，作为约1840年的达科他婴儿背板兼具典型性与工艺价值，因本馆此类无可替代而获高D，但对PEM核心海事与亚洲外销叙事的补位作用相对有限。,
337,Mask,,,Native American Art,object,美国原住民艺术,6,7,6.5,7,6.5,7,0,7.5,7,7,7.250,6.825,,B,变,Core 6.825 落在 5.5–7.19,high,19世纪中叶西北海岸原住民面具，具有明确族群语境和较强形式表现力，但艺术家不详且并非PEM最核心的亚洲或海事标志性藏品。,组内第四：19世纪海尔楚克或海岸钦西安族面具具区域代表性，但在原住民传统艺术展示中仍有一定类型重复。,
338,Basket,,,Native American Art,object,美国原住民艺术,6,7,6,6.5,6,7,0,7,6,7,6.700,6.495,,B,变,Core 6.495 落在 5.5–7.19,high,约1825年的丘马什编篮体现南加州原住民材料、工艺与地域传统，历史较早且教育价值明确，但单件视觉冲击有限。,组内第五：丘马什篮具补充南加州文化区域，但篮编器物在同类叙事中的独特性低于面具、雕塑和当代作品。,
339,The Seine of Journeys,,,Native American Art,object,美国原住民艺术,6,7,7.5,8,7.5,7.5,0,7.5,7.5,6.5,7.300,7.455,,A,变,Core 7.455 落在 7.2–8.49,high,霍-琼克艺术家Truman Lowe的当代大型委托作品，兼具博物馆直接关联、材料创新和较强空间视觉效果。,组内第三：当代霍-琼克艺术家的博物馆委托作品，形式和时代独特，但对本组历史性叙事的补位次于前两件。,
340,Pipe,,,Native American Art,object,美国原住民艺术,6,7.5,7.5,6,6.5,8,0,8,8.5,8,8.150,7.265,,A,变,Core 7.265 落在 7.2–8.49,high,约1825年的海达族硅质页岩雕刻，体现西北海岸独特传统，并以1832年早期捐赠连接塞勒姆的海上贸易与收藏史。,组内第二：早期海达族硅质页岩器物，兼具历史纵深与西北海岸代表性，重复度低于一般器物。,
341,Sculpture,,,Native American Art,object,美国原住民艺术,6,8,8.5,6,6.5,8.5,0,8.5,9.5,9,8.900,7.765,,A,变,Core 7.765 落在 7.2–8.49,medium,来自塞勒姆原住民居地Naumkeag、年代至16世纪的玄武岩雕塑，对地方原住民历史和PEM地域叙事具有罕见的不可替代性。,组内首位：16世纪塞勒姆本地原住民遗存，年代与地域不可替代，最能补足本馆地方文明叙事。,
342,Doll,,,Native American Art,object,美国原住民艺术,6,6,5.5,6,6,6.5,0,6,4.5,6,5.550,5.905,,B,变,Core 5.905 落在 5.5–7.19,high,19世纪晚期拉科塔族娃娃保存了服饰、材料和族群工艺信息，但属于较常见的民族志类型，单件代表性有限。,组内末位：拉科塔族晚19世纪玩偶具有文化信息，但作为小型民族志物件与组内其他对象相比重复度最高。,
343,King penguin (Aptenodytes patagonicus),,,Natural History,object,塞勒姆历史自然史藏品,6,5.5,6,6.5,7,6.5,0,8,8.7,8.5,8.310,6.431,,B,变,Core 6.431 落在 5.5–7.19,high,约1820年从福克兰群岛活体采集的帝企鹅，连接早期远洋航行、自然史采集与博物馆建馆传统，动物本身也具较强游客吸引力。,组内第二：王企鹅标本具有鲜明的远洋采集与早期航海背景，代表性仅次于海椰子。,
344,Coco de mer (Lodoicea maldivica) nut,,,Natural History,object,塞勒姆历史自然史藏品,6,5.5,6,6.5,7.5,6.5,0,8.5,9.5,9,8.900,6.565,,B,变,Core 6.565 落在 5.5–7.19,high,约1800年的塞舌尔海椰子果实兼具罕见形态和早期全球海上贸易背景，趣味性强，但科学或艺术等级并非顶尖。,组内代表性最高：稀有的塞舌尔海椰子兼具远洋贸易与自然史双重独特性，几乎无同类替代。,
345,Ostrich (Struthio camelus) egg,,,Natural History,object,塞勒姆历史自然史藏品,6,5,5.5,5.5,6,5.5,0,6.5,5.5,7.5,6.400,5.565,,B,变,Core 5.565 落在 5.5–7.19,high,1800年前采集的鸵鸟蛋体现早期远洋自然史收藏，但同类物并不罕见，视觉和叙事价值较为常规。,组内相对末位：早期远洋捐赠赋予其历史价值，但鸵鸟蛋在自然史收藏中较易重复，非本组核心代表。,
346,Leatherback turtle (Dermochelys coriacea),,,Natural History,object,塞勒姆历史自然史藏品,6,6,7.5,7,7.5,7.5,0,8,8,9,8.200,7.195,,B,变,Core 7.195 落在 5.5–7.19,high,1885年在马萨诸塞州Rockport附近捕获的革龟，兼具大型动物的现场冲击力和塞勒姆地方史叙事，并明确陈列于“Salem Stories”。,组内第四：本地实地采集且正在展出，地方关联和路线补位很强，但作为海龟标本的独特性略低于前三者。,
347,Red Malay rooster (Gallus gallus domesticus),,,Natural History,object,塞勒姆历史自然史藏品,6,6,7,6,6.5,7.5,0,7.5,7,9,7.650,6.715,,B,变,Core 6.715 落在 5.5–7.19,high,1846年从马来半岛引入塞勒姆并与本地母鸡繁育的红马来公鸡，具体呈现远洋贸易、动物引种和地方社会联系。,组内第五：马来半岛引入并在塞勒姆繁育的公鸡很好地体现贸易交流，但同类自然史代表性不如前四件。,
348,Zoological illustration of a newly discovered species of toad,,,Natural History,object,塞勒姆历史自然史藏品,6,6.5,6.5,6,5.5,7.5,0,8,8.5,8.5,8.250,6.600,,B,变,Core 6.600 落在 5.5–7.19,high,1858年前后绘制的福勒蟾蜍科学插图记录了新物种描述和自然史知识生产，教育叙事强，但对普通游客的即时吸引力较弱。,组内第三：这件记录新发现蟾蜍的科学插图在类型上独树一帜，补足塞勒姆自然科学研究叙事。,
349,"Insect teaching chart for the Peabody Academy of Science's Summer School of Biology, Salem",,,Natural History,object,十九世纪自然史教学图表,1,6,6,4,4,7,0,7,9,6,7.400,5.690,,B,变,Core 5.690 落在 5.5–7.19,high,约1876年的塞勒姆科学教育实物，连接皮博迪学院早期自然史传统，但视觉冲击和普通游客吸引力有限。,组内唯一对象，作为约1876年塞勒姆科学教育与皮博迪科学院传统的教学图表，代表性最高且几乎无重复项。,
350,Pintail decoy,,,Natural History,object,美国鸟类诱鸭雕刻,2,6,4,6,6,5,0,7,5,5,6.000,5.350,,C,变,Core 5.350 < 5.5,high,约1920年的美国民俗鸟类雕刻，兼具新英格兰地方性和亲和力，但并非PEM身份核心。,组内相对代表性较弱；约翰逊·W·林肯的鸭类诱饵雕刻具有历史价值，但与另一件名家鸟类雕刻存在题材与功能重复。,
351,Decorative carving of a semipalmated sandpiper,,,Natural History,object,美国鸟类诱鸭雕刻,2,7,5,7,7,6,0,8,9,6,7.900,6.440,,B,变,Core 6.440 落在 5.5–7.19,high,A. Elmer Crowell是新英格兰鸟类雕刻的重要作者，作品造型鲜明且适合解释地区民俗艺术。,组内代表性最高；A. Elmer Crowell 是美国鸟类雕刻的重要名家，且装饰性鸟雕在本组中更具典范性与辨识度。,
352,Marginal wood fern (Dryopteris marginalis),,,Natural History,object,植物学模式标本,1,8,6,2,2,8,0,9.5,10,7,9.150,5.815,,B,变,Core 5.815 落在 5.5–7.19,high,作为Dryopteris marginalis的权威模式标本，它具有不可替代的植物学研究和科学史价值，但现场观赏性很弱。,组内唯一对象，作为该蕨类的权威模式标本，品质与科学代表性最高且不可重复；同时补足PEM地方自然史与科学收藏叙事。,
353,"American bison, bull",,,Natural History,object,美国大型哺乳动物标本,1,6,4,7,7,6,0,7,8,4,6.700,5.870,,B,变,Core 5.870 落在 5.5–7.19,medium,1886年由史密森学会采集的雄性美洲野牛标本尺度感强、易于吸引游客，但不是PEM的身份核心。,组内唯一的美国大型哺乳动物标本，且为1886年采集的早期标本，代表性与非重复性较高；但对PEM海事及亚洲外销艺术主线的补位有限。,
354,Headdress,,,Oceanic Art,object,大洋洲身体装饰品,3,7,8,7,7,7,0,7,5,7,6.400,7.190,,B,变,Core 7.190 落在 5.5–7.19,high,马克萨斯群岛传统羽饰头饰体现PEM核心大洋洲收藏的地域与工艺特色，具有较强视觉和文化解释力。,组内同为马克萨斯身体装饰但形式与材质较常规，代表性和非重复性低于另两件。,
355,Pipe,,,Oceanic Art,object,毛利雕刻与贝壳镶嵌器物,1,7,7,6,6,7,0,7.5,8.5,8.5,8.000,6.800,,B,变,Core 6.800 落在 5.5–7.19,high,具明确毛利部族背景、作者信息和鲍鱼壳装饰，能支持对毛利器物传统的理解，但体量和视觉冲击有限。,组内唯一对象，具明确毛利文化归属、19世纪艺术家信息及木雕与鲍鱼壳镶嵌特色，在本组代表性最高且为PEM大洋洲叙事的重要补位。,
356,"Kava - We, the two of us",,,Oceanic Art,object,夏威夷原住民当代艺术,1,6,6,8,7,6,0,7,9,8,7.800,6.630,,B,变,Core 6.630 落在 5.5–7.19,high,夏威夷原住民艺术家的玻璃作品色彩与材质效果突出，但其当代性使历史遗产和PEM不可替代性相对有限。,组内唯一的夏威夷原住民当代艺术对象，以原住民艺术家身份及玻璃、染料与沙的综合媒材形成不可替代的代表性，并补充PEM大洋洲艺术叙事中的当代夏威夷环节。,
357,Tapa,,,Oceanic Art,object,大洋洲树皮布与纤维织物,1,7,8,6,6,8,0,7.5,8.5,8.5,8.000,7.200,,A,变,Core 7.200 落在 7.2–8.49,high,奥斯特拉尔群岛的早期塔帕布在PEM早期大洋洲收藏中具有历史连续性，并能解释树皮布制作与社会文化。,组内唯一对象，作为奥斯特拉尔群岛塔帕布代表，兼具早期入藏与大洋洲纤维艺术的独特补位价值。,
358,Peue ei (women's head ornament),,,Oceanic Art,object,大洋洲身体装饰品,3,8,8,8,8,8,0,8,7,8,7.700,7.970,,A,变,Core 7.970 落在 7.2–8.49,high,马克萨斯群岛女性头饰结合椰纤维、鼠海豚牙齿和珠饰，年代与材料特征鲜明，兼具稀有性、视觉性和文化叙事力。,组内属工艺与材质最丰富的马克萨斯头饰，独特性高于普通羽饰头冠，但仍与其同类。,
359,Bure kalou (spirit house),,,Oceanic Art,object,大洋洲仪式性灵屋与建筑模型,1,8,9,8,8,9,0,9,10,9,9.300,8.530,,A,变,Core 8.530 达标但 S-ness 仅 0/3 通过，降 A,high,早期斐济bure kalou以灵屋形式直接呈现宗教空间与仪式观念，且1835年即入藏，是PEM大洋洲身份的强力代表。,组内唯一对象，作为早期斐济仪式性灵屋兼具建筑模型与宗教功能，代表性和非重复性最高。,斐济早期灵屋具有研究价值，但目前没有明确展厅，且对两小时访客不是最高优先级；错过虽不等于没有损失，却不会构成明显遗憾。PEM 的大洋洲身份有更强锚点，失去它不会明显损害整体身份。
360,Kupe'e hoaka (boar tusk bracelet),,,Oceanic Art,object,大洋洲身体装饰品,3,8,8,7,7,8,0,8,9,9,8.500,7.750,,A,变,Core 7.750 落在 7.2–8.49,high,18世纪晚期夏威夷原住民獠牙臂环年代早、材料独特，能够解释身份装饰与太平洋文化交流，具有较高收藏代表性。,组内唯一夏威夷原住民晚18世纪獠牙手镯，并有1800年入藏史，文化与器形补位性最强。,
361,Fan,,,Oceanic Art,object,马克萨斯群岛传统器物,1,7,8,6,6,7,0,7.5,9,8.5,8.150,7.065,,B,变,Core 7.065 落在 5.5–7.19,medium,1802年入藏的马克萨斯群岛传统扇具备大洋洲文化代表性，契合PEM核心收藏方向，但单件器物的视觉与稀缺性有限。,组内唯一的马克萨斯群岛传统器物，具有较高的地域代表性与非重复性，并补足PEM大洋洲叙事。,
362,Scrapbook containing ancestor portraits of Chinese men and women,,,Phillips Library Collection,object,中国祖先肖像与家族文献,1,6,5,5,5,7,0,6.5,8.5,7.5,7.300,5.730,,B,变,Core 5.730 落在 5.5–7.19,medium,晚清至民初的中国祖先肖像册可解释宗族祭祀、家族记忆与肖像传统，但纸本册页的现场冲击力和本馆不可替代性有限。,组内唯一对象，成组保存的中国男女祖先肖像兼具家族文献与民间绘画价值，在本组中代表性最高且无同类重复；同时补充PEM东亚收藏中关于中国家族记忆与社会生活的叙事环节。,
363,Designs for fur coats,,,Phillips Library Collection,object,服饰设计图,1,4,3,4,3,4,0,4,8,3,5.000,3.700,,C,变,Core 3.700 < 5.5,low,1927年服装设计图具有档案研究价值，但现有信息未显示其艺术家或项目具有突出地位，视觉与叙事吸引力较弱。,组内唯一的服饰设计图，具有单件代表性，但在PEM以海事、亚洲外销艺术和跨文化收藏为核心的叙事中补位有限。,
364,The New Testament of our Lord and Saviour Jesus Christ,,,Phillips Library Collection,object,美国宗教与战争文献,1,5,4,4,6,6,0,7,9,7,7.600,5.160,,C,变,Core 5.160 < 5.5,medium,1862年《新约》本身较为常见，内嵌子弹提供了鲜明的战争与个人信仰叙事，但不足以形成馆藏身份核心。,组内唯一对象，作为内嵌子弹的南北战争时期新约，兼具宗教文献与战争实物的双重代表性，非重复性最高。,
365,"Map of Nagasaki, Hizen Province, Japan (Hizen Nagasaki zu)",,,Phillips Library Collection,object,日本历史地图,1,8,7,6,6,8,0,8,9,8,8.300,7.180,,B,变,Core 7.180 落在 5.5–7.19,medium,1696年的长崎地图兼具早期日本制图、港口城市与东亚海贸信息，能直接连接PEM的东亚及海事收藏传统。,组内唯一对象，作为1696年的日本长崎历史地图，在本馆日本历史地图类别中具有唯一性，并补充塞勒姆远洋贸易与东亚交流叙事。,
366,Cleopatra's Barge (Yacht) journal,,,Phillips Library Collection,object,塞勒姆海事航海文献,1,8,9,6,7,9,0,9,9,10,9.200,8.070,,A,变,Core 8.070 落在 7.2–8.49,high,1817年克朗希尔德家族关于Cleopatra's Barge的航海日志紧扣塞勒姆远洋贸易与海事史，是PEM地方身份和海事叙事的高价值一手文献。,组内唯一对象，且以1817年“克娄巴特拉号”游艇航海日志直接补足塞勒姆远洋贸易与海事文化叙事，代表性最高。,
367,Study for the front elevation of Derby Mansion,,,Phillips Library Collection,object,塞勒姆建筑设计图,1,8,8,5,6,8,0,8.5,9,8.5,8.650,7.315,,A,变,Core 7.315 落在 7.2–8.49,high,麦金太尔为Derby Mansion绘制的1795—98年设计稿连接塞勒姆建筑、地方精英与美国联邦时期设计史，文献和教育价值突出。,组内唯一对象，且为塞缪尔·麦金太尔1795—98年德比府正立面设计稿，在塞勒姆建筑与远洋贸易家族叙事中具有不可替代的代表性。,
368,"Account of Lafayette Dinner, August 30, 1824",,,Phillips Library Collection,object,塞勒姆地方社会史文献,1,7,7,4,5,8,0,8,9,9,8.500,6.550,,B,变,Core 6.550 落在 5.5–7.19,medium,1824年拉斐特宴会记录提供塞勒姆公共生活、跨大西洋政治记忆及Remond家族经历的地方史材料，但纸本文献的视觉吸引力有限。,组内唯一对象，作为1824年塞勒姆地方社会史的一手文献，并记录非裔塞勒姆人物约翰·雷蒙德的经历，代表性与叙事补位价值均高。,
369,Commonplace book,,,Phillips Library Collection,object,早期美国私人笔记本,1,5,4,4,4,6,0,6,8,6,6.600,4.760,,C,变,Core 4.760 < 5.5,medium,1748—76年的私人杂记本可反映殖民时期读写和知识整理习惯，但作者与具体内容不明，难以证明其超出常规档案的独特性。,组内唯一的早期美国私人笔记本，虽非全馆身份核心标志，但能补充18世纪美国日常书写与个人知识记录叙事。,
370,Massachusetts Colony five-shilling note,,,Phillips Library Collection,object,早期马萨诸塞货币,1,7,7,4,5,8,0,8,9,8,8.300,6.530,,B,变,Core 6.530 落在 5.5–7.19,high,1690年马萨诸塞殖民地五先令纸币直接呈现早期殖民政府、货币制度与新英格兰经济史，教育价值高但物理展示冲击力不强。,组内唯一对象，作为1690年早期马萨诸塞殖民地纸币，在殖民金融与贸易叙事中具有较高代表性，故D取高分。,
371,Illustrated note,,,Phillips Library Collection,object,南亚现代艺术文献,1,6,5,4,4,6,0,7,9,6,7.400,5.290,,C,变,Core 5.290 < 5.5,medium,Raza是重要的印度现代主义艺术家，但这件1984年的简短图文便笺并非其代表性作品，对PEM身份和普通游客吸引力较有限。,组内唯一对象，作为印度现代主义重要艺术家Raza的1984年纸本水墨文献，具有本馆南亚现代艺术叙事中的独特补位性。,
372,America: A Hymnal,,,Phillips Library Collection,object,当代艺术家书,1,7,6,8,7,8,0,7,8,5,6.900,7.040,,B,变,Core 7.040 落在 5.5–7.19,high,100页激光切割书页将美国赞美诗传统转化为具有强烈物质形式的当代艺术家书，兼具视觉冲击、身份政治叙事与教育价值。,组内唯一对象，作为当代艺术家书具有较强的形式与议题代表性，但对PEM海事及亚洲外销艺术核心叙事的补位作用有限。,
373,Shina Pekinjo Kenchiku (plate 18),,,Phillips Library Collection,object,日本建筑史图版与建筑文献,1,7,6,5,4,7,0,7.5,8.5,6.5,7.600,6.060,,B,变,Core 6.060 落在 5.5–7.19,medium,伊东忠太的1925年北京建筑图版具有东亚建筑史和近代知识史价值，但作为纸本文献视觉冲击有限，且对普通游客的直接吸引力较弱。,组内唯一对象，作为伊东忠太1925年关于北京城建筑的日本建筑史图版，具有较高的文献典范性与不可替代的东亚建筑叙事补位价值。,
374,"Petition of Mary Esty, September 15, 1692",,,Phillips Library Collection,object,塞勒姆巫术审判历史文书,1,8,8,3,6,9,0,9,9,9,9.000,7.200,,A,变,Core 7.200 落在 7.2–8.49,medium,1692年玛丽·伊斯蒂的请愿书是塞勒姆巫术审判的一手文献，原件的地方身份和历史叙事价值很强，但纸本文物本身缺乏视觉冲击。,组内唯一对象，作为1692年塞勒姆巫术审判当事人的一手请愿文书，兼具高历史典范性、唯一性与对本馆塞勒姆地方史叙事的关键补位价值。,
375,"Portrait of William Lloyd Garrison, George Thompson, and Wendell Phillips",,,Photography,object,美国废奴运动肖像摄影,1,8,7,7,7,8,0,9,9,7,8.600,7.510,,A,变,Core 7.510 落在 7.2–8.49,high,约1850年的整板达盖尔银版照片同时呈现三位重要废奴主义者，并体现早期摄影技术与美国社会改革史价值。,组内唯一对象，由美国早期摄影名家合作拍摄三位重要废奴主义者，兼具早期摄影典范性与废奴运动代表性；在本组中无可替代。,
376,"Pont Neuf, Paris",,,Photography,object,早期城市与建筑摄影,1,8,4,7,6,7,0,8,9,6,7.900,6.390,,B,变,Core 6.390 落在 5.5–7.19,high,约1839年的巴黎新桥达盖尔银版照片属于摄影早期的重要城市景观记录，历史和视觉价值较强，但与PEM核心身份关联有限。,组内唯一对象，作为约1839年的早期城市建筑达盖尔银版照片，兼具早期摄影与城市景观记录的代表性，D取高分；但其对PEM海事及亚洲外销艺术核心叙事的补位作用中等。,
377,"Cinquefoil, from the Ephemera portfolio",,,Photography,object,美国当代艺术摄影,1,7,6,7,6,6,0,7.2,9,4.5,7.200,6.470,,B,变,Core 6.470 落在 5.5–7.19,high,奥利维娅·帕克的作品代表美国当代摄影中对短暂性和物质性的艺术探索，形式感较强但文化叙事和本馆不可替代性中等。,组内唯一对象，作为美国当代艺术摄影代表具有较高独特性；作品质量较强，但对PEM海事、亚洲外销艺术及荫余堂核心叙事的补位有限。,
378,Scrimshaw Carver,,,Photography,object,美国海事劳动摄影,1,6,7,5,6,7,0,7.5,8.5,8.5,8.000,6.450,,B,变,Core 6.450 落在 5.5–7.19,medium,约1890年的捕鲸骨雕工匠蓝晒照片直接关联新英格兰海事劳动与scrimshaw传统，对PEM海事身份具有补充价值，但作者和作品影响力有限。,组内唯一对象，作为约1890年美国蓝晒摄影中的海事手工业劳动影像，代表性与非重复性均居首，并补足PEM海事贸易与劳动叙事。,
379,"Canyonlands, Utah",,,Photography,object,美国西部景观摄影,1,6,4,7,6,5,0,7,9,4,7.000,5.600,,B,变,Core 5.600 落在 5.5–7.19,high,迈克尔·A·史密斯的峡谷景观具有成熟的黑白摄影形式和现场尺度感，但题材在美国摄影收藏中较易替代，与PEM身份关联较弱。,组内唯一的美国西部景观摄影作品，摄影质量与题材典范性较强，但对PEM海事及亚洲外销艺术主线的补位价值有限。,
380,Japanese Woman at Her Toilette,,,Photography,object,日本风俗与旅行摄影,1,7,7,7,7,6,0,7.5,8,6.5,7.450,6.895,,B,变,Core 6.895 落在 5.5–7.19,high,日下部金兵卫的手工着色日本人物照片兼具日本近代视觉文化、旅行摄影和爱德华·莫尔斯收藏背景，对PEM东亚收藏身份较有代表性。,组内唯一对象，以日下部金兵卫约1880年的手工着色旅行摄影代表日本风俗影像，具有较高的本馆类别代表性与叙事补位价值。,
381,"Wounded Soldiers Being Tended in the Field after the Battle of Chancellorsville near Fredericksburg, VA",,,Photography,object,美国内战纪实摄影,1,8,6,6,7,8,0,8,9,6,7.900,7.040,,B,变,Core 7.040 落在 5.5–7.19,high,1863年战地伤兵照片是美国内战和纪实摄影史的重要视觉证据，教育叙事强，但并非PEM最独特的收藏门类。,组内唯一对象，作为马修·布雷迪工作室记录钱瑟勒斯维尔战役伤员的美国内战纪实摄影，代表性与非重复性最高；但对PEM海事及亚洲外销艺术核心叙事的补位价值相对有限。,
382,"View of the Beach, The Mangrove Coast, Florida",,,Photography,object,美国现代纪实摄影,1,7,5,7,6,6,0,9,9,7,8.600,6.360,,B,变,Core 6.360 落在 5.5–7.19,high,沃克·埃文斯的作品具有美国现代摄影史地位和简洁有力的景观构图，但这件佛罗里达海岸照片的本馆独特性和叙事密度有限。,组内唯一对象，且沃克·埃文斯是美国现代纪实摄影的典范人物，本作因此具最高代表性与不可替代性；同时补足PEM美国现代摄影叙事中的关键一环。,
383,"Treasury Street, Canton",,,Photography,object,19世纪中国纪实摄影,4,8,8,7,7,8,0,8.5,9,8.5,8.650,7.765,,A,变,Core 7.765 落在 7.2–8.49,high,费利斯·贝阿托1860年拍摄的广州街道记录了近代中国城市、对外贸易与摄影媒介史，与PEM的亚洲外销艺术和海事贸易身份高度契合。,组内首位：1860年广州Treasury Street为比阿托在中国城市纪实摄影中的代表性原作，兼具早期性与PEM亚洲摄影叙事的核心价值。,
384,"The Island Pagoda, from the album Foochow and the River Min",,,Photography,object,19世纪中国纪实摄影,4,8,7,7,7,8,0,8,5,7.5,7.000,7.350,,A,变,Core 7.350 落在 7.2–8.49,high,约翰·汤姆逊1873年的福州闽江流域摄影兼具早期中国影像史、地方景观和跨文化记录价值，对PEM东亚收藏具有较强代表性。,组内第三：汤姆逊1873年福州闽江岛塔影像补充了中国景观与建筑记录，但相较广州街景和城市纪实代表作，叙事独特性较弱。,
385,Whalers Rousseau and Desdemona,,,Photography,object,美国19世纪海事摄影,1,7,7,7,8,8,0,8,9,9,8.500,7.450,,A,变,Core 7.450 落在 7.2–8.49,high,1889年美国铂金印相兼具精湛摄影工艺与塞勒姆远洋捕鲸史叙事，现场题材对普通游客也较有吸引力。,组内唯一对象，以19世纪铂金摄影呈现捕鲸主题，兼具海事艺术代表性与补足塞勒姆远洋贸易叙事的独特价值。,
386,Portrait of a Woman (Possibly Empress Myeongseong),,,Photography,object,19世纪亚洲纪实摄影,3,6,5,5,6,7,0,7.5,9,8,8.050,5.955,,B,变,Core 5.955 落在 5.5–7.19,medium,19世纪末韩国肖像摄影具有早期现代视觉史价值，并可能涉及明成皇后这一重要历史人物，但身份并未确定。,组内独特性最高：疑似明成皇后肖像的历史指向极为罕见，但因身份未完全确定，综合代表性略低于387。,
387,"Khamba Jong, Tibet, from the album Tibet and Lhasa",,,Photography,object,19世纪亚洲纪实摄影,3,6,5,7,6,7,0,8.5,8,8.5,8.350,6.285,,B,变,Core 6.285 落在 5.5–7.19,high,1907—08年英国摄影师记录的西藏景观属于早期亚洲纪实影像，地点与殖民时代观看关系具有教育价值。,组内综合最高：有明确作者与西藏—拉萨纪实语境，既具摄影史地位，也最能补足PEM的亚洲跨区域叙事。,
388,A Royal Family,,,Photography,object,19世纪亚洲纪实摄影,3,7,5,6,6,7,0,8,6.5,7.5,7.450,6.245,,B,变,Core 6.245 落在 5.5–7.19,high,拉拉·丁·达亚尔是印度早期重要摄影家，宫廷家庭肖像能说明19世纪印度王权、身份与摄影文化。,组内居末：拉拉·丁·达亚尔及印度宫廷摄影具有品质与区域代表性，但“王室家庭”题材相对常规，重复度最高。,
389,Protector Goddess,,Louise Du Pont Crowninshield Gallery,South Asian Art,object,南亚宗教木雕,1,7,6,8,7,8,0,7,8,7,7.300,7.080,,B,变,Core 7.080 落在 5.5–7.19,high,19世纪喀拉拉保护女神木雕以强烈的造型和宗教功能呈现南印度信仰与区域雕塑传统。,组内仅此一件南亚宗教木雕，作为馆内该类对象的唯一代表，独特性较高；其喀拉拉邦地域与宗教功能补充了PEM的南亚艺术叙事。,
390,Woman '95,,,South Asian Art,object,印度当代雕塑,1,7,6,9,8,6,0,8,9,7,8.100,7.160,,B,变,Core 7.160 落在 5.5–7.19,high,G. Ravinder Reddy的巨型鎏金女性形象视觉冲击突出，能代表印度当代艺术对传统偶像形式的转化。,组内唯一对象，作为G. Ravinder Reddy具有代表性的印度当代女性雕塑，兼具鲜明风格与南亚当代艺术叙事补位价值。,
391,August '81,,,South Asian Art,object,印度现代与当代绘画,6,7,6,7,6,6,0,7.5,5,6,6.450,6.395,,B,变,Core 6.395 落在 5.5–7.19,high,Biren De是印度现代艺术的重要画家之一，1981年抽象绘画具艺术史意义但叙事和大众辨识度相对有限。,组内代表性较后，虽体现印度现代抽象绘画脉络，但与其他名家作品相比品质地位和不可替代性较弱。,
392,Old Arguments on Indigenism,,,South Asian Art,object,印度现代与当代绘画,6,8,7,7,6,8,0,8.5,7.5,8.5,8.200,7.320,,A,变,Core 7.320 落在 7.2–8.49,high,Nalini Malani是印度当代艺术的重要人物，作品直接关联本土性、现代性与身份政治，解释力强。,组内位居前列，纳莉妮·马拉尼代表印度当代艺术的社会批判与女性主义方向，补足现代主义之外的重要叙事。,
393,2nd October,,,South Asian Art,object,印度现代与当代绘画,6,7,6,7,7,8,0,8,6.5,8,7.550,6.955,,B,变,Core 6.955 落在 5.5–7.19,high,Atul Dodiya以印度历史和甘地等公共记忆为创作资源，作品兼具当代绘画价值与清晰的历史叙事入口。,组内居中偏上，以甘地主题连接印度政治记忆与当代绘画，但在艺术史地位和独特性上略逊于前三位。,
394,Untitled,,,South Asian Art,object,印度现代与当代绘画,6,8,7,8,7,7,0,9,8,8,8.500,7.500,,A,变,Core 7.500 落在 7.2–8.49,high,Tyeb Mehta是印度现代主义的代表性画家，作品在艺术史地位和形式张力上明显高于常规馆藏。,组内顶尖代表之一，泰耶布·梅塔是印度现代绘画的重要人物，其作品为现代主义主线提供高质量且不可重复的节点。,
395,Man,,,South Asian Art,object,印度现代与当代绘画,6,8,7,7,7,7,0,9,8.5,8,8.650,7.365,,A,变,Core 7.365 落在 7.2–8.49,high,M. F. Husain是印度现代艺术最具国家级影响力的画家之一，人物题材兼具文化辨识度与艺术史价值。,组内顶尖代表之一，M.F.·侯赛因是印度现代绘画的标志性大师，以早期作品强化印度现代艺术的发展叙事。,
396,Bindu La Terre,,,South Asian Art,object,印度现代与当代绘画,6,8,7,8,8,7,0,9.5,9,8.5,9.150,7.715,,A,变,Core 7.715 落在 7.2–8.49,high,S. H. Raza的Bindu系列是印度现代主义中高度标志性的形式，圆点、色彩与精神性使其兼具视觉和文化吸引力。,组内综合代表性最高，S.H.·拉扎及其“Bindu”母题高度概括印度现代抽象艺术，具有最强的典范性与不可替代性。,
397,Two Men with Hand Cart,,,South Asian Art,object,印度现代绘画,2,7,6.5,6.5,6.5,7,0,7.5,5.0,6.5,6.550,6.680,,B,变,Core 6.680 落在 5.5–7.19,high,吉夫·帕特尔是印度现代艺术的重要艺术家，此作具有社会观察性，但单件作品并非PEM身份核心或不可替代的代表作。,组内居次：Gieve Patel 的作品具备较强的印度现代绘画品质，但相较另一件作品在媒材技法和独特性上更为常规，叙事补位价值亦略低。,
398,Girl Eating Rasagolla,,,South Asian Art,object,印度现代绘画,2,8,6.5,7.5,7.5,7.5,0,8.2,8.0,7.5,8.000,7.400,,A,变,Core 7.400 落在 7.2–8.49,high,K.G. Subramanyan是印度现代艺术的重要人物，亚克力板背面绘画具有鲜明视觉与技法吸引力，但南亚现代艺术并非PEM最核心的身份支柱。,组内代表性居首：K.G. Subramanyan 的背面绘画技法与作品主题在两件印度现代绘画中最具辨识度，并为馆方南亚现代艺术叙事提供较鲜明的一环。,
399,Hanuman Revealing Rama and Sita in his Heart,,,South Asian Art,object,印度宗教叙事艺术,1,7,6,7,7.5,8,0,7,9,6,7.400,7.015,,B,变,Core 7.015 落在 5.5–7.19,high,哈奴曼胸中显现罗摩与悉多的图像集中呈现印度教信仰和史诗叙事，题材易于产生体验吸引力，但艺术家不详、单件艺术史地位有限。,组内唯一对象，作为印度宗教叙事艺术代表，题材与表现形式均无同组重复；虽非 PEM 海事或亚洲外销艺术核心，但可补充南亚宗教视觉叙事。,
400,Devotee of Krishna,,,South Asian Art,object,印度宗教泥塑,1,7.5,7,7,7.5,8,0,7.5,8.5,7.5,7.800,7.405,,A,变,Core 7.405 落在 7.2–8.49,high,克里希纳纳加尔泥塑体现孟加拉宗教民俗传统，并保留1823年早期跨洋收藏的历史线索，兼具地方工艺与博物馆史叙事价值。,组内唯一对象，作为约1823年入藏的克里希纳纳加尔未烧黏土宗教人物，在本馆印度宗教泥塑类别中具有较高的唯一性与代表性。,
401,Portrait of Captain William B. Aiken,,,,object,18—19世纪人物肖像画,7,5.5,5.5,5.5,5.5,6,0,5.5,3.5,5.5,4.900,5.515,,B,变,Core 5.515 落在 5.5–7.19,low,1800年的船长肖像可联系新英格兰海事社会史，但艺术家和人物背景均不明确，现有信息不足以支持较高的艺术史或体验优先级。,组内属于一般性人物肖像，缺乏已知艺术家或显著历史地位，和同类作品重复度较高。,
402,Portrait of Charlotte Story Forrester,,,,object,18—19世纪人物肖像画,7,8,5.5,7,6.5,6.5,0,8.5,7,6.5,7.650,6.740,,B,变,Core 6.740 落在 5.5–7.19,medium,Gilbert Stuart是美国早期肖像画的一流画家，作品艺术史地位较强，但被画者知名度有限且不属于PEM最具辨识度的身份核心。,组内品质与艺术家地位仅次于汉密尔顿肖像，吉尔伯特·斯图尔特使其具有较强典范性，但题材独特性居中。,
403,Portrait of Nancy Blood Story,,,,object,18—19世纪人物肖像画,7,5.5,5.5,5.5,5.5,5.5,0,5.5,2.5,5,4.500,5.400,,C,变,Core 5.400 < 5.5,low,1835年的早期肖像具有一般社会史资料价值，但艺术家、人物经历和特殊收藏背景均未明确，难以形成强烈的参观优先级。,组内代表性最低之一，现有信息未显示突出的艺术家或历史叙事价值，与一般19世纪人物肖像重复明显。,
404,View of the Northfields (North Salem) and Beverly,,,,object,18—19世纪新英格兰风景画,1,6,7,6.5,6,7,0,6,8,6,6.600,6.535,,B,变,Core 6.535 落在 5.5–7.19,low,North Salem与Beverly的地方景观能连接塞勒姆区域历史和土地变迁，但艺术家不明，且尚无证据表明其为顶级风景名作。,组内唯一对象，作为1800年前后新英格兰地方风景画具有本馆同类唯一性；品质与典范性中等，但塞勒姆及周边地景能补充本馆地方史与早期美国叙事。,
405,Portrait of William Pepperrell,,,,object,18—19世纪人物肖像画,7,7.5,6.5,6.5,6,7.5,0,7.5,6.5,7.5,7.200,6.845,,B,变,Core 6.845 落在 5.5–7.19,medium,John Smibert是美国殖民时期重要肖像画家，William Pepperrell又关联新英格兰殖民与军事史，因此具有较好的区域历史叙事价值。,组内属较重要的殖民时期新英格兰人物肖像，斯米伯特与佩珀雷尔共同补足地区早期历史叙事。,
406,John Quincy Adams by Charles Osgood,,,,object,18—19世纪人物肖像画,7,7,6.5,6,6.5,7.5,0,7,5.5,8,6.750,6.700,,B,变,Core 6.700 落在 5.5–7.19,medium,John Quincy Adams的总统身份提供明确的美国政治与新英格兰历史叙事，但画家Charles Osgood的艺术史地位和现场视觉冲击相对有限。,组内艺术典范性中上，但约翰·昆西·亚当斯的国家政治史价值突出，叙事补位高于多数同组作品。,
407,Portrait of Alexander Hamilton,,,,object,18—19世纪人物肖像画,7,8.5,6.5,7.5,7.5,8.5,0,9,8.5,8,8.650,7.715,,A,变,Core 7.715 落在 7.2–8.49,medium,John Trumbull与Alexander Hamilton分别代表美国早期重要肖像艺术和建国人物，历史教育价值与游客辨识度都很强，但并非PEM海事或亚洲收藏的核心标志。,组内综合代表性最高，特朗布尔绘制的汉密尔顿肖像兼具国家历史叙事与人物辨识度。,
408,Portrait of Henry Carwick,,,,object,18—19世纪人物肖像画,7,7,8,6.5,6.5,8,0,7,8,7,7.300,7.280,,A,变,Core 7.280 落在 7.2–8.49,medium,这件早期肖像带有Foeiqua名下的跨文化贸易线索，能连接PEM的海事史与亚洲艺术语境；但艺术家及人物资料仍较有限。,组内独特性仅次于核心代表作，艺术家与人物组合较少重复，能补充主流美国肖像史之外的视角。,
409,View of Courthouse Square,,,,object,新英格兰地方风景油画,1,5,4,5,4,5,0,6.5,8.5,7.5,7.300,4.830,,C,变,Core 4.830 < 5.5,low,仅凭标题、1815年及媒材判断为地方城市景观，具一定历史记录价值，但艺术家和具体语境不明。,组内唯一对象，1815年的新英格兰地方城市景观具有早期地域记录的代表性，非重复性高，并能补足塞勒姆及新英格兰地方社会叙事。,
410,Portrait of Abraham Prescott Jr.,,,,object,美国肖像油画,6,4,3,4,3,4,0,4,3,5,3.900,3.590,,C,变,Core 3.590 < 5.5,low,这是1842年的常规人物肖像，现有资料未显示画家、被画者或作品具有更高层级的艺术与地方史意义。,组内代表性最低：地方性19世纪肖像可补充区域社会史，但艺术家与人物的典范性及独特性均弱于其余对象。,
411,Portrait of Nathaniel Hawthorne,,,,object,美国肖像油画,6,7,7,5,7,7,0,7,6,8,6.900,6.690,,B,变,Core 6.690 落在 5.5–7.19,medium,纳撒尼尔·霍桑是塞勒姆最重要的文学关联人物之一，肖像具有较强地方身份、人物辨识度和文学史叙事价值。,组内第二梯队：名人文学肖像的叙事价值突出，为PEM补足塞勒姆文化史，但艺术典范性略逊于Stuart。,
412,Portrait of Jane Shattuck,,,,object,美国肖像油画,6,6,4,6,5,5,0,7,5,5,6.000,5.200,,C,变,Core 5.200 < 5.5,medium,弗兰克·韦斯顿·本森是重要美国画家，但这件1904年肖像本身未显示出其代表作或PEM身份标志性。,组内中位：Frank Weston Benson提供美国艺术史代表性，但相较Stuart名作与Hawthorne名人肖像，组内独特性和叙事补位较弱。,
413,Shoes 134356.1253AB,,,,object,历史鞋履,1,4,3,4,4,5,0,5,7,3,5.200,4.020,,C,变,Core 4.020 < 5.5,low,1920年的皮革与丝织鞋履可说明服饰和日常生活史，但标题和资料不足以支持其稀有性或突出艺术价值。,组内唯一对象，1920年皮革与丝织物鞋履具一定时代代表性和材质特色，但对PEM核心海事及亚洲外销叙事的补位作用有限。,
414,"The Captain, by Gilbert Gaul",,,,object,美国历史与军事题材油画,1,6,4,6,5,6,0,6,8,3,6.000,5.350,,C,变,Core 5.350 < 5.5,medium,吉尔伯特·高尔以美国军事和历史题材见长，作品有叙事性与一定视觉吸引力，但并非PEM核心身份门类中的顶点。,组内唯一对象，因此在美国历史与军事题材油画中承担唯一代表位；但相较PEM的海事、亚洲外销艺术与大洋洲核心叙事，补位价值有限。,
415,After the Storm,,,,object,美国风景油画,1,6,4,6,5,5,0,6,8,3,6.000,5.200,,C,变,Core 5.200 < 5.5,medium,本森是重要美国画家，风暴后的景象具明确视觉主题，但现有资料未表明该作是其关键代表作。,组内唯一的美国风景油画，因无同类对象分摊代表性而取较高D；但在PEM以海事、亚洲外销艺术和东亚收藏为核心的叙事中补位价值有限。,
416,Timothy Fitch by Joseph Blackburn,,,,object,美国肖像油画,6,6,5,5,5,6,0,6,4,6,5.400,5.390,,C,变,Core 5.390 < 5.5,medium,约瑟夫·布莱克本的1768年新英格兰肖像可连接早期殖民社会与区域人物史，但作品的全国性重要度有限。,组内靠后：18世纪肖像及Joseph Blackburn具有历史价值，并能补充早期殖民地语境，但同类肖像重复度较高。,
417,Portrait of Elizabeth Chipman Gray,,,,object,美国肖像油画,6,8,5,7,6,6,0,8,7,7,7.500,6.450,,B,变,Core 6.450 落在 5.5–7.19,medium,吉尔伯特·斯图亚特是美国肖像画史上的一流画家，作品具有较高艺术史价值，但PEM的美国主流艺术并非其不可替代核心。,组内并列第一梯队：同为Gilbert Stuart作品，品质突出，但与William Gray成对而在独特性上略低。,
418,Portrait of William Gray,,,,object,美国肖像油画,6,8,6,7,6,7,0,8,8,8,8.000,6.900,,B,变,Core 6.900 落在 5.5–7.19,medium,斯图亚特的肖像艺术达到国家级重要性，而威廉·格雷作为商贸人物还能联系新英格兰商业与海事社会史。,组内代表性最高：Gilbert Stuart名家肖像兼具塞勒姆商贸叙事补位，作为成对肖像中更具独特性的核心对象。,
419,Cage of la Corriveau,,,,object,刑罚与司法历史器物,1,8,4,8,8,8,0,9,10,8,9.100,7.110,,B,变,Core 7.110 落在 5.5–7.19,high,1763年的拉科里沃绞刑笼是极罕见且具有强烈现场感的司法与殖民社会遗物，故事性和教育价值都很高。,组内唯一对象，且为18世纪加拿大著名刑罚遗物，在本馆司法与殖民社会叙事中具有罕见的实物代表性，因此D取最高。,
420,Plate with the coat of arms of Willem van Outhoorn,,,,object,亚洲外销漆器,1,8,8.5,8,7.5,9,0,8.5,9.2,8.5,8.710,8.271,,A,变,Core 8.271 落在 7.2–8.49,medium,这件结合东亚漆艺、贵金属装饰与荷兰东印度公司高官徽章的器物，直接呈现跨文化贸易，正契合PEM的亚洲外销艺术与海事身份。,组内唯一对象，作为1700年前后带荷兰总督徽章的金银木胎外销漆器，兼具高等级工艺与鲜明海贸身份，代表性最高。,
421,Sweetmeat set with the coat of arms of Johannes Camphuys,,,,object,亚洲外销瓷器,5,7.5,8,7,7,8.5,0,7.8,6.0,7.0,7.100,7.585,,A,变,Core 7.585 落在 7.2–8.49,medium,1700年前后的带荷兰东印度总督约翰内斯·坎普惠斯徽章甜食套，能集中呈现亚洲外销瓷、殖民贸易与精英消费的交汇。,Camphuys家族徽章具有明确委托者信息，但仍属徽章外销瓷类型，在组内非重复性和叙事补位价值偏后。,
422,Dish/Charger with the IHS cipher for Christ,,,,object,亚洲外销瓷器,5,8.5,8.5,6.5,7,9,0,8.6,7.0,7.5,7.900,7.990,,A,变,Core 7.990 落在 7.2–8.49,medium,1600年的IHS基督教徽记瓷盘体现早期基督教传播与亚洲制瓷外销网络，叙事和馆藏语境价值很高。,IHS基督教纹章体现早期跨文化传播，品质和年代突出，但与组内其他外销贸易主题相比补位性居中。,
423,Charger with a view of Xiamen (Amoy),,,,object,亚洲外销瓷器,5,7.5,8,7.5,8,8.5,0,8.2,9.0,9.2,8.640,7.964,,A,变,Core 7.964 落在 7.2–8.49,medium,描绘厦门景观的外销瓷盘直接连接塞勒姆海事贸易传统、中国港口城市与跨海交流。,组内以厦门港景观最直接呈现塞勒姆远洋贸易与亚洲外销瓷的海事叙事，代表性居首。,
424,Kuka'ilimoku E12071,,,,object,夏威夷传统器物,2,8,8.5,8.5,8.5,8.5,0,9.5,9,8.5,9.150,8.465,,A,变,Core 8.465 落在 7.2–8.49,medium,1825年的Kuka'ilimoku木雕与夏威夷重要神祇和宗教传统相关，是PEM大洋洲身份语境中的强识别性对象。,组内首位：作为夏威夷重要神祇库卡伊利莫库的木雕形象，宗教与文化代表性最强，且在本组中最具标志性、非重复性最高。,
425,Leiomano E19679,,,,object,夏威夷传统器物,2,7,7,8,8,7.5,0,8,6.5,7.5,7.450,7.420,,A,变,Core 7.420 落在 7.2–8.49,medium,带鲍鱼、铜、牙齿和木材的Leiomano体现夏威夷武器制作、材料组合和战士文化，视觉冲击较强。,组内次位：鲨鱼齿武器兼具战士文化与工艺特色，但相较库卡伊利莫库的神祇形象代表性略弱，因同组比较下调其独特性分。,
426,Sioux baby carrier E21292,,,,object,北美原住民婴儿背袋,1,5.5,4.5,7,7,6.5,0,6.5,8,6.5,6.950,5.995,,B,变,Core 5.995 落在 5.5–7.19,medium,1875年的苏族婴儿背袋可说明北美原住民家庭生活与装饰传统，但在PEM核心身份中不可替代性有限。,组内唯一对象，作为1875年的苏族婴儿背袋，在本馆北美原住民婴儿背袋类别中具有最高的代表性与非重复性，但对PEM海事及亚洲外销艺术主线的补位价值属中等。,
427,Djilakons mask,,,,object,西北海岸仪式木雕,1,8,7.5,8.5,8.5,8.5,0,8.5,9,8,8.550,8.155,,A,变,Core 8.155 落在 7.2–8.49,medium,1820年的Djilakons彩绘木面具属于西北海岸仪式性视觉传统，兼具鲜明形象、神话叙事和区域文化价值。,组内唯一对象，作为西北海岸仪式木雕具有最高代表性与本馆不可替代的独特性，并补充太平洋沿岸原住民文化叙事。,
428,Nguru E5520,,,,object,毛利传统木雕器物,1,7.5,7,7.5,7.5,8,0,8.0,9.0,8.5,8.400,7.540,,A,变,Core 7.540 落在 7.2–8.49,medium,1805年的Nguru木制器物带鲍鱼装饰，能够说明毛利雕刻、材料观念与仪式或音乐文化。,组内唯一对象，作为约1805年的毛利传统木雕器物，兼具较高典范性与本馆大洋洲叙事中的稀缺补位价值。,
429,Jagannatha-E7626,,,,object,南亚宗教陶塑,1,7,5.5,6.5,7,8,0,7,8.5,6.5,7.350,6.735,,B,变,Core 6.735 落在 5.5–7.19,medium,1815年的Jagannatha陶塑与印度东部重要宗教崇拜传统相关，教育叙事价值高于其单件艺术稀有性。,组内唯一对象，作为1815年南亚宗教陶塑代表，类型稀有且非重复性高；但在PEM海事与东亚叙事中属补充性环节。,
430,Kutch blouse E77824,,,,object,古吉拉特女性刺绣服饰,1,6.5,5.5,8,7.5,7,0,7,8.5,7.5,7.550,6.805,,B,变,Core 6.805 落在 5.5–7.19,medium,Ahir女性刺绣上衣结合镜饰、彩线和多种织物，能直观呈现古吉拉特服饰工艺与身份表达。,组内唯一对象，作为阿希尔族古吉拉特女性镜饰刺绣服饰，具有较高的类别代表性与非重复性，并补充馆内南亚纺织文化叙事。,
431,european family,,,,object,亚洲外销瓷器,5,5.5,4.5,6,5.5,6.5,0,5.5,3.0,4.5,4.550,5.380,,C,变,Core 5.380 < 5.5,medium,1800年前后的瓷质欧洲家庭形象可涉及跨文化消费与外销市场，但现有名称不足以支持其为稀有杰作。,欧洲家庭图样缺少鲜明贸易地点、机构或跨文化线索，在组内最为常规，重复性最高。,
432,Charger with VOC emblem,,,,object,亚洲外销瓷器,5,7.5,8.5,7.5,8,8.5,0,8.0,8.0,8.8,8.160,8.041,,A,变,Core 8.041 落在 7.2–8.49,medium,带VOC徽记的瓷盘将荷兰东印度公司、亚洲外销生产和塞勒姆海事贸易史直接连接起来。,VOC徽章明确连接荷兰东印度公司贸易体系，在组内独特性与PEM海贸身份价值仅次于厦门港景观。,
433,Ropework beckets M10698,,,,object,船舶绳工艺,1,5,6,5,5,6,0,7,9,8,7.800,5.680,,B,变,Core 5.680 落在 5.5–7.19,medium,1875年的绳索、皮革与彩绘工艺品体现船舶劳动和装饰传统，但单件的用途、来源与独特性不明。,组内唯一的船舶绳工艺对象，1875年的皮革、彩绘与绳结结合具有较强非重复性，并补充PEM海事贸易与船上工艺叙事。,
434,"An unsigned, undated astrolabe with an unusual rete",,,,object,航海天文仪器,1,7,6,6,6,7,0,7,9,8,7.800,6.530,,B,变,Core 6.530 落在 5.5–7.19,medium,黄铜星盘属于具有重要科学史和航海史价值的器物，异常rete增加了技术与观赏上的辨识度，但无署名且年代不明。,组内唯一对象，且带有不寻常的星盘网结构，代表性与非重复性最高；虽无作者和年代信息，仍能补足PEM海事与航海技术叙事。,
435,Judge Richard Saltonstall by Robert Feke,,,,object,殖民地美国肖像画,2,7,7,6,5,7,0,8,8,6,7.600,6.610,,B,变,Core 6.610 落在 5.5–7.19,medium,罗伯特·费克绘制的1750年新英格兰法官肖像兼具殖民地肖像艺术和地方社会史价值。,组内排名第1，罗伯特·费克的殖民地美国肖像代表性与典范程度更高，且相较另一件更具首要代表性。,
436,Mouqua,,,,object,中国外销肖像画,1,7,8,6,6,8,0,8,9,9,8.500,7.250,,A,变,Core 7.250 落在 7.2–8.49,medium,林官（Lam Qua）绘制的1840年Mouqua肖像连接广州贸易、华人商贸阶层与中西艺术交流，契合PEM的亚洲外销艺术核心。,组内唯一的中国外销肖像画，Lam Qua作品兼具广州外销艺术代表性与PEM海事贸易叙事中的稀缺补位价值。,
437,Aquamarine demi-parure M20453,,,,object,19世纪珠宝首饰,1,6,4,7,7,5,0,6,8,5,6.400,5.690,,B,变,Core 5.690 落在 5.5–7.19,medium,1820年的海蓝宝石与黄金成套首饰具有鲜明的装饰美感和时代风格，但在PEM身份叙事中的不可替代性有限。,组内唯一的19世纪珠宝首饰，以1820年海蓝宝石黄金成套首饰的组合形式具较高代表性，但并非PEM海事或亚洲外销收藏的核心。,
438,Figurehead from the ship Galatea,,,,object,美国海事船首像,3,7,8,8,8,7,0,6,3,7,5.300,7.380,,A,变,Core 7.380 落在 7.2–8.49,medium,1854年商船Galatea的木制船首像把具体船舶历史、海上贸易传统和强烈的现场视觉冲击结合起来。,组内排第三：1854年作品较晚，且缺乏明确作者与题材信息，与另外两件船首像的重复度最高。,
439,Portrait of Mrs. Thomas Shippard,,,,object,殖民地美国肖像画,2,6,6,6,5,6,0,6.5,4.5,5,5.600,5.810,,B,变,Core 5.810 落在 5.5–7.19,medium,约瑟夫·巴杰的1758年新英格兰肖像具有殖民地社会史和地方艺术史价值，但艺术史地位与游客吸引力较为有限。,组内排名第2，约瑟夫·巴杰的肖像具有类别价值，但与组内更具代表性的费克作品相比独特性和不可替代性较弱。,
440,Great Clipper Trade Wind for Panama,,,,object,海事航运图像纺织品,1,6,6,5,5,7,0,7,9,9,8.000,6.050,,B,变,Core 6.050 落在 5.5–7.19,low,名称和年代指向1852年美国快船及巴拿马贸易语境，可能有助于解释航运网络，但布料载体的具体形式和保存状态不明。,组内唯一对象，作为1852年远洋快船贸易航线的纺织图像，代表性与非重复性最高，并补足PEM海事贸易叙事。,
441,Female figurehead M27185,,,,object,美国海事船首像,3,7,8,8,8,7,0,8,9,8,8.300,7.680,,A,变,Core 7.680 落在 7.2–8.49,medium,1805年西缅·斯基林二世制作的彩绘松木女性船首像是早期美国海事雕刻的代表，兼具稀有性与强烈的现场吸引力。,组内排第一：1805年作品并有 Simeon Skillin Jr. 作者归属，在美国海事雕刻传统中最具典范性与辨识度。,
442,Portrait of Rajinder Dutt,,,,object,南亚殖民时期肖像画,1,6,6,6,6,7,0,6.5,8,6,6.850,6.235,,B,变,Core 6.235 落在 5.5–7.19,medium,1850年象牙水彩肖像以精细的小型媒材呈现Rajinder Dutt，能够说明南亚社会身份、殖民时期肖像传统与跨文化交流。,组内唯一对象，作为1850年前后南亚殖民时期象牙水彩肖像具有较高的类型代表性与媒材独特性，但对PEM核心海事及东亚叙事的补位价值属中等。,
443,Figurehead M6490,,,,object,美国海事船首像,3,7,7,7,7,6,0,7,6,7,6.700,6.820,,B,变,Core 6.820 落在 5.5–7.19,medium,约1800年的木制彩绘船首像属于美国早期航海文化的重要实物，虽缺少作者和具体船舶背景，仍具稳定的海事展示价值。,组内排第二：年代早于438号、早期美国船首像代表性较强，但作者和具体形象信息不足，独特性次于441号。,
444,The Examination of a Witch,,,,object,塞勒姆女巫题材历史画,1,7,9,7,8,9,0,8.5,9,9,8.750,8.125,,A,变,Core 8.125 落在 7.2–8.49,medium,1853年T. H. Matteson的《审判女巫》是塞勒姆女巫审判记忆与19世纪历史画传统的关键视觉叙事，和PEM的地方身份高度不可替代。,组内唯一对象，且以19世纪历史画呈现塞勒姆女巫审讯，是本馆地方历史叙事中不可替代的代表性一环。,
445,U.S.S. WASP Boarding H.M Brig FROLIC,,,,object,美国海事历史油画,3,7.5,7.5,7,7,7.5,0,8.0,7.5,8.5,7.950,7.395,,A,变,Core 7.395 落在 7.2–8.49,medium,1815年美英海战题材，由Thomas Birch绘制，兼具美国海事史与早期博物馆海洋贸易语境价值。,组内品质与历史地位居第二，海战题材虽具代表性但与其他美国海事油画存在一定重复。,
446,Clipper Ship HURRICANE in the English Channel,,,,object,英国及跨大西洋航运油画,1,6.5,6.5,7,6.5,6,0,6.5,8.5,8.5,7.500,6.600,,B,变,Core 6.600 落在 5.5–7.19,medium,以快速帆船和英吉利海峡航行为主题，具有明确海事绘画价值，但艺术家及作品的国家级重要性有限。,组内唯一对象，作为英国及跨大西洋航运油画的单件代表，题材直接契合本馆海事贸易叙事，因而D偏高。,
447,Burning of the Ocean Monarch,,,,object,海难与海事事件油画,1,7.5,7.5,8.5,8,8,0,7.8,9.0,8.8,8.360,7.886,,A,变,Core 7.886 落在 7.2–8.49,medium,Samuel Walters描绘1850年Ocean Monarch火灾，戏剧性海难场面强化视觉吸引力，并能讲述蒸汽航运与海上风险。,组内唯一的海难事件油画，且以塞勒姆远洋贸易传统相关的海事叙事补足本馆核心身份。,
448,View of Whampoa Island and the Whampoa anchorage from Dane's Island (Changzhou) in the Pearl River in Canton (Guangzhou).,,,,object,中国外销与广州港口绘画,1,8,8.5,7.5,7.5,8.5,0,8.5,9.2,9.5,8.910,8.141,,A,变,Core 8.141 落在 7.2–8.49,medium,1850年Youqua所绘广州黄埔锚地，直接呈现中西贸易网络与外销艺术语境，是PEM海事和亚洲收藏交汇处的代表。,组内唯一对象，且以广州黄埔港口与外销贸易为主题，兼具中国外销画代表性和PEM海事—亚洲贸易叙事的独特补位价值。,
449,"A catalogue of the different specimens of cloth collected in the three voyages of Captain Cook, to the southern hemisphere",,,,object,大洋洲航海与民族志文献,1,8,8,6,6.5,9,0,8.5,9.5,9.5,9.000,7.725,,A,变,Core 7.725 落在 7.2–8.49,medium,记录Cook三次航行所收集的南半球织物，连接早期探险、殖民知识生产与大洋洲物质文化，教育叙事价值突出。,组内唯一对象，作为库克三次航海所集大洋洲织物的专门目录，在本馆大洋洲航海与民族志文献中具有最高且不可替代的代表性。,
450,"The Yacht America Winning the International Race, 1851",,,,object,美国海事历史油画,3,8,8,8,8,7.5,0,9.0,9.5,9.5,9.250,8.050,,A,变,Core 8.050 落在 7.2–8.49,medium,Fitz Henry Lane描绘1851年America赢得国际帆船赛，结合美国航海史、竞赛史与高水平海景绘画。,组内综合代表性第一，以美国号赢得1851年国际帆船赛这一标志性事件最具独特性，并高度契合PEM海事叙事。,
451,birdcage vase,,,,object,亚洲外销瓷与复合材质器物,1,6.5,7,8,7.5,7,0,6.5,8.5,8.5,7.500,7.175,,B,变,Core 7.175 落在 5.5–7.19,low,1700年前后的鸟笼形纸塑与瓷复合花瓶造型罕见，符合PEM亚洲及外销艺术语境，但作者和具体产地不明。,组内唯一对象，兼具约1700年的瓷器与纸塑复合材质及鸟笼瓶造型，在本馆亚洲外销艺术叙事中具有较高的非重复性和补位价值。,
452,Crowninshield's Wharf,,,,object,塞勒姆港口与地方海事油画,1,7,8.5,7.5,7.5,8,0,8.5,9,9.5,8.850,7.860,,A,变,Core 7.860 落在 7.2–8.49,low,1806年Crowninshield码头呈现塞勒姆远洋贸易核心场景，地方身份不可替代性强，虽艺术家身份不详。,组内唯一对象，作为1806年塞勒姆港口海事油画，兼具地方历史代表性与本馆海事叙事的独占补位价值。,
453,"Still-Life with Green and Purple Grapes, a Peach, and a Pear",,,,object,静物油画,1,5.5,4.5,6,5.5,5,0,5.5,8,2.5,5.650,5.265,,C,变,Core 5.265 < 5.5,low,葡萄、桃与梨构成传统静物题材，具备基本观赏和绘画史价值，但现有信息不足以显示其在PEM中的特殊地位。,组内唯一的静物油画，因本馆此类对象暂无横向重复而具较高代表性，但其欧洲静物题材对PEM核心海事与亚洲外销叙事的补位有限。,
454,Dashing Wave Clipper Ship off Boston Light,,,,object,美国海事历史油画,3,7.5,7.5,8,7.5,7,0,8.0,6.5,9.0,7.750,7.525,,A,变,Core 7.525 落在 7.2–8.49,medium,William Bradford描绘波士顿灯塔附近的高速帆船，兼具美国航海景观、地方海岸记忆和鲜明动态效果。,组内综合代表性第三，波士顿灯塔与快速帆船体现新英格兰航运，但在海事船舶风景题材上与组内对象较为重复。,
455,Portrait of Stephen Reynolds,,,,object,美国十九世纪肖像画,1,6,5.5,5.5,5.5,6,0,6.5,8.5,4.5,6.700,5.795,,B,变,Core 5.795 落在 5.5–7.19,medium,John Mix Stanley于1848年创作的肖像具有美国十九世纪人物史料价值，但单件肖像的视觉与馆藏不可替代性有限。,组内唯一对象，作为约翰·米克斯·斯坦利1848年的美国十九世纪肖像具有较高的单件代表性与非重复性，但在PEM整体海事及亚洲外销艺术叙事中的补位价值有限。,
456,Sailor's embroidered ditty bag,,,,object,海员生活与航海纺织品,1,6.5,7.5,6.5,7,8,0,7.5,8.5,8.5,8.000,7.200,,A,变,Core 7.200 落在 7.2–8.49,medium,1875年海员刺绣袋以日常纺织物呈现船员身份、劳动与情感生活，是PEM海事社会史叙事中的亲切实物。,组内唯一对象，作为19世纪海员日常生活与航海纺织品的代表，独特性和叙事补位价值均居高位。,
457,PEM Inca dance crown,,,,object,安第斯仪式性冠饰,1,7,3,8,7,7,0,8,9,8,8.300,6.280,,B,变,Core 6.280 落在 5.5–7.19,medium,1600年前后的银质宝石冠饰具有安第斯宗教与权力象征意义，视觉醒目，但并非PEM身份核心藏品。,组内唯一对象，作为约1600年的印加仪式性冠饰，代表性与非重复性最高，并补足安第斯文明叙事。,
458,The Great Gale of 1846,,,,object,塞勒姆海事历史绘画,2,7,8,7,7,8,0,8,8,9,8.200,7.520,,A,变,Core 7.520 落在 7.2–8.49,medium,描绘1846年重大风暴事件，直接服务于PEM的塞勒姆海事史叙事，兼具现场性与地方教育价值。,组内代表性第一：以塞勒姆海事灾难为主题，历史叙事与海洋贸易身份的补位价值最强，且比另一件常规塞勒姆船舶绘画更具独特性。,
459,Stamp Act Repeal'd teapot,,,,object,殖民时期政治纪念陶瓷,1,8,7,6,7,9,0,8.5,9.5,8,8.700,7.520,,A,变,Core 7.520 落在 7.2–8.49,medium,以茶壶纪念《印花税法》废除，能清晰解释英属北美的政治抗议与革命前历史。,组内唯一对象，作为殖民时期政治纪念陶瓷的代表，兼具美国革命前夕的历史象征性与政治器物独特性。,
460,John Morton painting,,,,object,十九世纪美国水彩肖像,1,5,4,5,4,5,0,5.0,8.0,4.0,5.700,4.670,,C,变,Core 4.670 < 5.5,low,仅知为1866年的纸本水彩且题名指向John Morton，人物身份与作品背景不明，难以证明其超出常规馆藏的价值。,组内唯一对象，作为十九世纪美国水彩肖像的代表性补位较高，但缺乏可确认的突出艺术或历史地位。,
461,Ostrich egg PEM,,,,object,海上贸易时代的异域珍奇,1,4,4,6,6,5,0,6,8,7,6.800,5.030,,C,变,Core 5.030 < 5.5,low,1850年的鸵鸟蛋具有贸易时代异域珍奇物的趣味和一定展示吸引力，但历史与艺术独立价值有限。,组内唯一对象，作为海上贸易时代的异域珍奇具有较高代表性与稀缺性，可补充PEM海事贸易叙事中的全球物产环节。,
462,"Hamilton, Salem",,,,object,塞勒姆海事历史绘画,2,6,7,7,6,7,0,7,5,7,6.400,6.590,,B,变,Core 6.590 落在 5.5–7.19,medium,由William Henry Luscomb创作并以Salem为题，较可能关联本地海事与城市历史，但艺术史地位有限。,组内代表性第二：具备塞勒姆海事绘画价值，但相较《1846年大风暴》主题典范性和非重复性较弱，叙事补位作用中等。,
463,The Letter by Lucy Hiller Lambert Cleveland,,,,object,新英格兰十九世纪纺织手工艺,1,5,5,6,6,6,0,5,8,6,6.100,5.560,,B,变,Core 5.560 落在 5.5–7.19,low,棉毛材质和《The Letter》题名提示其具有新英格兰女性手工艺与日常生活叙事价值，但缺少更具体背景。,组内唯一对象，在新英格兰十九世纪纺织手工艺中无可替代；虽品质与历史典范性中等，但可补充区域日常纺织与书信文化叙事。,
464,Figurehead of Britannia,,,,object,海事船首像,1,7,8,9,8,8,0,8.5,9.5,9.5,9.000,8.050,,A,变,Core 8.050 落在 7.2–8.49,medium,1800年前后的Britannia船首像是体量与象征性都很强的海事遗物，契合PEM的航海收藏身份并具有显著现场冲击力。,组内唯一的海事船首像，既是船舶装饰艺术的典范，也高度契合本馆以塞勒姆远洋贸易为核心的海事叙事。,
465,"View of the City of Victoria, Hong Kong, by Sunqua",,,,object,十九世纪华南外销绘画,2,8,9,8,8,9,0,8.5,9,9,8.750,8.475,,A,变,Core 8.475 落在 7.2–8.49,high,Sunqua描绘1857年的香港维多利亚城，兼具华南外销艺术、港口贸易史和城市景观记录价值，是PEM亚洲收藏身份的有力代表。,组内代表性首位：以孙夸笔下的香港城市景观直接体现PEM最核心的华南外销与海事叙事，题材和馆藏补位价值均突出。,
466,Portrait of Harriet Low,,,,object,十九世纪华南外销绘画,2,8,9,8,7,9,0,9,7,8,8.200,8.270,,A,变,Core 8.270 落在 7.2–8.49,high,George Chinnery绘制的Harriet Low肖像把塞勒姆人物与澳门、华南贸易网络连接起来，具有突出的PEM语境不可替代性。,组内代表性次位：钱纳利画家地位与肖像品质很高，但相较香港城市景观，其对PEM华南外销及海事主线的概括性和独特补位略弱。,
467,Portrait of Henry Hoolulu Pitman,,,,object,夏威夷与波利尼西亚人物肖像,1,7,8,7,7,8,0,7,9,9,8.000,7.500,,A,变,Core 7.500 落在 7.2–8.49,medium,1800年前后的Henry Hoolulu Pitman肖像可连接夏威夷人物史与跨太平洋交流，符合PEM大洋洲收藏的核心方向。,组内唯一对象，作为19世纪夏威夷人物肖像代表，具有较高的类别典范性、唯一性及对本馆太平洋文明叙事的补位价值。,
