seq,名称EN,名称CN,当前Tier,Core,完备度,Tier可信度,潜在区间,研究优先级,需复核,复核原因,去推断后仍成立,最关键缺失证据,建议研究问题,缺失证据全部,12项判定
1,Self‑Portrait Dedicated to Paul Gauguin,献给高更的自画像,S,9.715,53.6,high,S,0.93,,,否,缺梵高博物馆或权威作品目录对题铭释读及本作在1888年自画像序列中位置的说明。,哈佛对象页与梵高博物馆作品目录如何释读本作题铭，并将其置于1888年梵高自画像序列中的什么位置？,缺梵高博物馆或权威作品目录对题铭释读及本作在1888年自画像序列中位置的说明。；缺哈佛官方对象页对尺寸、完整媒材结构、题铭和高清图像的记录。；缺早期所有者至Maurice Wertheim及哈佛入藏的完整来源链。；缺哈佛对本作在Wertheim收藏、重点路线或教学活动中地位的官方说明。,basic_identification=full date_period=partial maker_culture=full historical_significance=partial artistic_significance=partial rarity_uniqueness=partial institutional_identity=partial category_representativeness=partial cultural_educational=partial provenance_acquisition=partial visual_experiential=partial relational_spatial=na
2,Gare Saint‑Lazare: Arrival of a Train,圣拉扎尔火车站：列车进站,S,9.522,50.0,high,S,1.00,,,否,缺Wildenstein莫奈作品目录中的条目编号、创作次序及与系列其他画幅的版本关系。,Wildenstein目录如何编号本作，它在1877年圣拉扎尔系列中的创作次序和尺寸排名分别是什么？,缺Wildenstein莫奈作品目录中的条目编号、创作次序及与系列其他画幅的版本关系。；缺全套圣拉扎尔系列的可靠尺寸表，以核实“系列最大画幅”。；缺哈佛官方对象页对标准题名、签名、尺寸和完整媒材的确认。；缺早期所有者、Wertheim购藏及哈佛入藏的完整来源记录。；缺哈佛对本作在Wertheim收藏和重点参观路线中地位的官方说明。,basic_identification=partial date_period=partial maker_culture=partial historical_significance=partial artistic_significance=partial rarity_uniqueness=partial institutional_identity=partial category_representativeness=partial cultural_educational=partial provenance_acquisition=partial visual_experiential=partial relational_spatial=na
3,Mother and Child,母与子,S,8.831,50.0,low,C–S,5.00,是,作者亲笔归属与蓝色时期定位均未获权威来源确认，答案不同可能显著改变当前层级。,否,缺哈佛官方对象记录及权威目录对Pablo Picasso亲笔归属的确认。,哈佛对象页与Zervos目录是否将登录号1951.57确认为毕加索1901年亲笔作品，并如何界定其蓝色时期位置？,缺哈佛官方对象记录对Pablo Picasso作者归属、标准题名、登录号和年代的确认。；缺Zervos目录或其他权威目录对亲笔性、1901年断代及蓝色时期归属的著录。；缺本作与毕加索其他蓝色时期母子题材作品的质量比较及生涯定位。；缺早期来源、Wertheim购藏或遗赠环节及哈佛入藏记录。；缺哈佛将本作列为Wertheim收藏或现代艺术核心作品的官方记录。,basic_identification=partial date_period=partial maker_culture=partial historical_significance=partial artistic_significance=partial rarity_uniqueness=partial institutional_identity=partial category_representativeness=partial cultural_educational=partial provenance_acquisition=partial visual_experiential=partial relational_spatial=na
4,Bernini Angel with the Scourge terracotta bozzetto,贝尔尼尼：持鞭天使 陶土模型,S,8.658,43.5,low,C–S,5.65,是,亲笔性、年代及对应项目均未获权威确认，简介中的项目归属也需要专项核验。,否,缺权威目录对贝尔尼尼亲笔性及对应终作、确切委托项目的确认。,哈佛对象页和贝尔尼尼权威目录如何归属这件《持鞭天使》小稿，它对应哪件终作与哪项委托？,缺哈佛官方记录中的登录号、标准题名、年代及对Gian Lorenzo Bernini归属的意见。；缺贝尔尼尼权威目录对亲笔性、对应终作及确切委托项目的确认。；缺相关存世小稿数量、版本关系及该件在哈佛bozzetti群中的比较。；缺该件早期所有者、交易与哈佛入藏记录。；缺Straus修复研究中心对泥料、塑造痕迹和烧制状态的技术报告。,basic_identification=partial date_period=none maker_culture=partial historical_significance=partial artistic_significance=partial rarity_uniqueness=partial institutional_identity=partial category_representativeness=partial cultural_educational=partial provenance_acquisition=none visual_experiential=partial relational_spatial=partial
5,Odalisque with a Slave,宫女与奴隶,S,9.174,48.4,low,C–S,5.16,是,当前S级依赖安格尔亲笔、重要版本及Winthrop核心地位，但三项均缺权威资料。,否,缺安格尔权威作品目录对亲笔性及具体版本关系的确认。,哈佛对象页与安格尔权威目录如何著录《宫女与奴隶》，其亲笔性、年代及与其他版本的关系是什么？,缺哈佛官方对象记录对登录号、标准题名、年代和Jean-Auguste-Dominique Ingres作者归属的确认。；缺安格尔权威作品目录对亲笔性、具体版本、相关习作及其他版本关系的著录。；缺学术出版对本作在安格尔生涯及十九世纪东方主义绘画中的位置说明。；缺完整来源链、Winthrop购藏记录及遗赠档案。；缺哈佛将本作列为Winthrop收藏或十九世纪绘画代表作的官方记录。,basic_identification=partial date_period=none maker_culture=partial historical_significance=partial artistic_significance=partial rarity_uniqueness=partial institutional_identity=partial category_representativeness=partial cultural_educational=partial provenance_acquisition=partial visual_experiential=partial relational_spatial=na
6,Summer Scene (Bathers),夏日（沐浴少年）,S,9.013,48.4,low,B–S,5.16,是,当前层级依赖未经权威来源确认的生涯高峰与枢纽作品论断，核实结果可能使层级明显变化。,否,缺巴齐耶权威作品目录对亲笔性及其生涯高峰地位的说明。,哈佛对象页和巴齐耶权威目录如何著录《夏日》，并将它置于其大型人物画和短暂生涯中的什么位置？,缺哈佛官方对象记录对登录号、年代、尺寸及Frédéric Bazille作者归属的确认。；缺巴齐耶权威作品目录对亲笔性及本作在其短暂生涯中位置的说明。；缺与巴齐耶其他大型人物画及早期印象派群像作品的具体比较。；缺本作进入Wertheim收藏及随后入藏哈佛的完整记录。；缺哈佛是否将本作列为馆藏代表作或重点教学对象的官方说明。,basic_identification=partial date_period=none maker_culture=partial historical_significance=partial artistic_significance=partial rarity_uniqueness=partial institutional_identity=partial category_representativeness=partial cultural_educational=partial provenance_acquisition=partial visual_experiential=partial relational_spatial=na
7,"Eleven‑Headed Guanyin Hanging Scroll, dated 985CE",北宋985年十一面观音绢本挂轴,S,8.887,50.0,low,C–S,5.00,是,明确纪年、敦煌来源和稀有性均未被权威资料确认，而三者共同构成当前层级的主要依据。,否,缺权威铭文释读和科学检测对985年纪年及原始性的确认。,哈佛对象页及相关学术出版如何释读本作铭文，985年纪年依据是什么，科学检测是否确认画绢与颜料的原始性？,缺哈佛官方记录中的登录号、铭文全文、尺寸、材质层次和保存状态。；缺权威铭文释读及科学检测，以确认985年纪年和各组成部分的原始性。；缺从敦煌具体地点、早期流传至哈佛入藏的可靠来源链。；缺有明确纪年的十世纪中国佛教绢画存世数量、收藏地点及同类比较。；缺哈佛对本作在Sackler亚洲收藏及实际教学中的官方说明。,basic_identification=partial date_period=partial maker_culture=partial historical_significance=partial artistic_significance=partial rarity_uniqueness=partial institutional_identity=partial category_representativeness=partial cultural_educational=partial provenance_acquisition=partial visual_experiential=partial relational_spatial=na
8,Sui‑Dynasty Stone Guanyin Standing Statue,隋代石雕观音立像,A,8.856,50.0,low,C–S,5.00,是,断年、地域及残彩原始性均可能改变作品的历史与艺术重要性，故应进入人工核验。,否,缺哈佛官方记录对隋代断年、地域归属及残存表面性质的确认。,哈佛对象页及Straus中心检测是否确认该像的隋代断年、北方地域归属，以及金彩和颜料中哪些属于原始表面？,缺哈佛官方记录对登录号、具体年代、地域归属及图像学名称的确认。；缺石材、颜料和鎏金检测，以区分原始表面、修复材料与后期添加。；缺与有可靠出土地或题记的隋代观音石像比较，以及存世数量资料。；缺入藏前来源、Winthrop购藏时间与遗赠档案的完整记录。；缺哈佛对该像在中国佛教雕塑收藏中地位的官方说明。,basic_identification=partial date_period=partial maker_culture=partial historical_significance=partial artistic_significance=partial rarity_uniqueness=partial institutional_identity=partial category_representativeness=partial cultural_educational=partial provenance_acquisition=partial visual_experiential=partial relational_spatial=na
9,Tang‑Dynasty Painted Clay Bodhisattva (Dunhuang),唐代敦煌彩绘泥塑供养菩萨,S,9.133,48.0,low,C–S,5.20,是,洞窟来源、唐代原始性与完整程度均未确认；任一结果不同都可能显著改变当前层级。,否,缺具体洞窟来源、原始位置及技术检测对唐代原始性的确认。,哈佛入藏档案能否确定该菩萨的莫高窟洞窟号和原位，Straus中心检测又确认了多少唐代原始泥塑与颜料？,缺哈佛官方记录中的登录号、尺寸、材料结构、断代依据、保存状态和修复比例。；缺具体洞窟编号、原始位置、移取者、移取时间及进入哈佛的完整档案链。；缺技术检测以确认泥塑、颜料及各组成部分的年代和原始性。；缺中国境外敦煌彩绘泥塑的存世数量、完整程度及同类馆藏比较。；缺哈佛对该件移取史、收藏伦理和实际教学使用的官方阐释。,basic_identification=partial date_period=partial maker_culture=partial historical_significance=partial artistic_significance=partial rarity_uniqueness=partial institutional_identity=partial category_representativeness=partial cultural_educational=partial provenance_acquisition=partial visual_experiential=partial relational_spatial=none
10,Mogao Cave 320 Mural Fragments,莫高窟320窟壁画残片,A,8.176,46.5,low,C–S,5.35,是,320窟归属与移取史是当前层级核心却未有档案支撑，且date_text明显混淆制作年与移取年。,否,缺沃纳原始档案对残片确属320窟及其原墙位置的证明。,Langdon Warner的1924年考察档案和移取前照片能否把哈佛各残片逐块对应到莫高窟320窟的具体墙面位置？,缺每块残片的登录号、数量、尺寸、图像内容、保存状态及当前组合方式。；缺壁画制作年代的权威断代，并须与1924年移取日期分字段记录。；缺Langdon Warner考察原始记录对320窟来源、移取过程和哈佛入藏的证明。；缺320窟原墙坐标、相邻图像、移取前照片及残片对应关系。；缺哈佛对残片修复、移取伦理、展示方式及实际教学使用的官方说明。,basic_identification=partial date_period=none maker_culture=partial historical_significance=partial artistic_significance=partial rarity_uniqueness=partial institutional_identity=partial category_representativeness=partial cultural_educational=partial provenance_acquisition=partial visual_experiential=partial relational_spatial=none
11,"Bronze Owl Zun, Shang Dynasty",商代青铜鸮尊,S,9.351,50.0,low,C–S,5.00,是,真伪、断代、器形和稀见性均未经权威确认，任何一项不同都可能显著改变当前层级。,否,缺权威青铜器目录对真伪、商代断年及鸮尊器形的确认。,哈佛对象页与权威商周青铜器目录是否确认该器为商代鸮尊，其铭文、铸造技术及可靠同类存世例有哪些？,缺哈佛官方记录中的登录号、尺寸、重量、具体断代、铭文及材质分析。；缺权威商周青铜器目录对真伪、器形名称、年代和礼仪功能的著录。；缺鸮形尊存世数量、可靠出土例及国内外馆藏比较。；缺入藏前来源、Winthrop购藏过程及遗赠记录。；缺哈佛将该件列为Winthrop中国青铜代表作或馆藏视觉标志的官方说明。,basic_identification=partial date_period=partial maker_culture=partial historical_significance=partial artistic_significance=partial rarity_uniqueness=partial institutional_identity=partial category_representativeness=partial cultural_educational=partial provenance_acquisition=partial visual_experiential=partial relational_spatial=na
12,"Botticelli, Madonna and Child with Angels",波提切利：圣母子与天使,A,8.511,44.8,low,C–A,4.14,是,亲笔归属是当前A级的核心依据但尚无权威支撑；工作室或后世归属会直接影响层级。,否,缺权威作品目录对波提切利亲笔或工作室参与的确认。,哈佛对象页和波提切利权威作品目录如何归属《圣母子与天使》，是否确认亲笔，还是记录有工作室参与？,缺哈佛官方记录中的登录号、标准题名、具体年代、媒材结构及Sandro Botticelli归属意见。；缺波提切利权威作品目录对亲笔、工作室参与及具体目录条目的确认。；缺与波提切利及其工作室其他圣母子木板画的质量、年代和图式比较。；缺完整来源链、入藏方式及历次归属意见变化记录。；缺哈佛对本作在意大利文艺复兴收藏中地位的官方说明。,basic_identification=partial date_period=partial maker_culture=partial historical_significance=partial artistic_significance=partial rarity_uniqueness=partial institutional_identity=partial category_representativeness=partial cultural_educational=partial provenance_acquisition=none visual_experiential=partial relational_spatial=na
13,"Fra Angelico, Christ on the Cross with Saints",安杰利科：十字架上的基督与诸圣,A,8.306,44.8,low,C–A,4.14,是,亲笔归属和“北美最佳”均是当前定级的核心依据，但都没有可靠来源支撑。,否,缺哈佛官方藏品记录确认登录号、规范题名、年代及安杰利科归属,哈佛藏品库与安杰利科权威作品目录是否著录此题名木板画，其登录号、年代、亲笔归属、原祭坛位置及“北美最佳”的跨馆比较依据分别是什么？,缺哈佛官方藏品记录确认登录号、规范题名、年代及安杰利科归属；缺权威作品目录对该板画及其原祭坛位置的著录；缺北美各馆安杰利科祭坛画的数量、归属与质量比较，以验证“北美最佳”；缺历次所有权、交易及哈佛入藏文件,basic_identification=partial date_period=partial maker_culture=partial historical_significance=partial artistic_significance=partial rarity_uniqueness=partial institutional_identity=partial category_representativeness=partial cultural_educational=partial provenance_acquisition=none visual_experiential=partial relational_spatial=na
14,"Rembrandt, Bust of an Old Man",伦勃朗：老者胸像,A,7.823,44.8,low,C–A,4.14,是,亲笔归属是当前A的主要前提，而现有资料无法排除工作室或其他归属。,否,缺哈佛官方记录及伦勃朗权威目录对亲笔、工作室或其他归属的结论,哈佛官方记录与伦勃朗权威作品目录如何归属《老者胸像》，其橡木板年轮、红外和X射线检测是否支持早期伦勃朗亲笔？,缺哈佛官方记录及伦勃朗权威目录对亲笔、工作室或其他归属的结论；缺橡木板年轮、颜料、红外与X射线检测结果，以检验年代和归属；缺该作在伦勃朗早期人物画中的位置及质量评价；缺完整所有权、展览、交易及哈佛入藏记录,basic_identification=partial date_period=partial maker_culture=partial historical_significance=partial artistic_significance=partial rarity_uniqueness=partial institutional_identity=partial category_representativeness=partial cultural_educational=partial provenance_acquisition=none visual_experiential=partial relational_spatial=na
15,"Rubens, Neptune Calming the Tempest",鲁本斯：尼普顿平息风暴,A,7.909,44.8,low,C–A,4.14,是,亲笔性及与最终项目的关系直接支撑当前定级，但两项均未得到可靠资料确认。,否,缺哈佛官方记录及鲁本斯权威全集对该草稿亲笔性的确认,哈佛藏品记录和鲁本斯权威全集是否将《尼普顿平息风暴》列为亲笔油画草稿，它对应哪件成画或委托项目，并有哪些可比草稿？,缺哈佛官方记录及鲁本斯权威全集对该草稿亲笔性的确认；缺该草稿与最终绘画、委托项目及其他版本关系的研究；缺鲁本斯同类油画草稿的存世数量与质量比较；缺完整来源、展览史及哈佛入藏文件,basic_identification=partial date_period=partial maker_culture=partial historical_significance=partial artistic_significance=partial rarity_uniqueness=partial institutional_identity=partial category_representativeness=partial cultural_educational=partial provenance_acquisition=none visual_experiential=partial relational_spatial=na
16,"Winslow Homer, Pitching Quoits",温斯洛·霍默：投环游戏,A,7.888,50.0,medium,B–A,2.62,是,对象身份较稳定，但内战语境和作品生涯位置仍可能改变A与相邻层级的判断。,否,缺霍默权威作品目录对该作在其内战题材与创作转型中的定位,霍默权威作品目录和哈佛研究资料如何定位登录号1940.298，它是否被确认与1865年联邦军生活相关，并被视为霍默内战题材或创作转型的重要作品？,缺霍默权威作品目录对该作在其内战题材与创作转型中的定位；缺档案资料确认画中人物、地点及与1865年军事背景的具体关系；缺来源、早期展览、出版及哈佛入藏记录；缺哈佛与馆内其他美国历史题材绘画的馆藏角色比较,basic_identification=full date_period=full maker_culture=full historical_significance=partial artistic_significance=partial rarity_uniqueness=partial institutional_identity=partial category_representativeness=partial cultural_educational=partial provenance_acquisition=none visual_experiential=partial relational_spatial=na
17,"John Singer Sargent, Mrs. Fiske Warren and her Daughter",萨金特：菲斯克·沃伦夫人与女儿,A,8.576,50.0,low,C–A,3.75,是,对象可能与波士顿美术馆藏同名成画混淆，连哈佛对象的性质和归属都未确定。,否,缺资料确认哈佛对象是原作、习作、相关版本、复制品还是误录,哈佛和波士顿美术馆的官方记录及萨金特权威目录分别著录了哪些《菲斯克·沃伦夫人与女儿》对象，哈佛所涉对象究竟是成画、习作、相关版本、复制品还是误录？,缺哈佛与波士顿美术馆官方记录对同名对象的登录号、尺寸、年代及现藏归属核对；缺资料确认哈佛对象是原作、习作、相关版本、复制品还是误录；缺萨金特权威作品目录对哈佛对象的独立著录；缺温思罗普遗赠清单及对应入藏文件,basic_identification=partial date_period=partial maker_culture=partial historical_significance=partial artistic_significance=partial rarity_uniqueness=partial institutional_identity=partial category_representativeness=partial cultural_educational=partial provenance_acquisition=partial visual_experiential=partial relational_spatial=na
18,"Kandinsky, Improvisation 30 (Cannons)",康定斯基：即兴30（大炮）,A,9.334,44.8,low,C–S,5.52,是,原作通常被指向芝加哥，哈佛是否存在对应对象及其类型尚未确认，可能导致潜在等级大幅变化。,否,缺资料确认哈佛是否收藏原作、相关习作、版画、复制品或无此对象,哈佛与芝加哥艺术学院的官方藏品库及康定斯基权威目录如何著录《即兴30（大炮）》，哈佛究竟收藏原作、相关习作、版画、复制品，还是没有对应对象？,缺哈佛与芝加哥艺术学院官方记录对《即兴30》原作的登录号、尺寸、媒材及现藏归属核对；缺资料确认哈佛是否收藏原作、相关习作、版画、复制品或无此对象；缺康定斯基权威作品目录对具体对象、年代、媒材和系列位置的著录；缺学术文献验证其作为战前抽象及战争主题关键节点的地位,basic_identification=partial date_period=partial maker_culture=partial historical_significance=partial artistic_significance=partial rarity_uniqueness=partial institutional_identity=partial category_representativeness=partial cultural_educational=partial provenance_acquisition=none visual_experiential=partial relational_spatial=na
19,"Paul Klee, Twittering Machine",保罗·克利：啾啾鸣叫的机器,A,9.247,44.8,low,C–S,5.52,是,名作通常归属纽约现代艺术博物馆，哈佛对象的存在和性质尚未确认。,否,缺资料确认哈佛对象为原作、相关纸本、复制品、出版物图像或误录,哈佛与纽约现代艺术博物馆的官方藏品库及克利权威目录如何著录《啾啾鸣叫的机器》，哈佛相关条目究竟指原作、相关纸本、复制品、出版物图像还是误录？,缺哈佛与纽约现代艺术博物馆官方记录对原作登录号、尺寸、媒材及现藏归属的核对；缺资料确认哈佛对象为原作、相关纸本、复制品、出版物图像或误录；缺克利权威作品目录对具体对象、年代和媒材的著录；缺展览、出版与传播史资料验证其全球图像知名度,basic_identification=partial date_period=partial maker_culture=partial historical_significance=partial artistic_significance=partial rarity_uniqueness=partial institutional_identity=partial category_representativeness=partial cultural_educational=partial provenance_acquisition=none visual_experiential=partial relational_spatial=na
20,"Munch, Two Human Beings (The Lonely Ones)",蒙克：两个人（孤独者）,A,8.889,50.0,low,C–A,3.75,是,具体版本及其相对重要性未确定，而这直接影响该对象能否支撑当前等级。,否,缺哈佛官方记录确认登录号2023.551对应对象的题名、年代、尺寸、媒材和具体版本,哈佛官方登录号2023.551对应的是《两个人（孤独者）》的哪一版本，蒙克权威目录如何确定其年代、媒材及其与油画和版画其他版本的相对地位？,缺哈佛官方记录确认登录号2023.551对应对象的题名、年代、尺寸、媒材和具体版本；缺蒙克权威作品目录对该油画与版画及其他绘画版本关系的著录；缺各版本年代先后、存世数量及相对重要性的比较；缺施特劳斯遗赠清单及该作进入哈佛的具体文件,basic_identification=partial date_period=partial maker_culture=partial historical_significance=partial artistic_significance=partial rarity_uniqueness=partial institutional_identity=partial category_representativeness=partial cultural_educational=partial provenance_acquisition=partial visual_experiential=partial relational_spatial=na
21,"Ingres, Jupiter and Thetis",安格尔：朱庇特与忒提斯,A,8.999,50.0,low,C–A,3.75,是,哈佛对象的类型和归属未确定，可能与格拉内博物馆原作发生混淆。,否,缺资料确认哈佛对象为原作、习作、复制品或其他关联版本,哈佛、格拉内博物馆官方记录和安格尔权威目录分别著录了哪些《朱庇特与忒提斯》，哈佛对象究竟是原作、油画习作、复制品还是其他关联版本？,缺哈佛与格拉内博物馆官方记录对同题对象的登录号、尺寸、媒材及现藏归属核对；缺资料确认哈佛对象为原作、习作、复制品或其他关联版本；缺安格尔权威作品目录对哈佛对象年代、媒材和性质的独立著录；缺温思罗普遗赠清单、历次来源及哈佛入藏文件,basic_identification=partial date_period=partial maker_culture=partial historical_significance=partial artistic_significance=partial rarity_uniqueness=partial institutional_identity=partial category_representativeness=partial cultural_educational=partial provenance_acquisition=partial visual_experiential=partial relational_spatial=na
22,"Degas, Little Dancer Aged Fourteen (bronze cast)",德加：十四岁小舞者（青铜铸）,A,8.453,50.0,low,C–A,3.75,是,具体铸件的版次、授权与铸造品质未知，而这些事实直接决定单件的重要性。,否,缺该件在身后青铜版次中的编号、授权状态及铸造历史,哈佛这件《十四岁小舞者》的登录号、铸造年代、铸造厂、版次编号与授权依据是什么，它在其他博物馆身后铸件及原始蜡像的比较中处于何种位置？,缺哈佛官方记录中的登录号、铸造日期、尺寸、铸造厂、版次与铸印；缺该件在身后青铜版次中的编号、授权状态及铸造历史；缺与其他馆藏铸件及原始蜡像的年代、品质和稀缺性比较；缺该件历次来源、韦特海姆关联及哈佛入藏文件；缺实物全图、铸印细节、表面状况及配件完整性资料,basic_identification=partial date_period=partial maker_culture=partial historical_significance=partial artistic_significance=partial rarity_uniqueness=partial institutional_identity=partial category_representativeness=partial cultural_educational=partial provenance_acquisition=partial visual_experiential=partial relational_spatial=na
23,"Cézanne, Still‑Life with Apples",塞尚：苹果静物,A,8.827,50.0,low,C–A,3.75,是,通用题名尚未对应到具体馆藏对象，作者归属和作品生涯位置也未获确认。,否,缺哈佛官方记录确认登录号、规范题名、年代、尺寸及塞尚归属,哈佛藏品库中哪一件登录对象对应《塞尚：苹果静物》，其登录号、年代、尺寸和权威作品目录编号是什么，该作在塞尚静物画中被如何评价？,缺哈佛官方记录确认登录号、规范题名、年代、尺寸及塞尚归属；缺塞尚权威作品目录对这件具体苹果静物的对应条目；缺该作在塞尚静物画生涯中的位置及与同题作品的质量比较；缺哈佛将该作列为核心、代表作或重点教学对象的官方证据；缺韦特海姆收藏来源、遗赠清单及哈佛入藏文件,basic_identification=partial date_period=partial maker_culture=partial historical_significance=partial artistic_significance=partial rarity_uniqueness=partial institutional_identity=partial category_representativeness=partial cultural_educational=partial provenance_acquisition=partial visual_experiential=partial relational_spatial=na
24,"Maruyama Ōkyo, Peacock and Peonies",圆山应举：孔雀牡丹图,A,8.765,50.0,low,C–A,3.75,是,圆山应举归属及该作在同题作品中的地位直接支撑当前等级，但均缺可靠证据。,否,缺款识、印章、箱书及权威鉴定资料确认圆山应举归属,哈佛官方记录和日本绘画权威图录如何著录《孔雀牡丹图》，其款识、印章、箱书与鉴定意见是否确认圆山应举亲笔，并如何评价它与其他同题作品的关系？,缺哈佛官方记录确认登录号、日文题名、年代、尺寸、格式、材质及作者归属；缺款识、印章、箱书及权威鉴定资料确认圆山应举归属；缺学术图录对该作写生方法、西方影响及圆山派地位的论证；缺与应举其他孔雀牡丹题材作品及哈佛江户绘画的质量比较；缺范伯格收藏来源、历次所有权及哈佛入藏记录；缺完整图像、装裱状态、保存状况及轮换展出信息,basic_identification=partial date_period=partial maker_culture=partial historical_significance=partial artistic_significance=partial rarity_uniqueness=partial institutional_identity=partial category_representativeness=partial cultural_educational=partial provenance_acquisition=partial visual_experiential=partial relational_spatial=na
25,Folding Screen: Portuguese Trading Ship Arrives in Japan,葡萄牙商船抵日六曲屏风,A,8.343,37.0,low,C–S,6.30,是,年代、作坊和版本地位均未获权威确认，答案不同可能显著改变其等级依据。,否,缺HAM官方登录记录确认本件的登录号、标准题名、年代及作者或作坊。,请核对HAM藏品库与范伯格收藏图录：该六曲屏的登录号、年代、作者或作坊为何，在南蛮屏风现存版本中处于什么位置？,缺HAM官方登录记录确认本件的登录号、标准题名、年代及作者或作坊。；缺南蛮屏风存世版本、谱系分组及本件质量比较。；缺馆方将本件列为日本艺术代表作或实际教学对象的记录。；缺可靠的来源、入藏经过及其与范伯格收藏的具体关系。,basic_identification=partial date_period=partial maker_culture=partial historical_significance=partial artistic_significance=partial rarity_uniqueness=none institutional_identity=partial category_representativeness=partial cultural_educational=partial provenance_acquisition=none visual_experiential=partial relational_spatial=na
26,"Gauguin, Where Do We Come From sketch study",高更：我们从何处来 习作,A,8.124,35.4,low,C–S,6.46,是,作为直接准备稿的身份是现有等级核心，却没有外部权威资料支撑。,否,缺HAM登录记录及高更作品总目录确认作者、年代，并确认其为《我们从何处来》的直接油彩准备稿。,HAM登录记录和高更作品总目录是否把本件认定为《我们从何处来》的直接油彩准备稿，其编号、年代及与其他构图稿的先后关系为何？,缺HAM登录记录及高更作品总目录确认作者、年代，并确认其为《我们从何处来》的直接油彩准备稿。；缺终作相关油画稿、素描与构图变体的完整清单及版本比较。；缺红外、X射线或颜料研究对本件与终作制作关系的检验。；缺可靠来源、韦特海姆收藏归属及具体入藏经过。,basic_identification=partial date_period=none maker_culture=partial historical_significance=partial artistic_significance=partial rarity_uniqueness=none institutional_identity=partial category_representativeness=partial cultural_educational=partial provenance_acquisition=none visual_experiential=partial relational_spatial=na
27,"Calder, Little Blue under Red",考尔德：红下之小蓝,A,7.234,29.2,low,C–A,5.31,是,早期性、类型和创作史地位均未确认，而这些是当前等级的主要依据。,否,缺HAM登录记录与考尔德作品总目录确认登录号、准确年代、作者及立式稳定雕塑分类。,请核对HAM藏品库和考尔德作品总目录：《红下之小蓝》的准确年代、目录编号及类型是什么，是否被学术文献视为立式稳定雕塑发展的关键早期作品？,缺HAM登录记录与考尔德作品总目录确认登录号、准确年代、作者及立式稳定雕塑分类。；缺本件在考尔德创作生涯及稳定雕塑发展史中的具体位置和比较。；缺尺寸、连接结构、活动机制及多角度图像，以核实其视觉与空间表现。；缺可靠来源、入藏经过及历次所有权记录。,basic_identification=partial date_period=partial maker_culture=partial historical_significance=partial artistic_significance=partial rarity_uniqueness=none institutional_identity=none category_representativeness=partial cultural_educational=partial provenance_acquisition=none visual_experiential=partial relational_spatial=na
28,Shang‑Zhou Ritual Bronze Gui Vessel,商周青铜簋,A,8.418,37.0,low,C–S,6.30,是,连具体器物身份、真伪和断代都未确认，现有资料无法稳定支撑当前等级。,否,缺真伪意见、铭文释读、铸造技术、合金分析及保存状况记录。,请查HAM藏品库、温斯罗普遗赠图录及中国青铜器研究资料：这件簋的登录号、精确断代、铭文和真伪意见为何，在同型器中质量与稀缺性如何？,缺HAM官方登录记录确认登录号、精确断代、地域、尺寸及具体簋型。；缺真伪意见、铭文释读、铸造技术、合金分析及保存状况记录。；缺同型青铜簋的存世数量及与哈佛其他商周礼器的质量比较。；缺其确属温斯罗普遗赠的直接记录及相关入藏文件。,basic_identification=partial date_period=partial maker_culture=partial historical_significance=partial artistic_significance=partial rarity_uniqueness=none institutional_identity=partial category_representativeness=partial cultural_educational=partial provenance_acquisition=none visual_experiential=partial relational_spatial=na
29,"Manet, The Street Singer",马奈：街头歌女,S,8.749,35.4,low,C–S,6.46,是,馆藏归属和标准对象身份本身尚未获权威确认，可能直接推翻当前最高等级的依据。,否,缺HAM官方记录确认《街头歌女》是否为本馆藏品，并给出登录号、年代、媒材、尺寸及作者著录。,HAM藏品库与马奈作品总目录是否著录一件本馆收藏的《街头歌女》；若是，其登录号、标准题名、年代和馆方代表作地位为何？,缺HAM官方记录确认《街头歌女》是否为本馆藏品，并给出登录号、年代、媒材、尺寸及作者著录。；缺马奈作品总目录及对象级研究对其创作生涯位置、展览史和批评接受的确认。；缺HAM将本件列为代表作、必看作品或韦特海姆展陈核心的公开记录。；缺可靠来源、韦特海姆收藏归属及具体入藏经过。,basic_identification=partial date_period=none maker_culture=partial historical_significance=partial artistic_significance=partial rarity_uniqueness=none institutional_identity=partial category_representativeness=partial cultural_educational=partial provenance_acquisition=none visual_experiential=partial relational_spatial=na
30,"Renoir, Portrait of Victor Chocquet",雷诺阿：维克多·肖凯肖像,A,8.205,35.4,low,C–S,6.46,是,画中人和版本身份未经确认，可能改变其历史关联、稀缺性和现有等级依据。,否,缺HAM登录记录及雷诺阿作品总目录确认登录号、年代、作者、画中人身份和具体版本。,请核对HAM藏品库与雷诺阿作品总目录：本件的登录号、年代和版本为何，肖凯身份如何确认，与其他肖凯肖像相比质量及艺术史地位如何？,缺HAM登录记录及雷诺阿作品总目录确认登录号、年代、作者、画中人身份和具体版本。；缺雷诺阿所作肖凯肖像的存世清单、版本关系及本件质量比较。；缺可靠学术文献确认肖凯身份及其与塞尚和印象派社群的具体赞助关系。；缺可靠来源、韦特海姆收藏归属及具体入藏经过。,basic_identification=partial date_period=none maker_culture=partial historical_significance=partial artistic_significance=partial rarity_uniqueness=none institutional_identity=partial category_representativeness=partial cultural_educational=partial provenance_acquisition=none visual_experiential=partial relational_spatial=na
31,"Van Gogh, Snow‑Covered Field with a Harrow",梵高：带耙的雪地,A,7.984,37.0,low,C–S,6.30,是,欧韦晚期及生命最后阶段的定位是当前等级支点，但尚无权威对象记录确认。,否,缺HAM官方记录及梵高作品目录的F/JH编号，以确认登录号、准确日期、作者和欧韦题材。,请核对HAM藏品库与梵高作品目录：本件的登录号、F/JH编号、准确日期和作画地点为何，学界如何评价它在欧韦时期作品中的位置？,缺HAM官方记录及梵高作品目录的F/JH编号，以确认登录号、准确日期、作者和欧韦题材。；缺本件在梵高欧韦风景及生命最后阶段作品中的位置和质量比较。；缺HAM对本件馆藏地位及其与《献给高更的自画像》优先级关系的说明。；缺可靠来源、韦特海姆收藏归属及具体入藏经过。,basic_identification=partial date_period=partial maker_culture=partial historical_significance=partial artistic_significance=partial rarity_uniqueness=none institutional_identity=partial category_representativeness=partial cultural_educational=partial provenance_acquisition=none visual_experiential=partial relational_spatial=na
32,"Monet, Charing‑Cross Bridge, Fog",莫奈：查令十字桥，雾中,A,8.549,37.0,medium,B–S,6.30,是,虽有外部登录号线索，但馆方对象匹配和系列版本地位仍属影响等级的未决事实。,否,缺HAM官方对象记录确认登录号1979.329与本题名、作者、日期和媒材的匹配。,HAM登录号1979.329的官方题名、日期和莫奈总目录编号为何；它在查令十字桥系列的存世版本中处于什么质量和馆藏地位？,缺HAM官方对象记录确认登录号1979.329与本题名、作者、日期和媒材的匹配。；缺莫奈作品总目录编号及本件在查令十字桥系列中的具体版本定位。；缺该系列存世数量及本件在构图、光色和质量方面的比较。；缺可靠来源、入藏经过及历次所有权记录。,basic_identification=partial date_period=partial maker_culture=partial historical_significance=partial artistic_significance=partial rarity_uniqueness=none institutional_identity=partial category_representativeness=partial cultural_educational=partial provenance_acquisition=none visual_experiential=partial relational_spatial=na
33,"Cézanne, Small Houses at Pontoise",塞尚：蓬图瓦兹小屋,A,7.599,37.0,low,C–A,4.73,是,作者和对象身份尚无馆方记录，创作阶段与重要性论断也未获学术资料支撑。,否,缺HAM官方记录确认作者、登录号、标准题名、媒材、尺寸和准确年代。,请核对HAM藏品库和塞尚作品总目录：《蓬图瓦兹小屋》的登录号、准确年代及目录编号为何，学界是否把它视为塞尚结构化空间发展的重要实例？,缺HAM官方记录确认作者、登录号、标准题名、媒材、尺寸和准确年代。；缺塞尚作品总目录编号及其所属蓬图瓦兹创作阶段的确认。；缺对象级研究说明本件建筑体量探索的创作史位置，并与其他蓬图瓦兹风景比较。；缺可靠来源、韦特海姆收藏归属及具体入藏经过。,basic_identification=partial date_period=partial maker_culture=partial historical_significance=partial artistic_significance=partial rarity_uniqueness=none institutional_identity=partial category_representativeness=partial cultural_educational=partial provenance_acquisition=none visual_experiential=partial relational_spatial=na
34,"Matisse, Still‑Life with Oranges",马蒂斯：橙子静物,A,7.581,35.4,low,C–A,4.84,是,缺具体年代、总目录身份和比较材料，现有一般性风格描述不足以稳定支撑当前等级。,否,缺HAM登录记录及马蒂斯作品总目录确认登录号、准确年代、作者、媒材、尺寸和真伪著录。,HAM藏品库和马蒂斯作品总目录如何著录《橙子静物》的登录号与年代；它与马蒂斯其他橙子静物相比，在色彩和平面化发展中处于什么位置？,缺HAM登录记录及马蒂斯作品总目录确认登录号、准确年代、作者、媒材、尺寸和真伪著录。；缺其在马蒂斯色彩、平面化和装饰图式发展中的具体位置。；缺相近时期橙子静物的版本清单及本件质量比较。；缺可靠来源、韦特海姆收藏归属及具体入藏经过。,basic_identification=partial date_period=none maker_culture=partial historical_significance=partial artistic_significance=partial rarity_uniqueness=none institutional_identity=partial category_representativeness=partial cultural_educational=partial provenance_acquisition=none visual_experiential=partial relational_spatial=na
35,"Degas, Woman Combing her Hair",德加：梳发女子,A,7.700,35.4,low,C–A,4.84,是,具体对象和系列关系均未确认，而现有等级依赖其作为德加典型梳洗题材作品的地位。,否,缺HAM登录记录及德加作品总目录确认登录号、准确年代、媒材、尺寸、作者和具体对象身份。,请核对HAM藏品库与德加作品总目录：《梳发女子》的登录号、年代和媒材为何，它与德加其他梳发及沐浴题材作品属于何种系列或版本关系？,缺HAM登录记录及德加作品总目录确认登录号、准确年代、媒材、尺寸、作者和具体对象身份。；缺本件与德加其他梳发、沐浴及女性梳洗作品的系列和版本关系。；缺对象级学术研究评估其姿态、私密空间和性别观看议题的艺术史分量。；缺可靠来源、韦特海姆收藏归属及具体入藏经过。,basic_identification=partial date_period=none maker_culture=partial historical_significance=partial artistic_significance=partial rarity_uniqueness=none institutional_identity=partial category_representativeness=partial cultural_educational=partial provenance_acquisition=none visual_experiential=partial relational_spatial=na
36,"Renoir, Bather (Baigneuse)",雷诺阿：浴女（洗澡的女孩）,A,7.947,35.4,low,C–S,6.46,是,题名无法确定具体版本，且“馆藏核心”论断没有馆方证据；不同答案可能显著改变等级依据。,否,缺HAM登录记录及雷诺阿作品总目录确认登录号、准确年代、尺寸、媒材、作者及具体版本。,请核对HAM藏品库和雷诺阿作品总目录：本件《浴女》的登录号、年代和具体版本为何，在雷诺阿浴女序列中质量如何，HAM是否将其列为印象派收藏核心？,缺HAM登录记录及雷诺阿作品总目录确认登录号、准确年代、尺寸、媒材、作者及具体版本。；缺雷诺阿浴女作品的存世清单、年代序列、版本关系及本件质量比较。；缺HAM对本件在Fogg印象派收藏中的地位及其与肖凯肖像优先级的说明。；缺可靠来源、韦特海姆收藏归属及具体入藏经过。,basic_identification=partial date_period=none maker_culture=partial historical_significance=partial artistic_significance=partial rarity_uniqueness=none institutional_identity=partial category_representativeness=partial cultural_educational=partial provenance_acquisition=none visual_experiential=partial relational_spatial=na
37,"Whistler, Nocturne in Blue and Silver",惠斯勒：蓝银夜曲,A,7.727,42.2,high,A,2.51,,,否,缺哈佛官方对象页的尺寸、完整媒材与技术记录,检索哈佛馆藏号1943.176：馆方记录的完整题名、尺寸、媒材、来源及展览出版史是什么？,缺哈佛官方对象页的尺寸、完整媒材与技术记录；缺可靠的来源、入藏、重要展览与出版记录,basic_identification=full date_period=full maker_culture=full historical_significance=partial artistic_significance=partial rarity_uniqueness=none institutional_identity=partial category_representativeness=partial cultural_educational=partial provenance_acquisition=none visual_experiential=partial relational_spatial=na
38,"Thomas Eakins, Portrait of Professor Benjamin Rand",伊金斯：本杰明·兰德教授肖像,A,7.824,35.4,low,C–A,4.84,是,具体对象及馆藏身份未获权威确认；若作品归属或所指对象不同，Tier可能显著变化。,否,缺哈佛官方记录确认该肖像的馆藏号、归属与在藏状态,哈佛馆藏数据库是否收录伊金斯《本杰明·兰德教授肖像》？若收录，其馆号、年代、归属及作品目录编号是什么？,缺哈佛官方记录确认该肖像的馆藏号、归属与在藏状态；缺伊金斯作品目录对该作身份、年代及生涯位置的认定；缺本杰明·兰德身份及委托背景的权威资料；缺可靠的来源、入藏、展览与出版记录,basic_identification=partial date_period=none maker_culture=partial historical_significance=partial artistic_significance=partial rarity_uniqueness=none institutional_identity=partial category_representativeness=partial cultural_educational=partial provenance_acquisition=none visual_experiential=partial relational_spatial=na
39,"Gilbert Stuart, George Washington (Athenaeum type copy)",吉尔伯特·斯图尔特：华盛顿肖像（雅典娜版本摹本）,B,6.367,43.2,low,C–A,4.26,是,作品归属类型未定；不同答案会直接改变原创性、稀缺性及Tier依据。,,缺权威来源判定其为亲笔复本、工作室作品或后世摹本,哈佛官方记录及吉尔伯特·斯图尔特作品目录如何界定本件：亲笔复本、工作室作品还是后世摹本？,缺权威来源判定其为亲笔复本、工作室作品或后世摹本；缺具体年代及其与雅典娜原型关系的技术和目录证据；缺雅典娜型复本数量及本件稀缺性的比较资料；缺可靠的来源、入藏、展览与出版记录,basic_identification=partial date_period=none maker_culture=partial historical_significance=partial artistic_significance=partial rarity_uniqueness=partial institutional_identity=partial category_representativeness=partial cultural_educational=partial provenance_acquisition=none visual_experiential=partial relational_spatial=na
40,"Charles Willson Peale, Self‑Portrait",查尔斯·威尔森·皮尔：自画像,A,7.236,37.0,low,C–A,4.73,是,具体版本尚未锁定，且当前历史意义依赖未经核实的艺术家兼科学家图像解读。,否,缺哈佛馆号、年代与图像以区分具体自画像版本,哈佛所藏皮尔《自画像》的馆号、年代和图像是什么？皮尔作品目录将其列为哪一版本？,缺哈佛馆号、年代与图像以区分具体自画像版本；缺皮尔作品目录对该作版本关系及生涯位置的认定；缺图像学资料证明画面呈现其科学家或博物馆实践者身份；缺可靠的来源、入藏、展览与出版记录,basic_identification=partial date_period=partial maker_culture=partial historical_significance=partial artistic_significance=partial rarity_uniqueness=none institutional_identity=partial category_representativeness=partial cultural_educational=partial provenance_acquisition=none visual_experiential=partial relational_spatial=na
41,"Jacob Lawrence, Migration Panel",雅各布·劳伦斯：大迁徙组画单幅,A,8.123,40.5,low,C–A,4.46,是,原作身份、具体画幅和在藏状态均未确认；任一答案不同都可能显著改变Tier。,否,缺权威目录确认其为《迁徙》原作并说明序列位置,哈佛数据库所指的是《迁徙》系列第几幅、原题注为何、属于馆藏还是借展，且劳伦斯作品目录是否确认其原作身份？,缺哈佛官方记录中的画幅编号、原题注、馆号及在藏状态；缺权威目录确认其为《迁徙》原作并说明序列位置；缺该幅图像及与前后画幅叙事关系的资料；缺展览、出版及完整所有权记录,basic_identification=partial date_period=none maker_culture=partial historical_significance=partial artistic_significance=partial rarity_uniqueness=partial institutional_identity=partial category_representativeness=partial cultural_educational=partial provenance_acquisition=none visual_experiential=none relational_spatial=partial
42,"Max Beckmann, Self‑Portrait in Tuxedo",马克斯·贝克曼：礼服自画像,S,9.311,50.0,high,S,1.76,,,否,缺贝克曼作品目录对BR41.37在自画像谱系中的完整条目,贝克曼作品目录如何著录BR41.37并将其置于自画像谱系中？哈佛记录的入藏与重要展览史是什么？,缺贝克曼作品目录对BR41.37在自画像谱系中的完整条目；缺哈佛官方来源、入藏及材料技术记录；缺重要展览、出版与学术引用清单,basic_identification=full date_period=full maker_culture=full historical_significance=partial artistic_significance=partial rarity_uniqueness=partial institutional_identity=partial category_representativeness=partial cultural_educational=partial provenance_acquisition=none visual_experiential=partial relational_spatial=na
43,"Beuys, Back Support for Fine‑Limbed Person",博伊斯：细肢者背部支撑,B,7.007,43.2,medium,C–B,2.16,是,具体版本及版数直接决定其稀缺性和作品地位，答案不同可能改变当前Tier。,,缺版数、版号、铸造者与发行者记录,哈佛对象页和博伊斯作品目录记载的创作年代、版数、版号、铸造者、发行者及目录编号分别是什么？,缺馆方馆号、年代与作品目录号以锁定具体版本；缺版数、版号、铸造者与发行者记录；缺该版本与身体、疗愈及社会雕塑观念关系的学术资料；缺可靠的来源、入藏及所有权记录,basic_identification=partial date_period=none maker_culture=partial historical_significance=partial artistic_significance=partial rarity_uniqueness=partial institutional_identity=partial category_representativeness=partial cultural_educational=partial provenance_acquisition=none visual_experiential=partial relational_spatial=na
44,"Jackson Pollock, No.2, 1950",波洛克：1950年第2号,A,8.480,37.0,high,A,4.65,,,否,缺哈佛官方馆号、尺寸与完整材料技术记录,哈佛官方对象页如何著录《1950年第2号》的馆号、尺寸、媒材和来源，波洛克作品目录编号是什么？,缺哈佛官方馆号、尺寸与完整材料技术记录；缺波洛克作品目录编号及技术著录；缺可靠的来源、入藏、展览与出版记录,basic_identification=partial date_period=partial maker_culture=partial historical_significance=partial artistic_significance=partial rarity_uniqueness=none institutional_identity=partial category_representativeness=partial cultural_educational=partial provenance_acquisition=none visual_experiential=partial relational_spatial=na
45,"Franz Kline, High Street",弗朗茨·克莱因：大街,A,7.464,42.2,high,A,3.42,,,否,缺克莱因作品目录对1971.121的完整著录,克莱因作品目录如何著录哈佛馆藏1971.121？馆方是否提供尺寸、来源及“都市建筑形式”解释的文献依据？,缺哈佛官方尺寸、材料技术、来源与入藏记录；缺克莱因作品目录对1971.121的完整著录；缺“都市建筑形式”解释的作品史或艺术家文本来源,basic_identification=full date_period=full maker_culture=full historical_significance=partial artistic_significance=partial rarity_uniqueness=none institutional_identity=partial category_representativeness=partial cultural_educational=partial provenance_acquisition=none visual_experiential=partial relational_spatial=na
46,"Lovis Corinth, Portrait of Sculptor Friedrich",洛维斯·科林斯：雕塑家弗里德里希肖像,B,7.184,37.0,high,B,2.80,,,,缺哈佛官方完整题名、坐者身份与确切年代,哈佛馆藏号1992.75的官方完整题名、坐者全名和确切年代是什么，科林斯作品目录如何著录？,缺哈佛官方完整题名、坐者身份与确切年代；缺科林斯作品目录对该作及其创作阶段的著录；缺可靠的来源、入藏、展览及修复记录,basic_identification=partial date_period=partial maker_culture=partial historical_significance=partial artistic_significance=partial rarity_uniqueness=none institutional_identity=partial category_representativeness=partial cultural_educational=partial provenance_acquisition=none visual_experiential=partial relational_spatial=na
47,"Ghirlandaio, Madonna and Child with Saints",基尔兰达约：圣母子与诸圣,A,7.924,39.5,low,C–A,4.54,是,本人或作坊归属会直接影响Tier，且现有媒材记录存在明确矛盾，应进入人工核查。,否,缺馆方及作品目录对基尔兰达约本人或作坊归属的判定,哈佛馆藏号1982.128的官方归属和媒材是什么？基尔兰达约作品目录及技术检测支持本人、作坊、蛋彩还是油画中的哪一项？,缺馆方及作品目录对基尔兰达约本人或作坊归属的判定；缺技术检测解决“木板蛋彩”与“木板油画”的冲突；缺确切年代及该作在基尔兰达约祭坛画中的位置；缺原委托、原礼拜空间、来源及修复记录,basic_identification=full date_period=partial maker_culture=partial historical_significance=partial artistic_significance=partial rarity_uniqueness=none institutional_identity=partial category_representativeness=partial cultural_educational=partial provenance_acquisition=none visual_experiential=partial relational_spatial=partial
48,"Lorenzo Lotto, Portrait of a Young Nobleman",洛伦佐·洛托：年轻贵族肖像,A,7.581,37.0,low,C–A,4.73,是,具体对象与本人归属都未获权威确认；若为作坊作品或另一件肖像，Tier可能显著变化。,否,缺洛托作品目录确认本人归属及目录编号,哈佛数据库中这幅《年轻贵族肖像》的馆号、年代和完整题名是什么？洛托作品目录是否确认其为本人作品？,缺哈佛官方馆号、完整题名、确切年代与图像；缺洛托作品目录确认本人归属及目录编号；缺该作在洛托肖像创作中艺术质量与位置的比较；缺可靠的来源、入藏、展览与出版记录,basic_identification=partial date_period=partial maker_culture=partial historical_significance=partial artistic_significance=partial rarity_uniqueness=none institutional_identity=partial category_representativeness=partial cultural_educational=partial provenance_acquisition=none visual_experiential=partial relational_spatial=na
49,"Poussin, Landscape with Diana and Actaeon",普桑：戴安娜与阿克泰翁风景,A,7.391,44.8,low,C–A,4.14,是,亲笔归属是当前A级的核心依据，且总述称有Wikidata字段而本条未列出，需人工核对。,否,缺普桑作品全集对本件亲笔性与生涯位置的确认,哈佛官网如何著录本件的馆藏号、年代与归属，普桑作品全集是否将其列为亲笔作品并如何评价其在风景画创作中的位置？,缺哈佛官网对象页及所称Wikidata匹配链接，以核对馆藏号、规范题名、年代和归属措辞；缺普桑作品全集对亲笔性、创作阶段及其在古典风景画创作中的位置确认；缺同题材及相关版本的存世数量、版本关系和质量比较；缺可靠的来源、入藏及展览出版记录,basic_identification=partial date_period=partial maker_culture=partial historical_significance=partial artistic_significance=partial rarity_uniqueness=partial institutional_identity=partial category_representativeness=partial cultural_educational=partial provenance_acquisition=none visual_experiential=partial relational_spatial=na
50,"Jan Steen, Merry Company",扬·斯滕：欢乐聚会,B,6.996,44.8,medium,C–A,4.14,是,作者归属与同类质量可改变当前B级，且总述中的Wikidata核实字段未在本条呈现。,,缺扬·斯滕作品全集对本件亲笔性和质量位置的确认,哈佛官网如何著录这件《欢乐聚会》的年代与归属，扬·斯滕作品全集是否认定其为亲笔并将其置于同类宴饮画的何种位置？,缺哈佛官网对象页及所称Wikidata匹配链接，以核对馆藏号、确切题名、年代和扬·斯滕归属；缺扬·斯滕作品全集对亲笔性及其在宴饮风俗画创作中的位置说明；缺与扬·斯滕其他“欢乐聚会”及哈佛荷兰绘画的质量比较；缺可靠的来源、入藏、展览出版及教学使用记录,basic_identification=partial date_period=partial maker_culture=partial historical_significance=partial artistic_significance=partial rarity_uniqueness=partial institutional_identity=partial category_representativeness=partial cultural_educational=partial provenance_acquisition=none visual_experiential=partial relational_spatial=na
51,"Jacob van Ruisdael, Forest Landscape with Waterfall",雷斯达尔：森林瀑布风景,A,7.372,44.8,low,C–A,4.14,是,亲笔性和“馆内主件”论断直接支撑当前A级，且所称Wikidata字段未在本条提供。,否,缺雷斯达尔作品全集对亲笔性及作品群位置的确认,哈佛官网与雷斯达尔作品全集如何著录本件的归属和年代，它与画家其他森林瀑布作品及哈佛另一件雷斯达尔相比质量如何？,缺哈佛官网对象页及所称Wikidata匹配链接，以核对馆藏号、规范题名、年代和雷斯达尔归属；缺雷斯达尔作品全集对亲笔性及其与森林瀑布作品群关系的著录；缺与哈佛另一件雷斯达尔及主要馆藏同类作品的质量和稀缺性比较；缺来源、入藏、展览出版、技术研究及保存状况记录,basic_identification=partial date_period=partial maker_culture=partial historical_significance=partial artistic_significance=partial rarity_uniqueness=partial institutional_identity=partial category_representativeness=partial cultural_educational=partial provenance_acquisition=none visual_experiential=partial relational_spatial=na
52,"Emanuel de Witte, Interior of a Church",德·维特：教堂内部,B,7.009,44.8,medium,C–A,4.14,是,亲笔性和具体作品性质可改变当前B级，且总述所称Wikidata字段未在本条出现。,,缺德·维特作品全集对亲笔性与所绘空间性质的确认,哈佛官网与德·维特作品全集如何著录本件的年代和归属，画面表现的是哪座真实教堂还是组合式想象空间？,缺哈佛官网对象页及所称Wikidata匹配链接，以核对馆藏号、确切题名、年代和德·维特归属；缺德·维特作品全集对亲笔性、年代及所绘教堂为真实或想象空间的确认；缺本件在德·维特教堂内景作品中的质量位置和同类比较；缺来源、入藏、展览出版及透视或材料技术研究记录,basic_identification=partial date_period=partial maker_culture=partial historical_significance=partial artistic_significance=partial rarity_uniqueness=partial institutional_identity=partial category_representativeness=partial cultural_educational=partial provenance_acquisition=none visual_experiential=partial relational_spatial=na
53,"Orazio Gentileschi, Virgin with Sleeping Christ Child",奥拉齐奥·真蒂莱斯基：圣母与熟睡圣婴,A,7.325,44.8,medium,B–A,3.73,是,现有Wikidata匹配可信度有限，而奥拉齐奥亲笔性直接关系当前A级是否稳固。,否,缺哈佛官网及作品全集对奥拉齐奥亲笔归属的确认,哈佛官网如何著录1976.10的年代与归属，真蒂莱斯基作品全集是否接受其为约1610年的亲笔作品并如何定位？,缺哈佛官网核验馆藏号1976.10、规范题名、年代、尺寸及奥拉齐奥亲笔归属；缺真蒂莱斯基作品全集对亲笔性及其在约1610年创作中的位置确认；缺卡拉瓦乔影响、图像来源及相关圣母子作品的学术比较；缺可靠的来源、入藏和展览出版记录,basic_identification=partial date_period=partial maker_culture=partial historical_significance=partial artistic_significance=partial rarity_uniqueness=partial institutional_identity=partial category_representativeness=partial cultural_educational=partial provenance_acquisition=none visual_experiential=partial relational_spatial=na
54,"Canova, Terracotta Bozzetto for Cupid",卡诺瓦：丘比特陶土小稿,A,7.294,44.8,low,C–A,4.14,是,对象作为卡诺瓦亲笔预备小稿的身份尚未证实，而该身份是当前A级的主要依据。,否,缺技术研究确认卡诺瓦亲笔性及其对应成品与构思阶段,哈佛官网及卡诺瓦雕塑图录是否确认本件为亲笔小稿，它具体对应哪件丘比特大理石作品并处于哪个构思阶段？,缺哈佛官网对象页及所称Wikidata匹配链接，以核对馆藏号、年代、尺寸、铭记和卡诺瓦归属；缺雕塑图录或技术研究证明其为卡诺瓦亲笔，并确认对应的大理石作品和构思阶段；缺同题丘比特小稿的存世数量、版本关系和质量比较；缺哈佛官方对本件在其小稿与技术研究收藏中地位的说明,basic_identification=partial date_period=partial maker_culture=partial historical_significance=partial artistic_significance=partial rarity_uniqueness=partial institutional_identity=partial category_representativeness=partial cultural_educational=partial provenance_acquisition=none visual_experiential=partial relational_spatial=na
55,"Rodin, Age of Bronze, small bronze cast",罗丹：青铜时代小型青铜版,B,7.002,37.0,medium,C–A,4.73,是,铸件的年代、版次和授权状态直接决定其对象级重要性，可改变当前B级。,,缺本铸件的铸造年代、铸造厂、版次与授权状态,哈佛官网和罗丹雕塑全集如何记录这件小型《青铜时代》的铸造年代、铸造厂、版次及生前或身后授权状态？,缺哈佛官网对象页及所称Wikidata匹配链接，以核对馆藏号、尺寸、铸造年代、铭记和归属；缺铸造厂、版次、授权状态及其与原尺寸模型或早期版本关系的记录；缺罗丹雕塑全集对本铸件年代、质量和版本地位的著录；缺可靠的来源、入藏、技术检测及保存状况记录,basic_identification=partial date_period=partial maker_culture=partial historical_significance=partial artistic_significance=partial rarity_uniqueness=partial institutional_identity=none category_representativeness=partial cultural_educational=partial provenance_acquisition=none visual_experiential=partial relational_spatial=na
56,"Burne‑Jones, The Wheel of Fortune",伯恩‑琼斯：命运之轮,A,8.346,44.8,low,C–S,5.52,是,版本身份、规模和温思罗普关联均可能显著改变当前A级，且所称Wikidata字段未在本条呈现。,否,缺作品全集确认哈佛所藏具体版本及其是否为主要版本,哈佛所藏《命运之轮》的馆藏号、尺寸和媒材为何，伯恩-琼斯作品全集将其认定为哪个版本，是否属温思罗普遗赠及主要版本？,缺哈佛官网对象页及所称Wikidata匹配链接，以核对馆藏号、年代、尺寸、媒材和伯恩-琼斯归属；缺伯恩-琼斯作品全集确认具体版本、与其他《命运之轮》的关系及是否属于主要版本；缺学术出版对该版本在伯恩-琼斯生涯中的位置和质量评价；缺哈佛官方确认其是否来自温思罗普遗赠及是否为英国艺术代表作,basic_identification=partial date_period=partial maker_culture=partial historical_significance=partial artistic_significance=partial rarity_uniqueness=partial institutional_identity=partial category_representativeness=partial cultural_educational=partial provenance_acquisition=none visual_experiential=partial relational_spatial=na
57,"William Blake, The Good and Evil Angels",威廉·布莱克：善恶天使,A,8.257,44.8,low,C–S,5.52,是,确切版本和亲笔性是当前A级的核心依据，且总述所称Wikidata字段未在本条提供。,否,缺布莱克作品全集对确切版本、亲笔性和作品地位的确认,哈佛官网和布莱克作品全集如何著录《善恶天使》的完整题名、年代、媒材与版本，它是否被视为布莱克主要亲笔作品？,缺哈佛官网对象页及所称Wikidata匹配链接，以核对规范题名、馆藏号、年代、尺寸、媒材和归属；缺布莱克作品全集对确切版本、亲笔性、创作语境及作品地位的确认；缺哈佛官方说明本件是否为其英国纸本或布莱克收藏的代表作；缺图像阐释、保存状况及教学使用记录,basic_identification=partial date_period=partial maker_culture=partial historical_significance=partial artistic_significance=partial rarity_uniqueness=partial institutional_identity=partial category_representativeness=partial cultural_educational=partial provenance_acquisition=none visual_experiential=partial relational_spatial=na
58,"David, Study for Oath of the Horatii",大卫：贺拉斯之誓习作,A,7.969,44.8,low,C–S,5.52,是,与《贺拉斯之誓》的直接关系及亲笔性决定本件的核心意义，答案不同可能显著改变当前A级。,否,缺证据证明本件直接用于《贺拉斯之誓》并确定构思阶段,哈佛技术档案和大卫作品全集是否确认本件为《贺拉斯之誓》的亲笔预备油稿，它处于构图形成的哪个阶段并与其他习作如何排序？,缺哈佛官网对象页及所称Wikidata匹配链接，以核对馆藏号、年代、尺寸、媒材层次和大卫归属；缺技术研究或大卫作品全集证明其直接用于《贺拉斯之誓》并确定具体构思阶段；缺《贺拉斯之誓》其他存世习作的数量、类型、创作顺序及质量比较；缺哈佛课程使用及技术研究记录,basic_identification=partial date_period=partial maker_culture=partial historical_significance=partial artistic_significance=partial rarity_uniqueness=partial institutional_identity=partial category_representativeness=partial cultural_educational=partial provenance_acquisition=none visual_experiential=partial relational_spatial=na
59,"Daumier, The Third‑Class Carriage",杜米埃：三等车厢,A,7.907,44.8,low,C–S,5.52,是,具体版本和完成状态直接决定对象级重要性，且总述所称Wikidata字段未在本条呈现。,否,缺杜米埃作品全集确认哈佛所藏版本及其版本地位,哈佛所藏《三等车厢》究竟是哪一版本，杜米埃作品全集如何记录其完成状态、创作顺序和相对质量，馆方是否将其列为法国艺术代表作？,缺哈佛官网对象页及所称Wikidata匹配链接，以核对馆藏号、具体年代、尺寸、完成状态和杜米埃归属；缺杜米埃作品全集确认哈佛所藏具体版本及其与其他《三等车厢》的关系；缺各版本的创作顺序、质量、稀缺性和艺术史地位比较；缺哈佛官方说明本件是否为法国艺术收藏的代表作；缺可靠的来源、入藏及展览出版记录,basic_identification=partial date_period=partial maker_culture=partial historical_significance=partial artistic_significance=partial rarity_uniqueness=partial institutional_identity=partial category_representativeness=partial cultural_educational=partial provenance_acquisition=none visual_experiential=partial relational_spatial=na
60,"Toulouse‑Lautrec, At the Moulin‑Rouge Sketch",劳特累克：红磨坊油画稿,A,7.660,44.8,low,C–A,4.14,是,亲笔性及与具体成品的关系可显著改变当前A级，且总述所称Wikidata字段未在本条提供。,否,缺作品全集确认亲笔性及其与具体红磨坊成品的关系,哈佛官网与劳特累克作品全集是否确认本件为亲笔油稿，它对应哪件红磨坊成品，并处于该构图创作顺序的哪个阶段？,缺哈佛官网对象页及所称Wikidata匹配链接，以核对馆藏号、作者、年代、尺寸、媒材和完成状态；缺劳特累克作品全集确认亲笔性、对应成品及在创作顺序中的位置；缺其他红磨坊油画习作的存世数量、版本关系和质量比较；缺哈佛官方说明本件在其法国近代艺术收藏中的定位；缺来源、入藏、展览出版及技术检测记录,basic_identification=partial date_period=partial maker_culture=partial historical_significance=partial artistic_significance=partial rarity_uniqueness=partial institutional_identity=partial category_representativeness=partial cultural_educational=partial provenance_acquisition=none visual_experiential=partial relational_spatial=na
61,"Barye, Tiger Devouring a Stag",巴耶：猛虎吞噬雄鹿,B,6.767,37.0,low,C–A,4.73,是,铸造时期与版本属于当前定级的核心变量，答案不同可能显著改变Tier。,,缺生前铸造、身后翻铸或后期复制的判定，以及铸造厂、版次和铸印记录。,HAM馆藏页或雕塑图录如何著录此件的铸造年代、铸造厂、版次与铸印，它与其他馆藏同构图铸件有何差异？,缺HAM官方记录对馆藏号、正式题名、完整作者归属、年代与材质的确认。；缺生前铸造、身后翻铸或后期复制的判定，以及铸造厂、版次和铸印记录。；缺该构图在巴耶创作序列中的位置及其他版本的质量、年代和存世数量比较。；缺可靠的历任藏家、入藏日期及捐赠或购买记录。,basic_identification=partial date_period=partial maker_culture=partial historical_significance=partial artistic_significance=partial rarity_uniqueness=none institutional_identity=partial category_representativeness=partial cultural_educational=partial provenance_acquisition=none visual_experiential=partial relational_spatial=na
62,Shang Bronze Jue Ritual Wine Cup,商代青铜爵,A,7.581,37.0,medium,B–A,3.31,是,具体断代、铭文和铸造质量尚未获权威确认，而这些对象级事实可能使当前Tier上下移动。,否,缺HAM官方记录或权威图录对馆藏号、商代断代、器形、铭文与完整性的确认。,HAM馆藏页和中国青铜器图录如何断代并著录此爵的铭文、完整性与铸造质量，它与馆内及主要博物馆的商代爵相比处于何种位置？,缺HAM官方记录或权威图录对馆藏号、商代断代、器形、铭文与完整性的确认。；缺与HAM及其他重要馆藏商代爵在铭文、铸造质量、保存状况和出版地位上的比较。；缺证明本件是否属于温斯罗普遗赠的入藏记录。；缺可靠的早期来源与历任收藏记录。,basic_identification=partial date_period=partial maker_culture=partial historical_significance=partial artistic_significance=partial rarity_uniqueness=none institutional_identity=partial category_representativeness=partial cultural_educational=partial provenance_acquisition=none visual_experiential=partial relational_spatial=na
63,Western Zhou Bronze You Vessel,西周青铜卣,A,8.230,37.0,medium,B–A,3.71,是,“保存良好”的核心依据及盖身原配状态均未核实，答案可能改变其Tier。,否,缺盖与器身是否原配，以及补配、修复和当前保存状况的记录。,HAM馆藏记录是否确认此卣盖身原配、保存良好并载有铭文，其完整性与装饰质量在已出版西周卣中处于何种位置？,缺HAM官方记录或权威图录对具体年代、铭文、纹饰、尺寸和用途的著录。；缺盖与器身是否原配，以及补配、修复和当前保存状况的记录。；缺与重要馆藏西周卣在铭文、铸造与装饰质量、完整性和出版地位上的比较。；缺可靠的早期来源、入藏记录及温斯罗普遗赠证明。,basic_identification=partial date_period=partial maker_culture=partial historical_significance=partial artistic_significance=partial rarity_uniqueness=none institutional_identity=partial category_representativeness=partial cultural_educational=partial provenance_acquisition=none visual_experiential=partial relational_spatial=na
64,Warring‑States Gold‑Inlaid Bronze Dagger,战国错金青铜匕首,A,8.024,37.0,medium,B–A,3.31,是,错金和部件的原创性是当前艺术与稀缺性判断的基础，核查结果可能改变Tier。,否,缺技术报告判定错金是否原有，以及有无后配部件、大面积修复或现代改动。,HAM馆藏页与Straus中心记录是否确认此匕首的错金、刃身和附件均属原有，其工艺与主要馆藏战国错金兵器相比如何？,缺HAM官方记录对准确器名、战国断代、尺寸、错金材料、纹饰和部件构成的确认。；缺技术报告判定错金是否原有，以及有无后配部件、大面积修复或现代改动。；缺与主要博物馆战国错金兵器在工艺质量、完整性、稀缺性和出版地位上的比较。；缺发现地点、早期流传、入藏经过及相关出口记录。,basic_identification=partial date_period=partial maker_culture=partial historical_significance=partial artistic_significance=partial rarity_uniqueness=none institutional_identity=partial category_representativeness=partial cultural_educational=partial provenance_acquisition=none visual_experiential=partial relational_spatial=na
65,Northern Song Jun‑ware numbered vase,北宋钧窑编号官用瓶,A,8.445,44.8,low,C–S,5.52,是,编号钧器及宫廷用器归属是当前Tier的主要依据，但尚无可核查的专业来源。,否,缺专业图录对其是否属于编号钧器及所谓宫廷或官用属性的论证。,HAM及权威钧窑图录如何释读此瓶底部编号，并以何种证据将其断为北宋编号钧器及宫廷用器？,缺底部编号图像、编号释读及HAM官方记录中的准确器形、尺寸与年代。；缺专业图录对其是否属于编号钧器及所谓宫廷或官用属性的论证。；缺胎釉检测、烧造特征、后期修补和釉面保存状况资料。；缺与其他已出版编号钧器在器形、釉色、编号、完整性和稀缺性上的比较。；缺可靠的历任收藏和入藏记录。,basic_identification=partial date_period=partial maker_culture=partial historical_significance=partial artistic_significance=partial rarity_uniqueness=partial institutional_identity=partial category_representativeness=partial cultural_educational=partial provenance_acquisition=none visual_experiential=partial relational_spatial=na
66,Southern Song Guan‑ware celadon bowl,南宋官窑青瓷碗,A,7.985,37.0,low,C–S,6.30,是,南宋官窑归属未经权威或技术资料确认，而该归属直接支撑当前Tier。,否,缺官方或学术图录对馆藏号、南宋断代、官窑归属、器形和尺寸的确认。,HAM馆藏页、陶瓷图录与Straus中心检测记录以哪些胎釉和烧造证据将此碗归为南宋官窑？,缺官方或学术图录对馆藏号、南宋断代、官窑归属、器形和尺寸的确认。；缺胎釉成分、烧造特征及支持具体窑口归属的技术研究。；缺开片、磨损、补配和修复范围的完整状况记录。；缺与公认南宋官窑碗在胎釉、器形、完整性、质量和出版地位上的比较。；缺可靠的来源与入藏经过。,basic_identification=partial date_period=partial maker_culture=partial historical_significance=partial artistic_significance=partial rarity_uniqueness=none institutional_identity=partial category_representativeness=partial cultural_educational=partial provenance_acquisition=none visual_experiential=partial relational_spatial=na
67,Yuan Blue‑and‑White Platter,元青花大盘,A,8.075,37.0,medium,B–A,3.31,是,当前缺少决定单件质量的尺度、完整性和馆际比较，相关答案可能使Tier移动一级。,否,缺与主要馆藏大型元青花盘在尺寸、绘画质量、完整性和出版地位上的比较。,HAM记录如何确认此盘的元代断代、尺寸和修复范围，其绘画质量与主要博物馆已出版的大型元青花盘相比如何？,缺HAM官方记录对馆藏号、元代断代、生产窑口、准确尺寸和纹饰的确认。；缺胎釉、钴料和烧造特征对元代生产归属的技术验证。；缺后期修补、补绘、口沿及器身完整性的状况报告。；缺与主要馆藏大型元青花盘在尺寸、绘画质量、完整性和出版地位上的比较。；缺把本件具体联系到跨区域贸易网络的对象级证据。；缺可靠的来源与入藏记录。,basic_identification=partial date_period=partial maker_culture=partial historical_significance=partial artistic_significance=partial rarity_uniqueness=none institutional_identity=partial category_representativeness=partial cultural_educational=partial provenance_acquisition=none visual_experiential=partial relational_spatial=na
68,Tang Sancai Camel Figure,唐三彩骆驼俑,A,7.738,44.8,medium,B–A,2.90,是,体量与原件比例直接影响当前视觉和质量判断，现有简介不足以确认。,否,缺断代或真伪检测，以及胎釉、断裂、补配和后期修补比例的技术记录。,HAM馆藏页与修复档案如何确认此骆驼的唐代断代、实际尺寸及原件比例，它与主要馆藏唐三彩骆驼的质量有何差异？,缺HAM官方记录对馆藏号、准确年代、产地、尺寸、器形和墓葬功能的确认。；缺断代或真伪检测，以及胎釉、断裂、补配和后期修补比例的技术记录。；缺与主要馆藏唐三彩骆驼在体量、塑造、釉色、完整性和出版地位上的比较。；缺发现地点、考古语境、早期流传及入藏来源。；缺将本件而非一般唐三彩骆驼联系丝绸之路交流的对象级论述。,basic_identification=partial date_period=partial maker_culture=partial historical_significance=partial artistic_significance=partial rarity_uniqueness=partial institutional_identity=partial category_representativeness=partial cultural_educational=partial provenance_acquisition=none visual_experiential=partial relational_spatial=na
69,Song Landscape Handscroll (attributed to Li Cheng circle),宋山水手卷（传李成流派）,A,7.753,37.0,low,C–S,6.30,是,创作年代和归属层级均属核心定级事实，结论不同可能导致Tier大幅变化。,否,缺HAM官方记录对正式题名、具体年代及“李成流派”准确归属层级的确认。,HAM如何正式著录此卷的年代和“李成流派”归属，题跋、印鉴与历次鉴定是否支持宋代原作、宋式作品或后世仿作中的哪一种？,缺HAM官方记录对正式题名、具体年代及“李成流派”准确归属层级的确认。；缺题跋、印鉴、款识和历代著录的图像、释文及断代分析。；缺历次鉴定意见及作品从宋画、宋式画到后世仿作之间的归属变化记录。；缺全卷高清图像、尺寸、完整性、装裱年代和保存状况。；缺可靠的入藏经过。,basic_identification=partial date_period=partial maker_culture=partial historical_significance=partial artistic_significance=partial rarity_uniqueness=none institutional_identity=partial category_representativeness=partial cultural_educational=partial provenance_acquisition=none visual_experiential=partial relational_spatial=na
70,Yuan‑Dynasty Bamboo handscroll by Ke Jiusi,元柯九思墨竹卷,A,7.903,37.0,low,C–S,6.30,是,作者归属和年代未经可核查来源确认，而两者直接决定当前Tier依据是否成立。,否,缺HAM官方记录或权威图录对正式题名、创作年代及柯九思作者归属的鉴定结论。,HAM及元代绘画权威图录将此卷归为柯九思真迹、传作还是后世作品，款识、印鉴与材料分析分别提供了什么证据？,缺HAM官方记录或权威图录对正式题名、创作年代及柯九思作者归属的鉴定结论。；缺款识、题跋、鉴藏印和历代著录的完整图像、释文与真实性分析。；缺该卷与柯九思公认真迹在构图、笔墨、纸张和书画材料方面的比较。；缺历次归属变化和关键收藏流传记录。；缺完整入藏手续和入藏日期。,basic_identification=partial date_period=partial maker_culture=partial historical_significance=partial artistic_significance=partial rarity_uniqueness=none institutional_identity=partial category_representativeness=partial cultural_educational=partial provenance_acquisition=none visual_experiential=partial relational_spatial=na
71,Ming Qi Baishi precursor scholar painting,明代文人花鸟立轴,B,6.303,37.0,low,C–A,4.73,是,对象身份尚未确定且中英文名称存在明显疑点，作者或年代答案不同会改变Tier。,,缺HAM官方记录中的馆藏号、正式中英文题名、作者、具体年代、尺寸和主题识别。,HAM馆藏页如何正式命名、断代和归属此立轴，“Qi Baishi precursor”一语来自馆方著录、旧藏标签还是源文件误写？,缺HAM官方记录中的馆藏号、正式中英文题名、作者、具体年代、尺寸和主题识别。；缺英文名称中“Qi Baishi precursor”的出处、准确含义及是否属于馆方用语的确认。；缺款识、题跋和鉴藏印图像，以及它们对作者和年代判断的分析。；缺与有明确作者和年代的明代写意花鸟画在笔墨质量、稀缺性和出版地位上的比较。；缺可靠的历任收藏与入藏记录。,basic_identification=partial date_period=partial maker_culture=partial historical_significance=partial artistic_significance=partial rarity_uniqueness=none institutional_identity=partial category_representativeness=partial cultural_educational=partial provenance_acquisition=none visual_experiential=partial relational_spatial=na
72,Asuka‑Period Stone Maitreya,飞鸟时代石雕弥勒佛,A,8.145,44.8,low,C–S,5.52,是,年代、产地和尊格身份均未获权威确认，而这些事实共同构成当前Tier的主要依据。,否,缺HAM官方或权威图录对馆藏号、飞鸟时代断代、日本产地、石材、尺寸及弥勒身份的确认。,HAM及日本早期佛教雕塑图录以哪些铭文、石材和造型证据把此像断为飞鸟时代日本石雕弥勒，并认定其受朝鲜半岛影响？,缺HAM官方或权威图录对馆藏号、飞鸟时代断代、日本产地、石材、尺寸及弥勒身份的确认。；缺认定其受朝鲜半岛艺术影响的具体造型比较、年代链条和学术出处。；缺与已知飞鸟时代石雕佛像在存世数量、年代、质量、完整性和出版地位上的比较。；缺风化、缺损、后配和修复范围的状况记录。；缺发现地点、早期流传、入藏经过及相关出口记录。,basic_identification=partial date_period=partial maker_culture=partial historical_significance=partial artistic_significance=partial rarity_uniqueness=partial institutional_identity=partial category_representativeness=partial cultural_educational=partial provenance_acquisition=none visual_experiential=partial relational_spatial=na
73,Kamakura Warrior Scroll fragment,镰仓时代武士绘卷残段,B,6.971,37.5,medium,C–A,4.69,是,镰仓断代与母卷关系都是定级依据；且全局所称Wikidata核实值未在本件字段中展示。,,缺母卷题名、本残段位置及与其他现存残段的对应关系。,在Harvard Art Museums Collections Online与已出版绘卷图录中，这件残段的藏号、标准题名和母卷为何，能否与其他残段拼合？,缺可核的哈佛藏品页或Wikidata条目，确认藏号、标准题名与镰仓断代。；缺母卷题名、本残段卷中位置及与其他现存残段的拼合研究。；缺保存报告确认缺失、补绘与重装比例。；缺哈佛是否将其列为日本中世绘画代表或教学重点的说明。；缺可靠的旧藏与哈佛入藏记录。,basic_identification=partial date_period=partial maker_culture=partial historical_significance=partial artistic_significance=partial rarity_uniqueness=none institutional_identity=partial category_representativeness=partial cultural_educational=partial provenance_acquisition=none visual_experiential=partial relational_spatial=partial
74,"Utamaro, Three Beauties of Edo",喜多川歌麿：江户三美人,A,8.289,37.0,medium,B–S,6.30,是,简介断言为三联画，但既有缺口又承认版式未确认；版次与印质也会直接影响现有层级。,否,缺官方记录确认本件版式、版次、版态及印刷质量。,哈佛藏品页将《江户三美人》记录为哪种版式、由谁出版及何时刊行？其版态和印色与波士顿美术馆或大都会的同题印本相比如何？,缺哈佛官方记录确认藏号、标准题名，以及本件究竟为单张、三联画或其他版式。；缺出版者、刊年、版次、版态与印刷质量的对象级鉴定。；缺与主要馆藏同题印本的印色、裁切和版态比较。；缺褪色、裁边、污损和修复状况报告。；缺可靠的旧藏与哈佛入藏记录。,basic_identification=partial date_period=partial maker_culture=partial historical_significance=partial artistic_significance=partial rarity_uniqueness=none institutional_identity=partial category_representativeness=partial cultural_educational=partial provenance_acquisition=none visual_experiential=partial relational_spatial=na
75,"Hiroshige, Fifty‑Three Stations of Tokaido complete set",歌川广重：东海道五十三次整套,A,8.744,45.0,medium,B–S,5.50,是,“整套”及具体版本是当前判断的主要依据，但均无清单或官方对象记录支撑。,否,缺具体系列版本及整套是否同版同状态的核验。,哈佛记录中的具体《东海道五十三次》系列名称、出版者和藏号清单是什么？全套是否同版同状态且没有后配？,缺哈佛官方记录确认具体《东海道五十三次》系列版本、出版者、刊年及全部藏号。；缺全套张数、逐张题名及是否同版同状态的核对清单。；缺逐张印刷质量、褪色、裁边、后配和修复评估。；缺证据确认该套是否原成套保存，还是由不同来源后配组套。；缺哈佛是否将该套列为日本版画代表作或核心教学套组的说明。,basic_identification=partial date_period=partial maker_culture=partial historical_significance=partial artistic_significance=partial rarity_uniqueness=partial institutional_identity=partial category_representativeness=partial cultural_educational=partial provenance_acquisition=none visual_experiential=partial relational_spatial=partial
76,Momoyama lacquer writing box with crane motif,桃山时代鹤纹莳绘砚盒,A,7.306,37.0,low,C–A,4.73,是,桃山断代和工艺质量是当前层级的核心依据，却只有名称与简介线索。,否,缺支持桃山断代及作者或工坊归属的对象级鉴定。,哈佛藏品页与Straus修复研究中心档案如何断代这件鹤纹砚盒，其莳绘层次、款识和修复痕迹能否支持桃山工坊归属？,缺哈佛官方记录确认藏号、尺寸、器物结构与桃山时代断代。；缺莳绘技法、材料层次、款识及作者或工坊的技术鉴定。；缺与有可靠断代的桃山砚盒进行工艺质量和稀缺性比较。；缺表面磨损、补漆、部件完整性及修复历史。；缺可靠的旧藏与哈佛入藏记录。,basic_identification=partial date_period=partial maker_culture=partial historical_significance=partial artistic_significance=partial rarity_uniqueness=none institutional_identity=partial category_representativeness=partial cultural_educational=partial provenance_acquisition=none visual_experiential=partial relational_spatial=na
77,Kofun‑period Haniwa Warrior Figure,古坟时代埴轮武士,A,8.019,37.5,low,C–A,4.69,是,真实性与拼补比例尚未确认，而当前判断依赖其作为古坟时代典型武士埴轮的身份。,否,缺真伪、拼接及现代补配比例的鉴定记录。,哈佛藏品页和Straus保存档案是否记录这件埴轮的热释光、成像或修复检查？其出土地、墓葬关系和现代补配比例为何？,缺哈佛官方记录确认藏号、尺寸、确切年代与埴轮亚型。；缺真伪鉴定及断裂拼接、现代补配和修复比例记录。；缺出土地、关联墓葬及原始排列位置的考古记录。；缺甲胄、姿态和亚型的类型学研究及同类质量比较。；缺合法旧藏、流通与哈佛入藏记录。,basic_identification=partial date_period=partial maker_culture=partial historical_significance=partial artistic_significance=partial rarity_uniqueness=none institutional_identity=partial category_representativeness=partial cultural_educational=partial provenance_acquisition=none visual_experiential=partial relational_spatial=partial
78,Chola Bronze Shiva Nataraja,朱罗青铜湿婆舞王,A,8.689,37.0,low,C–S,6.30,是,时期归属和对象级铸造质量均未证实，可能使合理范围发生大幅变化。,否,缺支持朱罗断代及铸造质量的风格与技术鉴定。,哈佛藏品页及Straus技术档案是否以风格、合金和铸造证据支持其朱罗归属？本件与大都会或大英博物馆可靠断代的舞王像相比质量如何？,缺哈佛官方记录确认藏号、尺寸、确切年代、地区及工坊归属。；缺支持朱罗时代归属的风格学、合金、铸造和表面技术鉴定。；缺图像构件完整性、后期替换及礼仪使用痕迹的研究。；缺与可靠断代的主要朱罗舞王像进行铸造质量和艺术水平比较。；缺可靠的旧藏、出境与哈佛入藏记录。,basic_identification=partial date_period=partial maker_culture=partial historical_significance=partial artistic_significance=partial rarity_uniqueness=none institutional_identity=partial category_representativeness=partial cultural_educational=partial provenance_acquisition=none visual_experiential=partial relational_spatial=na
79,Gandhara Stone Buddha Relief,犍陀罗石雕佛说法浮雕,A,7.704,37.5,low,C–A,4.69,是,“佛说法”解释和犍陀罗分期均是教育与历史价值的基础，却未有对象级来源。,否,缺对具体说法场景、地区分期和雕刻质量的对象级鉴定。,哈佛藏品页及犍陀罗雕塑图录如何识别本件人物、手印和场景？其石材、地区分期与雕刻质量可对应哪些有明确出处的浮雕？,缺哈佛官方记录确认藏号、石材、尺寸、年代与地区归属。；缺人物、手印、铭文及是否确为佛说法场景的图像学鉴定。；缺出土地、原佛塔或构筑物位置及残片完整度资料。；缺风格分期、雕刻质量及同类叙事浮雕的对象级比较。；缺可靠的旧藏、流通与哈佛入藏记录。,basic_identification=partial date_period=partial maker_culture=partial historical_significance=partial artistic_significance=partial rarity_uniqueness=none institutional_identity=partial category_representativeness=partial cultural_educational=partial provenance_acquisition=none visual_experiential=partial relational_spatial=partial
80,Rajput Miniature: Krishna and Radha,拉杰普特细密画：克里希纳与拉达,B,6.968,35.4,medium,C–A,4.84,是,画派、年代与母本会直接决定它是普通单页还是重要系列残页，因此应进入人工核查。,,缺地区画派、年代及母本或组画归属。,哈佛记录将这页画归入哪个拉杰普特画派和年代？其题记、尺寸与边饰能否对应一部已知的克里希纳与拉达手稿或组画？,缺哈佛官方记录确认藏号、尺寸、年代、地区画派及作者或工坊。；缺画面具体情节、题记、诗文和人物身份的释读。；缺原属手稿、组画或画册的名称及本页叶次关系。；缺与同画派克里希纳和拉达题材作品的质量比较。；缺可靠的旧藏与哈佛入藏记录。,basic_identification=partial date_period=none maker_culture=partial historical_significance=partial artistic_significance=partial rarity_uniqueness=none institutional_identity=partial category_representativeness=partial cultural_educational=partial provenance_acquisition=none visual_experiential=partial relational_spatial=na
81,Seljuk Polychrome glazed tile panel,塞尔柱多彩釉陶板,A,7.323,35.5,low,C–S,6.45,是,原装性与原建筑出处决定其稀缺性和历史价值，但现有资料完全没有对象级证明。,否,缺面板是否原装及其原建筑和铺设位置的鉴定。,哈佛藏品页和Straus保存档案是否判定该陶板为原装组合？各砖来自哪座塞尔柱建筑、原铺设位置何在，现代补配比例是多少？,缺哈佛官方记录确认藏号、尺寸、确切年代、产地与制作技术。；缺鉴定确认面板由原装陶板构成，还是后期重排、补配或拼组。；缺原建筑名称、具体铺设位置、拆取经过及相关考古记录。；缺与安纳托利亚塞尔柱建筑陶瓷的年代、技术和质量比较。；缺釉面损伤、现代补配与修复比例记录。,basic_identification=partial date_period=partial maker_culture=partial historical_significance=partial artistic_significance=partial rarity_uniqueness=none institutional_identity=partial category_representativeness=partial cultural_educational=partial provenance_acquisition=none visual_experiential=partial relational_spatial=none
82,Mamluk brass inlaid candlestick,马穆鲁克嵌银黄铜烛台,A,7.627,37.0,low,C–S,6.30,是,未释读的铭文可能确认重要赞助者、工匠或年代，是会直接改变层级判断的核心缺口。,否,缺铭文全文及其对赞助者、工匠和年代的识别。,哈佛藏品页如何转录并翻译这件烛台的铭文？铭文能否确认赞助者、工匠、年代或用途，开罗工坊归属依据是什么？,缺哈佛官方记录确认藏号、尺寸、确切年代与产地。；缺全部铭文的转录、翻译及对赞助者、工匠或年代的识别。；缺支持礼仪用途及开罗工坊归属的对象级证据。；缺错银完整度、后期补嵌、变形及修复记录。；缺与有明确赞助者或工匠的主要马穆鲁克金属器比较。；缺可靠的旧藏与哈佛入藏记录。,basic_identification=partial date_period=partial maker_culture=partial historical_significance=partial artistic_significance=partial rarity_uniqueness=none institutional_identity=partial category_representativeness=partial cultural_educational=partial provenance_acquisition=none visual_experiential=partial relational_spatial=na
83,Persian Safavid miniature page from Shahnameh,萨法维波斯《列王纪》细密画页,A,7.801,37.5,low,C–S,6.25,是,不同母本、赞助者或工坊会造成显著不同的对象地位，现有资料无法确认任何一项。,否,缺母本《列王纪》身份及本页与其他分散页的对应关系。,哈佛记录将此页归入哪一部《列王纪》母本？其尺寸、文本、书法、边饰和旧藏能否与已出版的分散页图录对应？,缺母本《列王纪》的名称、藏书史、叶码及与其他分散页的对应关系。；缺具体插图场景、相邻文本、题记和书法内容的识别。；缺画家或工坊、制作地点、确切年代与赞助者归属。；缺可用于确认母本归属的拆散史、旧藏记录和尺寸比对。；缺边饰、裁切、颜料、褪色及修复状况报告。,basic_identification=partial date_period=partial maker_culture=partial historical_significance=partial artistic_significance=partial rarity_uniqueness=none institutional_identity=partial category_representativeness=partial cultural_educational=partial provenance_acquisition=none visual_experiential=partial relational_spatial=partial
84,"Attic Red‑Figure Bell‑Krater, comic theatre scene",阿提卡红绘钟形陶缸：喜剧场景,A,8.120,44.8,medium,B–S,5.52,是,喜剧图像的稀见性是当前层级的重要依据，但场景解释和存世比较均未得到来源支撑。,否,缺确认喜剧表演图像及其存世稀见度的学术研究。,在哈佛馆藏记录与Beazley Archive中，这件钟形陶缸的画师归属和场景解释是什么？已登记的阿提卡喜剧表演图像陶器有多少件可比实例？,缺哈佛官方记录确认藏号、尺寸、确切年代及陶工或画师归属。；缺人物、面具、动作、铭文及是否确为喜剧表演的图像学研究。；缺喜剧表演图像在阿提卡陶器中的存世数量及质量比较。；缺破损、补绘、拼接及器形复原比例记录。；缺出土地、旧藏与哈佛入藏记录。；缺哈佛是否将其列为古代地中海收藏代表作的说明。,basic_identification=partial date_period=partial maker_culture=partial historical_significance=partial artistic_significance=partial rarity_uniqueness=partial institutional_identity=partial category_representativeness=partial cultural_educational=partial provenance_acquisition=none visual_experiential=partial relational_spatial=na
85,Marble Roman copy after Greek Meleager,罗马大理石梅莱阿格摹像,A,7.239,37.0,medium,B–A,4.58,是,当前判断依赖未经学术来源确认的希腊原型归属与同型品质比较。,否,缺学术确认的希腊原型归属及同型罗马摹本品质比较。,哈佛官方记录如何定年并归属这件梅莱阿格摹像，它与梵蒂冈等馆同型罗马摹本的完整度和雕刻品质如何比较？,缺哈佛官方记录确认登录号、罗马制作年代及梅莱阿格摹本身份。；缺学术出版对失传希腊原型归属及该件与其他罗马摹本品质的比较。；缺多角度图像、完整度与补配记录，无法判断其雕刻品质和保存状态。；缺可靠的旧藏、所有权沿革及入藏记录。,basic_identification=partial date_period=partial maker_culture=partial historical_significance=partial artistic_significance=partial rarity_uniqueness=none institutional_identity=partial category_representativeness=partial cultural_educational=partial provenance_acquisition=none visual_experiential=partial relational_spatial=na
86,Egyptian Bronze Lion‑headed Goddess Statue,古埃及狮首女神青铜像,B,5.735,40.6,medium,C–A,4.45,是,神祇定名、王朝及同类常见程度都是当前判断依据，但均缺可靠来源。,,缺同型狮首女神青铜像的存世量与品质比较。,哈佛官方记录将此像认定为何种神祇和哪个王朝；大都会、大英博物馆等馆藏有多少可比的同型小青铜？,缺哈佛官方记录及图像学证据确认神祇身份和王朝定年。；缺同型狮首女神小青铜的存世数量、铭文类型与品质比较，以核验“同类较多”的论断。；缺合金、铸造、尺寸及保存状况资料。；缺出土背景、旧藏及入藏记录。,basic_identification=partial date_period=partial maker_culture=partial historical_significance=partial artistic_significance=none rarity_uniqueness=none institutional_identity=full category_representativeness=partial cultural_educational=partial provenance_acquisition=none visual_experiential=partial relational_spatial=na
87,Etruscan Terracotta Sarcophagus fragment,伊特鲁里亚陶石棺残件,B,6.378,35.4,medium,C–A,4.84,是,文化归属、原石棺关系和彩绘完整度均可能改变该残件的代表性判断。,,缺残件的正式定年、产地及其在原石棺中的位置。,哈佛官方记录如何定年和归属该残件，其构图能否与已编目的伊特鲁里亚宴饮石棺相匹配并重建原始位置？,缺哈佛官方记录确认制作年代、产地及伊特鲁里亚归属。；缺残件所属石棺、原始位置、截取范围及重构依据。；缺彩绘保存比例、后期补绘及浮雕品质的技术评估。；缺出土背景、旧藏和入藏经过。,basic_identification=partial date_period=none maker_culture=partial historical_significance=partial artistic_significance=partial rarity_uniqueness=none institutional_identity=partial category_representativeness=partial cultural_educational=partial provenance_acquisition=none visual_experiential=partial relational_spatial=na
88,Chippendale mahogany tea table,齐本德尔桃花心木茶桌,B,6.902,37.0,low,C–A,4.73,是,制作中心、高品质及原装程度均属当前判断的核心论断，但尚无家具编目或技术证据。,,缺波士顿工坊归属及桌体原装程度的结构证据。,哈佛家具记录依据哪些结构和木工特征将此桌归为波士顿齐本德尔式，它与已出版的波士顿茶桌范例相比处于何种品质层级？,缺哈佛官方家具记录确认年代、波士顿制作中心及可能的工坊归属。；缺榫卯、木种、后配部件和改装记录，以判断原装程度。；缺与已编目波士顿齐本德尔茶桌的工艺品质及稀缺性比较。；缺原始委托人、所有权沿革及入藏经过。,basic_identification=partial date_period=partial maker_culture=partial historical_significance=partial artistic_significance=partial rarity_uniqueness=none institutional_identity=partial category_representativeness=partial cultural_educational=partial provenance_acquisition=none visual_experiential=partial relational_spatial=na
89,Federal‑period inlaid card table,联邦时期嵌饰牌桌,B,6.266,37.0,medium,C–A,4.73,是,当前可替代性判断建立在工坊和特殊出处均未知的前提上，答案不同可能改变Tier。,,缺制作中心、工坊及原装程度的编目和结构证据。,哈佛记录能否据底部标签、榫卯和嵌饰特征将此桌归入波士顿、塞勒姆或其他新英格兰工坊，并识别重要委托来源？,缺哈佛官方编目确认具体年代、制作中心、工坊及归属依据。；缺木种、结构、嵌饰和改装检验，以判断制作质量与原装程度。；缺与新英格兰联邦时期牌桌的品质和稀缺性比较，以核验其可替代性。；缺原始委托人与旧藏记录；若存在重要委托或名家来源，可能改变其地位。,basic_identification=partial date_period=partial maker_culture=partial historical_significance=partial artistic_significance=partial rarity_uniqueness=none institutional_identity=partial category_representativeness=partial cultural_educational=partial provenance_acquisition=none visual_experiential=partial relational_spatial=na
90,Paul Revere silver teapot,保罗·里维尔银茶壶,A,7.647,35.4,low,C–A,4.84,是,制作者层级和工艺品质是当前Tier的核心依据，现有资料无法区分本人制作、作坊制作或后期制品。,否,缺印记和账簿证据确认里维尔本人、作坊及制作年代。,哈佛藏品记录载有哪些银匠印记、铭文和账簿对应项，它在已编目的保罗·里维尔茶壶年代序列与品质比较中处于何位？,缺印记、铭文或作坊账簿确认制作者及制作年代。；缺证据区分里维尔本人制作、作坊制作、后期制品或后配部件。；缺与已编目里维尔茶壶的重量、器形、年代序列和工艺品质比较。；缺委托人及连续所有权记录，无法检验历史关联与归属。,basic_identification=partial date_period=none maker_culture=partial historical_significance=partial artistic_significance=partial rarity_uniqueness=none institutional_identity=partial category_representativeness=partial cultural_educational=partial provenance_acquisition=none visual_experiential=partial relational_spatial=na
91,Tiffany Favrile glass vase,蒂凡尼法夫赖尔玻璃花瓶,B,6.958,27.6,low,C–A,5.43,是,工厂归属和型号稀缺性均未确认，答案不同可能显著改变当前Tier。,,缺底款、型号和工厂记录确认蒂凡尼法夫赖尔归属。,哈佛官方记录显示何种签名、底款和型号；该型号在蒂凡尼工厂记录及其他馆藏中有多少件可比变体？,缺哈佛官方记录、签名或底款确认蒂凡尼工厂归属、型号及制作年代。；缺同型号及装饰变体的产量、存世量和品质比较。；缺可靠图像、尺寸及表面状况记录，无法检验虹彩效果和造型品质。；缺旧藏、所有权沿革及入藏经过。,basic_identification=partial date_period=none maker_culture=partial historical_significance=partial artistic_significance=partial rarity_uniqueness=none institutional_identity=none category_representativeness=partial cultural_educational=partial provenance_acquisition=none visual_experiential=partial relational_spatial=na
92,Pre‑Raphaelite stained‑glass panel,拉斐尔前派彩色玻璃嵌板,A,7.472,35.5,low,C–A,4.84,是,作者归属和原建筑关系均是当前重要性论断的核心，但现无直接来源。,否,缺伯恩-琼斯作坊归属及原始建筑委托的档案证据。,哈佛记录或伯恩-琼斯作坊档案能否把该嵌板与具体设计稿、教堂和窗组对应，并确认设计者与制作年代？,缺馆方或学术资料确认伯恩-琼斯作坊、具体设计者及制作年代。；缺原始委托人、建筑地点、窗位及所属窗组记录。；缺与该嵌板对应的设计稿、纸本或作坊档案。；缺透光实拍、尺寸、完整度和修复记录，无法判断现场视觉品质。；缺完整旧藏及入藏经过。,basic_identification=partial date_period=partial maker_culture=partial historical_significance=partial artistic_significance=partial rarity_uniqueness=none institutional_identity=partial category_representativeness=partial cultural_educational=partial provenance_acquisition=none visual_experiential=partial relational_spatial=none
93,Gothic ivory casket with courtly romance scenes,哥特牙雕首饰盒：宫廷罗曼故事,A,7.845,29.2,low,C–S,7.08,是,文化语境字段被明显误填为“罗马”，且决定重要性的稀有性与完整性均无来源。,否,缺官方身份确认及哥特宫廷罗曼牙雕盒作品群比较。,哈佛官方记录和哥特牙雕数据库如何著录此盒；其场景、完整度与现存宫廷罗曼复合牙雕盒相比处于何种位置？,缺哈佛官方登录记录确认标准题名、年代和制作中心，并更正“罗马”文化语境字段。；缺技术记录确认盒体、锁具、铰链及各雕板的原装程度和后配情况。；缺各面场景识别及其在哥特宫廷罗曼牙雕盒作品群中的对应关系。；缺该类牙雕盒的存世数量、完整度与雕刻品质比较，以核验稀有性。；缺可靠旧藏、入藏记录和学术出版史。,basic_identification=partial date_period=partial maker_culture=partial historical_significance=partial artistic_significance=partial rarity_uniqueness=none institutional_identity=none category_representativeness=partial cultural_educational=partial provenance_acquisition=none visual_experiential=partial relational_spatial=na
94,Renaissance maiolica dish with triumphal scene,文艺复兴马约里卡凯旋纹大盘,B,7.050,29.2,medium,C–A,5.31,是,“罗马”文化语境字段明显误填，且制作中心和品质比较可能改变当前Tier。,,缺具体制作中心、年代及器背证据支持的正式归属。,哈佛官方记录依据何种底款、器背装饰或风格证据确定其意大利制作中心，它与大都会及维多利亚与阿尔伯特博物馆的凯旋纹马约里卡相比如何？,缺哈佛官方记录确认意大利制作中心、具体年代，并更正“罗马”文化语境字段。；缺底款、铭文、器背装饰及相关归属证据。；缺与同类凯旋题材马约里卡大盘的绘画品质、完整度和稀缺性比较。；缺凯旋图像的版画范本或文学来源。；缺旧藏、所有权沿革及入藏记录。,basic_identification=partial date_period=partial maker_culture=partial historical_significance=partial artistic_significance=partial rarity_uniqueness=none institutional_identity=none category_representativeness=partial cultural_educational=partial provenance_acquisition=none visual_experiential=partial relational_spatial=na
95,"17th‑century tapestry fragment, pastoral",17世纪田园挂毯残片,B,5.617,27.6,medium,C–B,2.95,是,十七世纪定年与织造中心尚未确认；若技术检验不支持，当前Tier可能改变。,,缺技术证据确认十七世纪定年、织造中心及所属系列。,哈佛记录的经纬结构、边饰或织工标记能否确认其十七世纪织造中心，并把残片与具体挂毯系列或画稿对应？,缺哈佛官方记录及材料、织造技术证据确认十七世纪定年和织造中心。；缺边饰、织工标记、所属系列或相关画稿的识别。；缺原挂毯尺寸、残片截取范围及现存构图比例。；缺同类田园挂毯的品质和稀缺性比较。；缺旧藏、所有权沿革及入藏经过。,basic_identification=partial date_period=partial maker_culture=none historical_significance=partial artistic_significance=partial rarity_uniqueness=none institutional_identity=none category_representativeness=partial cultural_educational=partial provenance_acquisition=none visual_experiential=partial relational_spatial=na
96,"Medardo Rosso, Ecce Puer bronze",梅达尔多·罗索：看那孩子 青铜,A,7.696,35.4,low,C–A,4.84,是,铸造版本和授权状态是当前Tier的决定性事实，但现有资料完全未确认。,否,缺版本研究确认铸造年代、铸造厂及生前或身后授权状态。,哈佛官方记录和罗索作品全集将此件列为何种铸造版本、铸造厂与年代，它是生前铸件、身后授权铸件还是后期复制？,缺哈佛官方记录确认该青铜的铸造年代、铸造厂、版本及授权状态。；缺作品全集或版本研究区分生前铸造、身后授权铸造和非授权复制。；缺各版本铸次、存世数量及该件与其他版本的品质比较。；缺表面处理、铜锈、损伤和修复记录，无法判断罗索关键的光感效果。；缺可靠旧藏、所有权沿革及入藏经过。,basic_identification=partial date_period=none maker_culture=partial historical_significance=partial artistic_significance=partial rarity_uniqueness=none institutional_identity=partial category_representativeness=partial cultural_educational=partial provenance_acquisition=none visual_experiential=partial relational_spatial=na
97,"Richard Serra, Corner Prop Piece",理查德·塞拉：角落支撑构件,A,7.501,37.5,medium,B–A,3.56,是,“Prop”原作身份、年代与系列地位均直接支撑当前层级，但尚无权威记录。,否,缺馆方记录确认该件是否为塞拉早期独立《Prop》原作。,哈佛艺术博物馆如何登录、断代和安装《Corner Prop Piece》，塞拉作品目录是否将其列为早期独立“Prop”作品？,缺哈佛艺术博物馆对象记录，以确认登录号、正式题名、年代、尺寸及其是否为塞拉早期独立《Prop》原作。；缺塞拉作品目录及学术出版对该件在“Prop”系列中位置和重要性的判定。；缺历次安装图和安装规范，以核实角落、重力与观看尺度是否构成该件的核心体验。；缺可靠的入藏时间、方式和捐赠者记录。,basic_identification=partial date_period=partial maker_culture=partial historical_significance=partial artistic_significance=partial rarity_uniqueness=none institutional_identity=partial category_representativeness=partial cultural_educational=partial provenance_acquisition=none visual_experiential=partial relational_spatial=partial
98,"Man Ray, Rayograph photograph",曼·雷：雷氏光绘摄影,B,7.147,37.0,low,C–A,4.73,是,原作时期、独件性质与版本状态未明，答案不同会直接改变其重要性判断。,,缺确认其为原作时期独件光绘而非后期制作物或复制品的证据。,哈佛艺术博物馆将该件定为何年、何种无相机工艺，曼·雷作品目录是否认定其为原作时期独件？,缺馆方记录确认正式题名、制作或冲印年代、尺寸、纸基和具体无相机工艺。；缺证据确认该件是原作时期独件雷氏光绘、后期制作物，还是版次或复制品。；缺曼·雷作品目录条目以及该件的重要展览和出版记录。；缺哈佛的入藏方式和捐赠者记录。,basic_identification=partial date_period=partial maker_culture=partial historical_significance=partial artistic_significance=partial rarity_uniqueness=none institutional_identity=partial category_representativeness=partial cultural_educational=partial provenance_acquisition=none visual_experiential=partial relational_spatial=na
99,"Van Gogh, Landscape with Trees",梵高：树木风景,B,7.133,37.0,low,C–A,4.73,是,准确作品身份、梵高归属及“晚期次要作品”定位均缺权威支撑。,,缺馆方记录和梵高作品目录编号确认该画的准确身份与归属。,哈佛艺术博物馆的《Landscape with Trees》对应哪个登录号及德拉法耶／JH编号，梵高研究文献如何评价其晚期风景地位？,缺馆方正式记录及德拉法耶／JH目录编号，以确认正式题名、创作年月地点和梵高本人归属。；缺学术资料判断该画在梵高晚期风景中的位置，以及“次要作品”这一说法是否成立。；缺其重要展览、出版和技术审查记录。；缺Maurice Wertheim此前所有权及具体入藏经过。,basic_identification=partial date_period=partial maker_culture=partial historical_significance=partial artistic_significance=partial rarity_uniqueness=none institutional_identity=partial category_representativeness=partial cultural_educational=partial provenance_acquisition=none visual_experiential=partial relational_spatial=na
100,"Monet, Study of Waterlily",莫奈：睡莲习作,B,6.532,37.0,low,C–A,4.73,是,作品性质与《睡莲》系列关系未明，可能改变其艺术重要性判断。,,缺目录证据判定该件是独立作品、准备性习作、残片还是未完成作。,哈佛艺术博物馆及维尔登斯坦目录如何登录这件《Study of Waterlily》，并将其判定为独立作品、习作、残片还是未完成作？,缺哈佛馆方记录和维尔登斯坦目录条目，以确认正式题名、年代、尺寸及作品性质。；缺证据判定它是独立完成作、准备性油画习作、残片还是未完成作品。；缺该件与《睡莲》系列在年代、构图和工作过程上的具体关系。；缺韦特海姆此前所有权及具体入藏记录。,basic_identification=partial date_period=partial maker_culture=partial historical_significance=partial artistic_significance=partial rarity_uniqueness=none institutional_identity=partial category_representativeness=partial cultural_educational=partial provenance_acquisition=none visual_experiential=partial relational_spatial=na
101,"Renoir, Landscape near Louveciennes",雷诺阿：卢维西耶纳附近风景,B,6.563,37.0,medium,C–A,4.73,是,年代和生涯位置直接关系到它是普通范例还是更重要的早期印象派作品。,,缺目录记录确认该画年代及其在雷诺阿卢维西耶纳风景中的位置。,哈佛艺术博物馆和雷诺阿作品目录如何断代《Landscape near Louveciennes》，学术文献将其置于卢维西耶纳风景画发展的哪个阶段？,缺馆方正式记录和雷诺阿作品目录条目，以确认登录号、年代、地点、尺寸及艺术家归属。；缺该件在雷诺阿卢维西耶纳时期及其风景画发展中的学术定位。；缺与同期雷诺阿风景的质量比较及重要展览记录。；缺Maurice Wertheim所有权和具体入藏经过。,basic_identification=partial date_period=partial maker_culture=partial historical_significance=partial artistic_significance=partial rarity_uniqueness=none institutional_identity=partial category_representativeness=partial cultural_educational=partial provenance_acquisition=none visual_experiential=partial relational_spatial=na
102,"Cézanne, Study of a Peach",塞尚：桃子习作,B,6.330,37.0,low,C–A,4.73,是,艺术家归属和作品状态同时未获权威确认，足以显著改变当前判断。,,缺馆方和作品目录确认塞尚归属及该件究竟属于何种作品状态。,哈佛艺术博物馆是否正式归属此作为塞尚，塞尚作品目录将《Study of a Peach》列为独立作品、习作、残片还是未完成作？,缺哈佛馆方记录确认艺术家归属、正式题名、登录号、年代、尺寸及完整材料。；缺塞尚作品目录条目判定其为独立作品、准备性习作、残片还是未完成作。；缺技术检查资料，以核实画面边缘、底层和完成状态。；缺此前所有权、入藏方式及韦特海姆关联记录。,basic_identification=partial date_period=partial maker_culture=partial historical_significance=partial artistic_significance=partial rarity_uniqueness=none institutional_identity=partial category_representativeness=partial cultural_educational=partial provenance_acquisition=none visual_experiential=partial relational_spatial=na
103,"Degas, Dancer Resting drawing",德加：休息舞者素描,A,7.492,37.0,medium,B–A,3.62,是,当前层级依赖其在德加舞者色粉中的代表性，但该核心论断尚无目录或学术支撑。,否,缺作品目录和学术资料确认其在德加舞者色粉作品中的位置。,哈佛艺术博物馆和德加作品目录如何登录《Dancer Resting》，馆方或学界是否把它列为德加舞者色粉中的代表性作品？,缺馆方正式题名、登录号、年代、尺寸、纸张与色粉层记录，以及德加作品目录编号。；缺学术资料判定该件在德加舞者题材和色粉创作中的位置。；缺重要展览、出版及哈佛是否将其视为代表作的记录。；缺Maurice Wertheim此前所有权和具体入藏经过。,basic_identification=partial date_period=partial maker_culture=partial historical_significance=partial artistic_significance=partial rarity_uniqueness=none institutional_identity=partial category_representativeness=partial cultural_educational=partial provenance_acquisition=none visual_experiential=partial relational_spatial=na
104,"Matisse, Interior sketch",马蒂斯：室内小稿,B,6.053,37.0,low,C–A,4.73,是,作品状态、年代及与完成作的关系未明，可能显著改变其创作史价值。,,缺馆方和作品目录确认该件的完成状态及与已知马蒂斯室内画的关系。,哈佛艺术博物馆和马蒂斯作品目录如何断代《Interior sketch》，它是否为某件已知室内画的准备稿或独立作品？,缺馆方记录确认正式题名、艺术家归属、年代、尺寸、材料及完成状态。；缺马蒂斯作品目录或研究确认该件与已知室内构图或完成作品的具体关系。；缺资料判定其是否确属马蒂斯早期发展，并与野兽派形成有关。；缺此前所有权、韦特海姆关联和入藏方式。,basic_identification=partial date_period=partial maker_culture=partial historical_significance=partial artistic_significance=partial rarity_uniqueness=none institutional_identity=partial category_representativeness=partial cultural_educational=partial provenance_acquisition=none visual_experiential=partial relational_spatial=na
105,"Pissarro, Village Roofs",毕沙罗：村庄屋顶,B,6.693,37.0,medium,C–A,4.73,是,其年代和同类质量位置尚未确认，答案不同可能改变当前层级。,,缺目录和比较资料确认该画在毕沙罗村镇景观中的年代及质量位置。,哈佛艺术博物馆和毕沙罗作品目录如何断代并定位《Village Roofs》，它与毕沙罗其他村镇屋顶景观相比处于何种位置？,缺馆方记录和毕沙罗作品目录条目，以确认正式题名、年代、描绘地点、尺寸及归属。；缺该件在毕沙罗村镇与屋顶景观中的年代位置和质量比较。；缺重要展览、学术出版及哈佛对该件馆藏地位的说明。；缺此前所有权、入藏方式及韦特海姆关联记录。,basic_identification=partial date_period=partial maker_culture=partial historical_significance=partial artistic_significance=partial rarity_uniqueness=none institutional_identity=partial category_representativeness=partial cultural_educational=partial provenance_acquisition=none visual_experiential=partial relational_spatial=na
106,"Sisley, River Bank",西斯莱：河岸,B,6.145,37.0,medium,C–A,4.73,是,“次级范例”的核心判断缺少目录与同类比较，研究结果可能改变当前层级。,,缺目录和比较研究确认该件在西斯莱河景作品中的实际位置。,哈佛艺术博物馆和西斯莱作品目录如何登录《River Bank》，该件与其主要河景作品在年代、质量和展览史上有何差异？,缺馆方记录和西斯莱作品目录条目，以确认正式题名、年代、地点、尺寸及归属。；缺该件与西斯莱其他河岸风景的年代、质量和重要展览比较。；缺资料判定它在西斯莱创作生涯中是常规作品还是较重要节点。；缺可靠的入藏时间、方式和捐赠者记录。,basic_identification=partial date_period=partial maker_culture=partial historical_significance=partial artistic_significance=partial rarity_uniqueness=none institutional_identity=partial category_representativeness=partial cultural_educational=partial provenance_acquisition=none visual_experiential=partial relational_spatial=na
107,"Berthe Morisot, Woman sewing",贝尔特·莫里索：缝纫女子,B,7.119,37.0,medium,C–A,4.73,是,当前判断依赖其题材代表性和叙事不可替代性，但两项均缺直接学术或馆方证据。,,缺作品目录与学术资料确认该件在莫里索家庭室内题材中的位置。,哈佛艺术博物馆和莫里索作品目录如何登录《Woman sewing》，馆方或学界是否将其视为莫里索家庭女性题材的代表作？,缺馆方记录和莫里索作品目录条目，以确认正式题名、年代、尺寸、归属及目录位置。；缺学术资料判定该件在莫里索缝纫、家庭室内题材及其创作生涯中的位置。；缺哈佛或学界是否将其视为莫里索及本馆印象派收藏代表作的说明。；缺此前所有权、入藏经过及韦特海姆关联记录。,basic_identification=partial date_period=partial maker_culture=partial historical_significance=partial artistic_significance=partial rarity_uniqueness=none institutional_identity=partial category_representativeness=partial cultural_educational=partial provenance_acquisition=none visual_experiential=partial relational_spatial=na
108,"Gauguin, Still‑Life with Fruit",高更：水果静物,B,6.985,37.0,low,C–A,4.73,是,塔希提时期归属及静物作品地位尚未确认，而它们直接支撑当前历史与艺术重要性判断。,,缺作品目录确认该件是否确属塔希提时期及其在高更静物中的位置。,哈佛艺术博物馆和高更作品目录将《Still-Life with Fruit》断代于何时何地，并如何评价它在塔希提时期静物中的位置？,缺馆方记录和高更作品目录条目，以确认正式题名、确切年代、创作地点、尺寸及归属。；缺证据确认该件是否确属塔希提时期，以及它在高更静物创作中的位置。；缺与同期高更静物的质量、稀缺性和重要展览比较。；缺直接支持其殖民语境阐释的馆方或学术文献。,basic_identification=partial date_period=partial maker_culture=partial historical_significance=partial artistic_significance=partial rarity_uniqueness=none institutional_identity=partial category_representativeness=partial cultural_educational=partial provenance_acquisition=none visual_experiential=partial relational_spatial=na
109,"Toulouse‑Lautrec, Portrait of a Lady",劳特累克：女士肖像,B,6.143,33.9,medium,C–A,4.96,是,亲笔归属、作品性质及核心收藏关系均会直接影响当前层级依据。,,缺HAM官方记录与权威作品目录对作品身份、归属及习作性质的确认,HAM馆藏页和劳特累克权威作品目录如何著录这件作品的登录号、年代、归属与作品性质，它是否确属Maurice Wertheim收藏？,缺HAM官方馆藏页及劳特累克权威作品目录对正式题名、登录号、年代、作者归属和“习作”性质的确认；缺该作属于Maurice Wertheim收藏及其捐赠入藏经过的馆方记录；缺该作与劳特累克同类肖像油稿在质量、作品目录位置及稀缺性上的比较,basic_identification=partial date_period=partial maker_culture=partial historical_significance=partial artistic_significance=partial rarity_uniqueness=none institutional_identity=partial category_representativeness=partial cultural_educational=partial provenance_acquisition=none visual_experiential=none relational_spatial=na
110,"Mary Cassatt, Mother and Child Sketch",玛丽·卡萨特：母与子速写,B,6.739,33.9,medium,C–A,4.96,是,作品完成状态、生涯位置及韦特海姆收藏关系可能改变当前层级。,,缺馆方及权威作品目录对作品完成状态和生涯位置的确认,HAM馆藏页与卡萨特权威作品目录将这件作品认定为色粉速写、准备稿还是独立成作，它位于其母子题材创作的哪个阶段？,缺HAM官方馆藏页及卡萨特权威作品目录对正式题名、年代、媒材、作者归属和完成状态的确认；缺该作在卡萨特母子题材创作中的年代位置、独立作品或准备稿性质及质量比较；缺该作属于Maurice Wertheim收藏及其入藏经过的馆方记录,basic_identification=partial date_period=partial maker_culture=partial historical_significance=partial artistic_significance=partial rarity_uniqueness=none institutional_identity=partial category_representativeness=partial cultural_educational=partial provenance_acquisition=none visual_experiential=none relational_spatial=na
111,"Whistler, Etching of Thames",惠斯勒：泰晤士河铜版画,B,6.563,26.0,medium,C–A,5.55,是,泰晤士河系列归属是当前历史意义判断的核心，但尚无权威确认。,,缺权威版画目录确认具体版名及泰晤士河系列归属,HAM馆藏号对应惠斯勒哪一幅具体蚀刻版画，Glasgow惠斯勒版画目录是否将其列入泰晤士河系列，并著录为何种版态？,缺HAM具体版名、登录号及权威惠斯勒版画目录对其是否属于泰晤士河系列的确认；缺该张印本的版态、版次、印数、纸张及印刷质量资料；缺作品来源及入藏经过,basic_identification=partial date_period=partial maker_culture=partial historical_significance=partial artistic_significance=partial rarity_uniqueness=none institutional_identity=none category_representativeness=partial cultural_educational=partial provenance_acquisition=none visual_experiential=none relational_spatial=na
112,"Thomas Eakins, Male Figure Study",伊金斯：男子人体习作,B,6.072,26.0,medium,C–A,5.55,是,亲笔归属和作品功能直接决定其艺术史与教学意义。,,缺亲笔归属及学院练习或准备稿性质的权威确认,HAM馆藏页及伊金斯权威作品目录如何认定这件男子人体图的作者与功能，它是学院练习、课堂示范还是对应某件成作的准备稿？,缺HAM官方记录或伊金斯权威作品目录对亲笔归属、题名、年代和登录号的确认；缺馆方或学术资料确认该人体图是学院练习、课堂示范还是具体成作的准备稿；缺与伊金斯其他人体及解剖研究作品的质量和作品目录比较；缺作品来源及入藏经过,basic_identification=partial date_period=partial maker_culture=partial historical_significance=partial artistic_significance=partial rarity_uniqueness=none institutional_identity=none category_representativeness=partial cultural_educational=partial provenance_acquisition=none visual_experiential=none relational_spatial=na
113,"Winslow Homer, Coastal Watercolor",温斯洛·霍默：海岸水彩,B,7.116,26.0,medium,C–A,5.55,是,创作阶段和作品质量是当前层级的主要依据，但尚无作品级来源。,,缺权威资料确认该作的创作阶段与同类作品质量位置,HAM馆藏页中的正式题名、年代和地点是什么，霍默权威作品目录或展览图录如何评价它在其海岸水彩中的质量与生涯位置？,缺HAM正式题名、地点、年代和权威作品目录对其在霍默海岸水彩创作阶段中位置的确认；缺展览图录或学术出版对该作质量、重要性及与霍默其他海岸水彩的比较；缺足以判断画面质量的高清图像、尺寸和保存状况资料；缺作品来源及入藏经过,basic_identification=partial date_period=partial maker_culture=partial historical_significance=partial artistic_significance=partial rarity_uniqueness=none institutional_identity=none category_representativeness=partial cultural_educational=partial provenance_acquisition=none visual_experiential=none relational_spatial=na
114,"John Singer Sargent, Landscape Sketch",萨金特：风景速写,B,6.878,33.9,medium,C–A,4.96,是,独立作品或准备稿性质及Winthrop遗赠关系会影响其馆内与艺术地位。,,缺作品性质、质量及Winthrop遗赠关系的权威确认,HAM馆藏页和Winthrop遗赠清单是否收录这件萨金特风景油稿，权威作品目录将其认定为独立现场创作还是其他作品的准备稿？,缺HAM馆藏页及萨金特权威作品目录确认正式题名、创作地点、年代、归属及独立油稿或准备稿性质；缺该作属于Grenville L. Winthrop遗赠的馆方清单或入藏文件；缺该作与萨金特其他风景油稿在质量、稀缺性和作品目录位置上的比较；缺技术检测与修复记录,basic_identification=partial date_period=partial maker_culture=partial historical_significance=partial artistic_significance=partial rarity_uniqueness=none institutional_identity=partial category_representativeness=partial cultural_educational=partial provenance_acquisition=none visual_experiential=none relational_spatial=na
115,"George Bellows, Boxing study",乔治·贝洛斯：拳击习作,B,6.767,26.0,low,C–A,5.55,是,对象类型明显冲突，且未证实的拳击作品关联是当前层级核心依据。,,缺馆方编目解决对象类型及其与具体拳击构图关系的矛盾,HAM官方馆藏记录将此对象编为石版画、素描还是试印，它具体对应贝洛斯哪一件拳击作品或哪一版构图？,缺HAM官方编目解决该对象究竟是石版画、素描、试印还是其他类型的矛盾；缺馆方或权威作品目录说明该作对应贝洛斯哪件拳击画、版画或具体构图；若为版画，缺版态、版次、印数、纸张及该张印本质量资料；缺作品来源及入藏经过,basic_identification=partial date_period=partial maker_culture=partial historical_significance=partial artistic_significance=partial rarity_uniqueness=none institutional_identity=none category_representativeness=partial cultural_educational=partial provenance_acquisition=none visual_experiential=none relational_spatial=na
116,"Grant Wood, Regional Landscape",格兰特·伍德：乡土风景,B,6.808,26.0,medium,C–A,5.55,是,作品身份、生涯位置及是否具有馆内代表性都可能影响当前层级。,,缺权威确认作品身份及其在伍德地域主义创作中的位置,HAM馆藏页与格兰特·伍德权威作品目录如何著录这件风景画，它属于伍德地域主义创作的哪个阶段，HAM是否将其列为美国艺术代表藏品？,缺HAM馆藏页及格兰特·伍德权威作品目录确认正式题名、年代、地点、作者归属和登录号；缺该作在伍德地域主义创作中的阶段、质量和作品目录位置资料；缺HAM是否将该作视为美国地域主义代表藏品的官方说明及馆内同类比较；缺作品来源及入藏经过,basic_identification=partial date_period=partial maker_culture=partial historical_significance=partial artistic_significance=partial rarity_uniqueness=none institutional_identity=none category_representativeness=partial cultural_educational=partial provenance_acquisition=none visual_experiential=none relational_spatial=na
117,"Edward Hopper, Early etching",爱德华·霍普：早期铜版画,B,6.439,26.0,medium,C–A,5.55,是,“早期”定位及与成熟风格的关系是当前历史意义依据，但均未证实。,,缺具体版名及其在霍普版画生涯中“早期”位置的确认,HAM馆藏号对应霍普哪一幅蚀刻版画，权威版画目录将其定年为何时，并是否支持它与成熟都市题材发展的直接关系？,缺HAM具体版名、年代和权威霍普版画目录对其“早期”生涯位置的确认；缺该张印本的版态、版次、印数、纸张和印刷质量资料；缺学术出版对该作与霍普成熟都市题材及光影语言关系的直接论证；缺作品来源及入藏经过,basic_identification=partial date_period=partial maker_culture=partial historical_significance=partial artistic_significance=partial rarity_uniqueness=none institutional_identity=none category_representativeness=partial cultural_educational=partial provenance_acquisition=none visual_experiential=none relational_spatial=na
118,"Jacob Lawrence, Single figure study",雅各布·劳伦斯：人物单体习作,A,7.377,26.0,low,C–A,5.55,是,《迁徙》系列准备稿身份是当前A级的核心依据，却尚无权威证明。,否,缺权威确认该作确为《迁徙》系列准备稿并对应具体面板,HAM馆藏页或雅各布·劳伦斯权威作品目录是否明确认定此作为《迁徙》系列准备稿，它对应系列中的哪一具体面板或构图？,缺HAM官方记录或雅各布·劳伦斯权威作品目录确认其确为《迁徙》系列准备稿；缺该作对应《迁徙》系列哪一具体面板、人物或构图的直接证据；缺《迁徙》系列相关准备稿的存世数量、稀缺性及学术比较；缺该作在哈佛课程或教学活动中的使用记录；缺作品来源及入藏经过,basic_identification=partial date_period=partial maker_culture=partial historical_significance=partial artistic_significance=partial rarity_uniqueness=none institutional_identity=none category_representativeness=partial cultural_educational=partial provenance_acquisition=none visual_experiential=none relational_spatial=na
119,"Stuart Davis, Abstract city study",斯图尔特·戴维斯：城市抽象习作,B,6.951,26.0,medium,C–A,5.55,是,作品发展阶段及核心解释未经证实，答案可能改变其历史与艺术重要性判断。,,缺权威确认作品身份及其在戴维斯抽象发展中的位置,HAM馆藏页和斯图尔特·戴维斯权威作品目录如何著录此作的题名与年代，它处于其具象转向抽象的哪个阶段，是否有文献直接支持爵士节奏解释？,缺HAM馆藏页及斯图尔特·戴维斯权威作品目录确认正式题名、年代、作者归属和登录号；缺该作在戴维斯由具象向抽象发展中的阶段、质量和作品目录位置资料；缺学术出版对该作城市题材及爵士节奏解释的作品级支持；缺作品来源及入藏经过,basic_identification=partial date_period=partial maker_culture=partial historical_significance=partial artistic_significance=partial rarity_uniqueness=none institutional_identity=none category_representativeness=partial cultural_educational=partial provenance_acquisition=none visual_experiential=none relational_spatial=na
120,"Gilbert Stuart, Gentleman portrait",吉尔伯特·斯图尔特：绅士肖像,B,5.834,26.0,low,C–A,5.55,是,亲笔归属与人物身份均属定级核心事实，且不同答案可能造成显著变化。,,缺亲笔归属及肖像人物身份的权威确认,HAM馆藏页及吉尔伯特·斯图尔特权威作品目录如何认定此作的亲笔归属，肖像人物是谁，其身份是否具有足以影响作品历史地位的重要性？,缺肖像人物姓名、身份及其历史重要性的可靠资料；缺HAM官方记录或吉尔伯特·斯图尔特权威作品目录确认亲笔归属并排除工作室作品；缺权威作品目录对该作质量、年代、生涯位置及与其他绅士肖像的比较；缺作品来源及入藏经过,basic_identification=partial date_period=partial maker_culture=partial historical_significance=partial artistic_significance=partial rarity_uniqueness=none institutional_identity=none category_representativeness=partial cultural_educational=partial provenance_acquisition=none visual_experiential=none relational_spatial=na
121,"John Trumbull, Historical scene sketch",约翰·特朗布尔：历史场景草稿,B,6.381,35.4,low,C–A,4.84,是,对象无法唯一识别，核心的成品画关系也未经证实；总述所称Wikidata编号与年份未落实到逐件记录。,,缺可将此泛称唯一对应到哈佛馆藏记录的正式题名、登录号与馆方链接,哈佛馆藏检索中哪条约翰·特朗布尔记录与此“历史场景草稿”相符，其登录号、年代及对应的成品历史画是什么？,缺可将此泛称唯一对应到哈佛馆藏记录的正式题名、登录号与馆方链接；缺特朗布尔作品目录对其对应成品历史画及草稿关系的确认；缺该作在特朗布尔革命战争习作中的存世比较与学术定位；缺可靠的来源、入藏经过、展览史与出版记录,basic_identification=partial date_period=none maker_culture=partial historical_significance=partial artistic_significance=partial rarity_uniqueness=none institutional_identity=partial category_representativeness=partial cultural_educational=partial provenance_acquisition=none visual_experiential=partial relational_spatial=na
122,"Jackson Pollock, Small drawing",波洛克：小幅纸上抽象,B,5.814,35.4,low,C–A,4.84,是,对象无法唯一识别，且决定其发展史意义的年代与滴画阶段关系没有来源。,,缺可将此泛称对应到哈佛馆藏记录的正式题名、登录号及馆方链接,哈佛馆藏检索中哪件波洛克纸本水墨与此记录相符，其登录号、年代及波洛克作品目录编号是什么，是否创作于滴画阶段？,缺可将此泛称对应到哈佛馆藏记录的正式题名、登录号及馆方链接；缺波洛克作品目录对其归属、年代及与滴画阶段关系的确认；缺该作与波洛克其他纸本作品的质量、展览频率及学术地位比较；缺作品正反面图像、准确尺寸及纸张保存状态；缺可靠的来源、入藏经过与出版记录,basic_identification=partial date_period=none maker_culture=partial historical_significance=partial artistic_significance=partial rarity_uniqueness=none institutional_identity=partial category_representativeness=partial cultural_educational=partial provenance_acquisition=none visual_experiential=partial relational_spatial=na
123,"Willem de Kooning, Woman sketch",德·库宁：女子草稿,B,6.486,37.0,low,C–A,4.73,是,作为主要定级依据的“女人”系列关系未经证实，对象本身也无法由现有字段唯一识别。,,缺德·库宁作品目录确认该炭笔稿是否属于“女人”系列及是否对应具体油画,哈佛馆藏中哪件德·库宁炭笔女子素描与此记录相符，作品目录是否将其列入“女人”系列或认定为某件油画的准备稿？,缺哈佛正式题名、登录号、年代、署名与馆方归属记录；缺德·库宁作品目录确认该炭笔稿是否属于“女人”系列及是否对应具体油画；缺该作在德·库宁纸本创作与职业生涯中的学术定位和同类质量比较；缺可靠的来源、入藏经过、展览史与出版记录,basic_identification=partial date_period=partial maker_culture=partial historical_significance=partial artistic_significance=partial rarity_uniqueness=none institutional_identity=partial category_representativeness=partial cultural_educational=partial provenance_acquisition=none visual_experiential=partial relational_spatial=na
124,"Franz Kline, Ink drawing",弗朗茨·克莱因：水墨稿,B,6.106,37.0,low,C–A,4.73,是,当前定级依赖“成熟油画前驱”这一未经证实的关系，且对象身份不明。,,缺克莱因作品目录或技术研究确认该水墨稿是否对应具体油画,哈佛馆藏中哪件弗朗茨·克莱因水墨稿与此记录相符，克莱因作品目录或技术研究是否将其与某件大型黑白油画相联系？,缺哈佛正式题名、登录号、年代、尺寸与准确技法记录；缺克莱因作品目录或技术研究确认该水墨稿是否对应具体油画；缺该作在克莱因纸本研究及成熟黑白绘画发展中的确切位置；缺同类水墨稿的存世数量、质量与稀缺性比较；缺可靠的来源、入藏经过与出版记录,basic_identification=partial date_period=partial maker_culture=partial historical_significance=partial artistic_significance=partial rarity_uniqueness=none institutional_identity=partial category_representativeness=partial cultural_educational=partial provenance_acquisition=none visual_experiential=partial relational_spatial=na
125,"Mark Rothko, Early figurative work",罗斯科：早期具象绘画,B,6.372,37.0,low,C–A,4.73,是,决定发展史价值的年代与转型位置均未核实，无法确认当前对象是否具备所述重要性。,,缺罗斯科作品目录确认其年代、归属及在具象转向抽象过程中的位置,哈佛馆藏中哪件罗斯科具象油画与此记录相符，其作品目录编号和年代是什么，学术文献将它置于转向抽象的哪个阶段？,缺哈佛正式题名、登录号、年代、尺寸、材质与馆方链接；缺罗斯科作品目录确认其年代、归属及在具象转向抽象过程中的位置；缺罗斯科早期具象作品的存世数量、质量及重要性比较；缺哈佛是否将该作列为教学重点或美国现代艺术代表作的说明；缺可靠的来源、入藏经过与展览出版记录,basic_identification=partial date_period=partial maker_culture=partial historical_significance=partial artistic_significance=partial rarity_uniqueness=none institutional_identity=partial category_representativeness=partial cultural_educational=partial provenance_acquisition=none visual_experiential=partial relational_spatial=na
126,"Max Beckmann, Lithograph self‑portrait",马克斯·贝克曼：石版画自画像,B,7.025,35.4,low,C–A,4.84,是,版画尚未唯一识别，版次、版态和自画像序列地位等定级关键事实均缺失。,,缺哈佛正式题名、登录号、年代、尺寸、版次与版态记录,哈佛馆藏中哪件贝克曼石版自画像与此记录相符，其版画目录编号、版次版态及布施-赖辛格对其馆藏地位的说明是什么？,缺哈佛正式题名、登录号、年代、尺寸、版次与版态记录；缺贝克曼版画作品目录编号及其在自画像序列中的位置；缺同版印本数量、馆藏分布及本印张质量的比较资料；缺布施-赖辛格是否将其列为贝克曼或表现主义代表作的说明；缺可靠的来源、入藏经过与展览出版记录,basic_identification=partial date_period=none maker_culture=partial historical_significance=partial artistic_significance=partial rarity_uniqueness=none institutional_identity=partial category_representativeness=partial cultural_educational=partial provenance_acquisition=none visual_experiential=partial relational_spatial=na
127,"Otto Dix, War print",奥托·迪克斯：战争版画,A,7.590,37.0,low,C–A,4.73,是,组套归属与具体图版是当前定级的主要依据，却未获确认；所标技法也缺官方记录核对。,否,缺哈佛记录与迪克斯版画目录确认其是否属于《战争》组套、具体图版及组套位置,哈佛馆藏中的这件迪克斯战争版画究竟是哪一图版，是否属于《战争》组套，其准确技法、版次版态和作品目录编号是什么？,缺哈佛正式题名、登录号、年代、准确技法、版次与版态；缺哈佛记录与迪克斯版画目录确认其是否属于《战争》组套、具体图版及组套位置；缺该图版在迪克斯战争图像与魏玛时期创作中的学术定位；缺同版印本数量、馆藏分布、稀缺性及本印张质量比较；缺可靠的来源、入藏经过及展览出版记录,basic_identification=partial date_period=partial maker_culture=partial historical_significance=partial artistic_significance=partial rarity_uniqueness=none institutional_identity=partial category_representativeness=partial cultural_educational=partial provenance_acquisition=none visual_experiential=partial relational_spatial=na
128,"Paul Klee, Animal fantasy drawing",保罗·克利：幻想动物素描,B,6.754,35.4,low,C–A,4.84,是,泛称无法锁定对象，年代及包豪斯关联等可能改变馆藏相关性的事实均未确认。,,缺哈佛正式题名、登录号、年代、尺寸、准确技法及馆方链接,哈佛馆藏中哪件保罗·克利幻想动物纸本作品与此记录相符，其作品目录编号、年代及是否属于包豪斯时期是什么？,缺哈佛正式题名、登录号、年代、尺寸、准确技法及馆方链接；缺克利作品目录条目及该作动物母题和职业生涯位置的说明；缺年代证据以确认该作是否与克利包豪斯时期相关；缺与克利同类幻想动物纸本作品的质量、数量和稀缺性比较；缺可靠的来源、入藏经过及展览出版记录,basic_identification=partial date_period=none maker_culture=partial historical_significance=partial artistic_significance=partial rarity_uniqueness=none institutional_identity=partial category_representativeness=partial cultural_educational=partial provenance_acquisition=none visual_experiential=partial relational_spatial=na
129,"Kandinsky, Woodcut print",康定斯基：木刻版画,A,7.253,37.0,low,C–A,4.73,是,“早期抽象实验”这一主要定级论断缺少题名、年代、系列及作品目录证据。,否,缺康定斯基作品目录确认所属系列及由具象走向抽象过程中的位置,哈佛馆藏中哪件康定斯基木刻与此记录相符，其系列、作品目录编号、年代和版态是什么，学界如何定位它与抽象形成的关系？,缺哈佛正式题名、登录号、年代、尺寸、版次、版态及馆方链接；缺康定斯基作品目录确认所属系列及由具象走向抽象过程中的位置；缺不同印本、版态及本印张质量的比较；缺同类早期木刻的存世数量、稀缺性及学术评价；缺可靠的来源、入藏经过与展览出版记录,basic_identification=partial date_period=partial maker_culture=partial historical_significance=partial artistic_significance=partial rarity_uniqueness=none institutional_identity=partial category_representativeness=partial cultural_educational=partial provenance_acquisition=none visual_experiential=partial relational_spatial=na
130,"Joan Miró, small surreal drawing",米罗：超现实小素描,B,6.095,37.0,low,C–A,4.73,是,现有元数据甚至未单列作者，且对象身份、归属与风格阶段均未经馆方或作品目录确认。,,缺哈佛正式题名、登录号、年代、尺寸、技法、署名及馆方链接,哈佛馆藏中哪件米罗小幅纸本作品与此记录相符，其作品目录编号、年代、署名和超现实主义阶段归属是什么？,缺哈佛正式题名、登录号、年代、尺寸、技法、署名及馆方链接；缺米罗作品目录对归属、年代及超现实主义阶段位置的确认；缺该作与米罗同类小幅纸本作品的质量、重要性与稀缺性比较；缺作品图像与准确尺寸以核验其视觉品质和“小幅”描述；缺可靠的来源、入藏经过及展览出版记录,basic_identification=partial date_period=partial maker_culture=partial historical_significance=partial artistic_significance=partial rarity_uniqueness=none institutional_identity=partial category_representativeness=partial cultural_educational=partial provenance_acquisition=none visual_experiential=partial relational_spatial=na
131,"Henry Moore, small sculpture maquette",亨利·摩尔：小雕塑模型,B,6.245,35.4,low,C–A,4.84,是,模型的制作身份及其与大型雕塑的关系都是定级关键事实，目前均无可靠证据。,,缺证据确认其属于原始工作模型、铸造母型还是后制复制品,哈佛馆藏中的这件亨利·摩尔石膏模型是哪一目录作品，它是原始工作模型、铸造母型还是复制品，又对应哪件大型雕塑？,缺哈佛正式题名、登录号、年代、尺寸、材质及制作记录；缺证据确认其属于原始工作模型、铸造母型还是后制复制品；缺该模型对应的具体大型雕塑及二者制作关系；缺亨利·摩尔作品目录编号及与其他模型作品的唯一性和质量比较；缺可靠的来源、入藏经过及展览出版记录,basic_identification=partial date_period=none maker_culture=partial historical_significance=partial artistic_significance=partial rarity_uniqueness=none institutional_identity=partial category_representativeness=partial cultural_educational=partial provenance_acquisition=none visual_experiential=partial relational_spatial=na
132,"Calder, small mobile",考尔德：小型动态雕塑,B,6.970,35.4,low,C–A,4.84,是,原创或版本状态尚不明确，实际动态体验也无记录；两者均可能改变其代表性和优先级。,,缺证据确认其为唯一原作、版本作品、授权制作还是复制品,哈佛馆藏中的这件考尔德小型动态雕塑是哪一目录作品，它是唯一原作、版本作品还是授权制作，其实际悬挂和运动状态如何？,缺哈佛正式题名、登录号、年代、尺寸、材料及制作记录；缺证据确认其为唯一原作、版本作品、授权制作还是复制品；缺该作在考尔德职业生涯及动态雕塑发展中的作品目录定位；缺实际悬挂方式、运动范围、平衡、投影及保存状态记录；缺可靠的来源、入藏经过及展览出版记录,basic_identification=partial date_period=none maker_culture=partial historical_significance=partial artistic_significance=partial rarity_uniqueness=none institutional_identity=partial category_representativeness=partial cultural_educational=partial provenance_acquisition=none visual_experiential=partial relational_spatial=na
133,"Richard Serra, drawing",理查德·塞拉：纸上素描,B,5.950,21.4,low,C–A,5.90,是,对象身份与系列地位尚未确认，答案不同可能改变当前Tier。,,缺哈佛官方记录中的准确题名、藏品号、年代、尺寸与当前作者归属,哈佛藏品库中哪件理查德·塞拉石墨纸本作品对应此记录，其准确题名、藏品号、年代、尺寸、系列归属及馆内定位是什么？,缺哈佛官方记录中的准确题名、藏品号、年代、尺寸与当前作者归属；缺该画在塞拉纸上作品系列及其创作生涯中的位置；缺哈佛对该画与馆内其他塞拉作品相对地位的说明；缺具体入藏日期与捐赠方式,basic_identification=partial date_period=partial maker_culture=partial historical_significance=none artistic_significance=partial rarity_uniqueness=none institutional_identity=none category_representativeness=partial cultural_educational=partial provenance_acquisition=none visual_experiential=partial relational_spatial=na
134,"Man Ray, portrait photograph",曼·雷：人物摄影,B,5.609,21.4,low,C–A,5.90,是,具体照片及印本性质未确认，而这些事实直接影响作品地位。,,缺哈佛官方记录中的准确题名、被摄者、藏品号、底片年代与印制年代,哈佛藏品库中哪件曼·雷人物摄影对应此记录，其被摄者、底片与印制年代、摄影工艺及原版印本认定是什么？,缺哈佛官方记录中的准确题名、被摄者、藏品号、底片年代与印制年代；缺摄影工艺、版次、印数及是否为原版或后期印本的认定；缺作品目录或学术出版对其在曼·雷摄影生涯中位置的判断；缺具体入藏日期与捐赠方式,basic_identification=partial date_period=partial maker_culture=partial historical_significance=none artistic_significance=partial rarity_uniqueness=none institutional_identity=none category_representativeness=partial cultural_educational=partial provenance_acquisition=none visual_experiential=partial relational_spatial=na
135,"Dürer, Woodcut Passion scene",丢勒：受难木刻,B,7.046,29.2,low,C–A,5.31,是,系列身份及印本状态未确认，二者均可能改变当前Tier。,,缺具体受难组画、单幅题名、藏品号及创作年代,哈佛藏品库中哪件丢勒受难木刻对应此记录，它属于哪套受难组画、哪一场景，作品目录编号、版次和印刷年代为何？,缺具体受难组画、单幅题名、藏品号及创作年代；缺作品目录编号、版次、印刷年代、水印及印张质量记录；缺哈佛对该印张与馆内其他丢勒版画相对地位的说明；缺具体来源与入藏经过,basic_identification=partial date_period=partial maker_culture=partial historical_significance=partial artistic_significance=partial rarity_uniqueness=none institutional_identity=none category_representativeness=partial cultural_educational=partial provenance_acquisition=none visual_experiential=partial relational_spatial=na
136,"Rembrandt, Etching portrait",伦勃朗：铜版肖像,B,6.896,21.4,low,C–S,7.86,是,具体作品与印本状态均未知，可能使其重要性跨越多个Tier。,,缺准确题名、肖像人物、藏品号、年代及作品目录编号,哈佛藏品库中哪件伦勃朗蚀刻肖像对应此记录，其肖像人物、作品目录编号、版次、生前印刷认定及印张质量如何？,缺准确题名、肖像人物、藏品号、年代及作品目录编号；缺版次、是否为生前印刷、水印及印张质量认定；缺哈佛或版画学术出版对该印张重要性的评价；缺具体入藏日期与捐赠方式,basic_identification=partial date_period=partial maker_culture=partial historical_significance=none artistic_significance=partial rarity_uniqueness=none institutional_identity=none category_representativeness=partial cultural_educational=partial provenance_acquisition=none visual_experiential=partial relational_spatial=na
137,"Frans Hals, Portrait of man copy",哈尔斯：男子肖像同时代摹本,C,4.658,21.4,low,C–A,5.90,是,当前Tier依赖其确为同时代摹本，但该归属尚无可核实依据。,,缺哈佛官方采用的作者归属用语、准确题名、年代与藏品号,哈佛官方目录如何著录这件男子肖像——是哈尔斯之后、哈尔斯作坊、同时代摹本还是其他归属，其原型作品和技术定年依据是什么？,缺哈佛官方采用的作者归属用语、准确题名、年代与藏品号；缺被摹仿的哈尔斯原作、肖像人物、摹写者及两者年代关系；缺技术分析对其是否为同时代摹本及制作地区的验证；缺具体入藏日期与捐赠方式,basic_identification=partial date_period=partial maker_culture=partial historical_significance=none artistic_significance=partial rarity_uniqueness=none institutional_identity=none category_representativeness=partial cultural_educational=partial provenance_acquisition=none visual_experiential=partial relational_spatial=na
138,"Jacob van Ruisdael, small landscape",雷斯达尔：小幅风景,B,5.877,21.4,low,C–A,5.90,是,具体作品与真迹归属未确认，且馆内比较依据缺失，可能改变当前Tier。,,缺准确题名、藏品号、年代、尺寸与作品图像,哈佛藏品库中哪件雷斯达尔小幅风景对应此记录，其真迹归属、作品目录条目及与馆内森林瀑布风景的质量比较结论是什么？,缺准确题名、藏品号、年代、尺寸与作品图像；缺真迹归属依据、作品目录收录及其在雷斯达尔生涯中的位置；缺与馆内另一件森林瀑布风景在质量与代表性上的实证比较；缺具体入藏日期与捐赠方式,basic_identification=partial date_period=partial maker_culture=partial historical_significance=none artistic_significance=partial rarity_uniqueness=none institutional_identity=none category_representativeness=partial cultural_educational=partial provenance_acquisition=none visual_experiential=partial relational_spatial=na
139,"Vermeer, attributed study",维米尔：传为维米尔习作,B,6.410,29.2,low,C–S,7.08,是,作者归属是定级核心且争议未决，不同结论可能导致Tier大幅变化。,,缺准确题名、藏品号、年代及哈佛当前采用的作者归属用语,哈佛目前如何著录这件传为维米尔的木板习作，最新维米尔作品目录及木板、颜料和成像研究分别支持何种归属？,缺准确题名、藏品号、年代及哈佛当前采用的作者归属用语；缺历次归属变更、主要维米尔学者意见及最新作品目录结论；缺木板年代学、颜料、成像和笔触等技术研究结果；缺具体入藏日期与捐赠方式,basic_identification=partial date_period=partial maker_culture=partial historical_significance=partial artistic_significance=partial rarity_uniqueness=none institutional_identity=none category_representativeness=partial cultural_educational=partial provenance_acquisition=none visual_experiential=partial relational_spatial=na
140,"Caravaggio circle, Saint figure",卡拉瓦乔流派：圣徒形象,B,5.533,21.4,low,C–A,5.90,是,具体作者及“近随者”判断未获证实，而归属差异可能改变当前Tier。,,缺哈佛当前采用的具体画家、作坊、近随者或流派归属及其依据,哈佛官方将这件圣徒油画归于哪位具体画家、作坊或卡拉瓦乔流派范围，其归属依据和可比作品是什么？,缺准确题名、圣徒身份、藏品号、年代、尺寸与作品图像；缺哈佛当前采用的具体画家、作坊、近随者或流派归属及其依据；缺技术分析及与主要卡拉瓦乔主义者作品的比较研究；缺具体入藏日期与捐赠方式,basic_identification=partial date_period=partial maker_culture=partial historical_significance=none artistic_significance=partial rarity_uniqueness=none institutional_identity=none category_representativeness=partial cultural_educational=partial provenance_acquisition=none visual_experiential=partial relational_spatial=na
141,"Bernini, marble fragment",贝尔尼尼：大理石残件,C,4.653,29.2,low,C–A,5.31,是,作者层级和原属项目均未确认，不同答案可能显著改变当前Tier。,,缺区分贝尔尼尼亲作、作坊制作或后世残片的技术依据,哈佛如何归属这件大理石残件，它能否通过尺寸、工具痕和来源与某项贝尼尼委托或馆藏陶土小稿直接对应？,缺哈佛官方作者归属、准确题名、藏品号、年代与尺寸；缺残件原属雕塑、委托项目、原始功能及匹配依据；缺区分贝尔尼尼亲作、作坊制作或后世残片的技术依据；缺其与馆藏贝尼尼陶土小稿是否存在直接对应关系的记录；缺具体入藏日期与捐赠方式,basic_identification=partial date_period=partial maker_culture=partial historical_significance=none artistic_significance=partial rarity_uniqueness=none institutional_identity=partial category_representativeness=partial cultural_educational=partial provenance_acquisition=none visual_experiential=partial relational_spatial=na
142,"Canova, marble bust",卡诺瓦：大理石胸像,B,6.359,21.4,low,C–A,5.90,是,作者亲作程度和人物身份未确认，二者可能改变当前Tier。,,缺卡诺瓦本人设计或雕刻与作坊执行之间的责任划分,哈佛藏品库中哪件卡诺瓦大理石胸像对应此记录，其人物身份、作品目录条目以及卡诺瓦本人和作坊各自承担的制作环节是什么？,缺准确题名、胸像人物、藏品号、年代、尺寸与作品图像；缺卡诺瓦本人设计或雕刻与作坊执行之间的责任划分；缺作品目录收录、版本关系及与其他同类胸像的质量比较；缺具体入藏日期与捐赠方式,basic_identification=partial date_period=partial maker_culture=partial historical_significance=none artistic_significance=partial rarity_uniqueness=none institutional_identity=none category_representativeness=partial cultural_educational=partial provenance_acquisition=none visual_experiential=partial relational_spatial=na
143,"Titian circle, Madonna",提香流派：圣母子,C,5.413,21.4,low,C–S,7.86,是,作者归属是当前定级的核心依据，现有资料无法排除跨Tier变化。,,缺提香本人、作坊、追随者或后世仿作之间的归属结论与依据,哈佛目前将这件圣母子归于提香本人、作坊、追随者还是后世仿作，其原型、相关版本与技术分析分别支持什么结论？,缺准确题名、藏品号、年代、尺寸及哈佛当前采用的归属用语；缺提香本人、作坊、追随者或后世仿作之间的归属结论与依据；缺原型作品、相关版本、存世数量及彼此年代关系；缺颜料、底层构图和画布等技术研究结果；缺具体入藏日期与捐赠方式,basic_identification=partial date_period=partial maker_culture=partial historical_significance=none artistic_significance=partial rarity_uniqueness=none institutional_identity=none category_representativeness=partial cultural_educational=partial provenance_acquisition=none visual_experiential=partial relational_spatial=na
144,"Veronese, sketch for altarpiece",委罗内塞：祭坛画草稿,B,6.864,29.2,low,C–A,5.31,是,亲笔归属和准备稿性质均未确认，不同结论可能改变当前Tier。,,缺委罗内塞亲笔归属及其为草稿、样稿或后制记录的判断依据,哈佛如何认定这件油画为委罗内塞亲笔的祭坛画准备稿，它对应哪件最终祭坛画，作品目录和技术研究将其界定为草稿、样稿还是后制记录？,缺准确题名、藏品号、年代、尺寸及目标祭坛画；缺委罗内塞亲笔归属及其为草稿、样稿或后制记录的判断依据；缺与最终祭坛画在构图、人物和技术层面的对应研究；缺作品目录收录及同类委罗内塞油稿的质量比较；缺具体教学使用记录,basic_identification=partial date_period=partial maker_culture=partial historical_significance=partial artistic_significance=partial rarity_uniqueness=none institutional_identity=none category_representativeness=partial cultural_educational=partial provenance_acquisition=none visual_experiential=partial relational_spatial=na
145,"Raphael circle, drawing",拉斐尔流派：素描,B,5.570,26.0,low,C–A,5.55,是,对象映射及作坊、流派或摹本的核心归属未确认，答案不同可能改变当前Tier。,,缺区分拉斐尔作坊、拉斐尔圈及后世摹本的归属依据。,哈佛艺术博物馆藏品库中哪一登录号对应这件拉斐尔流派纸本，其当前归属限定、年代及所据拉斐尔构图分别是什么？,缺哈佛馆藏数据库中可对应的登录号、确切题名、年代、媒材和当前归属。；缺区分拉斐尔作坊、拉斐尔圈及后世摹本的馆方或学术依据，并缺所据拉斐尔构图。；缺该纸本与已发表拉斐尔作坊纸本在年代、质量和稀缺性上的比较。；缺可靠的历次所有权及入藏记录。,basic_identification=partial date_period=partial maker_culture=partial historical_significance=partial artistic_significance=partial rarity_uniqueness=none institutional_identity=none category_representativeness=partial cultural_educational=partial provenance_acquisition=none visual_experiential=none relational_spatial=na
146,"Botticelli, religious drawing",波提切利：宗教素描,A,7.353,33.9,low,C–S,6.61,是,亲笔归属与稀缺性正是当前Tier的主要依据，但均未得到外部资料确认。,否,缺波提切利亲笔归属及作品目录收录证据。,哈佛藏品库中哪件宗教题材纸本对应此记录，其归属是波提切利亲笔、作坊还是追随者，并是否收入权威作品目录？,缺哈佛馆藏数据库中的登录号、确切题名、年代、完整媒材及当前归属限定。；缺该纸本收入波提切利作品目录的记录，以及亲笔归属的学术共识。；缺该宗教构图与现存祭坛画、绘画或其他纸本作品关系的研究。；缺高清图像与状况报告，以核验其质量是否达到代表作水平。；缺可靠的来源及入藏经过。,basic_identification=partial date_period=partial maker_culture=partial historical_significance=partial artistic_significance=partial rarity_uniqueness=partial institutional_identity=none category_representativeness=partial cultural_educational=partial provenance_acquisition=none visual_experiential=none relational_spatial=na
147,"Poussin, drawing mythological scene",普桑：神话素描,B,6.931,26.0,low,C–A,5.55,是,作者归属和“完成绘画构图习作”这一核心论断均未核实，可能改变当前Tier。,,缺普桑归属及与具体完成绘画关系的证据。,哈佛藏品库中哪一件普桑纸本对应此记录，它描绘何种神话题材，并被馆方或作品目录关联到哪幅完成绘画？,缺哈佛馆藏数据库中的登录号、确切题名、年代、媒材及普桑归属依据。；缺神话场景的具体题材，以及其与哪件完成绘画相关的可核证据。；缺该纸本在普桑构图习作序列或作品目录中的位置及质量比较。；缺可靠的来源、入藏及展览记录。,basic_identification=partial date_period=partial maker_culture=partial historical_significance=partial artistic_significance=partial rarity_uniqueness=none institutional_identity=none category_representativeness=partial cultural_educational=partial provenance_acquisition=none visual_experiential=none relational_spatial=na
148,"Claude Lorrain, small landscape",克劳德·洛兰：小幅风景,B,6.854,29.2,low,C–A,5.31,是,亲笔归属及“次要小幅作品”的核心判断均无可核依据，可能显著影响当前Tier。,,缺作品目录中的亲笔认定及创作生涯位置。,以Claude Gellée或Claude Lorrain检索哈佛藏品库时，哪幅油画对应此记录，其作品目录编号、实测尺寸和当前归属是什么？,缺哈佛馆藏数据库中的登录号、确切题名、年代、尺寸、支撑材质及当前归属。；缺该画在克劳德·洛兰作品目录中的编号、亲笔认定及创作生涯位置。；缺作品图像、实测尺寸和状况报告，以核验“小幅”及“次要”的判断。；缺可靠的历次所有权及入藏记录。,basic_identification=partial date_period=partial maker_culture=partial historical_significance=partial artistic_significance=partial rarity_uniqueness=none institutional_identity=none category_representativeness=partial cultural_educational=partial provenance_acquisition=none visual_experiential=partial relational_spatial=na
149,"David, portrait drawing",大卫：肖像素描,B,6.430,26.0,low,C–A,5.55,是,作者、被绘者和创作项目均未落实，而这些事实可能改变作品的历史与类别重要性。,,缺大卫归属、被绘者身份及具体创作项目关系。,哈佛藏品库中哪一件雅克-路易·大卫肖像纸本对应此记录，被绘者是谁，馆方是否将它关联到某幅完成肖像？,缺哈佛馆藏数据库中的登录号、确切题名、年代、尺寸、完整媒材及大卫归属依据。；缺被绘人物身份及其历史、政治或委托背景。；缺该纸本与某件完成肖像或其他创作项目关系的可核证据。；缺其在大卫肖像纸本中的作品目录位置和质量比较。；缺可靠的来源及入藏记录。,basic_identification=partial date_period=partial maker_culture=partial historical_significance=partial artistic_significance=partial rarity_uniqueness=none institutional_identity=none category_representativeness=partial cultural_educational=partial provenance_acquisition=none visual_experiential=none relational_spatial=na
150,"Ingres, portrait drawing",安格尔：肖像素描,A,7.770,33.9,low,C–S,6.61,是,当前Tier的两项核心依据——安格尔亲笔与Winthrop身份——均缺逐件证据。,否,缺安格尔亲笔归属与Winthrop遗赠的逐件证明。,哈佛藏品库中哪件安格尔肖像素描对应此记录，其被绘者、亲笔归属、Winthrop遗赠来源及馆方代表作定位分别是什么？,缺哈佛馆藏数据库中的登录号、确切题名、被绘者、年代、尺寸及安格尔归属依据。；缺该纸本出自Grenville L. Winthrop遗赠的逐件入藏证明。；缺该纸本与完成肖像的关系，以及其在安格尔肖像素描作品目录中的位置。；缺哈佛馆方是否将该件列为安格尔或Winthrop收藏代表作的说明。；缺完整的历次所有权和纸本状况记录。,basic_identification=partial date_period=partial maker_culture=partial historical_significance=partial artistic_significance=partial rarity_uniqueness=none institutional_identity=partial category_representativeness=partial cultural_educational=partial provenance_acquisition=none visual_experiential=none relational_spatial=na
151,"Delacroix, Orientalist sketch",德拉克洛瓦：东方题材速写,B,7.164,26.0,low,C–A,5.55,是,北非旅行现场创作是当前Tier的重要依据，但该事实连同作者归属均未确认。,,缺德拉克洛瓦亲笔及北非旅行期间创作的证据。,哈佛藏品库中哪件德拉克洛瓦水彩对应此记录，其年代和地点是否被馆方或作品目录确定为1832年北非旅行期间？,缺哈佛馆藏数据库中的登录号、确切题名、年代、地点、尺寸、完整媒材及当前归属。；缺该纸本确属德拉克洛瓦北非旅行期间创作的馆方或学术依据。；缺其与旅行册页、日记或后续绘画之间关系的研究。；缺作品目录位置及与其他北非旅行纸本的质量比较。；缺可靠的来源及入藏记录。,basic_identification=partial date_period=partial maker_culture=partial historical_significance=partial artistic_significance=partial rarity_uniqueness=none institutional_identity=none category_representativeness=partial cultural_educational=partial provenance_acquisition=none visual_experiential=none relational_spatial=na
152,"Géricault, horse study",籍里柯：马习作,B,6.592,26.0,low,C–A,5.55,是,作者归属与“大型绘画准备稿”这一核心论断均未核实，答案可能改变当前Tier。,,缺籍里柯归属及与具体大型绘画关系的证据。,哈佛藏品库中哪件籍里柯马匹炭笔习作对应此记录，馆方或作品目录将它与哪幅大型绘画相联系？,缺哈佛馆藏数据库中的登录号、确切题名、年代、尺寸、完整媒材及籍里柯归属依据。；缺该马匹习作对应哪件大型绘画，以及二者关系的馆方或学术证据。；缺其在籍里柯马匹研究中的年代位置、作品目录记录及质量比较。；缺可靠的来源、入藏和展览记录。,basic_identification=partial date_period=partial maker_culture=partial historical_significance=partial artistic_significance=partial rarity_uniqueness=none institutional_identity=none category_representativeness=partial cultural_educational=partial provenance_acquisition=none visual_experiential=none relational_spatial=na
153,"Burne‑Jones, figure drawing",伯恩‑琼斯：人物素描,B,6.753,33.9,low,C–A,4.96,是,作者与具体项目关系尚未确认，而二者会决定该纸本是一般习作还是关键设计记录。,,缺伯恩-琼斯归属及与具体设计项目关系的证据。,哈佛藏品库中哪件伯恩-琼斯人物纸本对应此记录，它是否被关联到一幅绘画、彩窗、挂毯或其他已知设计项目？,缺哈佛馆藏数据库中的登录号、确切题名、人物身份、年代、尺寸、完整媒材及当前归属。；缺该人物习作与完成绘画、彩窗、挂毯或其他设计项目关系的证据。；缺其在伯恩-琼斯人物纸本作品目录中的位置及质量比较。；缺该作是否来自Winthrop遗赠及其在哈佛英国艺术收藏中的定位。,basic_identification=partial date_period=partial maker_culture=partial historical_significance=partial artistic_significance=partial rarity_uniqueness=none institutional_identity=partial category_representativeness=partial cultural_educational=partial provenance_acquisition=none visual_experiential=none relational_spatial=na
154,Chinese Shang bronze Ge dagger‑axe,商代青铜戈,A,7.314,33.9,low,C–A,4.96,是,商代断代、器物特征及核心收藏关联均未获逐件确认，可能改变当前Tier。,否,缺精确断代、器型及Winthrop馆藏身份的逐件证据。,哈佛藏品库中哪件青铜戈对应此记录，其登录号、精确断代、器型、铭文情况及Winthrop来源是什么，并与已发表商代戈相比处于何种位置？,缺哈佛馆藏数据库中的登录号、精确断代、戈的器型、尺寸、材质及当前文化归属。；缺铭文、纹饰、铸造特征和保存状况记录，以判断是否具有超出普通青铜戈的特征。；缺与已发表商代青铜戈在年代、质量和稀缺性上的比较。；缺本件出自Winthrop收藏及被哈佛列为中国青铜代表作的逐件证据。；缺出土地、考古语境及完整历次所有权。,basic_identification=partial date_period=partial maker_culture=partial historical_significance=partial artistic_significance=partial rarity_uniqueness=none institutional_identity=partial category_representativeness=partial cultural_educational=partial provenance_acquisition=none visual_experiential=none relational_spatial=na
155,Western Zhou bronze vessel lid,西周青铜器盖,B,5.995,37.0,low,C–A,4.73,是,“脱离原器的残件”是当前Tier的重要限制依据，但器物完整状态和匹配器身情况未确认。,,缺是否仅存器盖、是否有匹配器身及原器器型的记录。,哈佛藏品库中哪件西周青铜器盖对应此记录，它是否有匹配器身、铭文或重大修复，馆方认定的原器器型是什么？,缺哈佛馆藏数据库中的登录号、确切题名、精确断代、尺寸、材质及当前归属。；缺其是否仅存器盖、是否有匹配器身及原器器型的记录。；缺铭文、铸造特征、修复痕迹及兽面纹细节的记录。；缺与哈佛完整西周礼器及其他已发表器盖的质量和稀缺性比较。；缺出土地、历次所有权及Winthrop入藏证明。,basic_identification=partial date_period=partial maker_culture=partial historical_significance=partial artistic_significance=partial rarity_uniqueness=none institutional_identity=partial category_representativeness=partial cultural_educational=partial provenance_acquisition=none visual_experiential=partial relational_spatial=na
156,Spring‑Autumn bronze belt hook,春秋青铜带钩,B,6.647,37.0,low,C–A,4.73,是,断代与可能决定稀缺性的铭文、镶嵌或特殊工艺均未确认，可能改变当前Tier。,,缺精确断代、带钩类型及特殊装饰工艺记录。,哈佛藏品库中哪件春秋青铜带钩对应此记录，其类型、精确断代、铭文、镶嵌和合金检测结果是什么，并与已发表同类器相比是否异常稀少？,缺哈佛馆藏数据库中的登录号、精确断代、带钩类型、尺寸、材质及当前文化归属。；缺纹饰、铭文、镶嵌、特殊合金及铸造工艺的检查或技术检测记录。；缺与已发表春秋带钩在质量、工艺和稀缺性上的比较。；缺本件是否出自Winthrop收藏及其在哈佛先秦青铜收藏中的定位。；缺出土地、考古语境及完整历次所有权。,basic_identification=partial date_period=partial maker_culture=partial historical_significance=partial artistic_significance=partial rarity_uniqueness=none institutional_identity=partial category_representativeness=partial cultural_educational=partial provenance_acquisition=none visual_experiential=partial relational_spatial=na
157,Han dynasty bronze lamp,汉代青铜灯,B,6.147,44.8,medium,C–A,4.14,是,对象级身份、汉代断代与灯型尚未接入官方记录，而这些事实可能改变当前Tier；批次核验与逐件字段亦未对上。,,缺与哈佛官方藏品记录相连的馆藏号及对象级断代、灯型资料。,哈佛艺术博物馆藏品库中哪一馆藏号对应此灯，其官方断代、灯型、尺寸、铭文和已发表同类比较为何？,缺可将本件映射到哈佛官方记录的Wikidata QID、馆藏号、官方题名与断代；批次称已取得但逐件记录未呈现。；缺具体灯型、铸造方法、铭文、制作地区及与已发表汉代青铜灯的品质和稀缺性比较。；缺历代所有者、交易或捐赠经过及哈佛入藏日期。；缺哈佛将本件用于展览、课程、出版或技术研究的记录。,basic_identification=partial date_period=partial maker_culture=partial historical_significance=partial artistic_significance=partial rarity_uniqueness=partial institutional_identity=partial category_representativeness=partial cultural_educational=partial provenance_acquisition=none visual_experiential=partial relational_spatial=na
158,Han dynasty painted pottery figurine,汉代彩绘陶俑,B,5.901,44.8,medium,C–B,1.74,是,汉代断代、人物类型及彩绘完整性均是当前判断的关键，却无对象级权威记录，答案不同可能改变当前Tier。,,缺能确认本件身份、汉代断代和人物类型的哈佛官方编目。,哈佛艺术博物馆哪一馆藏号对应此彩绘侍从俑，其官方编目和技术档案如何认定年代、人物类型、颜料保存与修复程度？,缺本件Wikidata QID、哈佛馆藏号、官方题名、准确年代、尺寸和材质细分的逐件映射。；缺对人物身份、制作地区、汉代断代及墓葬功能的专业鉴定依据。；缺颜料保存、后期补绘、修复程度和塑造质量的图像或技术记录。；缺出土或流传背景、所有者、入藏方式及哈佛教学使用记录。,basic_identification=partial date_period=partial maker_culture=partial historical_significance=partial artistic_significance=partial rarity_uniqueness=partial institutional_identity=partial category_representativeness=partial cultural_educational=partial provenance_acquisition=none visual_experiential=partial relational_spatial=na
159,Six‑Dynasties stone stele fragment,六朝石碑残石,B,5.749,44.8,low,C–A,4.14,是,铭文内容与断代是当前Tier的主要依据，但两者均无可核资料；残片若含纪年或罕见文本，其地位可能明显不同。,,缺铭文拓片、释文和纪年证据，无法确认其核心史料价值。,哈佛艺术博物馆哪一馆藏号对应此残石，其铭文完整释文、纪年依据、原碑性质及与其他残片的复原关系为何？,缺可将本件连接到哈佛官方记录的馆藏号、正式题名、尺寸、正反面图像和保存状况。；缺铭文高清拓片、逐字释文、翻译、书体分析及残缺范围说明。；缺精确断代、原碑性质、供养人、原置地点、其他残片关系及同类语料稀缺性研究。；缺出土、流传、历代所有者及哈佛入藏经过。,basic_identification=partial date_period=partial maker_culture=partial historical_significance=partial artistic_significance=partial rarity_uniqueness=partial institutional_identity=partial category_representativeness=partial cultural_educational=partial provenance_acquisition=none visual_experiential=partial relational_spatial=na
160,Tang pottery horse figurine,唐代陶马俑,B,6.128,44.8,medium,C–B,1.74,是,唐代归属和修复完整性未获对象级证据，而两者直接影响其代表性与观赏质量，可能改变当前Tier。,,缺确认唐代断代及修复完整性的官方编目与技术记录。,哈佛艺术博物馆哪一馆藏号对应此陶马，其官方档案如何支持唐代断代，并记录尺寸、釉料、断裂补配和修复程度？,缺本件Wikidata QID、哈佛馆藏号、官方题名、准确尺寸、材质细分和多角度图像。；缺支持唐代断代、制作地区、窑口和釉料性质的器形或技术证据。；缺塑造质量、釉面状态、断裂补配、修复程度及与已发表唐代陶马的比较。；缺墓葬或流传背景、历代所有者、哈佛入藏及教学记录。,basic_identification=partial date_period=partial maker_culture=partial historical_significance=partial artistic_significance=partial rarity_uniqueness=partial institutional_identity=partial category_representativeness=partial cultural_educational=partial provenance_acquisition=none visual_experiential=partial relational_spatial=na
161,Five‑Dynasties celadon bowl,五代青瓷碗,B,6.348,44.8,medium,C–B,1.74,是,五代越窑归属是当前Tier的核心历史依据，却未见对象级鉴定；若断代或窑口认定不同，当前Tier可能改变。,,缺支持五代越窑归属的对象级胎釉、器形和烧造证据。,哈佛艺术博物馆哪一馆藏号对应此碗，其官方编目或技术研究以哪些胎釉、器形和支烧特征认定为五代越窑？,缺本件Wikidata QID、哈佛馆藏号、官方器名、具体器形、准确尺寸和正反面图像。；缺支持五代断代和越窑归属的胎体、釉层、器形、支烧痕及窑业证据。；缺釉色、烧成质量、器底、磨损、残损、修复及与已发表越窑碗的品质比较。；缺所有权沿革、哈佛入藏方式及展览、出版或课程使用记录。,basic_identification=partial date_period=partial maker_culture=partial historical_significance=partial artistic_significance=partial rarity_uniqueness=partial institutional_identity=partial category_representativeness=partial cultural_educational=partial provenance_acquisition=none visual_experiential=partial relational_spatial=na
162,Northern Song Ding‑ware white bowl,北宋定窑白碗,B,6.718,44.8,medium,C–A,4.14,是,北宋定窑归属和刻花品质是当前Tier的主要依据，但均缺对象级核验，鉴定或质量结论不同可能改变当前Tier。,,缺确认北宋定窑归属及刻花质量的技术证据和高清图像。,哈佛艺术博物馆哪一馆藏号对应此白碗，其官方编目或Straus技术档案如何以胎釉、覆烧、口沿和刻花特征确认北宋定窑归属？,缺本件Wikidata QID、哈佛馆藏号、官方器名、器形、尺寸及高清正反面图像。；缺支持北宋定窑归属的胎釉、覆烧、口沿、器底、窑业资料或科学检测证据。；缺刻花纹样与刀法、成形烧造质量、残损修复及与权威著录定窑碗的品质和稀缺性比较。；缺可靠来源、入藏经过及哈佛展览、课程或Straus技术研究记录。,basic_identification=partial date_period=partial maker_culture=partial historical_significance=partial artistic_significance=partial rarity_uniqueness=partial institutional_identity=partial category_representativeness=partial cultural_educational=partial provenance_acquisition=none visual_experiential=partial relational_spatial=na
163,Southern Song Longquan celadon,南宋龙泉青瓷,B,6.771,44.8,medium,C–B,1.74,是,南宋龙泉归属及釉面保存直接支撑当前Tier，但没有对象级编目或技术证据，结论不同可能改变当前Tier。,,缺支持南宋龙泉归属及釉面品质的对象级技术记录。,哈佛艺术博物馆哪一馆藏号对应此青瓷，其官方编目以哪些胎釉、器形和烧造特征认定为南宋龙泉，并如何评价保存质量？,缺本件Wikidata QID、哈佛馆藏号、官方器名、具体器形、尺寸和高清正反面图像。；缺支持南宋断代和龙泉窑归属的胎体、釉层、器形、烧造痕及窑业证据。；缺釉色、开片、器底、烧造质量、磨损、残损、修复及与有纪年龙泉器的品质比较。；缺所有权沿革、哈佛入藏方式及展览、出版或教学使用资料。,basic_identification=partial date_period=partial maker_culture=partial historical_significance=partial artistic_significance=partial rarity_uniqueness=partial institutional_identity=partial category_representativeness=partial cultural_educational=partial provenance_acquisition=none visual_experiential=partial relational_spatial=na
164,Yuan black‑and‑white porcelain jar,元青花小罐,B,6.657,44.8,low,C–A,4.14,是,题名、颜色类别和尺寸存在明显矛盾，且元代归属与品质判断无来源；对象身份不同会直接改变当前Tier。,,缺哈佛官方记录来解决题名、颜色类别和尺寸描述的对象身份冲突。,哈佛艺术博物馆哪一馆藏号对应此罐，官方题名究竟是黑白瓷还是青花，实际尺寸、纹饰、断代与真伪鉴定依据分别为何？,缺哈佛官方记录以解决“black-and-white”与“青花”、中型与小罐之间的身份冲突，并提供馆藏号和正式题名。；缺准确尺寸、器形、纹饰题材、底部特征及高清多角度图像。；缺元代断代、窑口、青花料、烧造技术和真伪鉴定依据。；缺“品质良好但非顶级”判断的来源及与权威著录元代罐的品质和稀缺性比较。；缺所有权沿革、入藏方式及哈佛展览、出版或教学记录。,basic_identification=partial date_period=partial maker_culture=partial historical_significance=partial artistic_significance=partial rarity_uniqueness=partial institutional_identity=partial category_representativeness=partial cultural_educational=partial provenance_acquisition=none visual_experiential=partial relational_spatial=na
165,Ming blue‑and‑white plate,明代青花盘,B,6.246,44.8,medium,C–B,1.74,是,明代断代和外销属性支撑其贸易史代表性，但目前仅来自名称与简介，若分类不成立可能改变当前Tier。,,缺支持明代断代和“外销瓷”分类的对象级证据。,哈佛艺术博物馆哪一馆藏号对应此盘，官方编目如何确定其明代年段、窑口与外销目的市场，并有哪些同类存世量比较？,缺本件Wikidata QID、哈佛馆藏号、官方题名、准确年代、尺寸和高清正反面图像。；缺窑口、年号范围、纹饰、器形来源和制作技术的专业鉴定。；缺将其认定为外销瓷的器形、图像、订单、航运或目的市场证据。；缺与同类明代外销青花盘在存世量、制作质量和稀缺性方面的比较。；缺所有权沿革、入藏方式及哈佛课程、展览或出版记录。,basic_identification=partial date_period=partial maker_culture=partial historical_significance=partial artistic_significance=partial rarity_uniqueness=partial institutional_identity=partial category_representativeness=partial cultural_educational=partial provenance_acquisition=none visual_experiential=partial relational_spatial=na
166,"Ming scholar painting, landscape fan",明代文人山水扇面,B,5.990,44.8,low,C–A,4.14,是,作者、年代和作品完整性均未确认，而这些事实可使匿名一般作品与重要作者作品的判断明显不同，可能改变当前Tier。,,缺作者、款印和断代资料，无法确认其艺术史层级。,哈佛艺术博物馆哪一馆藏号对应此扇面，其款识、印章、题跋和原装裱记录能否确认作者、明代断代及是否遭裁切？,缺本件Wikidata QID、哈佛馆藏号、正式题名、尺寸、准确年代、材料和高清图像。；缺作者归属、款识、印章、题跋及明代断代依据的完整记录。；缺本件原属成扇、册页或其他装裱形态，以及裁切、完整性和修复状况记录。；缺其艺术质量、作者层级及与已发表明代扇面和哈佛同类作品的比较。；缺收藏印所示所有权沿革、哈佛入藏方式及装裱修复史。,basic_identification=partial date_period=partial maker_culture=partial historical_significance=partial artistic_significance=partial rarity_uniqueness=partial institutional_identity=partial category_representativeness=partial cultural_educational=partial provenance_acquisition=none visual_experiential=partial relational_spatial=na
167,Qing Bada Shanren flower sketch,八大山人花卉册页,B,7.176,44.8,low,C–A,4.14,是,八大山人亲笔归属是当前Tier的核心前提，却无官方或权威著录支撑；归属结论不同可能显著改变当前Tier。,,缺支持八大山人亲笔归属的署款、印章、笔墨鉴定和权威著录。,哈佛艺术博物馆哪一馆藏号对应此册页，馆方及权威八大山人著录如何处理其署款、印章、笔墨归属、年代和原册关系？,缺本件Wikidata QID、哈佛馆藏号、正式题名、尺寸、准确年代和高清图像。；缺支持八大山人亲笔归属的署款、印章、笔墨鉴定及权威作品著录。；缺本页在八大山人花卉创作中的年代位置、艺术质量、稀缺性及与公认真迹的比较。；缺原册页页数、页序、其他作品、题跋及是否拆散散佚的记录。；缺历代收藏印、所有权沿革、哈佛入藏方式及装裱修复史。,basic_identification=partial date_period=partial maker_culture=partial historical_significance=partial artistic_significance=partial rarity_uniqueness=partial institutional_identity=partial category_representativeness=partial cultural_educational=partial provenance_acquisition=none visual_experiential=partial relational_spatial=na
168,Qing Shitao landscape album page,石涛山水册页,A,7.274,44.8,low,C–A,4.14,是,石涛亲笔归属与作品质量是当前Tier的决定性依据，但均无可核对象级资料；归属结论不同可能显著改变当前Tier。,否,缺支持石涛亲笔归属的署款、印章、笔墨鉴定和权威著录。,哈佛艺术博物馆哪一馆藏号对应此册页，馆方及权威石涛著录如何处理其署款、印章、笔墨归属、年代和原山水册关系？,缺本件Wikidata QID、哈佛馆藏号、正式题名、尺寸、准确年代和高清图像。；缺支持石涛亲笔归属的署款、印章、笔墨鉴定及权威作品著录。；缺本页在石涛创作生涯中的年代位置、艺术质量、稀缺性及与公认真迹的比较。；缺原山水册页数、页序、其他册页、题跋及拆散散佚情况。；缺历代收藏印、所有权沿革、哈佛入藏方式及装裱修复史。,basic_identification=partial date_period=partial maker_culture=partial historical_significance=partial artistic_significance=partial rarity_uniqueness=partial institutional_identity=partial category_representativeness=partial cultural_educational=partial provenance_acquisition=none visual_experiential=partial relational_spatial=na
169,Qi Baishi shrimp painting,齐白石虾图立轴,B,6.657,37.0,low,C–A,4.73,是,作者归属和作品质量均是当前定级的核心依据，但尚无可核验记录。,,缺题款、钤印释读及馆方或学术出版对齐白石作者归属的确认。,HAM藏品检索中哪一馆藏号对应此虾图，其官方作者归属、年代、题款钤印及展览出版记录为何？,缺HAM官方藏品页或Wikidata实体ID，以核对馆藏号、正式题名、年代和尺寸。；缺题款、钤印释读及馆方或学术出版对齐白石作者归属的确认。；缺该作与齐白石其他虾图在年代、笔墨质量和创作生涯位置上的比较。；缺可靠的历次收藏、入藏方式及展览出版记录。；缺HAM是否将该作列为中国近现代绘画代表作的馆方说明。,basic_identification=partial date_period=partial maker_culture=partial historical_significance=partial artistic_significance=partial rarity_uniqueness=none institutional_identity=partial category_representativeness=partial cultural_educational=partial provenance_acquisition=none visual_experiential=partial relational_spatial=na
170,Japanese Heian period scroll fragment,平安时代绘卷残段,B,6.971,45.0,low,C–S,5.50,是,平安断代和母卷身份直接决定其历史地位，且目前均无可核验依据。,,缺母卷名称、原始段落位置、分割史及与其他散佚残段的接合研究。,HAM官方记录如何题名和断代这件残段，学术文献是否已将其接合到某一具名平安绘卷或其他馆藏残片？,缺HAM官方馆藏号、正式题名、画面内容、准确年代、尺寸和高清图像。；缺母卷名称、原始段落位置、分割史及与其他散佚残段的接合研究。；缺支持平安时代断代及作者、作坊或绘画传统归属的学术论证。；缺与已知平安绘卷残片的存世数量、品质和艺术史地位比较。；缺分割后的历次收藏及哈佛入藏档案。,basic_identification=partial date_period=partial maker_culture=partial historical_significance=partial artistic_significance=partial rarity_uniqueness=partial institutional_identity=partial category_representativeness=partial cultural_educational=partial provenance_acquisition=none visual_experiential=partial relational_spatial=partial
171,Kamakura Buddhist scroll painting,镰仓佛教绘卷,B,6.917,37.5,low,C–A,4.69,是,正式身份、宗教题材和断代均会影响其历史重要性，目前尚不能核验。,,缺HAM官方馆藏号、正式题名、所绘经文或宗教故事及具体段落。,HAM馆藏检索中哪件作品对应此记录，其正式题名、宗教故事、镰仓断代依据及完整性如何著录？,缺HAM官方馆藏号、正式题名、所绘经文或宗教故事及具体段落。；缺镰仓断代及作者、画坊、宗派或寺院归属的学术依据。；缺整卷、残卷或独立残段的形制、尺寸、完整性和叙事次序记录。；缺其在镰仓佛教绘卷研究中的出版、引用及同类品质比较。；缺历次收藏、入藏方式及相关展览记录。,basic_identification=partial date_period=partial maker_culture=partial historical_significance=partial artistic_significance=partial rarity_uniqueness=none institutional_identity=partial category_representativeness=partial cultural_educational=partial provenance_acquisition=none visual_experiential=partial relational_spatial=partial
172,Muromachi ink landscape scroll,室町时代水墨山水,B,6.496,37.0,medium,C–A,4.73,是,作者画派和禅宗关联支撑当前艺术史判断，但两项都缺直接证据。,,缺作者、画派或寺院作坊归属，以及印章和题跋的释读。,HAM如何著录此山水的作者、画派、年代、印章与题跋，馆方或学术出版是否明确论证其禅宗关联？,缺HAM官方馆藏号、正式题名、准确年代、尺寸和装裱形制。；缺作者、画派或寺院作坊归属，以及印章和题跋的释读。；缺将画面与禅宗文化联系起来的图像学或文献依据。；缺高清图像、保存状态及与哈佛其他室町水墨画的品质比较。；缺可靠的历次收藏及哈佛入藏记录。,basic_identification=partial date_period=partial maker_culture=partial historical_significance=partial artistic_significance=partial rarity_uniqueness=none institutional_identity=partial category_representativeness=partial cultural_educational=partial provenance_acquisition=none visual_experiential=partial relational_spatial=na
173,"Edo period screen, flowers and birds",江户花鸟屏风,B,6.931,30.0,medium,C–A,5.25,是,当前判断主要依赖未经图像或著录验证的品质与尺度描述。,,缺HAM官方馆藏号、正式题名、作者或流派及具体年代。,HAM官方记录将这件花鸟屏风归于哪位作者或流派，它是一隻还是一双、共有几扇、展开尺寸和保存状态如何？,缺HAM官方馆藏号、正式题名、作者或流派及具体年代。；缺单隻或一双、屏数、完整性及展开尺寸的正式记录。；缺高清图像、金地与颜料资料、保存状态，以验证“高品质”和现场视觉效果。；缺与具名江户花鸟屏风在工艺、构图、稀缺性及馆藏地位上的比较。；缺历次收藏、入藏经过及修复记录。,basic_identification=partial date_period=partial maker_culture=partial historical_significance=none artistic_significance=partial rarity_uniqueness=none institutional_identity=partial category_representativeness=partial cultural_educational=partial provenance_acquisition=none visual_experiential=partial relational_spatial=partial
174,"Utamaro, single beauty print",喜多川歌麿单人美人版画,B,7.101,37.5,medium,C–A,4.69,是,具体版目和印本状态未明，无法验证其是否只是普通印本或较重要版本。,,缺HAM官方馆藏号、正式版名、所属系列、人物身份、刊行年代和刊行者。,HAM馆藏中哪一幅歌麿单人美人画对应此记录，其正式版名、系列、图录编号、版次及品相如何著录？,缺HAM官方馆藏号、正式版名、所属系列、人物身份、刊行年代和刊行者。；缺馆方或权威图录对歌麿作者归属及图录编号的确认。；缺版次、改印状态、审查印、裁切、印色鲜度及保存状态记录。；缺同版存世印本、稀有版次及其在哈佛歌麿收藏中相对地位的比较。；缺历次收藏及哈佛入藏经过。,basic_identification=partial date_period=partial maker_culture=partial historical_significance=partial artistic_significance=partial rarity_uniqueness=none institutional_identity=partial category_representativeness=partial cultural_educational=partial provenance_acquisition=none visual_experiential=partial relational_spatial=partial
175,"Hokusai, landscape print",葛饰北斋风景版画,B,6.830,37.5,medium,C–A,4.69,是,“较次要系列”是当前定位的重要前提，但具体系列及该判断的出处均缺失。,,缺HAM官方馆藏号、正式版名、所属系列、景观地点、刊行年代和刊行者。,HAM馆藏中哪一幅北斋风景版画对应此记录，其所属系列为何，权威图录是否将该系列界定为次要系列？,缺HAM官方馆藏号、正式版名、所属系列、景观地点、刊行年代和刊行者。；缺馆方或权威图录对北斋作者归属、印章及图录编号的确认。；缺证明该系列属于北斋“较次要系列”的学术出处及系列地位比较。；缺版次、改印状态、印色、套色、裁切和保存状态记录。；缺历次收藏及哈佛入藏经过。,basic_identification=partial date_period=partial maker_culture=partial historical_significance=partial artistic_significance=partial rarity_uniqueness=none institutional_identity=partial category_representativeness=partial cultural_educational=partial provenance_acquisition=none visual_experiential=partial relational_spatial=partial
176,"Hiroshige, random station print",歌川广重东海道单张,B,6.475,37.5,medium,C–A,4.69,是,具体套系和驿站尚未识别，“次要且可替代”的核心判断无法验证。,,缺HAM官方馆藏号、驿站名称、正式版名及具体《东海道》套系。,HAM哪一馆藏号对应此广重单张，它属于哪套《东海道》、描绘哪个驿站，并与馆藏完整套系是否为同版同状态？,缺HAM官方馆藏号、驿站名称、正式版名及具体《东海道》套系。；缺刊行者、刊行年代、版次、改印状态及权威图录编号。；缺该构图为何属于“次要驿站图”的比较来源及同版存世情况。；缺高清图像及印色、套色、裁切和保存状态记录。；缺该单张与哈佛所藏完整套系的馆藏号对应和版本比较。；缺历次收藏及哈佛入藏经过。,basic_identification=partial date_period=partial maker_culture=partial historical_significance=partial artistic_significance=partial rarity_uniqueness=none institutional_identity=partial category_representativeness=partial cultural_educational=partial provenance_acquisition=none visual_experiential=partial relational_spatial=partial
177,Edo lacquer incense box,江户莳绘香盒,B,6.039,44.8,medium,C–A,4.14,是,当前定位依赖“精致但常见”的品质判断，签名、工房和技术资料却均未核实。,,缺莳绘技法、纹样题材、材质层次及签名或工房归属的著录。,HAM官方记录是否载有这件香盒的签名、工房、莳绘技法和纹样名称，它与馆内其他江户漆器相比处于何种位置？,缺HAM官方馆藏号、正式器名、具体年代、尺寸和内部结构。；缺莳绘技法、纹样题材、材质层次及签名或工房归属的著录。；缺高清图像、保存状态及同类香盒工艺质量比较，以验证“精致”判断。；缺同类香盒存世数量、名家作品比较及其在哈佛漆器收藏中的位置。；缺历次收藏、入藏方式和修复记录。,basic_identification=partial date_period=partial maker_culture=partial historical_significance=partial artistic_significance=partial rarity_uniqueness=partial institutional_identity=partial category_representativeness=partial cultural_educational=partial provenance_acquisition=none visual_experiential=partial relational_spatial=na
178,Kofun period mirror bronze,古坟时代青铜镜,B,6.384,37.0,low,C–A,4.73,是,规则将文化语境标为中国，但制造地和输入关系未定，直接动摇当前交流史论断。,,缺对中国制造后输入、日本本地仿制或仅受中国风格影响的明确鉴定。,HAM将此镜鉴定为中国制造输入日本还是日本仿制，其器型、铭文、合金分析和出土语境分别提供了什么依据？,缺HAM官方馆藏号、铜镜器型、尺寸、纹饰、铭文和准确年代。；缺对中国制造后输入、日本本地仿制或仅受中国风格影响的明确鉴定。；缺出土地点、墓葬环境及伴出物记录，以验证其古坟时代使用语境。；缺合金成分、铸造技术及器型学断代研究。；缺历次收藏、出口记录及哈佛入藏档案。,basic_identification=partial date_period=partial maker_culture=partial historical_significance=partial artistic_significance=partial rarity_uniqueness=none institutional_identity=partial category_representativeness=partial cultural_educational=partial provenance_acquisition=none visual_experiential=partial relational_spatial=na
179,Gandhara small Buddha head,犍陀罗小型佛头,B,5.901,45.0,medium,C–B,1.73,是,准确年代、地区和雕刻品质可能决定其维持当前位置还是下移，现有记录不能回答。,,缺与同地区同年代佛头在雕刻品质、稀缺性和出版记录上的比较。,HAM如何著录此佛头的年代、制作地区、尺寸和保存状态，它与馆内及已出版的同类犍陀罗佛头相比品质如何？,缺HAM官方馆藏号、准确尺寸、年代、制作地区和正式图像身份。；缺高清图像、断裂面、表面状态和修复记录，以判断雕刻质量与残损程度。；缺与同地区同年代佛头在雕刻品质、稀缺性和出版记录上的比较。；缺原属佛像的推定尺度、具体部位及可能的复原或接合关系。；缺出土地点、早期流传、出口记录及哈佛入藏档案。,basic_identification=partial date_period=partial maker_culture=partial historical_significance=partial artistic_significance=partial rarity_uniqueness=partial institutional_identity=partial category_representativeness=partial cultural_educational=partial provenance_acquisition=none visual_experiential=partial relational_spatial=partial
180,Indian Gupta terracotta goddess,笈多时代陶土女神像,B,6.610,37.0,medium,C–A,4.73,是,女神身份、笈多断代和造型品质均属定级敏感事实，且类别理由还误写为“D”，与当前Tier自相矛盾。,,缺女神身份、持物、姿态和宗教图像学的权威释读。,HAM官方记录将此陶像识别为哪位女神，其笈多断代、出土或建筑原境及与已出版同类陶塑的比较依据为何？,缺HAM官方馆藏号、正式题名、准确年代、尺寸和完整性记录。；缺女神身份、持物、姿态和宗教图像学的权威释读。；缺制作地点、出土地点、原属建筑或祭祀环境及作坊归属。；缺高清图像、材料检测及与同类笈多陶塑在造型品质和稀缺性上的比较。；缺早期流传、出口文件及哈佛入藏经过。,basic_identification=partial date_period=partial maker_culture=partial historical_significance=partial artistic_significance=partial rarity_uniqueness=none institutional_identity=partial category_representativeness=partial cultural_educational=partial provenance_acquisition=none visual_experiential=partial relational_spatial=na
181,Chola bronze devotee figure,朱罗青铜供养人像,B,6.064,37.0,low,C–A,4.73,是,对象尚未唯一识别，断代、身份及同类地位均可能改变当前Tier。,,缺哈佛官方记录对该对象的唯一识别。,哈佛艺术博物馆藏品库中，2740展厅这件朱罗供养人青铜对应哪个馆藏号，馆方如何断代、识别人物并评价其铸造质量？,缺哈佛官方馆藏号、正式题名及与2740展厅对象的唯一匹配。；缺对象级断代、铸造地区、人物身份及铭文释读。；缺与可靠断代的朱罗供养人青铜在铸造质量、完整性及存世量上的比较。；缺可靠的早期收藏史及哈佛入藏记录。,basic_identification=partial date_period=partial maker_culture=partial historical_significance=partial artistic_significance=partial rarity_uniqueness=none institutional_identity=partial category_representativeness=partial cultural_educational=partial provenance_acquisition=none visual_experiential=partial relational_spatial=na
182,Rajput hunting miniature,拉杰普特细密画狩猎图,B,5.659,37.0,low,C–A,4.73,是,画作未唯一识别，画派、年代和作者归属可能改变当前Tier。,,缺具体画派、宫廷与作者或作坊归属。,哈佛艺术博物馆藏品库中哪一件2590展厅作品对应此狩猎图，其官方记录归于哪个拉杰普特画派、宫廷和年代？,缺哈佛官方馆藏号、正式题名、尺寸及高清图像，以唯一识别该画。；缺具体拉杰普特画派、宫廷、年代及画家或作坊归属。；缺画中人物、狩猎事件、题记及原属手稿或画册的识别。；缺可靠的收藏史及哈佛入藏记录。,basic_identification=partial date_period=partial maker_culture=partial historical_significance=partial artistic_significance=partial rarity_uniqueness=none institutional_identity=partial category_representativeness=partial cultural_educational=partial provenance_acquisition=none visual_experiential=partial relational_spatial=na
183,Mughal portrait miniature,莫卧儿帝王肖像细密画,B,6.301,37.0,low,C–A,4.73,是,人物身份资料明显矛盾，且身份、断代和作者归属都直接影响当前Tier。,,缺官方记录解决帝王与贵族的身份矛盾。,哈佛艺术博物馆2590展厅的这幅莫卧儿肖像究竟对应哪个馆藏号，馆方认定画中人为帝王还是贵族，并归于何年代与作坊？,缺哈佛官方藏品记录以解决“帝王”与“贵族”的身份矛盾。；缺具体人物身份、年代、宫廷及画家或作坊归属。；缺题记、印章、边饰及原属画册或手稿的对象级研究。；缺可靠的收藏史、来源及哈佛入藏记录。,basic_identification=partial date_period=partial maker_culture=partial historical_significance=partial artistic_significance=partial rarity_uniqueness=none institutional_identity=partial category_representativeness=partial cultural_educational=partial provenance_acquisition=none visual_experiential=partial relational_spatial=na
184,Persian Seljuk pottery bowl,塞尔柱陶碗,B,6.253,37.0,low,C–A,4.73,是,对象未唯一识别，产地、年代和完整性可能使当前Tier发生变化。,,缺可确认产地、断代和制作技术的官方对象记录。,哈佛艺术博物馆2550展厅的这件塞尔柱陶碗对应哪个馆藏号，馆方如何认定其产地、年代、装饰技术及完整性？,缺哈佛官方馆藏号、正式题名、尺寸、具体年代及高清图像。；缺具体产地或窑场、胎釉构成及装饰技术鉴定。；缺纹饰、铭文、用途、完整性及后期补配的对象级鉴定。；缺可靠的出土或收藏来源及哈佛入藏记录。,basic_identification=partial date_period=partial maker_culture=partial historical_significance=partial artistic_significance=partial rarity_uniqueness=none institutional_identity=partial category_representativeness=partial cultural_educational=partial provenance_acquisition=none visual_experiential=partial relational_spatial=na
185,Persian Safavid carpet fragment,萨法维波斯地毯残片,C,5.369,37.0,low,C–A,4.73,是,对象未唯一确认，且与重要地毯是否同源可能显著改变当前Tier。,,缺该残片是否源自已知重要萨法维地毯的证据。,哈佛艺术博物馆是否发表过这件萨法维地毯残片的织造与染料分析，其纹样和边缘能否与已知重要地毯或其他馆藏残片匹配？,缺哈佛官方馆藏号、精确尺寸、保存状态及正反面高清图像。；缺具体年代、产地、纤维、织造结构及染料分析。；缺该残片在原地毯中的位置、原始纹样复原及是否与重要萨法维地毯同源的证据。；缺可靠的收藏史、来源及哈佛入藏记录。,basic_identification=partial date_period=partial maker_culture=partial historical_significance=partial artistic_significance=partial rarity_uniqueness=none institutional_identity=partial category_representativeness=partial cultural_educational=partial provenance_acquisition=none visual_experiential=partial relational_spatial=na
186,Mamluk glass lamp fragment,马穆鲁克玻璃灯残件,B,5.513,37.0,low,C–A,4.73,是,对象身份及赞助背景未定，这些事实可能改变当前Tier。,,缺铭文、纹章与赞助者的可靠释读。,哈佛艺术博物馆2550展厅这件玻璃残件对应哪个馆藏号，其铭文或纹章能否识别赞助者、年代及原属清真寺？,缺哈佛官方馆藏号、正式名称、尺寸、具体年代及残存部位说明。；缺铭文、纹章、赞助者及可能原属清真寺的对象级释读。；缺玻璃、珐琅与鎏金技术鉴定及与有纪年马穆鲁克灯具的比较。；缺可靠的出土、收藏及哈佛入藏记录。,basic_identification=partial date_period=partial maker_culture=partial historical_significance=partial artistic_significance=partial rarity_uniqueness=none institutional_identity=partial category_representativeness=partial cultural_educational=partial provenance_acquisition=none visual_experiential=partial relational_spatial=na
187,Ottoman calligraphic panel,奥斯曼书法板,B,5.975,37.0,low,C–A,4.73,是,作者、书体与年代均为定级核心且尚未确认，可能改变当前Tier。,,缺书法家、署名及书体的可靠鉴定。,哈佛艺术博物馆2550展厅的这件奥斯曼书法板对应哪个馆藏号，其文本、书体、署名和印章能否确定书家与年代？,缺哈佛官方馆藏号、正式题名、尺寸、具体年代及高清图像。；缺书写文本、语言、书体、完整释文及翻译。；缺书法家、署名、印章、师承或作坊归属的可靠鉴定。；缺可靠的收藏史、来源及哈佛入藏记录。,basic_identification=partial date_period=partial maker_culture=partial historical_significance=partial artistic_significance=partial rarity_uniqueness=none institutional_identity=partial category_representativeness=partial cultural_educational=partial provenance_acquisition=none visual_experiential=partial relational_spatial=na
188,Greek archaic marble kouros fragment,古希腊古风库罗斯残件,B,5.651,37.0,low,C–A,4.73,是,对象类型、断代和地区归属均未可靠确认，可能改变当前Tier。,,缺确属库罗斯及其具体断代与地区归属的论证。,哈佛艺术博物馆2410展厅这件大理石残件对应哪个馆藏号，馆方依据哪些形态与材质证据将其认定为古风库罗斯并如何断代？,缺哈佛官方馆藏号、正式名称、尺寸、具体年代及多角度图像。；缺其确属库罗斯的对象级论证，以及雕刻地区、作坊与风格阶段鉴定。；缺原像尺度、接合面、其他匹配残片及原始考古环境的研究。；缺修复、补配及表面处理记录。,basic_identification=partial date_period=partial maker_culture=partial historical_significance=partial artistic_significance=partial rarity_uniqueness=none institutional_identity=partial category_representativeness=partial cultural_educational=partial provenance_acquisition=none visual_experiential=partial relational_spatial=na
189,Greek black‑figure amphora,古希腊黑绘双耳陶罐,B,6.680,37.0,low,C–A,4.73,是,画师归属、题材与完整性均未确认，可能使当前Tier上下变化。,,缺画师或作坊归属及贝兹利档案对应记录。,哈佛艺术博物馆2410展厅的这件黑绘双耳罐对应哪个馆藏号，贝兹利档案是否收录其画师归属、年代和神话场景？,缺哈佛官方馆藏号、具体器形、尺寸、年代及高清展开图。；缺画家或作坊归属、署名及与贝兹利档案的对应记录。；缺神话人物、叙事情节、铭文及图像稀缺性的可靠鉴定。；缺完整性、补配、重绘及修复记录。；缺出土地、早期收藏史及哈佛入藏记录。,basic_identification=partial date_period=partial maker_culture=partial historical_significance=partial artistic_significance=partial rarity_uniqueness=none institutional_identity=partial category_representativeness=partial cultural_educational=partial provenance_acquisition=none visual_experiential=partial relational_spatial=na
190,Attic red‑figure kylix cup,阿提卡红绘浅酒杯,B,6.452,37.0,low,C–A,4.73,是,对象身份及画师、题材和完整性均未确认，可能改变当前Tier。,,缺画师或作坊归属及贝兹利档案对应信息。,哈佛艺术博物馆2410展厅的这件红绘浅酒杯对应哪个馆藏号，贝兹利档案如何记录其画师、年代及杯内外场景？,缺哈佛官方馆藏号、尺寸、具体年代及杯内外高清图像。；缺画家或作坊归属、署名及贝兹利档案对应信息。；缺杯心与外壁场景的人物、活动、铭文及图像稀缺性释读。；缺完整性、拼接、补配、重绘及修复记录。；缺出土地、早期收藏史及哈佛入藏记录。,basic_identification=partial date_period=partial maker_culture=partial historical_significance=partial artistic_significance=partial rarity_uniqueness=none institutional_identity=partial category_representativeness=partial cultural_educational=partial provenance_acquisition=none visual_experiential=partial relational_spatial=na
191,Roman marble portrait head,罗马大理石头像,B,6.474,37.0,low,C–A,4.73,是,人物与肖像类型未定，雕刻质量也无比较证据，可能改变当前Tier。,,缺人物身份、肖像类型及雕刻质量的可靠鉴定。,哈佛艺术博物馆2410展厅的这件罗马头像对应哪个馆藏号，馆方将其归于何肖像类型和年代，并如何评价其雕刻质量？,缺哈佛官方馆藏号、正式名称、尺寸、精确年代及多角度图像。；缺人物身份、社会地位及所属罗马肖像类型的可靠鉴定。；缺雕刻作坊、制作地区、原属雕像形式及雕刻质量的同类比较。；缺其学术著录及在哈佛罗马肖像收藏中的对象级地位说明。；缺可靠的早期收藏史及哈佛入藏记录。,basic_identification=partial date_period=partial maker_culture=partial historical_significance=partial artistic_significance=partial rarity_uniqueness=none institutional_identity=partial category_representativeness=partial cultural_educational=partial provenance_acquisition=none visual_experiential=partial relational_spatial=na
192,Roman mosaic fragment,罗马马赛克残片,C,5.246,37.0,medium,C–B,2.26,是,原始考古环境与同源拼合未知，答案可能使当前Tier上移。,,缺原始出土地、建筑与铺设环境的可靠记录。,哈佛艺术博物馆2410展厅这件罗马马赛克残片对应哪个馆藏号，其原始遗址、建筑房间及与其他残片的接合关系是否有考古记录？,缺哈佛官方馆藏号、精确尺寸、年代、材料及高清图像。；缺出土地、建筑名称、房间功能及原始铺设位置。；缺动物种类、完整构图、边饰及原地坪图案的复原研究。；缺其是否与其他馆藏或遗址残片接合或同源的资料。；缺镶嵌块材料、修复及补配记录。,basic_identification=partial date_period=partial maker_culture=partial historical_significance=partial artistic_significance=partial rarity_uniqueness=none institutional_identity=partial category_representativeness=partial cultural_educational=partial provenance_acquisition=none visual_experiential=partial relational_spatial=na
193,Egyptian new‑kingdom stele,埃及新王国石碑,B,5.934,37.0,low,C–A,4.73,是,碑文身份、断代与同类地位均属定级核心但尚未核实。,,缺HAM官方对象页及碑文身份、断代的可核验记录。,HAM官网中哪一馆藏号对应展厅2410的彩绘石灰岩新王国葬祭碑，其碑文确认了哪位墓主、哪些神祇和什么具体年代？,缺总述所称的Wikidata馆藏号、断代字段及其对应HAM官方对象页。；缺碑文转录译释，以及墓主、神祇和葬祭场景的权威识别。；缺与新王国彩绘葬祭碑在图像稀缺性、保存状态和制作质量上的比较。；缺完整所有权链及入藏经过。,basic_identification=partial date_period=partial maker_culture=partial historical_significance=partial artistic_significance=partial rarity_uniqueness=none institutional_identity=partial category_representativeness=partial cultural_educational=partial provenance_acquisition=none visual_experiential=partial relational_spatial=na
194,Egyptian bronze cat goddess statuette,埃及青铜猫女神小造像,C,5.437,35.4,medium,C–B,2.76,是,当前判断依赖未经证实的巴斯泰特身份与常见性论断。,,缺验证“同类常见、可替代”的存世量与品质比较。,HAM官方记录是否将该造像明确识别为巴斯泰特，断代与尺寸为何；同类猫形奉献青铜在主要埃及收藏中是否确属常见器型？,缺HAM官方对象页确认馆藏号、年代、尺寸、完整名称及图像。；缺以形制或铭文确认其为巴斯泰特而非其他猫科神像的依据。；缺同类猫形青铜的存世量、尺寸和铸造品质比较，以验证“常见、可替代”。；缺合金成分、修复处理和保存状况记录。,basic_identification=partial date_period=none maker_culture=partial historical_significance=partial artistic_significance=partial rarity_uniqueness=none institutional_identity=partial category_representativeness=partial cultural_educational=partial provenance_acquisition=none visual_experiential=partial relational_spatial=na
195,Etruscan bronze mirror,伊特鲁里亚青铜镜,B,6.676,35.4,low,C–A,4.84,是,图像身份与构图稀缺性直接决定其是否超出普通器类实例。,,缺镜背神话场景及铭文的权威识别。,HAM对象页如何识别该镜背人物与铭文，该构图在《Corpus Speculorum Etruscorum》及其他伊特鲁里亚铜镜目录中有多少对应实例？,缺HAM官方对象页确认馆藏号、尺寸、具体年代、文化归属及保存状况。；缺镜背人物、神话场景和可能铭文的权威识别与释读。；缺该构图在伊特鲁里亚铜镜中的存世数量、版本和刻工品质比较。；缺完整所有权链与入藏经过。,basic_identification=partial date_period=none maker_culture=partial historical_significance=partial artistic_significance=partial rarity_uniqueness=none institutional_identity=partial category_representativeness=partial cultural_educational=partial provenance_acquisition=none visual_experiential=partial relational_spatial=na
196,American colonial silver sugar bowl,北美殖民银糖罐,B,5.633,37.0,low,C–A,4.73,是,制作者、印记和历史关联未知，恰与当前定级依据直接冲突。,,缺银匠印与城市印释读，无法确认制作者及制作中心。,HAM对象页与底部印记图能否确认该糖罐的银匠、城市和年代，该银匠的同型糖罐在美国殖民银器目录中有多少件？,缺HAM官方对象页及底部印记图，以确认馆藏号、年代、尺寸和银匠。；缺银匠印、城市印和检验印的权威释读，以及该银匠在殖民银器史中的地位。；缺与同地区殖民时期糖罐在器形年代、稀缺性和工艺品质上的比较。；缺证据确认其是否与重要殖民人物、家庭或特殊委托有关。；缺完整所有权链和具体入藏手续记录。,basic_identification=partial date_period=partial maker_culture=partial historical_significance=partial artistic_significance=partial rarity_uniqueness=none institutional_identity=partial category_representativeness=partial cultural_educational=partial provenance_acquisition=none visual_experiential=partial relational_spatial=na
197,Federal mahogany side chair,联邦时期桃花心木边椅,C,5.246,37.0,medium,C–B,2.26,是,制作地区、工坊和结构常见性可能使当前Tier上下变化一级。,,缺结构、标签与烙印证据确认制作地区和工坊。,HAM记录及椅底标签、烙印和榫卯能否确认其新英格兰具体产地或工坊，它与Winterthur及HAM所藏同型联邦边椅相比是否罕见？,缺HAM官方对象页确认馆藏号、具体年代、尺寸、木材和完整图像。；缺榫卯、雕刻、标签和烙印资料，以确认制作地区、工坊及结构类型。；缺与新英格兰联邦时期边椅在结构稀缺性和工艺品质上的比较。；缺原座面、表面处理、修补及换面记录。；缺完整所有权链和入藏经过。,basic_identification=partial date_period=partial maker_culture=partial historical_significance=partial artistic_significance=partial rarity_uniqueness=none institutional_identity=partial category_representativeness=partial cultural_educational=partial provenance_acquisition=none visual_experiential=partial relational_spatial=na
198,Chippendale wall mirror,齐本德尔壁挂镜,B,5.782,37.0,low,C–A,4.73,是,产地、工坊与原配状态未知，可能明显改变其品质和稀缺性判断。,,缺构造、标签与雕刻证据确认产地和工坊。,HAM对象页及镜框背面构造、标签和印记能否确认其制作城市或工坊，镜板是否原配，同型壁镜在主要美国装饰艺术收藏中有多少件？,缺HAM官方对象页确认馆藏号、年代、尺寸、木材、产地和完整图像。；缺背板构造、标签、印记和雕刻细节，以判断具体工坊或雕刻师。；缺镜板是否原配以及框体修补、镀饰和表面处理的专业记录。；缺同型齐本德尔式壁镜的版本数量、雕刻品质和市场外馆藏比较。；缺完整所有权链和入藏经过。,basic_identification=partial date_period=partial maker_culture=partial historical_significance=partial artistic_significance=partial rarity_uniqueness=none institutional_identity=partial category_representativeness=partial cultural_educational=partial provenance_acquisition=none visual_experiential=partial relational_spatial=na
199,Tiffany favrile glass bowl,蒂凡尼法夫赖尔玻璃碗,B,6.348,35.4,low,C–A,4.84,是,制造者、型号及“次要器型”均未核实，直接关系当前Tier。,,缺底部款识与官方记录确认制造者、型号和年代。,HAM对象页和底部款识将该碗归于Tiffany Studios还是其他制造主体，型号与年代为何，该型号在HAM及其他公共收藏中有多少件？,缺HAM官方对象页及底部款识图，以确认馆藏号、制造者、型号、年代和尺寸。；缺该碗形型号的产量、变体、制作年代和市场外馆藏分布资料。；缺与HAM其他蒂凡尼法夫赖尔器物在品质、器型层级和馆藏地位上的比较。；缺玻璃配方、成形方法、损伤和修复记录。；缺完整来源、展览和入藏记录。,basic_identification=partial date_period=none maker_culture=partial historical_significance=partial artistic_significance=partial rarity_uniqueness=none institutional_identity=partial category_representativeness=partial cultural_educational=partial provenance_acquisition=none visual_experiential=partial relational_spatial=na
200,European 17th‑century tapestry cushion panel,17世纪欧洲挂毯靠垫面,C,4.560,37.5,medium,C–B,1.97,是,作坊归属与原属整体可能使其从普通残片变为较重要实例。,,缺织造中心、作坊和具体年代的专业鉴定。,HAM对象页将该残片归于哪个织造中心和年代，其图案能否与某件靠垫、座椅或成套家具的其他存世残片拼合？,缺HAM官方对象页及正反面图像，以确认馆藏号、尺寸、图案和残缺范围。；缺织造中心、作坊、材料、技法和具体年代的专业鉴定。；缺证据确认其原属靠垫、座椅或其他家具，以及在原整体中的位置。；缺图案版本、同类残片数量和织造品质比较。；缺完整所有权链和入藏经过。,basic_identification=partial date_period=partial maker_culture=partial historical_significance=partial artistic_significance=partial rarity_uniqueness=none institutional_identity=partial category_representativeness=partial cultural_educational=partial provenance_acquisition=none visual_experiential=partial relational_spatial=partial
201,Renaissance bronze plaquette,文艺复兴青铜浮雕牌,B,5.678,35.4,low,C–A,4.84,是,作者与模型归属可使普通浮雕牌和重要作品之间产生显著差异。,,缺作者、作坊或构图模型的权威归属。,HAM对象页如何识别该圣经场景并归属作者或作坊，该构图在Molinier《Les Plaquettes》及较新馆藏图录中有多少同模铸本？,缺HAM官方对象页确认馆藏号、尺寸、具体年代、地区和完整图像。；缺圣经场景、构图来源以及作者、作坊或模型归属的权威研究。；缺同模铸本数量、版本次序、铸造质量和后期翻铸情况的比较。；缺完整所有权、展览、出版和入藏记录。,basic_identification=partial date_period=partial maker_culture=none historical_significance=partial artistic_significance=partial rarity_uniqueness=none institutional_identity=partial category_representativeness=partial cultural_educational=partial provenance_acquisition=none visual_experiential=partial relational_spatial=na
202,Baroque silver goblet,巴洛克银高脚杯,B,5.965,37.0,low,C–A,4.73,是,印记、银匠与稀缺性均是当前Tier的核心未决事实。,,缺印记释读以确认城市、银匠、年代和制作等级。,HAM对象页与杯底、杯缘印记能否通过Rosenberg银匠印记资料确认城市、银匠和年代，同银匠同器形高脚杯现存多少件？,缺HAM官方对象页及杯底、杯缘印记图，以确认馆藏号、尺寸和年代。；缺城市印、银匠印、检验印和银质标准的权威释读，以及银匠地位资料。；缺与同地区同器形银杯在版本、稀缺性和制作质量上的比较。；缺证据确认是否存在宫廷、行会、礼仪或重要原器主关联。；缺完整所有权链和入藏手续记录。,basic_identification=partial date_period=partial maker_culture=partial historical_significance=partial artistic_significance=partial rarity_uniqueness=none institutional_identity=partial category_representativeness=partial cultural_educational=partial provenance_acquisition=none visual_experiential=partial relational_spatial=na
203,Gothic stained‑glass figure fragment,哥特彩色玻璃人物残片,B,6.075,37.5,low,C–A,4.69,是,原建筑与成组关系可能显著改变残片的历史和艺术地位。,,缺原属教堂、窗格位置及相关残片的识别。,HAM记录或Corpus Vitrearum Medii Aevi能否识别该人物、原属教堂和窗格位置，并找到与其拼合或同组的其他残片？,缺HAM官方对象页确认馆藏号、尺寸、具体年代、人物身份和修复范围。；缺原属教堂、窗户、窗格位置及与其他残片拼合关系的证据。；缺地区、作坊、玻璃和彩绘技术及后期补配的专业研究。；缺与同地区人物彩玻残片在年代、品质和存世量上的比较。；缺拆移经过、完整所有权链和入藏记录。,basic_identification=partial date_period=partial maker_culture=partial historical_significance=partial artistic_significance=partial rarity_uniqueness=none institutional_identity=partial category_representativeness=partial cultural_educational=partial provenance_acquisition=none visual_experiential=partial relational_spatial=partial
204,Italian maiolica drug jar,意大利马约里卡药罐,B,6.248,37.0,low,C–A,4.73,是,窑场归属及药房、纹章身份会直接改变其稀缺性和历史重要性。,,缺铭带、纹章与药房来源的识读和对应考证。,HAM对象页如何转录该药罐铭带并识别纹章、制作城市和窑场，该药名或纹章能否对应具体药房、医院或成套药罐？,缺HAM官方对象页及全器、底部和铭带图像，以确认馆藏号、尺寸、年代与文字。；缺制作城市、窑场、作坊、器形类型和绘饰归属的陶瓷学研究。；缺铭带药名、纹章及其对应药房、医院或原始使用者的考证。；缺同类马约里卡药罐在纹饰版本、存世数量和绘制品质上的比较。；缺完整所有权链和入藏经过。,basic_identification=partial date_period=partial maker_culture=partial historical_significance=partial artistic_significance=partial rarity_uniqueness=none institutional_identity=partial category_representativeness=partial cultural_educational=partial provenance_acquisition=none visual_experiential=partial relational_spatial=na
