seq,名称EN,名称CN,当前Tier,Core,完备度,Tier可信度,潜在区间,研究优先级,需复核,复核原因,去推断后仍成立,最关键缺失证据,建议研究问题,缺失证据全部,12项判定
1,"Yin Yu Tang, Chinese Merchant House",荫余堂 清代徽州商人古宅,S,9.467,52.0,low,C–S,4.80,是,当前 S 主要依赖未经核实的全球唯一性、馆内核心地位及迁建完整性判断，需补 PEM 官方资料与迁建工程档案。,否,缺PEM官方或迁建工程报告对海外唯一性及馆内核心地位的明确说明,PEM的荫余堂迁建工程报告是否记载原址村名、始建与重修年代、原构件比例及海外唯一性的比较依据？,缺PEM官方或迁建工程报告对海外唯一性及馆内核心地位的明确说明；缺原址村名、始建与重修年代及黄氏家族使用史；缺出让、审批、拆运与复原过程的原始法律及工程档案；缺平面测绘、构件清单及原构件与复原构件比例,basic_identification=full date_period=partial maker_culture=partial historical_significance=partial artistic_significance=partial rarity_uniqueness=partial institutional_identity=partial category_representativeness=partial cultural_educational=partial provenance_acquisition=partial visual_experiential=partial relational_spatial=partial
2,"Nanban Byobu, Portuguese Trade Arrival Screen",南蛮屏风：葡萄牙商船到来六曲屏风,S,9.215,55.2,low,B–S,4.48,是,基础对象信息可靠，但当前 S 所需的画史地位、稀缺性、馆内首位性和 S-ness 几乎全部来自未核实判断。,否,缺学术图录对E200727确切年代、画派归属及南蛮画史地位的论证,PEM馆号E200727是否见于南蛮屏风专题图录，其画派、确切年代及与美国主要馆藏同类作品的比较结论是什么？,缺学术图录对E200727确切年代、画派归属及南蛮画史地位的论证；缺1994年购藏前的完整递藏记录和原收藏地；缺尺寸、各扇保存状况及金箔与颜料的技术检测资料；缺PEM官方对其日本收藏代表性及馆内展陈地位的说明；缺与美国及日本主要馆藏南蛮屏风的数量和质量比较,basic_identification=full date_period=full maker_culture=full historical_significance=partial artistic_significance=partial rarity_uniqueness=partial institutional_identity=partial category_representativeness=partial cultural_educational=partial provenance_acquisition=partial visual_experiential=partial relational_spatial=na
3,Hawaiian Kū War God Figure,夏威夷库战神木雕,S,9.287,55.2,low,B–S,4.48,是,当前 S 不仅依赖未经比较研究支撑的顶级与稀缺性判断，简介还存在已由官方资料否定的“前接触期”事实错误。,否,缺本件在全球夏威夷库神像存世谱系中的数量与质量比较,PEM馆号E12071在夏威夷库神像专题研究中如何断代和排序，John T. Prince的1846年捐赠档案又如何记录其此前来源？,缺本件在全球夏威夷库神像存世谱系中的数量与质量比较；缺John T. Prince在1846年捐赠前取得该像的地点、时间与方式；缺精确断代依据及1825年具体年份的原始出处；缺尺寸、保存状况、修复记录及木材检测报告；缺与夏威夷原住民社群协商、文化照护或归还诉求的记录,basic_identification=full date_period=full maker_culture=full historical_significance=partial artistic_significance=partial rarity_uniqueness=partial institutional_identity=partial category_representativeness=partial cultural_educational=partial provenance_acquisition=partial visual_experiential=partial relational_spatial=na
4,"Spilum, Pair Portraits of Captain Wheatland & Wife",斯波伦 惠特兰船长夫妇外销肖像,S,8.535,45.0,low,C–S,5.50,是,当前 S 几乎完全建立在未核实的归属、名主身份、里程碑地位、稀缺性与机构核心性之上，且缺少最基本的官方对象记录。,否,缺PEM馆号、官方对象记录或学术图录以确认这对肖像的准确身份,PEM或中国外销画图录中是否著录史贝霖所绘惠特兰船长夫妇像，其馆号、年代、被绘者全名和入藏链分别是什么？,缺PEM馆号、官方对象记录或学术图录以确认这对肖像的准确身份；缺史贝霖归属、确切创作年代及广州画室来源的技术或文献依据；缺惠特兰船长及其妻子的全名、生卒和广州贸易行程档案；缺委托、家族递藏、入藏年份及捐赠人记录；缺尺寸、保存状况、原框及两幅是否原始配对的证据；缺史贝霖作品目录及同类有名主肖像的存世数量比较,basic_identification=partial date_period=partial maker_culture=partial historical_significance=partial artistic_significance=partial rarity_uniqueness=partial institutional_identity=partial category_representativeness=partial cultural_educational=partial provenance_acquisition=none visual_experiential=partial relational_spatial=partial
5,"Fitz Henry Lane, Twilight on the Kennebec",菲茨·亨利·莱恩：肯尼贝克河暮色,A,8.620,55.2,low,B–A,3.04,是,对象身份与断代可靠，但当前 A 所依赖的“馆藏最佳”、成熟期重要作品和组内首位判断缺少外部评价或比较研究。,否,缺Fitz Henry Lane Online作品目录对inv. 258创作生涯位置与质量的评述,Fitz Henry Lane Online的inv. 258如何评价PEM馆号M22672在莱恩1849年前后作品中的位置，并列出哪些展览与出版记录？,缺Fitz Henry Lane Online作品目录对inv. 258创作生涯位置与质量的评述；缺PEM官方对其为馆藏最佳莱恩海景或美国绘画代表作的说明；缺与Cape Ann、波士顿及其他馆藏莱恩成熟期海景的比较；缺尺寸、保存状况及画框是否原配的资料；缺2014年捐赠前的完整递藏记录,basic_identification=full date_period=full maker_culture=full historical_significance=partial artistic_significance=partial rarity_uniqueness=partial institutional_identity=partial category_representativeness=partial cultural_educational=partial provenance_acquisition=partial visual_experiential=partial relational_spatial=na
6,"John Singleton Copley, Portrait of Sarah Erving Waldo",科普利：莎拉·欧文·沃尔多肖像,A,8.135,55.2,low,B–A,2.38,是,基础编目事实可靠，但当前 A 所需的杰作地位、组内首位性和机构代表性均依赖未经外部资料验证的判断。,否,缺科普利作品目录对M12561归属、年代与创作生涯位置的著录,科普利作品目录如何著录PEM馆号M12561，其被绘者身份、创作年代、递藏史及在殖民地时期肖像中的位置是什么？,缺科普利作品目录对M12561归属、年代与创作生涯位置的著录；缺Sarah Erving Waldo的确切身份、生卒、家族关系及委托背景；缺尺寸、保存状况、修复史及原框资料；缺1976年捐赠前的家族递藏和交易记录；缺与PEM及波士顿MFA科普利肖像的质量和机构地位比较,basic_identification=full date_period=full maker_culture=full historical_significance=partial artistic_significance=partial rarity_uniqueness=partial institutional_identity=partial category_representativeness=partial cultural_educational=partial provenance_acquisition=partial visual_experiential=partial relational_spatial=na
7,"Rush Figurehead, USS Frigate",rushing船头木雕人像,S,8.960,51.5,low,B–S,4.85,是,需核实正式题名、雕刻形象、原属舰名、尺寸、拉什归属依据及与M27185的区别；当前S级核心论据大多仍是未验证推断。,否,缺M27741的正式题名、雕刻形象、原属舰名及该舰服役档案,PEM的M27741档案记载了哪艘军舰、何种人物形象和哪些拉什归属证据，它与M27185是否为两件明确不同的船首像？,缺M27741的正式题名、雕刻形象、原属舰名及该舰服役档案；缺归属威廉·拉什的款识、账簿、合同或风格比较依据；缺M27741与Female Figurehead M27185的图像和档案对照；缺尺寸、彩绘层检测、修复记录及当前展陈图像；缺脱离原舰至博物馆购藏之间的递藏链和购藏年份；缺美国约1800年前后大型船首像的存世数量与质量比较,basic_identification=partial date_period=full maker_culture=partial historical_significance=partial artistic_significance=partial rarity_uniqueness=partial institutional_identity=partial category_representativeness=partial cultural_educational=partial provenance_acquisition=partial visual_experiential=partial relational_spatial=partial
8,Chinese Export Mandarin Punch Bowl,中国外销纹章大潘趣碗,S,8.559,48.4,low,C–S,5.16,是,对象尚缺PEM馆号、官方题名、照片和目录记录，且决定当前S级的创始船长来源与“建馆信物”身份没有外部证据。,否,缺东印度海洋学会创始船长携回并原始入藏该碗的档案证据,东印度海洋学会1799年前后的入藏簿中，哪位创始船长登记了这件潘趣碗，其馆号、航次、纹章和入藏日期分别是什么？,缺东印度海洋学会创始船长携回并原始入藏该碗的档案证据；缺PEM馆号、官方题名、藏品照片及目录记录；缺具体船长姓名、航次、携回地点及入藏年份；缺确切年代、瓷胎与彩绘技术、尺寸及保存状况；缺纹章或人物纹饰的辨识及其委托家族资料；缺PEM官方将其界定为建馆信物及外销瓷代表作的说明,basic_identification=partial date_period=none maker_culture=partial historical_significance=partial artistic_significance=partial rarity_uniqueness=partial institutional_identity=partial category_representativeness=partial cultural_educational=partial provenance_acquisition=partial visual_experiential=partial relational_spatial=na
9,"Edo Jizō Bosatsu Wood Sculpture, 1279",1279年地藏菩萨木雕,A,8.597,55.2,low,B–S,4.48,是,英文名称称“Edo”却标1279年，存在江户与镰仓时代矛盾；还需纪年铭文、尺寸、原装表面检测、寺院来源、递藏链与跨馆比较。,否,缺1279年纪年的铭文全文、位置、释读及技术检测报告,PEM馆号E12068.1AB-.4AB的保存或研究报告如何释读1279年铭文、判断金漆原装性，并追溯Charles Goddard Weld捐赠前的寺院来源？,缺1279年纪年的铭文全文、位置、释读及技术检测报告；缺金箔与漆层是否原装的保存科学和修复报告；缺原属寺院、离寺时间、输出日本及1909年前递藏经过；缺尺寸、保存状况、后配部件及修复比例；缺与美国及日本带纪年镰仓地藏造像的数量和质量比较；缺PEM官方对其日本艺术板块代表地位的说明,basic_identification=full date_period=full maker_culture=full historical_significance=partial artistic_significance=partial rarity_uniqueness=partial institutional_identity=partial category_representativeness=partial cultural_educational=partial provenance_acquisition=partial visual_experiential=partial relational_spatial=na
10,"Samuel McIntire, Gardner‑Pingree House architectural carvings",塞缪尔·麦金太尔 加德纳‑平格里宅木雕构件,A,8.435,50.0,low,C–S,5.00,是,当前评级对象边界不明，缺构件清单、馆号、原位位置、作者档案和原作状态记录，且将构件与整座宅邸的价值混合使用。,否,缺评级对象所含构件的逐件清单、馆号与原位位置,PEM或加德纳-平格里宅的建筑调查报告列出了哪些麦金太尔木雕构件、原位位置和作者档案，并如何区分原作与后期替换件？,缺评级对象所含构件的逐件清单、馆号与原位位置；缺证明麦金太尔本人或其工作室设计雕刻的账簿、合同或图纸；缺各构件原作、后配、复制或修复状态的建筑考古记录；缺宅内门窗、壁炉和檐口关系的测绘图与现场影像；缺与塞勒姆其他麦金太尔原位木雕系统的完整性比较；缺PEM对木雕构件与加德纳-平格里宅评级边界的对象定义,basic_identification=partial date_period=partial maker_culture=partial historical_significance=partial artistic_significance=partial rarity_uniqueness=partial institutional_identity=partial category_representativeness=partial cultural_educational=partial provenance_acquisition=partial visual_experiential=partial relational_spatial=partial
11,"Josh Simpson, Mega‑Megaplanet Glass Sphere",乔希·辛普森：巨型星球艺术玻璃球,A,7.710,39.6,low,C–A,4.53,是,缺馆号、官方题名、创作年份、材质、尺寸、入藏记录和系列版本信息，当前A级主要依赖未经证实的视觉冲击与机构标志物判断。,否,缺PEM馆号、官方对象记录、创作年份、材质和精确尺寸,PEM与Josh Simpson作品目录是否著录Mega-Megaplanet，其馆号、年份、尺寸、入藏方式及在星球系列中的唯一性分别是什么？,缺PEM馆号、官方对象记录、创作年份、材质和精确尺寸；缺购藏或捐赠年份、经手人与入藏文件；缺本件是否唯一作品、版本作品或星球系列常规变体的说明；缺艺术家作品目录、重要展览和学术出版记录；缺PEM官方宣传、陈列史或观众研究证明其机构标志地位；缺现场安装图像、观看距离和灯光条件资料,basic_identification=partial date_period=none maker_culture=partial historical_significance=partial artistic_significance=partial rarity_uniqueness=partial institutional_identity=partial category_representativeness=partial cultural_educational=none provenance_acquisition=none visual_experiential=partial relational_spatial=na
12,Korean Joseon Governor Welcoming Banquet Screen,朝鲜朝鲜时代 平壤道牧使欢迎宴会屏风,S,8.885,44.8,low,C–S,5.52,是,缺PEM馆号、官方题名、确切年代、事件与人物辨识、材质尺寸、题跋印章、递藏及跨馆比较，当前S级的全部关键论据尚无权威来源。,否,缺确切创作年代、所绘牧使姓名及欢迎宴会事件年份,PEM及韩国纪事画数据库是否著录这件平壤牧使欢迎宴会屏风，其馆号、牧使姓名、事件年份、曲数和入藏来源是什么？,缺PEM馆号、官方题名、藏品页面或权威图录记录；缺确切创作年代、所绘牧使姓名及欢迎宴会事件年份；缺曲数、材质、尺寸、题跋印章、保存状况及修复记录；缺原收藏者、离开朝鲜半岛的经过及PEM入藏记录；缺与韩国及美国主要官署纪事屏风的数量和质量比较；缺PEM官方对韩国艺术强项及本件代表地位的明确说明,basic_identification=partial date_period=partial maker_culture=partial historical_significance=partial artistic_significance=partial rarity_uniqueness=partial institutional_identity=partial category_representativeness=partial cultural_educational=partial provenance_acquisition=none visual_experiential=partial relational_spatial=na
13,Maori War Treasure Jade Mere,毛利玉质战争权杖,S,8.547,50.0,low,C–S,5.00,是,当前S级的核心依据几乎全部取决于未核实的年代、等级、圣物属性和早期航海来源链，须取得PEM馆藏记录及权威鉴定后复核。,否,缺采集者、航次、采集年份及此后各任所有者构成的完整来源链。,PEM档案能否确认这件mere pounamu由哪位新英格兰航海者在何次航行、何年取得，并有无毛利专家或图录将其鉴定为前接触期酋长taonga？,缺PEM官方馆藏记录，包括馆号、规范名称、年代、尺寸与材质鉴定。；缺采集者、航次、采集年份及此后各任所有者构成的完整来源链。；缺毛利方面或权威学术资料对其前接触年代、酋长等级、taonga属性及玉料产地的鉴定。；缺同类mere pounamu存世数量、可比馆藏及PEM对其馆藏地位的说明。,basic_identification=partial date_period=partial maker_culture=partial historical_significance=partial artistic_significance=partial rarity_uniqueness=partial institutional_identity=partial category_representativeness=partial cultural_educational=partial provenance_acquisition=partial visual_experiential=partial relational_spatial=na
14,"Childe Hassam, New England Autumn Landscape",柴尔德·哈萨姆：新英格兰秋景,A,7.400,18.2,low,C–A,6.13,是,当前A级依赖“成熟期高质量代表作”等未经外部资料证实的评价，且缺少最基本的官方对象记录与作品总目核验。,否,缺哈萨姆作品总目对该画的收录编号及真伪、年代认定。,PEM所藏哪一件哈萨姆作品对应“New England Autumn Landscape”，其馆号、确切题名与年份是什么，是否收入哈萨姆作品总目并有展览或出版记录？,缺PEM官方馆号、规范题名、创作年份、尺寸、材质和入藏记录。；缺哈萨姆作品总目对该画的收录编号及真伪、年代认定。；缺该画在哈萨姆创作生涯中的位置、展览史、出版史及评论评价。；缺与PEM其他哈萨姆作品及同馆美国印象派风景画的比较。；缺可核实的作品图像、保存状况和现场陈列尺度。,basic_identification=partial date_period=partial maker_culture=partial historical_significance=none artistic_significance=partial rarity_uniqueness=none institutional_identity=none category_representativeness=partial cultural_educational=partial provenance_acquisition=none visual_experiential=none relational_spatial=na
15,"Robert Feke, Portrait of Judge Richard Saltonstall",罗伯特·费克：理查德·索尔顿斯托尔法官肖像,A,7.360,44.8,low,C–S,5.52,是,对象身份有官方基础，但当前A级的决定性评价仍来自未经学术文献验证的“传世最佳之一”和馆内代表性判断，且两个编号的性质尚待馆方核对。,否,缺费克作品总目或学术出版对该画质量、真伪及创作生涯位置的评价。,PEM与费克作品总目如何标识这幅索尔顿斯托尔肖像，100183和M11043分别是什么编号，该画是否被学术文献列为费克的重要传世作品？,缺对100183与M11043各自编号性质的馆方核对。；缺肖像委托人、原始悬挂地点、历任所有者及入藏经过。；缺费克作品总目或学术出版对该画质量、真伪及创作生涯位置的评价。；缺理查德·索尔顿斯托尔的生平背景及该肖像的历史作用。；缺与PEM及其他机构费克肖像的质量和稀缺性比较。,basic_identification=partial date_period=full maker_culture=full historical_significance=partial artistic_significance=partial rarity_uniqueness=partial institutional_identity=partial category_representativeness=partial cultural_educational=partial provenance_acquisition=none visual_experiential=none relational_spatial=na
16,"Fidelia Bridges, Pastures by the Sea",菲德莉娅·布里奇斯：海边牧场,B,7.100,52.6,medium,C–A,3.55,是,基础身份与入藏证据可靠，但决定当前B是否稳固的创作生涯位置和同类比较缺失，新资料可能导致跨Tier。,,缺该画在布里奇斯创作生涯中的位置及权威作品目录记录。,PEM档案或布里奇斯作品目录是否记录《海边牧场》的展览与出版经历，并将这件1880年代、1918年由艺术家捐赠的作品视为其重要油画？,缺该画在布里奇斯创作生涯中的位置及权威作品目录记录。；缺该画的展览史、出版史和专业评论评价。；缺与PEM其他自然题材绘画及布里奇斯作品的比较。；缺确切尺寸、保存状况及当前陈列方式。；缺可靠资料确认鸟类与野花题材的具体内容及文化阐释。,basic_identification=full date_period=full maker_culture=full historical_significance=partial artistic_significance=partial rarity_uniqueness=none institutional_identity=partial category_representativeness=partial cultural_educational=partial provenance_acquisition=full visual_experiential=partial relational_spatial=na
17,"Samuel McIntire, carved fireplace surround",塞缪尔·麦金太尔雕刻壁炉围板,A,7.257,34.5,low,C–S,6.55,是,当前A级建立在未核实的麦金太尔工作室归属、原构件身份和质量判断之上，应以建筑档案、构件调查及馆方清单复核。,否,缺该围板是否为加德纳-平格里宅原构件、原属哪个房间及后期改动情况的证据。,PEM建筑与修复档案能否确认这件壁炉围板是否原装于加德纳-平格里宅、位于哪个房间，并依据何种档案或形式特征归于麦金太尔本人或工作室？,缺PEM建筑清单中的对象编号、确切年代、材质、尺寸及保存记录。；缺该围板是否为加德纳-平格里宅原构件、原属哪个房间及后期改动情况的证据。；缺将其归于塞缪尔·麦金太尔本人或其工作室的档案与形式学依据。；缺与其他完整麦金太尔壁炉围板的质量、稀缺性和完整性比较。；缺PEM对该构件在历史宅邸展示和机构身份中作用的说明。,basic_identification=partial date_period=partial maker_culture=partial historical_significance=partial artistic_significance=partial rarity_uniqueness=none institutional_identity=partial category_representativeness=partial cultural_educational=partial provenance_acquisition=none visual_experiential=none relational_spatial=partial
18,"John Singer Sargent, Portrait of Sarah Lawrence Brooks",萨金特：萨拉·劳伦斯·布鲁克斯肖像,A,7.475,43.8,low,C–A,4.22,是,当前A级主要依赖未获PEM记录、作品总目或学术出版支持的作者归属、笔触质量和生涯定位判断。,否,缺萨金特作品总目对该画的编号、年代、真伪及创作生涯位置。,萨金特作品总目是否收录1890年的《萨拉·劳伦斯·布鲁克斯肖像》，其编号、来源、展览史和现藏PEM的记录分别是什么？,缺PEM官方馆号、规范题名及作者归属记录。；缺萨金特作品总目对该画的编号、年代、真伪及创作生涯位置。；缺萨拉·劳伦斯·布鲁克斯的身份、委托背景及肖像原始用途。；缺2002年以前的完整来源链、展览史和出版史。；缺作品图像、保存状况、现场陈列及与PEM其他肖像的比较。,basic_identification=partial date_period=full maker_culture=partial historical_significance=partial artistic_significance=partial rarity_uniqueness=none institutional_identity=partial category_representativeness=partial cultural_educational=partial provenance_acquisition=partial visual_experiential=partial relational_spatial=na
19,"Josh Simpson, smaller planet glass orb",乔希·辛普森 中小型星球玻璃球,B,6.505,27.6,low,C–A,5.43,是,当前B的核心依据是“同母题且仅缩小”的冗余判断，但这一关系没有对象记录或作品目录支撑，核实后可能跨Tier。,,缺该球与Mega-Megaplanet的确切关系，包括是否为独件、版次、系列成员或习作。,PEM记录能否给出这件辛普森玻璃球的馆号、年份和尺寸，并说明它与Mega-Megaplanet是独件、版次、系列关系还是前期习作？,缺PEM官方馆号、规范题名、创作年份、尺寸、材质和入藏记录。；缺该球与Mega-Megaplanet的确切关系，包括是否为独件、版次、系列成员或习作。；缺该作在乔希·辛普森创作生涯中的位置及展览、出版记录。；缺与PEM其他辛普森作品和美国艺术玻璃藏品的比较。；缺可核实图像、制作技法、保存状况及现场展示方式。,basic_identification=partial date_period=none maker_culture=partial historical_significance=none artistic_significance=none rarity_uniqueness=partial institutional_identity=partial category_representativeness=partial cultural_educational=none provenance_acquisition=none visual_experiential=partial relational_spatial=na
20,Chinese Export porcelain dinner service partial set,中国外销瓷餐具套件残套,A,7.610,43.5,low,C–S,5.65,是,对象虽属于PEM的核心收藏类别，但当前A级依赖未经核实的广彩粉彩鉴定、美国市场用途、套件规模及订制机制判断。,否,缺原订购者、美国使用家族、贸易路径、历任所有者及入藏经过。,PEM馆藏清单能否确认这套餐具的馆号、年代、现存件数、纹样与款识，并查明其原美国订购者、贸易路径和入藏来源？,缺PEM馆号、每件器形清单、总件数、尺寸、款识、确切年代及保存状况。；缺原订购者、美国使用家族、贸易路径、历任所有者及入藏经过。；缺对“广东制作”“粉彩”及目标美国市场的图录或技术鉴定。；缺残存比例、原套规模及同类外销餐具存世完整度比较。；缺PEM官方对该套餐具在亚洲外销艺术收藏中地位的说明。,basic_identification=partial date_period=none maker_culture=partial historical_significance=partial artistic_significance=partial rarity_uniqueness=partial institutional_identity=partial category_representativeness=partial cultural_educational=partial provenance_acquisition=none visual_experiential=partial relational_spatial=partial
21,Japanese Arita blue‑and‑white charger plate,日本有田烧青花大盘,A,7.690,43.2,low,C–S,5.68,是,当前A层级主要依赖未经验证的贸易用途、尺度、质量与组内代表性判断，需取得PEM对象记录或权威图录后复核。,否,缺PEM馆号、规范题名、制作年代、精确直径、材质及款识记录。,PEM所藏哪件有田青花大盘对应此对象，其馆号、年代、直径、款识和人物纹样是什么，馆方图录是否确认它专为欧洲贸易制作？,缺PEM馆号、规范题名、制作年代、精确直径、材质及款识记录。；缺具体窑口、制作地区及有田归属的技术或图录依据。；缺人物纹样的图像、图像学解释及其面向欧洲市场的直接证据。；缺历任所有者、贸易路线和PEM入藏经过。；缺与PEM及其他馆藏大型有田外销盘的尺寸、稀缺性和质量比较。,basic_identification=partial date_period=none maker_culture=partial historical_significance=partial artistic_significance=partial rarity_uniqueness=partial institutional_identity=partial category_representativeness=partial cultural_educational=partial provenance_acquisition=none visual_experiential=partial relational_spatial=na
22,Japanese netsuke rabbit by Naito Toyomasa,内藤丰正 兔子根付,A,7.285,40.6,low,B–S,5.94,是,基本编目有官网依据，但当前A层级所需的卓越性、稀缺性与代表性仍依赖推断，并存在作者中文名差异。,否,缺根付图录或学术出版对该作真伪、质量及在内藤丰昌生涯中位置的评价。,PEM E26721的署名原文如何释读，馆方为何记作内藤丰昌，权威根付图录是否将这件兔子列为其代表作并记录尺寸与1947年前来源？,缺对Toyomasa署名原文、读法及“丰正／丰昌”名称差异的权威核对。；缺作品尺寸、各面图像、签名位置、保存状况及修复记录。；缺根付图录或学术出版对该作真伪、质量及在内藤丰昌生涯中位置的评价。；缺1947年以前的历任所有者和流传记录。；缺同作者兔形根付的存世数量、质量比较及PEM馆藏地位。,basic_identification=partial date_period=full maker_culture=partial historical_significance=partial artistic_significance=partial rarity_uniqueness=none institutional_identity=partial category_representativeness=partial cultural_educational=partial provenance_acquisition=partial visual_experiential=none relational_spatial=na
23,Edo period medicine‑shop kanban signboard,江户药铺漆绘看板,A,7.500,57.3,low,B–S,4.27,是,对象身份已有较可靠的官网记录，但支撑当前A层级的稀缺性、文化重要性和馆藏代表性均未获权威资料验证。,否,缺日本公私收藏中同类江户药铺看板的存世数量与稀缺性比较。,PEM E15898上的文字具体宣传何种药品、哪家店铺和哪个城市，日本主要公立收藏中保存了多少件可比的江户药铺看板？,缺看板全部文字的释读、药品名称、店铺名称及原使用城市。；缺日本公私收藏中同类江户药铺看板的存世数量与稀缺性比较。；缺尺寸、正反面图像、保存状况、修复史及现场展示信息。；缺1914年购藏时的卖方、此前所有者及日本流出经过。；缺PEM或学术出版对其在江户商业文化及馆藏中的地位评价。,basic_identification=full date_period=full maker_culture=partial historical_significance=partial artistic_significance=partial rarity_uniqueness=partial institutional_identity=partial category_representativeness=partial cultural_educational=full provenance_acquisition=partial visual_experiential=partial relational_spatial=na
24,"Katsumata Chieko, Pumpkin ceramic sculpture",胜田千惠子：南瓜陶塑,B,6.973,35.9,medium,C–A,4.80,是,中文作者名存在明显不一致，且当前B所依据的国际知名度和作品地位未经作品目录或展览史核实，新资料可能导致跨Tier。,,缺艺术家作品目录对该南瓜陶塑所属系列、独件性质及生涯位置的记录。,PEM 2015.42.5与胜间田千惠子作品目录如何记载其正式题名、尺寸和系列归属，这件2008年《南瓜》是否为独件并有具体国际展览记录？,缺对Katsumata Chieko规范姓名、中文译名及作品正式题名的馆方核对。；缺作品尺寸、各面图像、制作技法、保存状况及现场展示记录。；缺艺术家作品目录对该南瓜陶塑所属系列、独件性质及生涯位置的记录。；缺支持“国际展出艺术家”及该作知名度的具体展览和出版记录。；缺确切捐赠年份、捐赠前来源及与PEM其他日本陶艺的比较。,basic_identification=partial date_period=full maker_culture=partial historical_significance=none artistic_significance=partial rarity_uniqueness=none institutional_identity=partial category_representativeness=partial cultural_educational=partial provenance_acquisition=partial visual_experiential=partial relational_spatial=na
25,Joseon folding screen landscape painting,朝鲜时代山水六曲屏风,A,7.575,21.4,low,C–A,5.90,是,当前A层级几乎完全建立在未核实的断代、工坊归属和质量评价之上，需先确认具体对象身份。,否,缺PEM馆藏号及馆方对象记录，包括尺寸、材质和正式定年,PEM馆藏档案中这件六曲屏风的藏号、正式定年和工坊归属是什么，相关图录如何将其与其他朝鲜山水屏风比较？,缺PEM馆藏号及馆方对象记录，包括尺寸、材质和正式定年；缺“地方官署工坊”归属的图录或学术依据；缺该屏风在朝鲜山水屏风中的艺术水准与类型位置比较；缺可靠的来源、入藏与展览记录；缺全景及细部图像、保存状况和修复资料,basic_identification=partial date_period=partial maker_culture=partial historical_significance=none artistic_significance=partial rarity_uniqueness=none institutional_identity=none category_representativeness=partial cultural_educational=partial provenance_acquisition=none visual_experiential=partial relational_spatial=na
26,"Hank Willis Thomas, Rich Black Specimen #460",汉克·威利斯·托马斯：黑色标本#460,A,7.525,52.6,low,B–A,2.63,是,官网可确认基本对象信息，但当前A层级依赖尚未验证的系列地位、批评影响、独特性及PEM馆藏重要性。,否,缺该作在汉克·威利斯·托马斯创作生涯及《Rich Black Specimen》系列中的位置,PEM及艺术家出版物如何界定《Rich Black Specimen #460》在该系列和托马斯创作生涯中的地位，其版次与展览记录是什么？,缺该作在汉克·威利斯·托马斯创作生涯及《Rich Black Specimen》系列中的位置；缺该系列的版次、作品数量及本件独特性资料；缺该作的展览、出版与学术评论记录；缺PEM对其是否为重要当代购藏或代表作的明确说明；缺尺寸、安装方式及展厅视觉资料,basic_identification=full date_period=full maker_culture=full historical_significance=partial artistic_significance=partial rarity_uniqueness=none institutional_identity=partial category_representativeness=partial cultural_educational=partial provenance_acquisition=full visual_experiential=partial relational_spatial=na
27,Salem ship portrait: “Friendship of Salem”,塞勒姆商船《友谊号》船舶肖像,A,7.860,39.1,low,C–S,6.09,是,当前A层级依赖尚未核实的作品身份、船只辨识、历史关联及馆藏代表性，必须先取得PEM记录或可靠海事史来源。,否,缺PEM藏号、正式题名、作者、年代及尺寸记录,PEM馆藏与塞勒姆航海档案中哪件作品对应这幅《友谊号》船像，其作者、年代、所绘具体船只及委托来源是什么？,缺PEM藏号、正式题名、作者、年代及尺寸记录；缺画中船只确为哪一艘“Friendship”及其辨识依据；缺作品与该船航行、船主或委托背景的历史关联资料；缺可靠的来源、入藏及早期收藏记录；缺与PEM其他船舶肖像的比较及馆方代表性说明,basic_identification=partial date_period=none maker_culture=partial historical_significance=partial artistic_significance=none rarity_uniqueness=partial institutional_identity=partial category_representativeness=partial cultural_educational=partial provenance_acquisition=none visual_experiential=partial relational_spatial=na
28,Brass Pakistani Astrolabe,巴基斯坦黄铜星盘,A,7.790,40.6,low,C–S,5.94,是,当前等级高度依赖未经核实的船长来源、文化归属和科学史价值，且“美国”文化语境与巴基斯坦或伊斯兰归属之间存在待查的元数据冲突。,否,缺PEM藏号及馆方对年代、产地、制造者和铭文的记录,PEM档案能否通过藏号、铭文释读和船长航海记录确认这件星盘的制作年代、具体产地、制造者及采集航次？,缺PEM藏号及馆方对年代、产地、制造者和铭文的记录；缺对星盘铭文、刻度及实际功能的专业释读；缺塞勒姆船长姓名、航次、取得地点及入藏时间；缺真实性、完整性及是否后期仿制的技术研究；缺与已发表伊斯兰星盘及PEM航海仪器的比较,basic_identification=partial date_period=none maker_culture=partial historical_significance=partial artistic_significance=partial rarity_uniqueness=none institutional_identity=partial category_representativeness=partial cultural_educational=partial provenance_acquisition=partial visual_experiential=partial relational_spatial=na
29,"Valerie Hagerty, Shipwrecked Armoire with Barnacles",瓦莱丽·哈格蒂：附藤壶沉船主题立柜,A,7.415,27.6,low,C–A,5.43,是,当前等级主要依赖“标志性”和“组内居首”等无外部出处的评价，需补充PEM对象记录及作品出版、展览与评论资料。,否,缺艺术家或学术出版物对该作在哈格蒂创作中的位置说明,PEM对象记录及瓦莱丽·哈格蒂的出版资料是否将《Shipwrecked Armoire with Barnacles》列为代表作，其创作年代、展览史和购藏经过是什么？,缺PEM馆方对象记录，包括藏号、年代、材料、尺寸与购藏信息；缺艺术家或学术出版物对该作在哈格蒂创作中的位置说明；缺PEM将其认定为标志性当代作品的直接说明；缺展览、出版、借展与评论记录；缺安装方式、现场图像及观众尺度资料,basic_identification=partial date_period=none maker_culture=partial historical_significance=none artistic_significance=partial rarity_uniqueness=none institutional_identity=partial category_representativeness=partial cultural_educational=partial provenance_acquisition=none visual_experiential=partial relational_spatial=na
30,1803 ship‑wreck calendar stick,1803海难记事刻木杖,A,7.485,40.6,low,C–S,5.94,是,当前等级的主要价值来源是尚无同期档案或专业释读支撑的幸存记事故事，必须优先核实对象身份、事件关联与来源。,否,缺证明刻痕用于记录幸存天数的同期档案或专业释读,PEM及塞勒姆航海档案能否以藏号、幸存者记录和1803年航海文书确认这根木杖的船难事件、刻痕含义及入藏来源？,缺PEM藏号、正式名称、尺寸、材质及刻痕记录；缺1803年海难的船名、地点、幸存者及航次资料；缺证明刻痕用于记录幸存天数的同期档案或专业释读；缺该木杖的所有权、取得及入藏经过；缺同类海难记事器物的存世数量与比较研究,basic_identification=partial date_period=partial maker_culture=partial historical_significance=partial artistic_significance=none rarity_uniqueness=partial institutional_identity=partial category_representativeness=partial cultural_educational=partial provenance_acquisition=none visual_experiential=partial relational_spatial=na
31,Tahitian carved war club,塔希提雕花战棒,B,7.150,40.6,low,C–A,4.45,是,当前B档依赖未核实的早期航行来源和等级判断；可靠来源或文化鉴定可能使其跨档。,,缺塞勒姆航次、船长或采集者、取得地点及入藏记录,PEM早期航海与入藏档案能否确认这件塔希提战棒由哪次航行、哪位采集者在何处取得，并说明其具体年代和文化等级？,缺PEM藏号、正式定年、当地器名、材质与尺寸；缺塞勒姆航次、船长或采集者、取得地点及入藏记录；缺塔希提文化归属、用途及礼仪或身份等级的专业鉴定；缺“非王室顶级例证”判断的比较依据；缺同类战棒的存世、年代与雕工比较,basic_identification=partial date_period=none maker_culture=partial historical_significance=partial artistic_significance=partial rarity_uniqueness=none institutional_identity=partial category_representativeness=partial cultural_educational=partial provenance_acquisition=partial visual_experiential=partial relational_spatial=na
32,Fiji carved spirit figure,斐济祖先神灵木雕,A,8.035,42.2,low,C–S,5.78,是,对象的文化身份、功能、年代与早期采集史均未获可指认来源验证，而这些正是当前重要性和PEM关联判断的核心。,否,缺PEM藏号、正式定年、斐济具体社群归属及当地名称,PEM档案及斐济艺术研究如何确认这件木雕的藏号、当地名称、具体社群、仪式功能和制作年代，并能否追溯到某次新英格兰航行？,缺PEM藏号、正式定年、斐济具体社群归属及当地名称；缺其究竟表现祖先、神灵或其他存在的功能鉴定；缺新英格兰航次、采集者、取得地点和入藏记录；缺同类斐济人像的存世量、年代与质量比较；缺PEM或学术出版物对该件馆藏地位的说明,basic_identification=partial date_period=partial maker_culture=partial historical_significance=partial artistic_significance=partial rarity_uniqueness=none institutional_identity=partial category_representativeness=partial cultural_educational=partial provenance_acquisition=partial visual_experiential=partial relational_spatial=na
33,New Zealand Māori carved treasure box (waka huia),毛利雕花珍宝木盒waka huia,A,7.450,27.6,low,C–A,5.43,是,当前等级依赖未经验证的雕工质量和类别代表性，且缺少年代、部族归属、来源及馆方对象记录。,否,缺毛利具体部族、地区、雕刻传统或制作者归属,PEM馆藏记录能否确认这件waka huia的年代、部族或地区归属和来源，并与新西兰国家博物馆及大英博物馆已发表实例比较雕工等级？,缺PEM藏号、制作年代、尺寸、材质和保存状况；缺毛利具体部族、地区、雕刻传统或制作者归属；缺可靠的来源、原持有人、采集与入藏记录；缺与已发表waka huia在年代、构图和雕工上的比较；缺PEM对其是否为毛利收藏代表作的说明,basic_identification=partial date_period=none maker_culture=partial historical_significance=none artistic_significance=partial rarity_uniqueness=none institutional_identity=partial category_representativeness=partial cultural_educational=partial provenance_acquisition=none visual_experiential=partial relational_spatial=na
34,Chinese export gouache painting set of trades,中国外销水粉百工图组画,A,7.710,43.2,low,C–A,4.26,是,其与PEM外销艺术身份的类别关联成立，但当前等级所依赖的年代、规模、完整性和独特性均缺少对象级外部证据。,否,缺PEM藏号、画幅数量、尺寸、装帧方式及完整性记录,PEM馆藏记录中这套百工图共有多少幅、是否完整、何时何地制作并由谁购入，其规模与其他已发表广州百工图系列相比如何？,缺PEM藏号、画幅数量、尺寸、装帧方式及完整性记录；缺制作年代、广州作坊或画师归属及图像母本研究；缺各行业图像的题名、排序和内容释读；缺委托者、外销路径、原持有人及入藏记录；缺与PEM及其他机构完整百工图系列的比较,basic_identification=partial date_period=none maker_culture=partial historical_significance=partial artistic_significance=partial rarity_uniqueness=partial institutional_identity=partial category_representativeness=partial cultural_educational=partial provenance_acquisition=none visual_experiential=partial relational_spatial=na
35,Canton painted fan for western lady,广州外销西洋女士彩绘折扇,B,7.100,35.4,low,C–A,4.84,是,当前B档的消费史意义取决于未经证实的美国女性客户身份；若档案证实或否定该关系，均可能跨档。,,缺证明其为美国女性客户订制的姓名、铭文、订单或家族档案,PEM入藏档案、扇面铭文或塞勒姆家族文件能否确认这把折扇的美国女性客户、订制年代、广州作坊及流传路径？,缺PEM藏号、制作年代、尺寸、材质鉴定与保存状况；缺广州具体作坊、画师或生产中心的归属资料；缺证明其为美国女性客户订制的姓名、铭文、订单或家族档案；缺可靠的流传、取得及入藏记录；缺与同类广州外销扇在工艺、图像和稀缺性上的比较,basic_identification=partial date_period=none maker_culture=partial historical_significance=partial artistic_significance=partial rarity_uniqueness=none institutional_identity=partial category_representativeness=partial cultural_educational=partial provenance_acquisition=none visual_experiential=partial relational_spatial=na
36,Spilum portrait of Chinese merchant,斯波伦绘制中国商人肖像,A,8.075,43.2,low,C–S,5.68,是,当前A等级主要依赖未核实的作者归属、被摄者身份、题材稀缺性及馆藏定位，需先完成对象识别和权威来源核验。,否,缺PEM藏号、正式题名、年代、尺寸及史贝霖归属依据,PEM馆藏档案及史贝霖研究能否确认这幅肖像的归属、年代和被摄商人身份，并统计其已知作品中中国被摄者肖像的数量？,缺PEM藏号、正式题名、年代、尺寸及史贝霖归属依据；缺被摄中国商人的姓名、身份及与广州贸易的关系；缺委托背景、早期所有者、外销路径及入藏记录；缺史贝霖已知肖像作品目录及中国被摄者数量比较；缺PEM或学术出版物对该作馆藏地位和艺术质量的说明,basic_identification=partial date_period=none maker_culture=partial historical_significance=partial artistic_significance=partial rarity_uniqueness=partial institutional_identity=partial category_representativeness=partial cultural_educational=partial provenance_acquisition=none visual_experiential=partial relational_spatial=na
37,Mughal painted manuscript leaf,莫卧儿细密画册页,B,7.175,34.4,low,C–A,4.92,是,当前依据中的“高质量”“组内最高”和贸易路线来源均未获可靠资料支撑，核实作品身份与出处后可能跨 Tier。,,缺PEM正式馆藏记录及可核验的作品身份,PEM档案或已出版图录能否确认该册页的登录号、原手稿归属、具体年代、画师或作坊及其塞勒姆贸易来源？,缺PEM正式馆藏记录、登录号与完整题名；缺具体断代、画师或作坊及原手稿或画册归属；缺经塞勒姆贸易路线入藏的可靠 provenance 记录；缺与其他莫卧儿册页的画工、品相及稀缺性比较；缺PEM对该作馆藏地位及类别代表性的说明,basic_identification=partial date_period=partial maker_culture=partial historical_significance=none artistic_significance=partial rarity_uniqueness=none institutional_identity=partial category_representativeness=partial cultural_educational=partial provenance_acquisition=partial visual_experiential=partial relational_spatial=na
38,"Sinhalese ivory combs, export set",斯里兰卡外销象牙梳子套件,B,7.175,27.6,low,C–A,5.43,是,当前判断依赖“成套完整”“工艺最高”和为欧美客户订制等未核实说法，关键证据可能导致跨 Tier。,,缺套件原配性及外销 provenance 的证明,PEM档案能否确认该套梳具的登录号、年代、件数、原配性和外销委托记录，V&A及大英博物馆目录中有多少可比完整套件？,缺PEM登录号、正式题名及套件所含件数；缺制作年代、产地、作坊及象牙材质鉴定；缺各梳具原配成套及保存完整性的证明；缺欧洲或美国客户委托及后续入藏的 provenance；缺其他公藏斯里兰卡完整象牙梳套件的数量比较,basic_identification=partial date_period=none maker_culture=partial historical_significance=none artistic_significance=partial rarity_uniqueness=none institutional_identity=partial category_representativeness=partial cultural_educational=partial provenance_acquisition=none visual_experiential=partial relational_spatial=na
39,Edo period noblewoman palanquin (onna norimono),江户贵族女子轿舆,A,7.965,34.4,low,B–A,3.45,是,对象具有可核实的官方记录，但当前A等级所依赖的使用阶层、保存状况、体量及美国公藏稀缺性均待外部验证。,否,缺完整轿舆的稀缺性与保存状况比较,PEM对E37812是否记录了原主人、使用阶层、入藏史、尺寸和保存状况，美国公藏中另有多少完整的江户女性轿舆？,缺E37812原主人、使用阶层及历史语境；缺入藏日期、捐赠者或购藏来源记录；缺尺寸、保存状况报告及展陈现场图；缺美国公藏完整女性轿舆数量及同类比较；缺PEM是否将其列为日本收藏代表作的说明,basic_identification=full date_period=full maker_culture=full historical_significance=none artistic_significance=partial rarity_uniqueness=none institutional_identity=partial category_representativeness=partial cultural_educational=partial provenance_acquisition=none visual_experiential=partial relational_spatial=na
40,18‑century Japanese dragonfly‑design kabuto helmet,18世纪蜻蜓纹饰武士兜头盔,A,7.400,44.8,low,C–A,4.14,是,E7559的官方材质与“金属头盔”描述存在对应疑点，必须先核对正式器名、图像和完整馆藏记录。,否,缺确认E7559器物类别与官方材质是否匹配,PEM的E7559完整记录如何表述器名、结构和材质，是否确认寺田忠丰归属及蜻蜓纹兜在其作品中的位置？,缺核对E7559官方器名、材质与对象对应关系；缺尺寸、结构、完整材质清单及保存状况；缺寺田忠丰生涯中该作的位置及作品比较；缺蜻蜓母题、锻造质量及螺钿装饰的学术分析；缺PEM武具藏品中的代表性及同类稀缺性资料,basic_identification=full date_period=full maker_culture=full historical_significance=none artistic_significance=partial rarity_uniqueness=none institutional_identity=partial category_representativeness=partial cultural_educational=partial provenance_acquisition=full visual_experiential=partial relational_spatial=na
41,Japanese ukiyo‑e complete Hokusai print set partial,葛饰北斋浮世绘组画残套,A,7.424,27.6,low,C–A,5.43,是,对象身份未落实且英文名称中的“complete”与“partial”相互矛盾，当前A等级依赖未经核实的归属、品相和馆内排名。,否,缺可确认系列、张数和版次的正式馆藏记录,PEM档案中这组北斋版画的登录号、系列名、现存张数、版元、版次和各页题名分别是什么？,缺具体系列名称、各画面题名与登录号；缺现存张数及“完整”与“残套”矛盾的解释；缺版元、初版年代、版次或状态及印刷品相报告；缺北斋归属、来源史及入藏记录；缺PEM展出记录及与馆内其他浮世绘的比较,basic_identification=partial date_period=none maker_culture=partial historical_significance=none artistic_significance=partial rarity_uniqueness=none institutional_identity=partial category_representativeness=partial cultural_educational=partial provenance_acquisition=none visual_experiential=partial relational_spatial=na
42,Hiroshige Tokaido set partial,歌川广重东海道五十三次部分版画,A,7.381,37.0,low,C–A,4.73,是,当前A等级建立在未核实的系列版本、作者归属、印刷质量及与北斋组画的比较之上，需逐张落实馆藏记录。,否,缺确认具体画面及版本的正式馆藏记录,PEM所藏这些《东海道五十三次》选页分别是哪几站、何种版本与状态，其登录号、版元、入藏史和印况如何？,缺各画面题名、登录号及现存张数；缺《东海道五十三次》的具体版本、版元与年代；缺版次或状态、印刷质量及保存状况报告；缺广重归属、来源史与入藏记录；缺与其他公藏同版印本及PEM馆内藏品的比较,basic_identification=partial date_period=partial maker_culture=partial historical_significance=partial artistic_significance=partial rarity_uniqueness=none institutional_identity=partial category_representativeness=partial cultural_educational=partial provenance_acquisition=none visual_experiential=partial relational_spatial=na
43,Joseon dynasty brass ritual incense burner,朝鲜王朝黄铜礼式香炉,B,7.025,29.2,low,C–A,5.31,是,当前层级依赖形制完整和组内工艺最高等无来源判断，具体年代与同类比较可能导致跨 Tier。,,缺可核实年代、工艺和身份的PEM正式记录,PEM馆藏档案能否确认该香炉的登录号、年代、铭文、合金与错银工艺，其形制在韩国国立中央博物馆同类藏品中是否罕见？,缺PEM登录号、正式题名、尺寸与图像；缺精确年代、制作地区、作坊或铭文资料；缺黄铜合金与错银工艺的技术鉴定；缺礼式用途、使用环境及文化语境的权威说明；缺同形朝鲜香炉存世量及馆内同类比较；缺可靠的 provenance 与入藏记录,basic_identification=partial date_period=partial maker_culture=partial historical_significance=none artistic_significance=partial rarity_uniqueness=none institutional_identity=partial category_representativeness=partial cultural_educational=partial provenance_acquisition=none visual_experiential=partial relational_spatial=na
44,Nam June Paik small video‑art sculpture,白南准小型影像雕塑,A,7.675,35.4,low,C–A,4.84,是,该对象缺少最基本的作品身份与归属记录，当前A等级主要依赖对白南准总体声誉及PEM韩国收藏关系的推断。,否,缺可确认具体作品身份与归属的正式记录,PEM记录中的这件白南准作品正式题名、年代、登录号、媒介、版本号和运行状态是什么，白南准艺术中心出版物是否收录该作？,缺正式作品题名、创作年代、登录号与媒介清单；缺签名、证书、版本号及白南准归属记录；缺该作在白南准创作生涯及影像雕塑中的位置；缺设备原配性、运行状态及实际展陈记录；缺 provenance、入藏记录及PEM官方馆藏定位,basic_identification=partial date_period=none maker_culture=partial historical_significance=partial artistic_significance=partial rarity_uniqueness=none institutional_identity=partial category_representativeness=partial cultural_educational=partial provenance_acquisition=none visual_experiential=partial relational_spatial=na
45,American Federal mahogany sideboard,美国联邦时代桃花心木餐边柜,B,7.100,29.2,low,C–A,5.31,是,当前层级的机构关联和艺术质量均依赖未经核实的塞勒姆制作与高水平细木工判断，补证后可能跨 Tier。,,缺可验证塞勒姆本地制作的归属证据,PEM家具档案是否以结构、标签或家族 provenance 将此柜归为塞勒姆制作，与Winterthur及波士顿美术馆已出版的塞勒姆餐边柜相比有何稀见特征？,缺PEM登录号、正式题名、尺寸与材质记录；缺具体年代、制作者或作坊及结构鉴定；缺证明塞勒姆制作的标签、结构或家族 provenance；缺原始表面、修复情况与保存状况报告；缺与已出版塞勒姆餐边柜的工艺及稀缺性比较；缺PEM对其馆内代表地位的说明,basic_identification=partial date_period=partial maker_culture=partial historical_significance=none artistic_significance=partial rarity_uniqueness=none institutional_identity=partial category_representativeness=partial cultural_educational=partial provenance_acquisition=none visual_experiential=partial relational_spatial=na
46,Chippendale‑style Salem high‑boy chest,齐本德尔风格塞勒姆高斗柜,B,7.100,27.6,low,C–A,5.43,是,当前层级依赖未经核实的本地制作、雕饰复杂度和组内领先判断，归属研究可能导致跨 Tier。,,缺塞勒姆制作归属及具体年代的证据,PEM档案依据哪些结构、雕刻或 provenance 证据将此高斗柜归为塞勒姆制作，其年代、制作者和同类存世数量为何？,缺PEM登录号、正式题名、年代、尺寸与木材记录；缺制作者或作坊及塞勒姆归属的技术依据；缺雕刻细节、结构、原始表面与修复报告；缺家族 provenance、原主人及入藏记录；缺与其他塞勒姆齐本德尔高斗柜的稀缺性比较；缺PEM对其类别代表性的正式说明,basic_identification=partial date_period=none maker_culture=partial historical_significance=none artistic_significance=partial rarity_uniqueness=none institutional_identity=partial category_representativeness=partial cultural_educational=partial provenance_acquisition=none visual_experiential=partial relational_spatial=na
47,"Paint‑decorated grandfather clock, New England folk",新英格兰民间彩绘落地大钟,A,7.350,27.6,low,C–A,5.43,是,当前A主要依赖未经验证的代表性、复杂度和重要性判断，须取得对象级馆方或学术记录后复核。,否,缺制作年代、作者及机芯钟壳原配性鉴定,PEM档案能否确认此钟的登录号、钟匠、彩绘者、制作地点和年代，机芯与钟壳是否原配，并可与Historic New England数据库中的哪些实例比较？,缺PEM登录号、正式题名、年代、尺寸与材质；缺钟匠、彩绘者及具体制作地点的归属；缺机芯与钟壳是否原配及运行状况的鉴定；缺彩绘图像、原始表面、修复及保存报告；缺原主人、家族 provenance 与入藏记录；缺新英格兰彩绘落地钟存世量及馆内比较,basic_identification=partial date_period=none maker_culture=partial historical_significance=none artistic_significance=partial rarity_uniqueness=none institutional_identity=partial category_representativeness=partial cultural_educational=partial provenance_acquisition=none visual_experiential=partial relational_spatial=na
48,Paul Revere silver creamer sugar bowl pair,保罗·里维尔银奶壶糖碗成对,A,7.875,35.4,low,C–A,4.84,是,当前A依赖尚未核实的里维尔归属、署款及原配成对关系，这些均为决定性对象身份信息。,否,缺款识鉴定及两器原配成对的证明,PEM记录能否提供这两件银器的登录号、年代、款识图与释读，并证明两器原配成对；其形制在波士顿美术馆和耶鲁已出版的里维尔银器中有何对应？,缺PEM登录号、正式题名、年代、尺寸与重量；缺款识照片、释读及保罗·里维尔归属鉴定；缺奶壶与糖碗是否原配成对的记录；缺委托人、原主人、家族 provenance 与入藏记录；缺该组在里维尔银器生涯中的位置及同类比较；缺PEM对其美国银器馆藏地位的说明,basic_identification=partial date_period=none maker_culture=partial historical_significance=partial artistic_significance=partial rarity_uniqueness=none institutional_identity=partial category_representativeness=partial cultural_educational=partial provenance_acquisition=none visual_experiential=partial relational_spatial=na
49,Samuel McIntire carved sheaf‑of‑wheat motif fragment,麦金太尔雕刻麦穗装饰构件残件,A,7.200,31.0,low,C–S,6.90,是,当前A缺乏归属和原建筑语境两项关键证据，而未来若能证实其与重要原址的直接关系，身份判断可能显著变化。,否,缺麦金太尔归属依据及该残件的原建筑位置,PEM馆藏与加德纳-平格里宅档案是否记载该残件的馆号、原安装位置、拆除经过及麦金太尔归属依据？,缺PEM馆号、正式题名、年代、尺寸、材质与保存状况记录；缺麦金太尔归属依据及该残件原属建筑、房间和构件位置；缺构件拆离原址至进入PEM的完整来源与入藏记录；缺与存世麦金太尔麦穗雕刻及PEM同类构件的比较,basic_identification=partial date_period=none maker_culture=partial historical_significance=partial artistic_significance=partial rarity_uniqueness=none institutional_identity=partial category_representativeness=none cultural_educational=partial provenance_acquisition=none visual_experiential=partial relational_spatial=partial
50,Winslow Homer small watercolor coastal study,温斯洛·霍默小幅海岸水彩习作,A,7.225,22.4,low,C–A,5.82,是,当前A以未核实的名家归属及主题契合度为核心，缺作品目录、来源和馆方对象记录。,否,缺霍默作品目录对具体作品及归属的确认,PEM馆藏档案中的正式题名和馆号是什么，霍默作品目录是否收录此作并将其界定为独立水彩还是准备性习作？,缺PEM馆号、正式题名、创作日期、尺寸及具体水彩材料；缺霍默作品目录对归属、真伪及作品编号的确认；缺该作是独立成品还是准备性习作及其在霍默生涯中的位置；缺来源、展览、出版记录及与PEM海事艺术藏品的比较,basic_identification=partial date_period=none maker_culture=partial historical_significance=none artistic_significance=partial rarity_uniqueness=none institutional_identity=partial category_representativeness=none cultural_educational=partial provenance_acquisition=none visual_experiential=partial relational_spatial=na
51,John Trumbull preparatory sketch for revolution scene,约翰·特朗布尔独立战争构图草稿,B,7.025,22.4,low,C–S,7.76,是,当前B依赖未核实的准备稿身份；若其与重要完成作的关系成立或被否定，均可能造成跨Tier变化。,,缺具体革命场景及对应完成作的识别,PEM档案和特朗布尔作品目录将此油稿对应到哪一幅完成作，其构图与最终版本之间有何可核差异？,缺PEM馆号、正式题名、创作日期、尺寸和媒材支持信息；缺所绘革命事件及其对应完成作的准确识别；缺特朗布尔作品目录对归属及准备稿关系的确认；缺该油稿的来源、展览、出版记录及相关草稿存世比较,basic_identification=partial date_period=none maker_culture=partial historical_significance=partial artistic_significance=partial rarity_uniqueness=none institutional_identity=none category_representativeness=none cultural_educational=partial provenance_acquisition=none visual_experiential=partial relational_spatial=na
52,Martin Johnson Heade hummingbird small study,马丁·约翰逊·希德蜂鸟小稿,B,6.730,14.6,low,C–A,6.41,是,当前B使用了未经证实的“次要作品”定位；作品归属及系列关系的新资料可能使现有判断跨Tier。,,缺作品目录对归属及蜂鸟系列位置的确认,PEM馆藏档案与希德作品目录如何著录此画，它是否属于有明确编号和年代的蜂鸟系列或相关准备研究？,缺PEM馆号、正式题名、创作日期、尺寸、材质与画布信息；缺希德作品目录对归属、真伪和作品编号的确认；缺其是否属于蜂鸟系列或与《巴西蜂鸟》相关创作的资料；缺来源、展览、出版记录及与希德同类作品的质量比较,basic_identification=partial date_period=none maker_culture=partial historical_significance=none artistic_significance=partial rarity_uniqueness=none institutional_identity=none category_representativeness=none cultural_educational=partial provenance_acquisition=none visual_experiential=partial relational_spatial=na
53,Georgia O’Keeffe small floral painting,乔治亚·欧姬芙花卉小幅作品,B,7.160,19.8,low,C–A,6.02,是,当前B主要由艺术家知名度和未经核实的尺幅判断构成；具体作品尚未定位，存在跨Tier审查必要。,,缺作品目录对具体作品及归属的确认,PEM的林奇赠藏档案对应哪一件欧姬芙作品，其正式题名、年代和作品目录编号是什么？,缺PEM馆号、正式题名、创作日期、尺寸与媒材记录；缺欧姬芙作品目录对归属、真伪及作品编号的确认；缺林奇赠藏的捐赠者全名、赠藏日期及此前来源；缺该作在欧姬芙花卉创作中的年代、系列和质量位置；缺展览、出版记录及PEM对其馆藏地位的说明,basic_identification=partial date_period=none maker_culture=partial historical_significance=none artistic_significance=partial rarity_uniqueness=none institutional_identity=none category_representativeness=none cultural_educational=partial provenance_acquisition=partial visual_experiential=partial relational_spatial=na
54,Sam Maloof walnut rocking chair,萨姆·马卢夫胡桃木摇椅,A,7.265,27.6,low,C–A,5.43,是,当前A依赖未认证的马卢夫归属和“标志性器型”判断，缺乏决定对象质量与地位的基础记录。,否,缺工作室档案对制作日期和制作者的确认,PEM馆藏记录与马卢夫基金会档案能否确认此椅的制作日期、签名、具体型号，以及由马卢夫本人还是工作室成员制作？,缺PEM馆号、正式题名、制作日期、尺寸及胡桃木材质确认；缺签名、工作室档案或马卢夫基金会对制作者的认证；缺具体型号、定制对象及该椅在马卢夫摇椅发展中的位置；缺来源、入藏、展览记录及与其他马卢夫摇椅的质量比较,basic_identification=partial date_period=none maker_culture=partial historical_significance=partial artistic_significance=partial rarity_uniqueness=none institutional_identity=none category_representativeness=partial cultural_educational=partial provenance_acquisition=none visual_experiential=partial relational_spatial=na
55,J.O.J. Frost folk painting of Salem harbor,J.O.J.弗罗斯特塞勒姆港民间绘画,A,7.335,30.2,low,C–S,6.98,是,当前A主要建立在尚未核实的塞勒姆题材和城市记忆意义上，而这些同时决定其潜在馆藏身份价值。,否,缺画面所指地点、年代及记忆画性质的证据,PEM档案和弗罗斯特研究文献如何识别此画中的塞勒姆港地点与年代，又以何种原始材料证明它是凭记忆创作？,缺PEM馆号、正式题名、创作日期、尺寸及媒材记录；缺弗罗斯特归属依据及“凭记忆绘制”说法的文献来源；缺画中塞勒姆港具体地点、建筑、船只及所表现年代的识别；缺来源、入藏记录及与弗罗斯特其他塞勒姆题材作品的比较；缺PEM是否将其用于阐释塞勒姆城市记忆的官方说明,basic_identification=partial date_period=none maker_culture=partial historical_significance=partial artistic_significance=partial rarity_uniqueness=none institutional_identity=partial category_representativeness=none cultural_educational=partial provenance_acquisition=none visual_experiential=partial relational_spatial=na
56,Salem witch‑trial period court document manuscript,塞勒姆猎巫审判时代法庭原始手稿,A,8.497,30.1,low,C–S,6.99,是,当前A等级依赖尚未核实的1692年审判关联、一手史料属性和馆藏核心性，需以菲利普斯图书馆档案记录及学术引证复核。,否,缺案件、日期与文书类型的准确档案识别,菲利普斯图书馆目录中哪一馆号对应此文书，其日期、案件、当事人和文书类型是否证明它直接属于1692年塞勒姆猎巫审判？,缺文书准确日期、案件名称、当事人、签署者及文书类型；缺菲利普斯图书馆馆号、档案群和文件夹层级引证；缺证明其直接属于1692年审判而非仅与审判同时期的材料；缺真实性、保管链、入藏经过及历次修复记录；缺学术转录、出版引用及该文书在案件史中的作用,basic_identification=partial date_period=partial maker_culture=partial historical_significance=partial artistic_significance=na rarity_uniqueness=none institutional_identity=partial category_representativeness=none cultural_educational=partial provenance_acquisition=none visual_experiential=partial relational_spatial=na
57,Chinese export lacquer gaming table,中国外销漆木游戏桌,A,7.325,30.2,low,C–A,5.23,是,当前A等级主要建立在广州制作、美国商人订制、器物完整和组内代表性等未核实判断上。,否,缺美国商人订制与完整来源链的证据,PEM亚洲外销艺术档案是否能确认此游戏桌的馆号、制作年代、原美国客户及家族来源，并说明其是否为该馆中国外销漆家具代表件？,缺PEM馆号、正式题名、制作年代、尺寸、木胎和漆饰技法记录；缺广州制作地及美国商人家庭订制说法的文献依据；缺原客户姓名、家族传承、入藏经过及捐赠或购藏日期；缺中国外销漆游戏桌的存世数量、年代类型及质量比较；缺PEM对其在亚洲外销艺术藏品中地位的说明,basic_identification=partial date_period=none maker_culture=partial historical_significance=partial artistic_significance=partial rarity_uniqueness=none institutional_identity=partial category_representativeness=none cultural_educational=partial provenance_acquisition=none visual_experiential=partial relational_spatial=na
58,Japanese export lacquer writing desk,日本外销漆木写字台,A,7.325,31.8,low,C–A,5.12,是,当前A等级依赖未经验证的江户断代、外销属性、西式适配功能及组内最高代表性。,否,缺西式书写适配结构及原装配件的证据,PEM馆藏记录与日本外销漆器研究能否确认此写字台的年代、作坊和原配附件，并证明其结构确为西式书写需求而改制？,缺PEM馆号、正式题名、具体年代、尺寸、木胎和漆饰技法；缺制作地区、作坊及出口目的地的权威鉴定；缺证明结构为适配西式书写用具而设计的构造与原配附件资料；缺来源、入藏记录及历史修复或改装情况；缺日本外销漆写字台的存世量及与馆内外实例的比较,basic_identification=partial date_period=partial maker_culture=partial historical_significance=partial artistic_significance=partial rarity_uniqueness=none institutional_identity=partial category_representativeness=none cultural_educational=partial provenance_acquisition=none visual_experiential=partial relational_spatial=na
59,Indian Vizagapatam ivory‑inlaid cabinet,印度维扎加帕塔姆嵌象牙柜子,A,7.615,31.8,low,C–A,5.12,是,当前A等级依赖未核实的维扎加帕塔姆归属、18世纪断代、象牙材质、工艺优势与组内核心地位。,否,缺产地、年代及镶嵌材质的权威鉴定,PEM记录及维扎加帕塔姆家具研究如何鉴定此柜的年代、作坊和镶嵌材质，它与V&A等馆的同类柜相比处于何种位置？,缺PEM馆号、正式题名、具体年代、尺寸、木材与镶嵌材质鉴定；缺维扎加帕塔姆产地、作坊和英印外销用途的鉴定依据；缺原客户、家族来源、入藏经过及捐赠或购藏记录；缺维扎加帕塔姆镶嵌柜的存世数量、类型和质量比较；缺PEM对其在亚洲外销艺术藏品中地位的说明,basic_identification=partial date_period=partial maker_culture=partial historical_significance=partial artistic_significance=partial rarity_uniqueness=none institutional_identity=partial category_representativeness=none cultural_educational=partial provenance_acquisition=none visual_experiential=partial relational_spatial=na
60,Korean Joseon textile official rank badge,朝鲜时代官阶补子,B,7.185,60.4,medium,C–A,2.97,是,官方资料支持基本身份与入藏，但决定类别代表性和教育价值的具体官阶尚缺；补充资料可能使当前B跨Tier变化。,,缺纹样所对应的文武类别与具体官阶,PEM馆号E9785的纹样代表何种文武官阶和等级，PEM韩国艺术图录是否将其列为代表件，馆内另有多少可比朝鲜补子？,缺补子所绣动物或鸟类、文武属性及对应官阶等级；缺正补或背补属性、尺寸、完整图像与保存修复报告；缺PEM馆内朝鲜补子的数量、类型及质量比较；缺与其他权威馆藏同类十九世纪补子的稀缺性比较；缺Gustavus Goward捐赠前的收藏来源与取得地点,basic_identification=full date_period=full maker_culture=full historical_significance=partial artistic_significance=partial rarity_uniqueness=none institutional_identity=full category_representativeness=partial cultural_educational=partial provenance_acquisition=full visual_experiential=partial relational_spatial=na
61,Hawaiian feather cape fragment,夏威夷羽毛斗篷残片,A,8.330,43.2,low,C–S,5.68,是,当前A等级依赖未核实的夏威夷贵族斗篷归属、极低存世量、馆内唯一性及等级制度物证意义。,否,缺同类羽斗篷残片存世数量与权威稀缺性比较,PEM纸本图录或登记档案如何记录该残片的来源、年代与残存部位，毕晓普博物馆等机构所藏同类残片共有多少？,缺PEM登记号、尺寸、材质鉴定及残存部位记录；缺可核实的采集者、采集年代、地点及入藏经过；缺同类羽斗篷残片存世数量与权威稀缺性比较；缺馆方图录对其在PEM大洋洲收藏中地位的说明,basic_identification=partial date_period=none maker_culture=partial historical_significance=partial artistic_significance=partial rarity_uniqueness=partial institutional_identity=partial category_representativeness=partial cultural_educational=partial provenance_acquisition=none visual_experiential=partial relational_spatial=na
62,Marquesan carved ceremonial adze,马克萨斯仪式石锛,A,7.390,43.2,low,C–A,4.26,是,当前A等级建立在未经外部资料验证的马克萨斯归属、礼仪功能、雕柄特征及组内最高地位上。,否,缺权威资料确认其为礼仪锛而非实用工具,PEM登记卡是否明确将此器定为马克萨斯礼仪锛，其制作年代、具体岛屿、采集者与雕柄风格有何记录？,缺PEM登记号、尺寸、石材木材及制作年代记录；缺权威资料确认其为礼仪锛而非实用工具；缺雕柄风格、具体岛屿或社群及制作传统的研究；缺采集者、采集航次、旧藏及入藏记录；缺与PEM及其他馆藏马克萨斯石锛的品质比较,basic_identification=partial date_period=none maker_culture=partial historical_significance=partial artistic_significance=partial rarity_uniqueness=partial institutional_identity=partial category_representativeness=partial cultural_educational=partial provenance_acquisition=none visual_experiential=partial relational_spatial=na
63,Tonga carved wooden drinking bowl,汤加雕花祭祀木酒碗,B,7.110,35.4,low,C–A,4.84,是,当前B档依赖未经核实的卡瓦仪式用途和组内代表性；若功能或年代认定改变，可能跨档。,,缺器型与使用痕迹研究以确认卡瓦仪式用途,PEM登记卡如何定名此木碗，哪些器型、使用痕迹或采集记录能确认其为汤加卡瓦仪式用器？,缺登记号、尺寸、木材、制作年代与具体产地；缺器型与使用痕迹研究以确认卡瓦仪式用途；缺采集、旧藏及PEM入藏经过；缺与汤加卡瓦器及PEM同类木碗的品质比较；缺馆方对其大洋洲展陈代表性的说明,basic_identification=partial date_period=none maker_culture=partial historical_significance=partial artistic_significance=partial rarity_uniqueness=none institutional_identity=partial category_representativeness=partial cultural_educational=partial provenance_acquisition=none visual_experiential=partial relational_spatial=na
64,"New Britain mask, Melanesia",新不列颠美拉尼西亚仪式面具,A,7.825,50.0,low,C–S,5.00,是,当前A等级高度依赖未经核实的早期塞勒姆航次来源、完整性和组内唯一性判断，需以档案、登记记录及专业鉴定复核。,否,缺档案确认具体塞勒姆航次、船只、采集者与日期,PEM早期登记簿或塞勒姆航海档案能否确认该面具由哪次航行、哪艘船及何人采集，并将其归属新不列颠哪个社群？,缺档案确认具体塞勒姆航次、船只、采集者与日期；缺新不列颠具体社群、面具传统及仪式功能鉴定；缺制作年代、材料、尺寸、修复与完整性记录；缺早期采集完整面具的存世量与跨馆比较；缺PEM对其与塞勒姆航海史关系的正式说明,basic_identification=partial date_period=partial maker_culture=partial historical_significance=partial artistic_significance=partial rarity_uniqueness=partial institutional_identity=partial category_representativeness=partial cultural_educational=partial provenance_acquisition=partial visual_experiential=partial relational_spatial=na
65,19‑century Chinese export reverse‑glass painting,中国外销玻璃背面画,B,7.100,37.0,low,C–A,4.73,是,当前B档的机构关联建立在未核实的“专供美国市场”说法上；市场归属与作品品质的新资料可能导致跨档。,,缺证据确认其专为美国市场制作,PEM登记档案或亚洲外销艺术图录是否明确说明此画面向美国市场，其题材、年代、制作地、作坊与入藏来源分别为何？,缺登记号、尺寸、题材、具体年代与制作地点；缺证据确认其专为美国市场制作；缺画师或作坊、技法、原框及保存状况研究；缺可靠的旧藏、贸易流通及PEM入藏记录；缺与PEM其他外销玻璃背画的品质和代表性比较,basic_identification=partial date_period=partial maker_culture=partial historical_significance=partial artistic_significance=partial rarity_uniqueness=none institutional_identity=partial category_representativeness=partial cultural_educational=partial provenance_acquisition=none visual_experiential=partial relational_spatial=na
66,Chinese export ivory puzzle ball,中国外销象牙套球,B,7.050,43.2,low,C–A,4.26,是,当前B档的工艺与代表性判断依赖未核实的尺寸、层数和组内比较；实测及目录资料可能导致跨档。,,缺精确尺寸、层数及与PEM同类藏品的比较,PEM登记卡记录的套球直径、层数、年代、作坊和入藏来源为何，馆内比较是否支持其“尺寸最大、层数占优”的说法？,缺登记号、直径、精确层数、重量及保存状况；缺材质鉴定及象牙种属记录；缺制作年代、广州作坊或工艺中心的归属依据；缺采集、贸易流通、旧藏及入藏记录；缺与PEM同类象牙套球的尺寸、层数和品质比较,basic_identification=partial date_period=none maker_culture=partial historical_significance=partial artistic_significance=partial rarity_uniqueness=partial institutional_identity=partial category_representativeness=partial cultural_educational=partial provenance_acquisition=none visual_experiential=partial relational_spatial=na
67,Edo period samurai yoroi partial armor set,江户武士盔甲套件残套,A,7.450,37.0,low,C–A,4.73,是,当前A等级缺少年代、部件原配性、作者或流派、工艺质量及来源史证据，且评分文本混用了“残套”与“整套”。,否,缺部件是否原配及具体甲胄师、年代的鉴定,PEM登记档案是否将这些部件认定为同一套原配具足，并记录甲胄师、流派、具体年代、原属者与缺失部件？,缺完整部件清单及各部件是否原配的鉴定；缺具体年代、甲胄流派、甲胄师签名及原属者资料；缺漆工、金具、纺织物的工艺与保存状况报告；缺旧藏、交易与PEM入藏记录；缺与PEM其他日本甲胄的完整性和品质比较,basic_identification=partial date_period=partial maker_culture=partial historical_significance=partial artistic_significance=partial rarity_uniqueness=none institutional_identity=partial category_representativeness=partial cultural_educational=partial provenance_acquisition=none visual_experiential=partial relational_spatial=na
68,Japanese ceramic tea‑ceremony bowl (chawan),日本茶道茶碗,B,6.810,37.0,low,C–A,4.73,是,当前B档建立在未经核实的江户茶碗认定与“高品质”评价上；窑口或作者资料可能使其跨档。,,缺窑口、陶工、具体年代及茶碗属性的鉴定,PEM图录将此碗归于何种窑口或陶工，哪些器型、釉面、款识或箱书证据支持江户茶道茶碗的认定？,缺窑口、陶工、具体年代、款识及箱书记录；缺器型与使用痕迹研究以确认茶道茶碗属性；缺尺寸、釉面细节、烧造特征与保存状况图像；缺茶道传承、旧藏及PEM入藏记录；缺与同窑口或PEM日本陶艺藏品的品质比较,basic_identification=partial date_period=partial maker_culture=partial historical_significance=partial artistic_significance=partial rarity_uniqueness=none institutional_identity=partial category_representativeness=partial cultural_educational=partial provenance_acquisition=none visual_experiential=partial relational_spatial=na
69,Rajput hunting miniature,拉杰普特细密画狩猎图,B,6.945,27.6,low,C–A,5.43,是,当前B档仅由宽泛画派和一般性品质描述支撑；具体画派、年代或册页来源可能导致跨档。,,缺具体画派、年代及原册页或手稿来源,PEM登记档案将此狩猎图归于哪一拉杰普特宫廷或画派、何年代，题记与装帧能否证明其来自特定册页或手稿？,缺具体拉杰普特宫廷或画派、年代与画师归属；缺题记、印章、人物身份及狩猎事件释读；缺原册页或手稿关系、拆散经过与旧藏记录；缺纸张、颜料、尺寸、修复与保存状况资料；缺PEM对其展陈归类及南亚收藏地位的说明,basic_identification=partial date_period=none maker_culture=partial historical_significance=partial artistic_significance=partial rarity_uniqueness=none institutional_identity=none category_representativeness=partial cultural_educational=partial provenance_acquisition=none visual_experiential=partial relational_spatial=na
70,Persian Qajar painted tile panel,卡扎尔波斯彩绘瓷砖板,B,6.575,37.0,low,C–A,4.73,是,当前B档依赖未经核实的完整成板与组内唯一性；原建筑语境或后期拼组证据可能导致跨档。,,缺原属建筑、原墙面位置及拆移经过,PEM登记档案是否记录此砖板来自哪座建筑及何处墙面，它是原装完整成板还是后期拼组，制作中心与年代为何？,缺具体年代、制作中心、窑场、款识与题记资料；缺原属建筑、墙面位置、拆移经过及原组合关系；缺人物题材、文学来源及政治宗教语境释读；缺尺寸、砖块数量、后配情况、修复与保存记录；缺来源、入藏经过及与其他卡扎尔陶砖板的比较,basic_identification=partial date_period=partial maker_culture=partial historical_significance=partial artistic_significance=partial rarity_uniqueness=partial institutional_identity=none category_representativeness=partial cultural_educational=partial provenance_acquisition=none visual_experiential=partial relational_spatial=na
71,Nantucket whaling‑scene scrimshaw whalebone,楠塔基特捕鲸主题骨雕scrimshaw,A,7.310,37.0,low,C–S,6.30,是,当前A等级依赖未核实的楠塔基特归属、捕鲸时代断代、图像价值及馆内代表性，需登记资料、航海档案和同类比较。,否,缺可核实的楠塔基特归属、制作者及航次来源,PEM登记卡、捕鲸日志或旧藏标签能否确认此件由哪位船员、哪艘船及哪次楠塔基特航行制作或带回？,缺登记号、准确材质、尺寸、形制与制作年代；缺证据确认楠塔基特制作或相关航次来源；缺制作者、船员身份、船名、航海日志及旧藏记录；缺画面中船只、捕鲸过程及题记的图像释读；缺与PEM同类scrimshaw的年代、品质和稀缺性比较,basic_identification=partial date_period=partial maker_culture=partial historical_significance=partial artistic_significance=partial rarity_uniqueness=none institutional_identity=partial category_representativeness=partial cultural_educational=partial provenance_acquisition=none visual_experiential=partial relational_spatial=na
72,Ship‑model of Salem trading brig “Cleopatra”,塞勒姆双桅商船《克娄巴特拉》船模,A,7.475,43.2,low,C–S,5.68,是,当前A等级取决于尚未核实的指名船只身份、同期性及塞勒姆贸易史意义，需船舶档案、模型鉴定和馆藏记录复核。,否,缺证据判定其为同期船模还是后世复制品,PEM登记簿是否记录《克娄巴特拉》船模的制作者、比例和制作年代，并能否证明它与真实船只同期且对应其具体塞勒姆贸易航次？,缺登记号、比例、尺寸、制作者与制作年代；缺证据判定其为同期船模、船厂模型或后世复制品；缺“克娄巴特拉”号建造、船主、航线与贸易史档案；缺船模结构准确性、改装、修复与保存状况报告；缺旧藏、入藏经过及PEM对其海事地位的说明,basic_identification=partial date_period=none maker_culture=partial historical_significance=partial artistic_significance=partial rarity_uniqueness=partial institutional_identity=partial category_representativeness=partial cultural_educational=partial provenance_acquisition=none visual_experiential=partial relational_spatial=na
73,18th‑century American whale‑oil lamp,18世纪美式鲸油灯,B,6.211,37.5,low,C–A,4.69,是,当前B级依赖“18世纪新英格兰”和“组内最高”等未核实判断，补充年代、来源与比较资料可能导致跨Tier。,,缺PEM登录记录对具体年代、材质、产地、制作者及尺寸的确认,PEM登录簿如何记录这盏鲸油灯的登录号、年代、产地、材质、捐赠者及其与塞勒姆捕鲸史的关系？,缺PEM登录记录对具体年代、材质、产地、制作者及尺寸的确认；缺该灯的历次所有权、捐赠者及入藏时间记录；缺18世纪新英格兰鲸油灯存世数量及馆藏实例比较；缺PEM对该灯在海事或捕鲸叙事中馆藏地位的说明,basic_identification=partial date_period=partial maker_culture=partial historical_significance=partial artistic_significance=none rarity_uniqueness=partial institutional_identity=partial category_representativeness=partial cultural_educational=partial provenance_acquisition=none visual_experiential=none relational_spatial=na
74,Felix Beato photograph of Chinese city gate,费利斯·比托中国城门原版照片,A,7.560,37.5,low,C–S,6.25,是,当前A等级建立在尚未通过作品目录和技术鉴定核实的比托归属、年代、原版性与稀缺性上，应优先核对影像编号和来源史。,否,缺具体城门名称、地点、底片编号及比托作品目录中的对应记录,PEM登录记录与费利斯·比托作品目录能否确认这张照片所示城门、底片编号、拍摄日期及其是否为同时期原版？,缺具体城门名称、地点、底片编号及比托作品目录中的对应记录；缺纸基、尺寸、装裱、题记及是否为同时期原版蛋白照片的技术鉴定；缺该影像在比托中国摄影中的创作位置及同版存世数量；缺该照片的provenance、入藏记录及PEM对其馆藏地位的说明,basic_identification=partial date_period=partial maker_culture=partial historical_significance=partial artistic_significance=none rarity_uniqueness=partial institutional_identity=partial category_representativeness=partial cultural_educational=partial provenance_acquisition=none visual_experiential=none relational_spatial=na
75,John Thomson photograph of Canton street scene,约翰·汤姆森广州街景原版照片,A,7.535,29.7,low,C–S,7.03,是,当前A等级依赖未通过作品目录、技术鉴定或来源记录确认的汤姆森归属、广州地点、原版性及历史重要性，需全面复核。,否,缺广州街道或建筑的具体识别、拍摄日期及汤姆森作品目录编号,PEM登录记录与约翰·汤姆森作品目录能否确认该广州街景的具体地点、底片编号、拍摄日期和原版状态？,缺广州街道或建筑的具体识别、拍摄日期及汤姆森作品目录编号；缺纸基、尺寸、装裱、题记及是否为同时期原版蛋白照片的鉴定；缺该影像在汤姆森创作生涯中的位置及同版照片存世数量；缺provenance、入藏经过及PEM对其中国摄影收藏地位的说明,basic_identification=partial date_period=partial maker_culture=partial historical_significance=partial artistic_significance=none rarity_uniqueness=none institutional_identity=partial category_representativeness=partial cultural_educational=partial provenance_acquisition=none visual_experiential=none relational_spatial=na
76,Salem sampler needlework girl’s schoolwork,塞勒姆少女刺绣样本,B,6.852,33.9,low,C–A,4.96,是,当前B级所依据的“工艺更精、保存更完整”没有图像或比较记录，确认题记和学校来源后可能跨Tier。,,缺刺绣题记所载姓名、日期、学校、地点及完整释文,该刺绣样本上的姓名、日期和文字能否在PEM登录簿及塞勒姆女校档案中对应到具体学生、教师与学校？,缺刺绣题记所载姓名、日期、学校、地点及完整释文；缺针法、底布、丝线、尺寸、保存状况及正反面图像；缺与已出版塞勒姆女校刺绣样本的图案、工艺和稀缺性比较；缺原所有家庭、学校关联、捐赠者及PEM入藏经过,basic_identification=partial date_period=partial maker_culture=partial historical_significance=partial artistic_significance=partial rarity_uniqueness=none institutional_identity=partial category_representativeness=partial cultural_educational=partial provenance_acquisition=none visual_experiential=none relational_spatial=na
77,Hawaiian wooden surfboard fragment,夏威夷古冲浪板残件,A,7.500,40.6,low,C–S,5.94,是,当前A级主要依赖未经外部来源验证的年代、功能鉴定、稀有性及馆内唯一性主张；需补充馆方记录、尺寸与材质、断代鉴定、来源史及同类存世比较后复核。,否,缺木种、尺寸、板形、加工痕迹及科学或类型学断代资料,PEM登录及保护记录能否通过木种、工具痕迹和科学断代确认该残件为早期夏威夷冲浪板，并与毕晓普博物馆同类藏品对年？,缺木种、尺寸、板形、加工痕迹及科学或类型学断代资料；缺其作为冲浪板而非其他木器残件的鉴定与真实性论证；缺夏威夷原始收藏背景、历次所有权、捐赠者及入藏日期；缺与其他博物馆早期夏威夷冲浪板的存世数量和年代比较；缺PEM确认其为本馆唯一或代表性冲浪文化实物的说明,basic_identification=partial date_period=partial maker_culture=partial historical_significance=partial artistic_significance=none rarity_uniqueness=partial institutional_identity=partial category_representativeness=partial cultural_educational=partial provenance_acquisition=none visual_experiential=partial relational_spatial=na
78,Samoan fine woven ceremonial mat,萨摩亚仪式编织席,B,6.985,40.1,low,C–S,5.99,是,当前B级建立在“高阶”“核心礼物交换物”和“组内唯一明确仪式等级”等无来源说法上，新证据可能导致跨Tier。,,缺证明其“高阶仪式赠礼席”身份的图案、质地或文化权威说明,PEM记录及萨摩亚编织研究能否确认这件席的萨摩亚原名、仪式等级、年代，并识别其原赠礼事件与参与者？,缺萨摩亚原名、具体席类、制作年代、植物材料、织法及尺寸；缺证明其“高阶仪式赠礼席”身份的图案、质地或文化权威说明；缺原赠礼仪式、赠与者、受赠者、历次所有权及入藏记录；缺同类仪式席存世数量、等级比较及PEM馆藏地位说明,basic_identification=partial date_period=none maker_culture=partial historical_significance=partial artistic_significance=partial rarity_uniqueness=partial institutional_identity=partial category_representativeness=partial cultural_educational=partial provenance_acquisition=none visual_experiential=none relational_spatial=na
79,Joseon dynasty brass temple bell fragment,朝鲜王朝铜钟残件,B,6.680,37.0,low,C–A,4.73,是,当前B级依赖未经确认的晚朝鲜断代和佛寺来源；题铭、原钟复原或来源记录可能显著改变判断。,,缺残件题铭、纹饰释读及朝鲜后期断代依据,PEM登录与保护记录中的题铭、纹饰和合金数据能否确定该残件的年代、原属钟体部位及具体寺院？,缺残件题铭、纹饰释读、尺寸、合金检测及铸造技术记录；缺朝鲜后期断代依据及其原属钟体部位的复原研究；缺具体寺院、移出背景、历次所有权及PEM入藏记录；缺与完整朝鲜佛钟及其他钟残件的稀缺性和质量比较,basic_identification=partial date_period=partial maker_culture=partial historical_significance=partial artistic_significance=partial rarity_uniqueness=none institutional_identity=partial category_representativeness=partial cultural_educational=partial provenance_acquisition=none visual_experiential=partial relational_spatial=na
80,American folk carved weather‑vane figure,美国民间雕刻风向标人像,B,6.775,35.4,low,C–A,4.84,是,当前B级依赖“新英格兰代表器型”“组内体量最大且最完整”等无比较资料的判断，原建筑来源或作者资料可能导致跨Tier。,,缺其原安装建筑、地点、使用时期及拆离背景,PEM登录簿能否确认该风向标原安装于哪座建筑、何时制作和拆离，并记录其制作者、捐赠者与修复情况？,缺制作年代、木种、颜料层、构造方式、尺寸及制作者鉴定；缺其原安装建筑、地点、使用时期及拆离背景；缺历次所有权、捐赠者、入藏日期和修复记录；缺与新英格兰人物风向标的存世实例及艺术质量比较；缺PEM馆内美国民间木雕的完整对照清单,basic_identification=partial date_period=none maker_culture=partial historical_significance=partial artistic_significance=partial rarity_uniqueness=none institutional_identity=partial category_representativeness=partial cultural_educational=partial provenance_acquisition=none visual_experiential=partial relational_spatial=na
81,"Fitz Henry Lane, Small Coastal Sketch",菲茨·亨利·莱恩：海岸小稿,B,6.190,24.5,low,C–A,5.66,是,当前B级以“次要习作”和“与同组作品直接重复”为基础，但两项均无作品目录或构图比较支持。,,缺作品目录确认其身份及与大型海景的准备稿关系,Fitz Henry Lane作品目录与PEM登录记录是否收录此稿，并确认它对应哪件大型海景、创作日期及展览来源？,缺莱恩作品目录对准确题名、年代、材质、尺寸及真伪的记录；缺其作为某件大型海景准备稿的对应作品及构图关系证据；缺历次所有权、展览史、捐赠者及PEM入藏记录；缺该稿在莱恩创作生涯中的位置及与PEM其他莱恩作品的比较,basic_identification=partial date_period=none maker_culture=partial historical_significance=none artistic_significance=partial rarity_uniqueness=none institutional_identity=partial category_representativeness=partial cultural_educational=partial provenance_acquisition=none visual_experiential=none relational_spatial=na
82,"Robert Feke, Portrait of Gentleman",罗伯特·费克：绅士肖像,B,6.370,24.5,low,C–A,5.66,是,当前B级依赖“次要作品”“非顶级作”和“馆内重复”等未引证评价；人物身份或目录确认可能改变Tier。,,缺画中人身份及作品目录对作者、年代与真伪的确认,费克作品目录和PEM登录簿能否确认这位绅士的身份、作品年代、委托来源，并说明它与馆内另一件费克肖像的差异？,缺画中人姓名、创作年代、准确题名、尺寸及题记资料；缺费克作品目录或技术检测对作者归属与真伪的确认；缺历次所有权、委托背景、捐赠者及PEM入藏记录；缺该画在费克肖像中的质量位置及与PEM另一件费克的比较,basic_identification=partial date_period=none maker_culture=partial historical_significance=none artistic_significance=partial rarity_uniqueness=none institutional_identity=partial category_representativeness=partial cultural_educational=partial provenance_acquisition=none visual_experiential=none relational_spatial=na
83,"John Singleton Copley, Portrait Miniature",科普利：微型肖像,B,6.510,27.6,low,C–A,5.43,是,当前B级依据“绘制精良”和“格式互补”等无图像、无目录评价；画中人、归属或稀缺性资料可能导致跨Tier。,,缺画中人身份及科普利作品目录对归属、年代的确认,科普利作品目录与PEM登录簿能否确认这件微型肖像的画中人、年代、原装框、委托来源及其在科普利微型画中的稀缺程度？,缺画中人身份、创作年代、准确尺寸、题记及原装框信息；缺科普利作品目录或技术检测对作者归属和象牙载体的确认；缺该作在科普利微型肖像中的数量、质量和稀缺性比较；缺委托背景、历次所有权、捐赠者及PEM入藏记录；缺高清图像、保存状况及与馆内科普利大幅肖像的比较,basic_identification=partial date_period=none maker_culture=partial historical_significance=none artistic_significance=partial rarity_uniqueness=none institutional_identity=partial category_representativeness=partial cultural_educational=partial provenance_acquisition=none visual_experiential=partial relational_spatial=na
84,"Childe Hassam, Flower Garden Study",柴尔德·哈萨姆：花园花卉习作,B,6.445,27.6,low,C–A,5.43,是,当前B级依赖“次于海岸代表作”和“与馆内另一件直接重复”等无学术比较的判断，目录确认后可能跨Tier。,,缺哈萨姆作品目录确认作品身份、年代及其是否为习作,哈萨姆作品目录与PEM登录记录是否收录这幅花园画，并确认其年代、是否为习作、对应完成作及展览来源？,缺哈萨姆作品目录对准确题名、年代、尺寸、材质及真伪的确认；缺证明其为习作及其对应完成作品的构图或档案资料；缺历次所有权、展览史、捐赠者及PEM入藏记录；缺该画在哈萨姆花园题材中的位置及与其海岸作品的学术比较；缺高清图像、保存状况及与PEM另一件哈萨姆作品的比较,basic_identification=partial date_period=none maker_culture=partial historical_significance=none artistic_significance=partial rarity_uniqueness=none institutional_identity=partial category_representativeness=partial cultural_educational=partial provenance_acquisition=none visual_experiential=partial relational_spatial=na
85,"Martin Johnson Heade, Small Bird‑and‑Blossom Study",马丁·约翰逊·希德：花鸟小幅习作,B,6.080,27.6,low,C–A,5.43,是,当前B级主要依赖未核实简介及组内重复判断；作品身份、创作位置和馆藏比较核实后可能导致跨级。,,缺作品总录或学术研究对其在希德创作生涯中位置及习作性质的认定。,PEM登记档案与希德作品总录如何著录此作，它是否与某件成熟花鸟画存在准备性关系，并在PEM希德藏品中处于何种位置？,缺PEM登录档案所载正式题名、年代、材质载体、尺寸、署名及对象图像。；缺作品总录或学术研究对其在希德创作生涯中位置及习作性质的认定。；缺同类花鸟习作的存世数量，以及与PEM其他希德作品的经核实比较。；缺可靠的历次收藏、入藏、展览与出版记录。；缺PEM官方对该作在美国艺术收藏中地位的说明。,basic_identification=partial date_period=none maker_culture=partial historical_significance=none artistic_significance=partial rarity_uniqueness=none institutional_identity=partial category_representativeness=partial cultural_educational=partial provenance_acquisition=none visual_experiential=partial relational_spatial=na
86,"Fidelia Bridges, Floral Watercolor",菲德莉娅·布里奇斯：花卉水彩,B,5.855,37.0,low,C–A,4.73,是,当前B级及“纸本次要作”的判断缺少对象记录和学术比较，核实作品身份及与油画的关系后可能跨级。,,缺学术资料说明该作在布里奇斯水彩创作及其职业生涯中的位置。,PEM登记档案和布里奇斯研究文献如何著录这件花卉水彩，它与馆内所称油画在年代、题材及创作地位上是否确属重复？,缺PEM登录记录中的正式题名、创作年代、具体植物题材、尺寸、纸张和签名信息。；缺学术资料说明该作在布里奇斯水彩创作及其职业生涯中的位置。；缺与所称馆内布里奇斯油画的对象级比较，包括年代、题材、质量和展陈地位。；缺纸本作品的状况、轮展要求及高分辨率图像。；缺可靠的来源、入藏、展览与出版记录。,basic_identification=partial date_period=partial maker_culture=partial historical_significance=partial artistic_significance=partial rarity_uniqueness=none institutional_identity=partial category_representativeness=partial cultural_educational=partial provenance_acquisition=none visual_experiential=partial relational_spatial=na
87,"J.O.J. Frost, Fisherman’s Cottage Scene",J.O.J.弗罗斯特：渔夫小屋,B,6.460,35.4,low,C–A,4.84,是,当前B级依赖未核实的塞勒姆题材与“重复次要一件”判断；地方史价值和同类稀缺性核实后可能跨级。,,缺PEM对象记录确认画中地点、人物、事件、创作年代及正式题名。,PEM登记档案与塞勒姆地方史资料能否确认《渔夫小屋》所绘地点、年代和事件，并证明它在弗罗斯特同类记忆画中是否具有独特史料价值？,缺PEM对象记录确认画中地点、人物、事件、创作年代及正式题名。；缺弗罗斯特作品研究说明此作是否基于亲历记忆，以及其史料准确性。；缺该画家同类塞勒姆场景的存世数量与稀缺性资料。；缺与所称馆内港口画的对象级比较及PEM对二者馆藏地位的说明。；缺可靠的来源、入藏、展览与地方史使用记录。,basic_identification=partial date_period=none maker_culture=partial historical_significance=partial artistic_significance=partial rarity_uniqueness=none institutional_identity=partial category_representativeness=partial cultural_educational=partial provenance_acquisition=none visual_experiential=partial relational_spatial=na
88,"Winslow Homer, Figure Sketch",温斯洛·霍默：人物速写,B,5.660,27.6,low,C–A,5.43,是,当前B级建立在未经证实的“准备稿”和组内次要性判断上；若识别出关联成作或人物，可能导致跨级。,,缺作品总录或技术研究确认其是否为某件已完成作品的准备稿。,霍默作品总录与PEM登记档案能否识别这幅人物炭笔稿的年代和人物，并将其可靠地对应到某件已完成作品？,缺PEM登录记录中的正式题名、人物身份、年代、尺寸、纸张、铭文及图像。；缺作品总录或技术研究确认其是否为某件已完成作品的准备稿。；缺可靠的霍默作者归属与炭笔技法鉴定依据。；缺与PEM其他霍默纸本作品的质量、题材和馆藏地位比较。；缺来源、入藏、展览及出版记录。,basic_identification=partial date_period=none maker_culture=partial historical_significance=none artistic_significance=partial rarity_uniqueness=none institutional_identity=partial category_representativeness=partial cultural_educational=partial provenance_acquisition=none visual_experiential=partial relational_spatial=na
89,"John Trumbull, Portrait Study",约翰·特朗布尔：人物肖像草稿,B,6.030,35.4,low,C–S,6.46,是,人物及关联构图未识别，现有资料既无法支撑B级，也无法排除其与重要历史作品直接相关，存在明显跨级可能。,,缺特朗布尔作品总录确认该草稿与哪件独立战争构图或肖像有关。,特朗布尔作品总录和PEM登记档案能否确认画中人物，并证明该油画草稿与哪一件独立战争历史构图或正式肖像直接相关？,缺PEM登录记录确认画中人物、正式题名、年代、尺寸、铭文和图像。；缺特朗布尔作品总录确认该草稿与哪件独立战争构图或肖像有关。；缺作者归属、创作阶段及草稿功能的技术或学术论证。；缺与被画人物、委托或早期所有者有关的来源记录。；缺PEM对该作历史艺术地位及与馆内其他特朗布尔草稿的比较。,basic_identification=partial date_period=none maker_culture=partial historical_significance=partial artistic_significance=partial rarity_uniqueness=none institutional_identity=partial category_representativeness=partial cultural_educational=partial provenance_acquisition=none visual_experiential=partial relational_spatial=na
90,"Georgia O’Keeffe, Leaf Study",乔治亚·欧姬芙：叶片习作,B,6.205,27.6,low,C–S,7.24,是,当前B级主要依据“小尺幅次要习作”的未引证描述；对象总录身份和系列位置未知，存在明显跨级可能。,,缺欧姬芙作品总录确认对象身份及其与叶片、花卉或有机形态系列的关系。,欧姬芙作品总录与PEM登记档案如何著录《叶片习作》，它在叶片或有机形态系列中的年代、版本关系和创作地位是什么？,缺PEM登录档案中的正式题名、年代、尺寸、媒材、署名、图像及登录号。；缺欧姬芙作品总录确认对象身份及其与叶片、花卉或有机形态系列的关系。；缺学术研究说明该作在欧姬芙创作发展中的年代位置和艺术重要性。；缺同类叶片作品的数量、稀缺性及市场外的学术比较资料。；缺可靠的来源、入藏、展览、出版记录及PEM官方馆藏定位。,basic_identification=partial date_period=none maker_culture=partial historical_significance=none artistic_significance=partial rarity_uniqueness=none institutional_identity=partial category_representativeness=partial cultural_educational=partial provenance_acquisition=none visual_experiential=partial relational_spatial=na
91,"Samuel McIntire, Door‑frame carving fragment",塞缪尔·麦金太尔：门框木雕残件,B,6.125,35.5,low,C–A,4.84,是,当前B级以未核实的作者归属和组内重复判断为基础；若确认原建筑位置或作者层级，可能导致跨级。,,缺该残件原属建筑、房间、门框位置及拆离经过的档案记录。,PEM建筑档案和加德纳-平格里宅修复报告能否确认该门框残件的原属建筑、房间与安装位置，并说明其归于麦金太尔本人还是作坊？,缺该残件原属建筑、房间、门框位置及拆离经过的档案记录。；缺归于塞缪尔·麦金太尔本人或其作坊的风格、工具痕迹或文献依据。；缺正式年代、木材、尺寸、表面处理、残损状况及修复记录。；缺与其他存世麦金太尔门框构件的数量、完整度和稀缺性比较。；缺PEM说明其与加德纳-平格里宅现有空间及建筑叙事的关系。,basic_identification=partial date_period=partial maker_culture=partial historical_significance=partial artistic_significance=partial rarity_uniqueness=none institutional_identity=partial category_representativeness=partial cultural_educational=partial provenance_acquisition=none visual_experiential=partial relational_spatial=none
92,"Samuel McIntire, urn‑motif decorative trim",麦金太尔：瓮纹装饰木饰条,B,5.515,35.5,low,C–A,4.84,是,当前B级及“最易替代”判断均缺乏原建筑、作者和同类比较资料；新档案可能改变其建筑关联和层级判断。,,缺该饰条原属建筑、房间、安装位置及与相邻构件组合方式的记录。,PEM建筑档案能否确定瓮纹饰条最初属于哪座建筑和哪个室内组合，并以技术或文献证据支持麦金太尔归属？,缺该饰条原属建筑、房间、安装位置及与相邻构件组合方式的记录。；缺麦金太尔作者归属及联邦时期年代判断的文献或技术依据。；缺尺寸、木材、雕刻或模制工艺、表面处理、状态和修复图像。；缺瓮纹饰条属于标准化产品还是特定建筑定制构件的比较研究。；缺可靠的拆离、流传、入藏记录及PEM对其宅邸叙事作用的说明。,basic_identification=partial date_period=partial maker_culture=partial historical_significance=partial artistic_significance=partial rarity_uniqueness=none institutional_identity=partial category_representativeness=partial cultural_educational=partial provenance_acquisition=none visual_experiential=partial relational_spatial=none
93,"Paul Revere, Silver Teaspoon Set",保罗·里维尔：银茶匙成套,B,6.367,35.4,low,C–A,4.84,是,当前B级依赖未经核实的署款和“小件重复”判断；作者鉴定、完整性、稀缺性或重要来源均可能导致跨级。,,缺署款或银匠标记的清晰图像、释读及保罗·里维尔归属鉴定。,PEM登记档案中的标记照片和里维尔银器参考资料能否确认茶匙的作者、年代、套件数量，并说明同式成套作品的存世情况？,缺署款或银匠标记的清晰图像、释读及保罗·里维尔归属鉴定。；缺制作年代、套件数量与完整性、尺寸、重量、纹饰和状态资料。；缺原委托者、早期所有者及PEM入藏经过等可靠来源记录。；缺里维尔茶匙存世数量、同式套件稀缺性及权威器物比较。；缺PEM对该套茶匙与馆内其他里维尔银器之地位比较。,basic_identification=partial date_period=none maker_culture=partial historical_significance=partial artistic_significance=partial rarity_uniqueness=none institutional_identity=partial category_representativeness=partial cultural_educational=partial provenance_acquisition=none visual_experiential=partial relational_spatial=na
94,"Paul Revere, Silver Salt Cellar",保罗·里维尔：银盐罐,B,6.340,35.4,low,C–A,4.84,是,当前B级依赖未经核实的署款与“小件重复”判断；配对状态、器形稀缺性或重要来源可能导致跨级。,,缺署款或银匠标记图像、释读及保罗·里维尔作者归属鉴定。,PEM登记档案和里维尔银器参考资料能否凭标记确认该盐罐的作者与年代，并查明它是否原为一对及同类器存世多少？,缺署款或银匠标记图像、释读及保罗·里维尔作者归属鉴定。；缺制作年代、尺寸、重量、器形、纹饰、状态及是否原为成对器的资料。；缺原委托者、早期所有者和PEM入藏经过等可靠来源记录。；缺里维尔盐罐的存世数量、器形稀缺性和权威同类比较。；缺与PEM茶匙及其他里维尔银器的对象级比较和馆方定位。,basic_identification=partial date_period=none maker_culture=partial historical_significance=partial artistic_significance=partial rarity_uniqueness=none institutional_identity=partial category_representativeness=partial cultural_educational=partial provenance_acquisition=none visual_experiential=partial relational_spatial=na
95,Salem Federal‑era mahogany card table,塞勒姆联邦时代桃花心木牌桌,B,6.092,37.0,low,C–A,4.73,是,当前B级依赖未核实的塞勒姆产地和“器型常见”判断；作坊归属、地方来源及稀缺性可能导致跨级。,,缺基于结构、装饰和文献的塞勒姆制作归属、具体年代及作坊或匠师判断。,PEM登记档案与塞勒姆家具研究能否通过结构、五金和装饰确认该牌桌的年代、作坊及本地来源，并量化同类存世数量？,缺基于结构、装饰和文献的塞勒姆制作归属、具体年代及作坊或匠师判断。；缺木材鉴定、尺寸、折叠机构、五金、表面处理、状态及修复记录。；缺原委托者、塞勒姆家庭流传史及PEM入藏经过。；缺塞勒姆联邦时期牌桌的存世数量、器型常见度及权威比较。；缺PEM对该牌桌与馆内餐边柜及其他本地家具之馆藏地位比较。,basic_identification=partial date_period=partial maker_culture=partial historical_significance=partial artistic_significance=partial rarity_uniqueness=none institutional_identity=partial category_representativeness=partial cultural_educational=partial provenance_acquisition=none visual_experiential=partial relational_spatial=na
96,Chippendale candle‑stand,齐本德尔式烛台,B,5.850,37.0,low,C–A,4.73,是,当前B级及其低于高斗柜的判断缺少年代、产地、作坊和实物比较依据；新鉴定可能导致跨级。,,缺基于结构、木材、五金与雕刻的制作年代、具体产地及作坊归属。,PEM登记档案与新英格兰家具研究能否依据木材、结构、五金和雕刻确定该烛台的年代、产地与作坊，并与馆内高斗柜作对象级比较？,缺基于结构、木材、五金与雕刻的制作年代、具体产地及作坊归属。；缺尺寸、木材、支柱与足部结构、表面处理、状态及修复资料。；缺早期所有者、原使用环境及PEM入藏经过等来源记录。；缺新英格兰齐本德尔式烛台的存世数量、工艺等级和器型稀缺性比较。；缺与PEM所藏高斗柜及其他齐本德尔式家具的对象级比较。,basic_identification=partial date_period=partial maker_culture=partial historical_significance=partial artistic_significance=partial rarity_uniqueness=none institutional_identity=partial category_representativeness=partial cultural_educational=partial provenance_acquisition=none visual_experiential=partial relational_spatial=na
97,Paint‑decorated blanket chest,彩绘储物箱,B,6.254,40.1,low,C–A,4.49,是,当前B级主要依赖无来源简介中的“常见形制”及组内推断，缺少断代、来源和比较材料，补证可能导致跨级。,,缺可核实的PEM对象记录及年代、制作地和入藏信息,PEM登记卡及美国装饰艺术图录如何记录这件彩绘储物箱的编号、年代、制作地、来源与同类地位？,缺PEM登记卡或图录中的藏品编号、年代、制作地与尺寸；缺彩绘纹样、结构、材质与保存状态的清晰图像及专家分析；缺同类新英格兰彩绘储物箱的存世量和馆藏比较；缺可靠的旧藏、捐赠者与入藏日期记录；缺PEM将本件用于代表美国乡土家具的展览或出版记录,basic_identification=partial date_period=none maker_culture=partial historical_significance=partial artistic_significance=partial rarity_uniqueness=partial institutional_identity=partial category_representativeness=partial cultural_educational=partial provenance_acquisition=none visual_experiential=none relational_spatial=na
98,"Samuel Maloof, small side stool",萨姆·马卢夫：小型边凳,B,5.915,40.1,low,C–A,4.49,是,当前B级及“弱于摇椅”的判断没有作品目录或馆方比较支撑，年代、型号和来源补证可能改变其层级位置。,,缺该边凳在马卢夫作品目录与创作生涯中的位置,PEM登记卡和马卢夫作品目录如何记录这件小型边凳的年代、型号、签名、委托来源，以及它是否为原型或常规工作室产品？,缺PEM登记记录中的年代、尺寸、材质、签名或工作室标记；缺该边凳在马卢夫作品目录及创作生涯中的位置；缺其为原型、委托作品或常规工作室产品的证据；缺委托人、旧藏、捐赠者及入藏日期记录；缺展示榫接、表面处理与保存状态的清晰图像；缺PEM将其与馆内马卢夫摇椅比较的策展或出版依据,basic_identification=partial date_period=none maker_culture=partial historical_significance=partial artistic_significance=partial rarity_uniqueness=partial institutional_identity=partial category_representativeness=partial cultural_educational=partial provenance_acquisition=none visual_experiential=none relational_spatial=na
99,Tiffany favrile glass tumbler,蒂凡尼法夫赖尔玻璃杯,B,6.335,40.1,low,C–A,4.49,是,当前B级依赖题名中的蒂凡尼归属及无来源的历史代表性判断，缺少厂标、型号和作品目录验证，补证可能导致跨级。,,缺可核实的蒂凡尼归属、年代、型号与厂标记录,PEM登记卡及蒂凡尼法夫赖尔产品目录如何记录这件玻璃杯的厂标、型号、年代、产量和旧藏来源？,缺PEM登记记录对蒂凡尼归属、年代、型号及厂标的确认；缺该玻璃杯在蒂凡尼法夫赖尔产品目录中的位置；缺同型号或同类玻璃杯的存世数量与馆藏比较；缺旧藏、捐赠者、购买渠道及入藏日期记录；缺显示虹彩、器形、底款与保存状态的清晰图像；缺PEM是否将本件作为美国艺术玻璃代表作展出的记录,basic_identification=partial date_period=none maker_culture=partial historical_significance=partial artistic_significance=partial rarity_uniqueness=partial institutional_identity=partial category_representativeness=partial cultural_educational=partial provenance_acquisition=none visual_experiential=none relational_spatial=na
100,American brass and iron andiron pair,美式黄铜铁制壁炉柴架成对,C,5.382,41.7,low,C–B,2.38,是,当前C级所依赖的功能性、装饰性与低稀缺性判断均无图录比较；若制造者、原始住宅或来源具有特殊性，现有结论可能跨级。,,缺准确断代、制造者及同类柴架的比较研究,PEM登记卡和联邦时期金工图录如何记录这对柴架的年代、制造者、标记、原始住宅来源及同类存世情况？,缺PEM登记记录中的准确年代、制造者、尺寸、标记与材质说明；缺成对完整性、修复情况及黄铜铁工艺的清晰图像；缺联邦时期同类壁炉柴架的产量、存世量及馆藏比较；缺原始住宅、旧藏、捐赠者及入藏日期记录；缺PEM对本件家居史或金工价值的策展说明,basic_identification=partial date_period=partial maker_culture=partial historical_significance=partial artistic_significance=partial rarity_uniqueness=partial institutional_identity=partial category_representativeness=partial cultural_educational=partial provenance_acquisition=none visual_experiential=none relational_spatial=na
101,"Salem girl’s needlework sampler, 1792",1792塞勒姆少女刺绣样本,B,6.205,41.7,low,C–A,4.38,是,当前B级的地方性和教育价值主要由题名与无来源简介推导；若刺绣者、学校或铭文得到确认，可能显著改变现有判断。,,缺刺绣者身份、完整铭文及其塞勒姆教育背景,PEM登记卡、铭文释读和塞勒姆家谱或学校档案能否确认这件1792年样本的刺绣者、学校、家庭背景与入藏来源？,缺PEM登记记录中的刺绣者姓名、完整铭文、尺寸、材质与制作地点；缺对1792年日期及塞勒姆归属的权威核验；缺刺绣者家庭、学校及塞勒姆女性教育背景研究；缺家族传承、捐赠者与入藏日期记录；缺与PEM另一件塞勒姆样本及其他馆藏的逐项比较；缺可供释读诗文、针法和保存状态的高清图像,basic_identification=partial date_period=partial maker_culture=partial historical_significance=partial artistic_significance=partial rarity_uniqueness=partial institutional_identity=partial category_representativeness=partial cultural_educational=partial provenance_acquisition=none visual_experiential=none relational_spatial=na
102,Folk carved wooden eagle finial,民间木雕鹰顶饰,B,5.577,40.1,low,C–A,4.49,是,当前B级依赖“常见母题”和小件定位，但原始功能、年代、来源及存世比较均缺，既有描述可能造成低估或高估。,,缺该顶饰的年代、原始安装环境与可靠来源,PEM登记卡和新英格兰民间木雕图录能否确认这件鹰顶饰的年代、制作者、原始安装对象、旧藏及同类存世数量？,缺PEM登记记录中的年代、制作者、尺寸、木材与彩绘材料；缺该顶饰原装于何种建筑、家具或器物的证据；缺旧藏、拆卸经过、捐赠者及入藏日期记录；缺同类新英格兰木雕鹰顶饰的存世量与馆藏比较；缺显示雕刻、残留彩绘、安装痕迹与状态的清晰图像；缺PEM对鹰母题及其原始功能的策展释文,basic_identification=partial date_period=none maker_culture=partial historical_significance=partial artistic_significance=partial rarity_uniqueness=partial institutional_identity=partial category_representativeness=partial cultural_educational=partial provenance_acquisition=none visual_experiential=none relational_spatial=na
103,Chinese Canton export rose medallion plate,广彩徽章纹外销盘,B,6.547,40.1,low,C–A,4.49,是,当前B级所依赖的“标准美国市场纹样”和量产层定位均无图录来源；年代、订购背景或稀缺性补证可能导致跨级。,,缺纹样、年代及最初订购背景的可靠鉴定,PEM外销瓷图录和登记档案如何记录这件广彩徽章纹盘的年代、作坊、纹样类型、最初订购者及馆内同类比较？,缺PEM登记记录中的年代、窑场或作坊、尺寸、底款与纹样说明；缺“美国市场标准纹样”判断所依据的外销瓷图录；缺最初订购者、海外使用者、旧藏与入藏日期记录；缺同类广彩徽章纹盘的存世量和主要馆藏比较；缺展示纹样细节、胎釉、底款与保存状态的高清图像；缺PEM对本件在其中国外销瓷收藏中地位的说明,basic_identification=partial date_period=none maker_culture=partial historical_significance=partial artistic_significance=partial rarity_uniqueness=partial institutional_identity=partial category_representativeness=partial cultural_educational=partial provenance_acquisition=none visual_experiential=none relational_spatial=na
104,Chinese Canton export porcelain teacup saucer group,广彩茶杯杯托组,B,6.190,40.1,low,C–A,4.49,是,当前B级及“重复度最高”的判断未获组件清单或同类比较支持；若整组原配完整或来源特殊，可能改变现有层级判断。,,缺组件数量、原配关系与整组完整性记录,PEM登记卡和外销瓷图录能否确认这组广彩茶杯杯托的组件数量、原配关系、年代、作坊、来源及完整同类组的存世情况？,缺PEM登记记录中的杯托数量、尺寸、年代、作坊与底款；缺确认各组件是否原配及整组是否完整的证据；缺纹样、胎釉、使用痕迹与保存状态的整组高清图像；缺最初订购者、旧藏、捐赠者与入藏日期记录；缺完整广彩茶杯杯托组的存世量与馆藏比较；缺PEM对本组在其外销瓷收藏中地位的说明,basic_identification=partial date_period=none maker_culture=partial historical_significance=partial artistic_significance=partial rarity_uniqueness=partial institutional_identity=partial category_representativeness=partial cultural_educational=partial provenance_acquisition=none visual_experiential=none relational_spatial=na
105,"Chinese export silver spoon set, Forbes collection",福布斯藏中国外销银勺套件,B,6.510,45.3,low,C–A,4.10,是,当前B级较大程度依赖未经核实的福布斯来源及“馆内仅此一件”判断；来源链、标记或完整性补证可能导致跨级。,,缺可核实的福布斯旧藏链及PEM入藏记录,PEM入藏档案中的“福布斯收藏”具体指谁，这套银勺如何进入PEM，其银匠标记、年代、组件数量与完整性如何记录？,缺明确“福布斯收藏”所指收藏家及其收藏档案；缺从福布斯收藏到PEM的连续来源与入藏记录；缺银匠标记、广州作坊、年代、数量、尺寸与成套完整性资料；缺展示标记、錾刻、磨损及修复情况的高清图像；缺中国外销银勺套件的存世量与主要馆藏比较；缺PEM对本件在福布斯中国贸易藏品中地位的说明,basic_identification=partial date_period=none maker_culture=partial historical_significance=partial artistic_significance=partial rarity_uniqueness=partial institutional_identity=partial category_representativeness=partial cultural_educational=partial provenance_acquisition=partial visual_experiential=none relational_spatial=na
106,Chinese export lacquer sewing box,中国外销漆木针线盒,B,6.182,40.1,low,C–A,4.49,是,当前B级和“次于游戏桌”的定位缺少实物完整性与同类比较支撑；若原配完整、工艺特殊或来源明确，可能改变层级判断。,,缺年代、作坊及内部配件完整性的可靠记录,PEM登记卡和中国外销漆器图录如何记录这件针线盒的年代、作坊、原有配件、订购者、来源及与同类完整针线盒的比较？,缺PEM登记记录中的年代、作坊、尺寸、木胎与漆饰工艺；缺内部托盘、工具和配件是否原存及完整的记录；缺证明其面向西方女性订制及具体使用方式的资料；缺最初订购者、旧藏、捐赠者与入藏日期记录；缺展示外部漆饰、内构、金属件与保存状态的高清图像；缺与PEM游戏桌及其他外销针线盒的同类比较,basic_identification=partial date_period=none maker_culture=partial historical_significance=partial artistic_significance=partial rarity_uniqueness=partial institutional_identity=partial category_representativeness=partial cultural_educational=partial provenance_acquisition=none visual_experiential=none relational_spatial=na
107,Chinese export gouache insect‑and‑flower album leaf,外销水粉花鸟册页,B,6.155,40.1,low,C–A,4.49,是,当前B级及其低于百工图的定位忽略了未知的原册关系和来源；若能复原成套背景或确认作坊，可能导致跨级。,,缺原册关系、叶次及拆散来源的可靠记录,PEM登记卡及外销画图录能否确认这件虫花册页原属哪一册、位于第几叶、何时拆散，以及其年代、作坊和旧藏来源？,缺PEM登记记录中的年代、作坊、尺寸、颜料、题识与印记；缺该册页所属原册、叶次及其他册页去向的资料；缺原订购者、旧藏、拆册经过与入藏日期记录；缺可分析构图、笔法、颜料与保存状态的高清图像；缺同类虫花外销水粉册页的存世量与馆藏比较；缺PEM将本件与百工图组画比较的策展依据,basic_identification=partial date_period=none maker_culture=partial historical_significance=partial artistic_significance=partial rarity_uniqueness=partial institutional_identity=partial category_representativeness=partial cultural_educational=partial provenance_acquisition=none visual_experiential=none relational_spatial=na
108,Chinese reverse glass portrait of merchant’s wife,外销玻璃背画商人夫人像,B,6.155,40.1,low,C–A,4.49,是,当前B级建立在未经核实的身份和“标准质量”描述上；若人物、委托关系或配对肖像得到确认，可能显著改变现有判断。,,缺画中人物身份、原委托关系及可靠来源,PEM登记卡、旧藏档案和商贸家族肖像资料能否确认这位商人夫人的姓名、配偶、原委托人、配对肖像及入藏来源？,缺PEM登记记录中的年代、作坊、尺寸、材质与技法说明；缺确认画中人物为哪位商人之妻及其身份依据；缺原委托人、配对肖像或所属系列的记录；缺旧藏、海外流传、捐赠者与入藏日期记录；缺展示正面画层、背板、框架与保存状态的高清图像；缺同类中国外销玻璃背画肖像的存世量与馆藏比较；缺PEM对本件及其同类作品馆藏地位的说明,basic_identification=partial date_period=none maker_culture=partial historical_significance=partial artistic_significance=partial rarity_uniqueness=partial institutional_identity=partial category_representativeness=partial cultural_educational=partial provenance_acquisition=none visual_experiential=none relational_spatial=na
109,Chinese ivory export figurine of lady,外销象牙仕女摆件,B,5.870,23.4,low,C–A,5.74,是,当前B级缺少权威对象记录与比较证据；定年、来源或稀缺性新资料可能导致跨Tier复核。,,缺可核对的PEM馆藏号及图录所载年代、尺寸和广州归属。,PEM馆藏档案或已出版图录中哪条记录对应此象牙仕女，其馆藏号、年代、尺寸、广州归属和入藏来源为何？,缺可核对的PEM馆藏号及图录所载年代、尺寸和广州归属。；缺广州外销象牙仕女的存世量、质量等级与年代比较。；缺可靠的原始收藏者、捐赠者及入藏日期记录。；缺PEM是否将该件列为亚洲外销艺术代表性藏品的说明。；缺可判断雕刻细节、品相和工艺水平的高清图像。,basic_identification=partial date_period=none maker_culture=partial historical_significance=none artistic_significance=none rarity_uniqueness=none institutional_identity=partial category_representativeness=partial cultural_educational=partial provenance_acquisition=none visual_experiential=partial relational_spatial=na
110,Chinese ivory puzzle ball small size,小型外销象牙套球,B,5.905,23.4,low,C–A,5.74,是,当前B级依赖未核实的“常见”“较小”和“重复”判断，缺少实物参数及同馆比较，存在跨Tier复核可能。,,缺PEM馆藏号、年代、产地、直径及实际雕刻层数。,PEM馆藏档案或图录能否以馆藏号确认该小型套球，并记录其年代、直径、层数、广州归属及入藏来源？,缺PEM馆藏号、年代、产地、直径及实际雕刻层数。；缺高清图像与品相记录以判断各层完整性和雕刻复杂度。；缺与PEM所藏较大套球的尺寸、层数、年代和工艺比较。；缺广州外销套球的存世数量及小型实例稀缺性资料。；缺原始收藏者、捐赠者和入藏日期记录。,basic_identification=partial date_period=none maker_culture=partial historical_significance=none artistic_significance=none rarity_uniqueness=none institutional_identity=partial category_representativeness=partial cultural_educational=partial provenance_acquisition=none visual_experiential=partial relational_spatial=na
111,Anglo‑Indian sandalwood casket,英印檀香木首饰盒,B,5.745,23.4,low,C–A,5.74,是,当前B级建立在未核实的产地、材质和组内工艺等级上；准确归属或来源资料可能改变其Tier区间。,,缺PEM馆藏号以及年代、具体制作中心、尺寸和材料鉴定。,PEM馆藏档案或南亚装饰艺术图录如何归属此首饰盒，其年代、制作中心、木材、镶嵌材料、尺寸和来源为何？,缺PEM馆藏号以及年代、具体制作中心、尺寸和材料鉴定。；缺“局部镶嵌”所用材料、工艺及保存状况记录。；缺原始委托者、欧洲目的地及后续入藏链。；缺与维扎加帕塔姆及其他英印首饰盒的质量和稀缺性比较。；缺PEM对该件在亚洲外销木作收藏中地位的说明。,basic_identification=partial date_period=none maker_culture=partial historical_significance=none artistic_significance=none rarity_uniqueness=none institutional_identity=partial category_representativeness=partial cultural_educational=partial provenance_acquisition=none visual_experiential=partial relational_spatial=na
112,Indian Vizagapatam small writing box,印度维扎加帕塔姆嵌象牙小文具盒,B,6.220,23.4,low,C–A,5.74,是,当前B级的重要支点是未经核实的维扎加帕塔姆归属；若归属、年代或比较关系更新，可能需要跨Tier复核。,,缺支持维扎加帕塔姆归属的结构、纹样或图录依据。,PEM档案或英印家具图录是否以结构和纹样确认此盒为维扎加帕塔姆制，并记录其年代、材料、尺寸、客户和入藏来源？,缺PEM馆藏号、准确年代、尺寸、基材与镶嵌材料记录。；缺支持维扎加帕塔姆归属的结构、纹样或图录依据。；缺原始英国客户、具体用途及外销路径的文献证据。；缺与PEM所藏大柜的年代、作坊、工艺和功能比较。；缺可靠的收藏史、捐赠者和入藏日期。,basic_identification=partial date_period=none maker_culture=partial historical_significance=none artistic_significance=none rarity_uniqueness=none institutional_identity=partial category_representativeness=partial cultural_educational=partial provenance_acquisition=none visual_experiential=partial relational_spatial=na
113,Mughal ivory small animal group,莫卧儿象牙小动物群雕,C,5.450,25.0,low,C–A,5.62,是,当前C级可能受“次要”宣传式简介和资料残缺影响；可靠归属、年代或稀缺性资料可能导致跨Tier。,,缺PEM馆藏号及确认莫卧儿归属、具体年代和制作地区的记录。,PEM档案或南亚象牙图录是否确认此动物群雕为莫卧儿作品，其具体年代、地区、题材、尺寸、外销依据和来源为何？,缺PEM馆藏号及确认莫卧儿归属、具体年代和制作地区的记录。；缺动物种类、构图、尺寸、铭文及雕刻细节的完整记录。；缺证明该件专为海外贸易制作的文献或类型学依据。；缺莫卧儿及南亚象牙动物群雕的存世量和质量比较。；缺可靠的收藏史、捐赠者及入藏日期。,basic_identification=partial date_period=partial maker_culture=partial historical_significance=none artistic_significance=none rarity_uniqueness=none institutional_identity=partial category_representativeness=partial cultural_educational=partial provenance_acquisition=none visual_experiential=partial relational_spatial=na
114,Mughal miniature portrait of court attendant,莫卧儿细密画宫廷侍从,B,5.765,25.0,low,C–A,5.62,是,当前B级缺少细密画定级所需的画派、年代、人物与画册语境；新归属可能显著改变其重要性判断。,,缺PEM馆藏号、具体年代、画家或作坊及地区画派归属。,PEM档案或莫卧儿细密画图录如何著录此侍从像，其画家或作坊、年代、人物身份、题记、原画册关系和来源为何？,缺PEM馆藏号、具体年代、画家或作坊及地区画派归属。；缺人物身份、题记、印章及原属画册或手稿的资料。；缺与可定年的莫卧儿宫廷人物册页进行艺术质量比较。；缺颜料、纸张、尺寸、品相及高清正反面图像。；缺收藏史、入藏记录、出版和展览记录。,basic_identification=partial date_period=partial maker_culture=partial historical_significance=none artistic_significance=none rarity_uniqueness=none institutional_identity=partial category_representativeness=partial cultural_educational=partial provenance_acquisition=none visual_experiential=partial relational_spatial=na
115,Rajput landscape miniature,拉杰普特风景细密画,B,5.765,23.4,low,C–A,5.74,是,当前B级由宽泛画派名称和未核实的“次要题材”支撑；具体画派、年代或系列身份可能触发跨Tier复核。,,缺PEM馆藏号、具体拉杰普特地区画派及年代归属。,PEM档案或拉杰普特绘画图录将此风景归入哪个地区画派和年代，其题材、题记、原系列、来源及与馆内狩猎图的关系为何？,缺PEM馆藏号、具体拉杰普特地区画派及年代归属。；缺画面题材、人物、题记及原属系列或手稿的识别。；缺与同画派可定年作品及PEM狩猎图的质量比较。；缺尺寸、颜料、纸张、品相和高清正反面图像。；缺可靠的收藏史、捐赠者、入藏日期及出版记录。,basic_identification=partial date_period=none maker_culture=partial historical_significance=none artistic_significance=none rarity_uniqueness=none institutional_identity=partial category_representativeness=partial cultural_educational=partial provenance_acquisition=none visual_experiential=partial relational_spatial=na
116,Sinhalese carved ivory hair ornament,斯里兰卡象牙发饰,B,5.610,28.6,low,C–A,5.35,是,当前B级部分依赖与PEM身份密切相关的塞勒姆贸易来源，但该来源尚未证实；档案发现可能导致跨Tier。,,缺航海日志、商人档案或入藏簿证明其经塞勒姆贸易取得。,PEM入藏簿、捐赠档案或塞勒姆航海记录能否把此发饰与具体商人、航次和入藏日期对应，并确认其年代与斯里兰卡产地？,缺PEM馆藏号、具体年代、斯里兰卡制作地区及尺寸记录。；缺航海日志、商人档案或入藏簿证明其经塞勒姆贸易取得。；缺原始收藏者、捐赠者、入藏日期及完整所有权链。；缺与斯里兰卡成套象牙梳具及同类发饰的稀缺性比较。；缺高清图像、品相及实际佩戴方式的类型学说明。,basic_identification=partial date_period=none maker_culture=partial historical_significance=none artistic_significance=none rarity_uniqueness=none institutional_identity=partial category_representativeness=partial cultural_educational=partial provenance_acquisition=partial visual_experiential=partial relational_spatial=na
117,Japanese Arita blue‑and‑white small vase,有田烧青花小瓶,B,6.005,23.4,low,C–A,5.74,是,当前B级依赖未核实的“标准器形”和尺寸比较；准确年代、窑口、纹样稀缺性或来源可能触发跨Tier复核。,,缺PEM馆藏号、具体年代、窑口、尺寸、底款和纹样记录。,PEM档案或日本外销瓷图录如何著录此小瓶的年代、窑口、尺寸、底款和纹样，并以何证据认定其为欧洲市场器形？,缺PEM馆藏号、具体年代、窑口、尺寸、底款和纹样记录。；缺证明该器形专为欧洲市场生产的类型学或订单资料。；缺与PEM有田大盘及其他有田小瓶的年代和质量比较。；缺同类器存世数量及该纹样、器形的稀缺性资料。；缺收藏史、捐赠者、入藏日期及高清图像。,basic_identification=partial date_period=none maker_culture=partial historical_significance=none artistic_significance=none rarity_uniqueness=none institutional_identity=partial category_representativeness=partial cultural_educational=partial provenance_acquisition=none visual_experiential=partial relational_spatial=na
118,Japanese Imari covered bowl,伊万里烧盖碗,B,6.320,23.4,low,C–A,5.74,是,当前B级缺乏精确定年、窑口和完整性资料；若盖非原配或纹样罕见，均可能改变现有判断。,,缺PEM馆藏号、具体年代、窑口、尺寸、底款和纹样记录。,PEM档案或伊万里瓷图录将此盖碗定于何时、归于何窑，其纹样、底款、尺寸、原配盖状态和入藏来源为何？,缺PEM馆藏号、具体年代、窑口、尺寸、底款和纹样记录。；缺支持“伊万里”归属的釉彩、胎体和装饰比较依据。；缺确认盖与碗是否原配及其完整性、修复和品相记录。；缺同类外销盖碗的存世量、纹样稀缺性和质量比较。；缺收藏史、捐赠者、入藏日期及PEM馆藏定位。,basic_identification=partial date_period=none maker_culture=partial historical_significance=none artistic_significance=none rarity_uniqueness=none institutional_identity=partial category_representativeness=partial cultural_educational=partial provenance_acquisition=none visual_experiential=partial relational_spatial=na
119,Japanese lacquer export small cabinet drawer unit,日本外销漆木小斗柜,B,6.304,23.4,low,C–A,5.74,是,当前B级的重要依据“南蛮影响”和西式订制均未经核实；精确定年或风格归属可能导致跨Tier复核。,,缺PEM馆藏号、具体年代、作坊、尺寸、木胎和漆饰材料记录。,PEM档案或日本外销漆器图录将此斗柜定于何时、归于何类作坊，并以哪些结构和纹样证据认定其受南蛮风格影响？,缺PEM馆藏号、具体年代、作坊、尺寸、木胎和漆饰材料记录。；缺支持南蛮风格影响的构造、纹样、金属件和图录比较。；缺证明其为西式居室订制品的订单、用途或早期收藏记录。；缺与PEM外销漆写字台和文具盒的年代、功能及质量比较。；缺完整来源链、品相记录及内外部高清图像。,basic_identification=partial date_period=none maker_culture=partial historical_significance=none artistic_significance=none rarity_uniqueness=none institutional_identity=partial category_representativeness=partial cultural_educational=partial provenance_acquisition=none visual_experiential=partial relational_spatial=na
120,Japanese export lacquer writing box,日本外销漆文具盒,B,6.130,25.0,low,C–A,5.62,是,当前B级依赖未核实的用途和组内重复判断；具体年代、工艺或功能识别可能使其重要性跨Tier变化。,,缺PEM馆藏号、江户时代内的具体年代、作坊、尺寸和装饰记录。,PEM档案或江户外销漆器图录如何著录此文具盒的具体年代、作坊、装饰技法和用途，并如何证明其与馆内写字台属于重复类型？,缺PEM馆藏号、江户时代内的具体年代、作坊、尺寸和装饰记录。；缺漆层、木胎、金银蒔绘或其他装饰材料的技术鉴定。；缺证明其供西式文具收纳而非日本传统用途的类型学依据。；缺与PEM写字台及小斗柜的年代、功能、工艺和尺寸比较。；缺收藏史、捐赠者、入藏日期、品相和高清图像。,basic_identification=partial date_period=partial maker_culture=partial historical_significance=none artistic_significance=none rarity_uniqueness=none institutional_identity=partial category_representativeness=partial cultural_educational=partial provenance_acquisition=none visual_experiential=partial relational_spatial=na
121,"Netsuke rat, signed Edo work",江户签名根付老鼠,B,6.192,29.2,low,C–A,5.31,是,当前B级依赖“质量良好但非顶级名匠”等未经核实的判断；署款归属与稀缺性资料可能导致跨Tier复核。,,缺署款照片、释读及署名作者归属,检索PEM旧藏品数据库、日本艺术图录及根付专录，确认“江户签名根付老鼠”的登录号、署款释读、作者归属与同类存世情况。,缺PEM登录号、尺寸、材质鉴定与准确年代；缺署款照片、释读及署名作者归属；缺权威根付图录对雕工等级及鼠题材稀缺性的比较；缺可靠的来源、入藏记录及PEM展览出版记录,basic_identification=partial date_period=partial maker_culture=partial historical_significance=none artistic_significance=partial rarity_uniqueness=none institutional_identity=partial category_representativeness=partial cultural_educational=partial provenance_acquisition=none visual_experiential=partial relational_spatial=na
122,"Netsuke tortoise, unsigned",无款根付龟,B,5.775,27.6,low,C–A,5.43,是,当前B级主要依据“雕工精细”这一无图像、无专家来源的评价，现有材料不足以支持该判断。,,缺多角度高清图像、保存状况与雕工评估,在PEM旧藏品记录和根付图录中定位“无款根付龟”，核实其年代、尺寸、木材、保存状况，并与其他无款龟形根付比较雕工。,缺PEM登录号、准确年代、尺寸及木材鉴定；缺多角度高清图像、保存状况与雕工评估；缺无款龟形根付的博物馆同类数量与质量比较；缺可靠的来源、入藏经过及PEM陈列记录,basic_identification=partial date_period=none maker_culture=partial historical_significance=none artistic_significance=partial rarity_uniqueness=none institutional_identity=partial category_representativeness=partial cultural_educational=partial provenance_acquisition=none visual_experiential=partial relational_spatial=na
123,Edo period wooden medicine box,江户时代木药箱,C,5.460,29.2,low,C–A,5.31,是,当前C级建立在“普通日用品、信息量低”等未核实描述上；用途、铭文或稀缺性资料可能改变现有判断。,,缺将其认定为药箱及町人阶层用品的可靠依据,检索PEM日本木器记录和江户药业器具图录，确认“江户时代木药箱”的登录号、铭文、内部结构及其药业和町人用途的判定依据。,缺PEM登录号、准确年代、产地或作坊及尺寸；缺内部结构、彩绘纹样、铭文与保存状况资料；缺将其认定为药箱及町人阶层用品的可靠依据；缺江户药业木器存世情况、同类比较与入藏记录,basic_identification=partial date_period=partial maker_culture=partial historical_significance=none artistic_significance=partial rarity_uniqueness=none institutional_identity=partial category_representativeness=partial cultural_educational=partial provenance_acquisition=none visual_experiential=partial relational_spatial=na
124,Edo bronze censer with floral relief,江户花卉纹青铜香炉,B,5.519,29.2,low,C–A,5.31,是,当前B级依赖“装饰常规、町屋日用”等无来源判断，且缺铭文、图像和同类比较，证据不足。,,缺铭文、底款、花卉纹样与铸造细节的高清图像,查阅PEM日本金工记录及江户香炉图录，确认“江户花卉纹青铜香炉”的底款、铸工、年代和用途，并比较同类花卉浮雕香炉。,缺PEM登录号、准确年代、尺寸、合金及铸造者资料；缺铭文、底款、花卉纹样与铸造细节的高清图像；缺认定其为町屋日常陈设器的使用语境证据；缺江户青铜香炉的质量、稀缺性比较及入藏记录,basic_identification=partial date_period=partial maker_culture=partial historical_significance=none artistic_significance=partial rarity_uniqueness=none institutional_identity=partial category_representativeness=partial cultural_educational=partial provenance_acquisition=none visual_experiential=partial relational_spatial=na
125,Edo period iron tea‑kettle tetsubin,江户铁茶壶铁瓶,B,5.732,29.2,low,C–A,5.31,是,当前B级主要依据未经图像或专家资料支持的“铸造工整”评价，新增款识和同类研究可能触发跨Tier复核。,,缺壶身款识及铸造者、准确年代资料,检索PEM日本金工档案与铁瓶图录，核实“江户铁茶壶铁瓶”的款识、铸造者、年代、保存状况及同类作品位置。,缺PEM登录号、准确年代、尺寸、重量与铸造者；缺壶身纹样、款识、提梁、壶嘴及内部状况图像；缺铸造质量、保存状况及是否适合实用的专业评估；缺江户铁瓶同类比较、稀缺性和入藏经过,basic_identification=partial date_period=partial maker_culture=partial historical_significance=none artistic_significance=partial rarity_uniqueness=none institutional_identity=partial category_representativeness=partial cultural_educational=partial provenance_acquisition=none visual_experiential=partial relational_spatial=na
126,"Ukiyo‑e beauty print, minor artist",二流浮世绘美人版画,B,5.510,29.2,low,C–A,5.31,是,当前B级及“二流画师”判断在画师身份和版次均未知时缺乏支撑，准确识别可能导致跨Tier。,,缺画师姓名、作品题名、系列、年代、版元与印章,在PEM版画清单和浮世绘目录中识别这件“美人版画”的画师、题名、系列、版元、印章与版次，并核查其存世印本。,缺画师姓名、作品题名、系列、年代、版元与印章；缺版次、版态、印刷质量、色彩与保存状况；缺浮世绘目录对该版存世数量和画师地位的说明；缺PEM登录号、来源、入藏经过及轮换展出记录,basic_identification=partial date_period=partial maker_culture=partial historical_significance=none artistic_significance=partial rarity_uniqueness=none institutional_identity=partial category_representativeness=partial cultural_educational=partial provenance_acquisition=none visual_experiential=partial relational_spatial=na
127,Katsushika Hokusai miscellaneous sketch print,葛饰北斋杂画小版画,B,6.050,27.6,low,C–S,7.24,是,当前B级仅凭北斋姓名和“冷门次要作品”描述；准确作品识别、归属及版态可能造成显著跨Tier变化。,,缺确切题名、系列名称、目录编号及作者归属依据,检索PEM版画档案及北斋作品总录，确认“葛饰北斋杂画小版画”的确切题名、系列、目录编号、版元和版态。,缺确切题名、系列名称、目录编号及作者归属依据；缺年代、版元、版次、版态、印刷质量与保存状况；缺该作品在北斋创作生涯及相应系列中的位置；缺存世印本数量、PEM来源及展览出版记录,basic_identification=partial date_period=none maker_culture=partial historical_significance=none artistic_significance=partial rarity_uniqueness=none institutional_identity=partial category_representativeness=partial cultural_educational=partial provenance_acquisition=none visual_experiential=partial relational_spatial=na
128,"Hiroshige, miscellaneous station print",歌川广重普通站点版画,B,6.050,35.4,low,C–S,6.46,是,当前B级依据“较不知名站点”和组内重复判断，但具体站点及版本均未知，补充资料可能导致跨Tier。,,缺具体站名、完整系列版本、题名与目录编号,在PEM版画记录及广重《东海道五十三次》目录中确定该页的站名、系列版本、版元、目录编号和版态，并与PEM其他广重选页核对。,缺具体站名、完整系列版本、题名与目录编号；缺版元、年代、版次、版态、印刷质量与保存状况；缺该站点各版本存世数量及馆藏同类比较；缺PEM登录号、来源、入藏和展览出版记录,basic_identification=partial date_period=none maker_culture=partial historical_significance=partial artistic_significance=partial rarity_uniqueness=none institutional_identity=partial category_representativeness=partial cultural_educational=partial provenance_acquisition=none visual_experiential=partial relational_spatial=na
129,Joseon dynasty white porcelain bottle,朝鲜王朝白瓷瓶,B,6.392,29.2,low,C–A,5.31,是,当前B级依赖“典型、优质省窑产出”等未经核实描述；窑口、断代和质量资料可能显著改变判断。,,缺窑口或生产区域及精确断代依据,查阅PEM韩国陶瓷档案及朝鲜白瓷图录，确定该白瓷瓶的器形、年代、窑口、胎釉特征，并核实“省窑产出”的依据。,缺PEM登录号、器形名称、尺寸与精确断代；缺窑口或生产区域及“省窑”判断的依据；缺胎釉检测、高清图像、保存状况与修复记录；缺朝鲜白瓷瓶存世比较、来源及PEM馆藏地位说明,basic_identification=partial date_period=partial maker_culture=partial historical_significance=none artistic_significance=partial rarity_uniqueness=none institutional_identity=partial category_representativeness=partial cultural_educational=partial provenance_acquisition=none visual_experiential=partial relational_spatial=na
130,Joseon celadon small bowl,朝鲜青瓷小碗,B,5.882,29.2,low,C–A,5.31,是,当前B级依赖“釉色可观但小而常见”等无来源评价；技术分类、断代及稀缺性尚未核实。,,缺精确年代、窑口及青瓷技术分类,检索PEM韩国陶瓷记录及朝鲜青瓷研究，核实该小碗的年代、窑口、胎釉技术和保存状况，并统计可比馆藏实例。,缺PEM登录号、尺寸、精确年代与窑口资料；缺青瓷技术分类、胎釉检测及烧造特征；缺高清图像、釉色记录、保存状况和修复信息；缺朝鲜时期青瓷碗存世数量、同类比较与来源,basic_identification=partial date_period=partial maker_culture=partial historical_significance=none artistic_significance=partial rarity_uniqueness=none institutional_identity=partial category_representativeness=partial cultural_educational=partial provenance_acquisition=none visual_experiential=partial relational_spatial=na
131,Joseon embroidered floral rank badge fragment,朝鲜刺绣补子残片,C,5.395,29.2,low,C–A,5.31,是,当前C级以“补子残片且明显次要”为前提，但对象功能、原纹样及残缺程度均未核实，可能因描述不完整而被低估。,,缺将其识别为官阶补子的图像学依据,请由朝鲜服饰专家结合PEM高清图像与纺织记录，核实该花卉刺绣残片是否为官阶补子，并确定原官阶、年代和残缺范围。,缺PEM登录号、尺寸、材质、针法与精确年代；缺高清图像及将其识别为官阶补子的图像学依据；缺原官阶、纹样含义、残缺范围与原貌复原资料；缺同类补子残片的存世比较、来源及入藏记录,basic_identification=partial date_period=partial maker_culture=partial historical_significance=none artistic_significance=partial rarity_uniqueness=none institutional_identity=partial category_representativeness=partial cultural_educational=partial provenance_acquisition=none visual_experiential=partial relational_spatial=na
132,Joseon bronze hand‑mirror,朝鲜青铜手镜,C,5.487,29.2,low,C–A,5.31,是,当前C级依赖“晚期、日用小件、铸饰常规”等未核实描述；纹样、铭文或断代资料可能导致跨Tier复核。,,缺镜背纹样、铭文及精确断代资料,检索PEM韩国金工记录及朝鲜铜镜类型学研究，识别该手镜的镜背纹样与铭文，核实年代并比较同型存世实例。,缺PEM登录号、尺寸、合金成分与精确断代；缺镜背纹样、铭文、铸造痕迹及保存状况图像；缺该镜使用语境、原使用者或考古来源资料；缺朝鲜青铜手镜的纹样分类、存世比较与入藏记录,basic_identification=partial date_period=partial maker_culture=partial historical_significance=none artistic_significance=partial rarity_uniqueness=none institutional_identity=partial category_representativeness=partial cultural_educational=partial provenance_acquisition=none visual_experiential=partial relational_spatial=na
133,Nam June Paik small TV‑object study,白南准小型电视媒介习作,B,6.155,35.4,low,C–A,4.84,是,当前B级依赖无出处的“小型习作”和“更次要”判断；权威归属与作品地位核实后可能跨Tier。,,缺权威馆藏记录对作者归属及作品性质的核实,PEM登记档案、白南准作品总录或遗产管理机构能否确认该对象的馆藏号、年代、作者归属及其是否为独立作品或版本习作？,缺PEM权威登记记录中的馆藏号、正式名称、年代、媒材、尺寸及作者归属；缺作品总录、艺术家遗产机构或学术图录对该习作性质与版本关系的确认；缺该作在白南准创作生涯中的位置及展览、出版记录；缺可靠的来源、入藏经过及与PEM其他白南准作品的比较,basic_identification=partial date_period=none maker_culture=partial historical_significance=partial artistic_significance=partial rarity_uniqueness=none institutional_identity=partial category_representativeness=partial cultural_educational=partial provenance_acquisition=none visual_experiential=partial relational_spatial=na
134,Hawaiian carved wooden bowl,夏威夷木雕食用碗,B,6.157,35.4,low,C–A,4.84,是,当前B级建立在未核实的日用、非王室和组内比较判断上；年代或来源记录可能改变其重要性区间。,,缺可核实的年代、具体岛屿与用途等级,PEM登记档案能否确认该碗的年代、具体岛屿与用途，Bishop Museum公布的同型夏威夷木碗又如何定年和区分社会等级？,缺PEM登记记录中的年代、具体岛屿或社群、木材、尺寸及器物名称；缺权威类型学资料确认其为食用碗以及“非王室等级”的依据；缺同类夏威夷木碗的存世数量、年代分布与馆藏比较；缺采集地点、收藏者、入藏时间及PEM对其馆藏地位的说明,basic_identification=partial date_period=none maker_culture=partial historical_significance=partial artistic_significance=partial rarity_uniqueness=none institutional_identity=partial category_representativeness=partial cultural_educational=partial provenance_acquisition=none visual_experiential=partial relational_spatial=na
135,Hawaiian stone fishing sinker set,夏威夷石制渔坠组,B,5.600,35.4,low,C–A,4.84,是,当前B级主要依赖“传统渔业工具”这一泛化说明；采集语境、年代和组合稀缺性可能使判断跨Tier。,,缺可核实年代、采集地点和对应渔法,PEM登记档案能否提供该组渔坠的数量、年代、采集地点与使用痕迹，Bishop Museum的已出版类型资料将其归入哪种夏威夷渔法？,缺PEM记录确认渔坠数量、组合完整性、尺寸、石材和使用痕迹；缺可核实的年代、具体采集地点及考古或民族志语境；缺这些石坠与何种传统渔法相对应的权威研究；缺同类夏威夷渔坠的稀缺性比较及可靠入藏记录,basic_identification=partial date_period=none maker_culture=partial historical_significance=partial artistic_significance=partial rarity_uniqueness=none institutional_identity=partial category_representativeness=partial cultural_educational=partial provenance_acquisition=none visual_experiential=partial relational_spatial=na
136,Hawaii woven mat fragment,夏威夷编织席残片,B,5.824,44.8,low,C–S,5.52,是,当前B级高度依赖未经核实的前接触期和稀缺性说法；若证实或否定，均可能造成显著跨Tier。,,缺科学测年或早期采集记录以验证前接触期,PEM登记、保育或检测档案是否提供纤维鉴定、测年或可追溯的早期采集记录，以验证该席残片的“前接触期”归属？,缺科学测年或有连续链条的早期采集记录以验证“前接触期”；缺植物纤维鉴定、编织技法、具体岛屿或社群归属；缺残片原始尺寸、完整度、保存状况及可能原形的保育记录；缺前接触期夏威夷席的存世数量、比较对象与PEM馆藏地位,basic_identification=partial date_period=partial maker_culture=partial historical_significance=partial artistic_significance=partial rarity_uniqueness=partial institutional_identity=partial category_representativeness=partial cultural_educational=partial provenance_acquisition=none visual_experiential=partial relational_spatial=na
137,Māori wooden food storage box,毛利木质食物储存盒,B,5.877,35.4,low,C–A,4.84,是,当前B级及“低于waka huia”的判断缺少器物类型和纹样释读支持，可能因简介错误或不完整而跨Tier。,,缺权威确认的器物类型、用途与毛利社群归属,PEM登记记录是否正式将其定名为食物储存盒，并能否结合Te Papa公布的毛利容器类型确认其毛利名称、iwi或地区、年代与用途？,缺PEM权威记录确认器物正式名称、毛利用语、用途、年代及社群归属；缺木材、雕刻技法、纹样释读、尺寸和保存状况资料；缺与已出版毛利雕花容器及馆内waka huia的类型学比较；缺制作者、采集者、来源链及入藏经过,basic_identification=partial date_period=none maker_culture=partial historical_significance=partial artistic_significance=partial rarity_uniqueness=none institutional_identity=partial category_representativeness=partial cultural_educational=partial provenance_acquisition=none visual_experiential=partial relational_spatial=na
138,Māori stone adze implement,毛利石锛工具,C,5.225,35.4,low,C–A,4.84,是,当前C级依赖“普通工具级”这一无证据判断；材质、年代或仪式语境若获确认，可能导致跨Tier。,,缺材质鉴定及工具或仪式用途判定,PEM登记与保育档案是否含材质检测和使用痕迹记录，Te Papa已出版的毛利石锛类型能否确认其年代及工作或仪式用途？,缺矿物学检测确认材质以及PEM登记中的尺寸、年代和具体产地；缺使用痕迹、装柄方式与采集语境以判断工作或仪式用途；缺与已出版毛利石锛类型及馆内其他大洋洲石锛的比较；缺制作者或社群归属、采集者、来源链和入藏记录,basic_identification=partial date_period=none maker_culture=partial historical_significance=partial artistic_significance=partial rarity_uniqueness=none institutional_identity=partial category_representativeness=partial cultural_educational=partial provenance_acquisition=none visual_experiential=partial relational_spatial=na
139,Marquesan small ancestor carving,马克萨斯小型祖先木雕,B,6.595,35.4,low,C–S,6.46,是,当前B级和组内第三的排序只由尺度与泛化风格评价支撑；年代和早期来源可能显著改变其馆藏重要性。,,缺年代、具体岛群来源及早期流传记录,PEM登记与来源档案能否确认该tiki的具体岛屿、年代和早期采集链，并可否与大英博物馆、大都会及布朗利河岸博物馆已出版的马克萨斯人像比较？,缺PEM记录确认具体岛屿或社群、年代、木材、尺寸及正式器名；缺对人物身份、祖先属性、纹样和原始仪式功能的权威释读；缺早期采集者、流传链、离开原属地的时间及入藏记录；缺同类马克萨斯tiki的存世量、年代分布和主要馆藏比较,basic_identification=partial date_period=none maker_culture=partial historical_significance=partial artistic_significance=partial rarity_uniqueness=none institutional_identity=partial category_representativeness=partial cultural_educational=partial provenance_acquisition=none visual_experiential=partial relational_spatial=na
140,Fijian carved wooden bowl,斐济雕花仪式木碗,B,5.850,35.4,low,C–A,4.84,是,当前B级依赖未经核实的卡瓦用途、社会等级及跨地区重复判断；任何一项获得新证据都可能引发跨Tier。,,缺卡瓦用途和次级酋长等级的来源证据,PEM登记档案是否确认该碗用于卡瓦仪式及其社会等级，斐济博物馆或学术图录中的同型木碗依据哪些形制区分用途与身份？,缺PEM登记中的年代、具体产地或社群、木材、尺寸与正式器名；缺权威资料确认其卡瓦用途及“次级酋长等级”的判定标准；缺雕刻纹样、制作技法、使用痕迹和保存状况分析；缺与斐济及汤加卡瓦碗的类型学、稀缺性和馆内比较；缺采集者、来源链与入藏经过,basic_identification=partial date_period=none maker_culture=partial historical_significance=partial artistic_significance=partial rarity_uniqueness=none institutional_identity=partial category_representativeness=partial cultural_educational=partial provenance_acquisition=none visual_experiential=partial relational_spatial=na
141,Tongan woven basket,汤加编织储物篮,C,5.250,35.4,low,C–A,4.84,是,当前C级采用了“实用器”解释，但现有简介同时提及仪式用途；该含混点可能导致跨Tier。,,缺实用或仪式用途的明确判定,PEM登记或民族志档案如何记录该篮的原始用途，奥克兰博物馆与大英博物馆公布的汤加篮类型中是否有可确认其日常或仪式功能的同型例？,缺PEM正式器名、年代、具体岛屿或社群、纤维材料及尺寸记录；缺民族志或图录资料明确其为日常储物、仪式使用或兼具两者；缺编织技法、纹样含义、社会使用语境和保存状况分析；缺与汤加同类篮及PEM毛利篮之间可比性的依据；缺采集地点、采集者、来源链和入藏记录,basic_identification=partial date_period=none maker_culture=partial historical_significance=partial artistic_significance=partial rarity_uniqueness=none institutional_identity=partial category_representativeness=partial cultural_educational=partial provenance_acquisition=none visual_experiential=partial relational_spatial=na
142,New Hebrides spirit mask fragment,新赫布里底神灵面具残件,B,6.075,35.4,low,C–A,4.84,是,当前B级只由宽泛的地域和仪式面具描述支撑；具体传统、年代及残存程度获确认后可能跨Tier。,,缺具体岛屿、社群、面具传统与年代归属,PEM登记和保育档案能否把该残件归入新赫布里底范围内的具体岛屿、社群与面具传统，并通过木材或颜料检测确定年代？,缺PEM记录确认具体岛屿、社群、面具传统、正式名称和年代；缺木材、颜料与制作技法检测，以及原始完整形态的保育判断；缺神灵身份、仪式功能及残件在原面具中位置的权威释读；缺同类面具残件的存世比较、采集者、来源链和入藏记录,basic_identification=partial date_period=none maker_culture=partial historical_significance=partial artistic_significance=partial rarity_uniqueness=none institutional_identity=partial category_representativeness=partial cultural_educational=partial provenance_acquisition=none visual_experiential=partial relational_spatial=na
143,Rapa Nui carved wooden statuette,复活节岛小木雕像,B,6.089,37.0,low,C–S,6.30,是,当前B级以“接触后即原生性弱”为核心推断，但年代和生产语境均未核实，可能存在明显低估或高估。,,缺可靠年代及接触后生产语境判定,PEM登记、木材检测和来源档案能否确认该雕像的拉帕努伊类型名称、年代及生产用途，并可否与大英博物馆和大都会公布的拉帕努伊木雕比较？,缺PEM正式器名、拉帕努伊本地类型名称、图像身份和原始用途；缺木材鉴定、科学测年或可靠历史记录以验证“接触后时期”；缺其生产语境属于仪式、交换、市场制作或其他用途的证据；缺采集者、离岛时间、来源链、入藏经过及同类存世比较,basic_identification=partial date_period=partial maker_culture=partial historical_significance=partial artistic_significance=partial rarity_uniqueness=none institutional_identity=partial category_representativeness=partial cultural_educational=partial provenance_acquisition=none visual_experiential=partial relational_spatial=na
144,"Scrimshaw whale tooth, sailing‑ship motif",捕鲸骨雕帆船主题鲸牙,B,6.347,35.4,low,C–A,4.84,是,当前B级主要依赖泛化工艺评价和未经核实的同类重复判断；若存在具体船只、航次或塞勒姆来源，可能跨Tier。,,缺与制作者、捕鲸船及航次相连的来源记录,PEM登记与海事档案能否通过铭文、旧藏标签或航海记录确认该鲸牙雕的制作者、捕鲸船和航次，并说明其与馆内其他帆船题材scrimshaw相比是否具有特殊地位？,缺PEM登记中的年代、尺寸、鲸种或材质鉴定、铭文和保存状况；缺制作者、捕鲸船、航次、港口或历史事件之间的可核实关联；缺采集者、所有权流转、入藏经过及与塞勒姆海事史的具体关系；缺与PEM其他帆船题材scrimshaw在年代、工艺、稀缺性和展览地位上的比较,basic_identification=partial date_period=none maker_culture=partial historical_significance=partial artistic_significance=partial rarity_uniqueness=none institutional_identity=partial category_representativeness=partial cultural_educational=partial provenance_acquisition=none visual_experiential=partial relational_spatial=na
145,Scrimshaw walrus tusk small piece,小型海象牙骨雕,B,5.790,43.2,low,C–B,1.96,是,当前B级所依赖的纪念性、稀缺性和组内地位均无可靠来源支撑。,,缺可核的对象身份及捕鲸船、航次来源链,能否在PEM登记册或捕鲸航次档案中，以材质和纹样定位这件“小型海象牙骨雕”，并确认制作者、船名、航次、年代及捐赠来源？,缺PEM登录号及可核的材质、年代、尺寸、纹样和铭文记录；缺相关捕鲸船、航次、制作者及从航海使用到入藏的来源链；缺同类海象牙骨雕的存世数量及与PEM馆藏的比较；缺PEM对该件在海事或骨雕收藏中地位的官方说明,basic_identification=partial date_period=none maker_culture=partial historical_significance=partial artistic_significance=partial rarity_uniqueness=partial institutional_identity=partial category_representativeness=partial cultural_educational=partial provenance_acquisition=none visual_experiential=partial relational_spatial=na
146,Whalebone bus‑k corset stay,鲸鱼骨束腰撑片,B,5.555,39.1,low,C–B,2.62,是,当前B级依赖未经核实的器名、材质与教育用途，身份核定可能改变等级边界。,,缺官方器物身份、材质和年代鉴定,PEM登记册或展签能否确认这件器物是鲸须束腰busk还是其他撑片，并给出年代、产地、尺寸、原使用者和捐赠来源？,缺器名核定：究竟是束腰busk、普通stay还是其他鲸须制件；缺制作年代、地区、制造者、尺寸及鲸骨或鲸须材质鉴定；缺原使用者、收藏者、捐赠者及入藏时间记录；缺同类服饰构件的存世量及PEM捕鲸展陈中的解释文本,basic_identification=partial date_period=none maker_culture=partial historical_significance=partial artistic_significance=none rarity_uniqueness=partial institutional_identity=partial category_representativeness=partial cultural_educational=partial provenance_acquisition=none visual_experiential=partial relational_spatial=na
147,Brass ship compass working example,黄铜船用罗盘实物,B,6.313,39.1,low,C–B,1.92,是,当前B级缺少制造、年代和船舶来源证据，量产与代表性判断也未经比较。,,缺制造标记及配属船舶的可核记录,能否通过罗盘刻印、型号和PEM登记册确认其制造商、年代及配属商船，并查明该船与塞勒姆贸易及入藏来源的关系？,缺制造商、型号、制造年代、产地、刻印、尺寸及工作状态记录；缺曾配属的商船、使用者及从船上到PEM的来源链；缺同型号罗盘产量、存世量及专业仪器目录比较；缺PEM说明该件在其航海仪器收藏与展陈中的地位,basic_identification=partial date_period=partial maker_culture=none historical_significance=partial artistic_significance=none rarity_uniqueness=partial institutional_identity=partial category_representativeness=partial cultural_educational=partial provenance_acquisition=none visual_experiential=partial relational_spatial=na
148,Lead ship’s sounding weight,铅制测水深铅锤,C,5.176,36.5,low,C–A,4.77,是,当前C级建立在未核实的船用关联上；若船舶身份和来源链成立，可能跨越现有等级。,,缺所属双桅船身份及连续来源链,PEM登记册或塞勒姆船舶档案能否确认这枚测深锤来自哪艘双桅船，并以刻印、重量或捐赠记录验证其使用年代和来源链？,缺该测深锤所属塞勒姆双桅船的船名、航期和使用记录；缺制作年代、规格、重量、刻印及结构记录；缺从船舶使用、后续收藏到PEM入藏的连续来源链；缺与其他存世测深锤及PEM航海仪器的比较,basic_identification=partial date_period=none maker_culture=partial historical_significance=partial artistic_significance=none rarity_uniqueness=none institutional_identity=partial category_representativeness=partial cultural_educational=partial provenance_acquisition=partial visual_experiential=partial relational_spatial=na
149,Ship‑carpenter’s folding rule,船木匠折叠木尺,C,4.895,39.1,low,C–B,1.92,是,当前C级依赖“普通工具”这一未证判断，缺失的工匠或船舶来源可能影响等级。,,缺该折尺与具体工匠、船厂或船舶的关联,能否从折尺刻印、刻度制式和PEM登记册确认制造者与年代，并查明其是否属于具名船木匠、船厂或塞勒姆船舶？,缺制造者、年代、产地、量制刻度、铰链结构、尺寸及刻印记录；缺原船木匠、所属船厂或船舶的身份记录；缺收藏者、捐赠者、入藏时间及此前所有权记录；缺同类船木匠折尺的存世量及与PEM工具收藏的比较,basic_identification=partial date_period=none maker_culture=partial historical_significance=partial artistic_significance=none rarity_uniqueness=partial institutional_identity=partial category_representativeness=partial cultural_educational=partial provenance_acquisition=none visual_experiential=partial relational_spatial=na
150,Water‑colour ship portrait of minor Salem brig,塞勒姆普通双桅船水彩肖像,B,5.790,43.2,low,C–A,4.26,是,当前B级及“次要船像”判断均缺少对象身份和比较证据，补证后可能跨级。,,缺所绘船舶、作者和年代的确切身份,PEM图录或菲利普斯图书馆船舶档案能否通过题识和船体特征确认所绘双桅船、作者与年代，并将其航运记录同《友谊号》等馆藏船像比较？,缺画中双桅船的船名、船型、作者、创作年代、题识及PEM登录号；缺作品图像、尺寸、纸张水印、保存状况及修复记录；缺该船航线、货运、船东及其与塞勒姆贸易的档案记录；缺委托与收藏来源及其与PEM其他塞勒姆船像的比较,basic_identification=partial date_period=none maker_culture=partial historical_significance=partial artistic_significance=partial rarity_uniqueness=partial institutional_identity=partial category_representativeness=partial cultural_educational=partial provenance_acquisition=none visual_experiential=partial relational_spatial=na
151,Model of small coastal schooner,沿海小纵帆船船模,B,6.119,39.1,low,C–B,1.92,是,当前B级依赖未经核实的船型代表性；模型性质、制作者和来源缺失可能改变判断。,,缺是否对应具体船舶及制作者年代的核定,PEM船模登记册能否依据比例、船体结构和旧标签确认该模型是否代表具体纵帆船，并查明制作者、年代、原所有者及捐赠来源？,缺制作者、年代、比例、尺寸、材料细分和制作结构记录；缺该模型是否对应具体纵帆船、船厂设计或纯船型示范的核定；缺原所有者、收藏者、捐赠者及入藏记录；缺与PEM具名船模及其他沿海纵帆船模型的比较,basic_identification=partial date_period=none maker_culture=partial historical_significance=partial artistic_significance=none rarity_uniqueness=partial institutional_identity=partial category_representativeness=partial cultural_educational=partial provenance_acquisition=none visual_experiential=partial relational_spatial=na
152,19th‑century whale‑oil lantern,19世纪鲸油手提灯,B,5.685,40.6,low,C–B,2.28,是,当前B级依赖未核实的年代、燃料和船用场景，关键功能若不成立将影响等级。,,缺年代及船用鲸油功能的实物证据,能否通过灯具刻印、燃烧器结构和PEM登记册确认其制造年代、是否确用鲸油、是否为船用，并查明所属船舶与捐赠来源？,缺制造者、年代、专利或刻印、尺寸、灯芯与燃料结构记录；缺确认其使用鲸油及专为船上甲板使用的器物证据；缺所属船舶、原使用者、收藏者与PEM入藏来源；缺与PEM其他船用或家用鲸油灯的实物比较,basic_identification=partial date_period=partial maker_culture=partial historical_significance=partial artistic_significance=none rarity_uniqueness=partial institutional_identity=partial category_representativeness=partial cultural_educational=partial provenance_acquisition=none visual_experiential=partial relational_spatial=na
153,Salem customs‑house manuscript fragment,塞勒姆海关手稿残页,B,6.204,31.2,low,C–A,5.16,是,当前B级的一手史料与类别代表性判断缺少基本档案识别；具体内容可能导致跨级。,,缺档号、日期及船货内容的可靠释录,菲利普斯图书馆查找工具能否以“塞勒姆海关进口货运记录”定位该残页的档号、全宗和日期，并释出船名、货物、港口与相关商人？,缺菲利普斯图书馆档号、所属全宗、文书日期及制文海关机构；缺手稿释文及其中船名、货物、港口、商人和航期信息；缺该残页与完整账册或档案系列的关系及同类存世情况；缺所有权、捐赠与入藏记录及PEM展陈说明,basic_identification=partial date_period=none maker_culture=partial historical_significance=partial artistic_significance=none rarity_uniqueness=none institutional_identity=partial category_representativeness=partial cultural_educational=partial provenance_acquisition=none visual_experiential=partial relational_spatial=na
154,Ship captain’s personal journal fragment,船长私人航海日志残页,B,6.327,31.2,low,C–A,5.16,是,当前B级依赖未识别的第一人称航海价值；作者、航次和完整日志关系可能导致跨级。,,缺船长、船舶、航次与档号的确切身份,菲利普斯图书馆能否通过笔迹、旧标签或全宗目录确认这页日志的船长、船名、航次和日期，并确定它是否属于一部保存完整的日志？,缺菲利普斯图书馆档号、全宗、船长姓名、船名、航次与日期；缺残页释文及其中航线、事件、货物、船员或港口信息；缺该页与完整日志的关系、完整日志保存状况及同类存世比较；缺船长家族、收藏者、捐赠者及PEM入藏和展陈记录,basic_identification=partial date_period=none maker_culture=partial historical_significance=partial artistic_significance=none rarity_uniqueness=none institutional_identity=partial category_representativeness=partial cultural_educational=partial provenance_acquisition=none visual_experiential=partial relational_spatial=na
155,Felix Beato landscape photograph,费利斯·比托风景原版照片,B,6.180,44.8,low,C–A,4.14,是,当前B级及“次要风景”定位没有确切作品识别或作品目录支持，补证可能跨级。,,缺确切作品身份、地点日期及归属依据,能否用PEM登录号或作品图像在比托目录及馆外权威收藏中匹配这张风景照，确认地点、拍摄日期、底片、存世印本和原相册来源？,缺确切题名、拍摄地点、日期、PEM登录号及比托归属依据；缺相纸工艺、底片来源、尺寸、装裱、题记、印章和保存状况；缺原相册、早期收藏者、交易或捐赠及PEM入藏来源；缺同底片存世印本数量及其在比托创作生涯中的位置；缺与PEM其他比托中国照片及馆外权威收藏的比较,basic_identification=partial date_period=partial maker_culture=partial historical_significance=partial artistic_significance=partial rarity_uniqueness=partial institutional_identity=partial category_representativeness=partial cultural_educational=partial provenance_acquisition=none visual_experiential=partial relational_spatial=na
156,John Thomson street‑scene photograph,约翰·汤姆森街景原版照片,B,6.267,44.8,low,C–A,4.14,是,当前B级及“次要街景”判断仅基于无来源描述；确切系列和版本资料可能导致跨级。,,缺街景的确切地点、日期、系列及归属依据,能否将PEM作品图像或登录号与约翰·汤姆森《中国与中国人图影》等系列目录匹配，确认街道、城市、日期、图版号、存世印本及原相册来源？,缺确切题名、城市街道、拍摄日期、系列编号、PEM登录号及归属依据；缺相纸工艺、底片关系、尺寸、装裱、题记及保存状况；缺原相册、早期收藏者、捐赠者及PEM入藏来源；缺同图存世印本、出版记录及其在汤姆森中国系列中的位置；缺与PEM所藏汤姆森广州街景及馆外权威版本的比较,basic_identification=partial date_period=partial maker_culture=partial historical_significance=partial artistic_significance=partial rarity_uniqueness=partial institutional_identity=partial category_representativeness=partial cultural_educational=partial provenance_acquisition=none visual_experiential=partial relational_spatial=na
157,19th‑century travel album page,19世纪旅行相册单页,B,5.759,37.0,low,C–A,4.73,是,当前B级主要依赖未经核实的塞勒姆旅行者关联；原相册与捐赠背景可能显著改变判断。,,缺PEM正式登录号、尺寸、定年与原相册归属,PEM档案或馆藏目录能否据此页的媒材与展陈信息查明登录号、原相册、编册者和捐赠来源？,缺PEM正式登录号、尺寸、定年与原相册归属；缺编册者、摄影者、旅行路线、地点与原始题注资料；缺该页的provenance、入藏记录及捐赠者与塞勒姆旅行史的关系；缺PEM对该页馆藏地位及与馆内旅行相册的比较,basic_identification=partial date_period=partial maker_culture=partial historical_significance=partial artistic_significance=partial rarity_uniqueness=none institutional_identity=partial category_representativeness=partial cultural_educational=partial provenance_acquisition=none visual_experiential=partial relational_spatial=na
158,Persian Safavid small ceramic bowl,萨法维波斯陶小碗,B,5.540,37.0,low,C–A,4.73,是,当前B级建立在未经权威记录确认的萨法维归属上，窑口、年代或稀缺性资料可能导致跨级复核。,,缺确认萨法维归属的胎釉、纹饰与工艺分析,PEM馆藏目录或伊斯兰陶瓷图录是否记录了此碗的登录号、年代、产地、胎釉特征及可比器？,缺PEM登录号、尺寸、精确年代及产地或窑口；缺确认萨法维归属的胎釉、纹饰与工艺分析；缺可靠的provenance及入藏记录；缺同类小碗存世量、稀缺性及其在PEM馆藏中的比较,basic_identification=partial date_period=partial maker_culture=partial historical_significance=partial artistic_significance=partial rarity_uniqueness=none institutional_identity=partial category_representativeness=partial cultural_educational=partial provenance_acquisition=none visual_experiential=partial relational_spatial=na
159,Persian Qajar painted tile fragment,卡扎尔波斯彩绘瓷砖残件,C,5.085,37.5,low,C–A,4.69,是,当前C级依赖“残片重复件”的未经证实判断；若原建筑重要或图像罕见，资料可能导致跨级。,,缺原建筑名称、原始安装位置及人物图像释读,PEM入藏档案能否确认该卡扎尔砖残件来自哪座建筑、原处何位置，并证实其与馆内所谓完整砖板的关系？,缺精确年代、生产中心及可靠的卡扎尔归属依据；缺原建筑名称、原始安装位置及人物图像释读；缺图像、尺寸、保存状态及残存比例；缺provenance及与所谓馆内完整砖板的实证比较,basic_identification=partial date_period=partial maker_culture=partial historical_significance=partial artistic_significance=partial rarity_uniqueness=none institutional_identity=partial category_representativeness=partial cultural_educational=partial provenance_acquisition=none visual_experiential=partial relational_spatial=partial
160,Mamluk brass inlaid small tray,马穆鲁克嵌饰黄铜小托盘,B,5.918,37.0,low,C–A,4.73,是,当前B级主要借用了马穆鲁克金工类别的一般地位，缺少此件质量、铭文和稀缺性的对象级证据。,,缺嵌饰材料、纹样或铭文释读及工艺质量分析,PEM记录或马穆鲁克金工图录能否确认该托盘的年代、产地、嵌饰材料、铭文内容及同类器比较？,缺PEM登录号、精确年代、生产中心与尺寸；缺嵌饰材料、纹样或铭文释读及工艺质量分析；缺可靠的provenance及入藏记录；缺同类马穆鲁克托盘的稀缺性比较及PEM馆藏定位,basic_identification=partial date_period=partial maker_culture=partial historical_significance=partial artistic_significance=partial rarity_uniqueness=none institutional_identity=partial category_representativeness=partial cultural_educational=partial provenance_acquisition=none visual_experiential=partial relational_spatial=na
161,Ottoman calligraphic tile fragment,奥斯曼书法瓷砖残件,C,5.485,35.5,low,C–A,4.84,是,当前C级未考虑尚未释读的铭文和原建筑背景；两项新资料均可能显著改变对象重要性。,,缺阿拉伯书法的高清图、转写、翻译与内容辨识,该奥斯曼砖残件上的书法究竟为何文，纹样与砖体能否据PEM记录及奥斯曼陶砖图录定位到具体作坊、年代或建筑？,缺阿拉伯书法的高清图、转写、翻译与内容辨识；缺精确年代、作坊及原建筑和安装位置；缺尺寸、保存状态及残存比例；缺provenance、同类书法砖比较及PEM馆藏定位,basic_identification=partial date_period=partial maker_culture=partial historical_significance=partial artistic_significance=partial rarity_uniqueness=none institutional_identity=partial category_representativeness=partial cultural_educational=partial provenance_acquisition=none visual_experiential=partial relational_spatial=none
162,Ottoman embroidered towel fragment,奥斯曼刺绣织物残片,C,4.850,37.0,low,C–B,1.99,是,当前C级的“工艺常规”判断没有图像或技术分析支撑，精确产地、年代或特殊针法可能导致跨级复核。,,缺纤维、针法、染料、精确年代与生产中心分析,PEM纺织品记录或技术检测能否确定该残片的纤维、针法、染料、年代、产地及其是否确属毛巾？,缺纤维、针法、染料、精确年代与生产中心分析；缺原毛巾形制、用途及残片占原物比例；缺可靠的provenance及入藏记录；缺与PEM奥斯曼及萨法维织物的质量和稀缺性比较,basic_identification=partial date_period=partial maker_culture=partial historical_significance=partial artistic_significance=partial rarity_uniqueness=none institutional_identity=partial category_representativeness=partial cultural_educational=partial provenance_acquisition=none visual_experiential=partial relational_spatial=na
163,Greek black‑figure kylix cup fragment,古希腊黑绘浅酒杯残件,B,5.647,37.0,low,C–A,4.73,是,当前B级主要依赖希腊陶画的类别地位；画家归属、罕见图像或残片程度均未核实，可能导致跨级。,,缺精确年代、产地及画家或作坊归属,PEM记录或Beazley Archive能否凭该残片图像确认其年代、产地、画家圈及所绘神话场景？,缺精确年代、产地及画家或作坊归属；缺神话人物与场景辨识及原构图复原；缺图像、尺寸、保存状态及原杯残存比例；缺考古来源、入藏记录及同类黑绘浅杯比较,basic_identification=partial date_period=partial maker_culture=partial historical_significance=partial artistic_significance=partial rarity_uniqueness=none institutional_identity=partial category_representativeness=partial cultural_educational=partial provenance_acquisition=none visual_experiential=partial relational_spatial=na
164,Greek red‑figure amphora neck fragment,古希腊红绘双耳罐颈部残件,B,5.635,37.0,low,C–A,4.73,是,当前B级以黑绘和红绘的类别互补为主要依据，但本件器形、产地和艺术归属尚未确认。,,缺确认阿提卡产地、双耳罐器形及精确年代的依据,PEM记录或Beazley Archive能否据残片轮廓与彩绘确认其确属阿提卡红绘双耳罐，并确定年代、画家圈和图像内容？,缺确认阿提卡产地、双耳罐器形及精确年代的依据；缺画家或作坊归属及颈部图像内容辨识；缺图像、尺寸、保存状态及原器残存比例；缺考古来源、入藏记录及同类红绘器比较,basic_identification=partial date_period=partial maker_culture=partial historical_significance=partial artistic_significance=partial rarity_uniqueness=none institutional_identity=partial category_representativeness=partial cultural_educational=partial provenance_acquisition=none visual_experiential=partial relational_spatial=na
165,Roman marble portrait bust fragment,罗马大理石胸像残件,C,5.485,37.0,low,C–A,4.73,是,当前C级明显依赖未经图像核实的残损程度；若人物可识别或雕刻质量较高，可能需要跨级复核。,,缺人物身份或肖像类型、精确年代及作坊归属,PEM记录及罗马肖像类型研究能否据面部残存特征确定该胸像的年代、人物类型、作坊和是否涉及皇室肖像？,缺人物身份或肖像类型、精确年代及作坊归属；缺多角度图像、尺寸、状态报告及雕刻质量分析；缺考古来源、provenance及入藏记录；缺与罗马皇室或私人肖像残件的类型和稀缺性比较,basic_identification=partial date_period=partial maker_culture=partial historical_significance=partial artistic_significance=partial rarity_uniqueness=none institutional_identity=partial category_representativeness=partial cultural_educational=partial provenance_acquisition=none visual_experiential=partial relational_spatial=na
166,Roman glass perfume bottle,罗马玻璃香水瓶,C,5.467,37.0,low,C–B,2.76,是,当前C级依赖未经量化的“常见”判断；若类型、来源或保存状态特殊，可能需要跨级复核。,,缺具体墓葬或考古来源及入藏记录,PEM登录记录将此瓶定为何种罗马玻璃器型、年代与产地，是否记录具体墓葬来源，馆内又有多少件可比完整器？,缺玻璃瓶的类型、精确年代、产地与制作痕迹分析；缺图像、尺寸、颜色、保存状态与修复记录；缺具体墓葬或考古来源及入藏记录；缺PEM及同类博物馆完整罗马香膏瓶的数量比较,basic_identification=partial date_period=partial maker_culture=partial historical_significance=partial artistic_significance=partial rarity_uniqueness=none institutional_identity=partial category_representativeness=partial cultural_educational=partial provenance_acquisition=none visual_experiential=partial relational_spatial=na
167,Egyptian faience amulet figurine,埃及费昂斯护身符小造像,C,5.380,37.0,low,C–A,4.73,是,当前C级将其视为常见小型随葬品，但核心的神祇、铭文和类型尚未辨识，新资料可能导致跨级。,,缺神祇或护身符类型、铭文及精确年代辨识,PEM记录或埃及护身符类型图录能否据正反面图像识别该造像的神祇、铭文、年代及同类型存世情况？,缺神祇或护身符类型、铭文及精确年代辨识；缺材质检测、制作工艺、尺寸、图像与保存状态；缺具体墓葬或考古来源及入藏记录；缺同类神祇护身符的稀缺性比较及PEM馆藏定位,basic_identification=partial date_period=partial maker_culture=partial historical_significance=partial artistic_significance=partial rarity_uniqueness=none institutional_identity=partial category_representativeness=partial cultural_educational=partial provenance_acquisition=none visual_experiential=partial relational_spatial=na
168,Etruscan bronze fibula safety‑pin brooch,伊特鲁里亚青铜别针胸针,C,4.880,37.0,low,C–B,1.99,是,当前C级依据未经图像和类型学支持的“装饰简单、工艺较低”判断；类型或考古来源可能造成跨级复核。,,缺胸针类型学分类、精确年代及区域产地,PEM记录或伊特鲁里亚胸针类型图录能否据器形与结构确定其类型、年代、区域产地及同类器稀缺性？,缺胸针类型学分类、精确年代及区域产地；缺图像、尺寸、纹饰、铸造工艺与腐蚀状态；缺墓葬或考古来源、provenance及入藏记录；缺同类伊特鲁里亚胸针的稀缺性和质量比较,basic_identification=partial date_period=partial maker_culture=partial historical_significance=partial artistic_significance=partial rarity_uniqueness=none institutional_identity=partial category_representativeness=partial cultural_educational=partial provenance_acquisition=none visual_experiential=partial relational_spatial=na
169,"Italian maiolica plate, 16th‑century",16世纪意大利马约里卡陶盘,B,5.665,44.8,low,C–A,4.14,是,当前B级主要依赖通称和无来源的工艺判断；作坊、稀缺性或重要来源记录均可能造成跨Tier变化。,,缺PEM登记记录中的登录号、准确年代、产区或作坊、尺寸及款记,PEM登记档案或欧洲装饰艺术图录如何著录此盘的登录号、年代、产区、作坊与款记，且有无同作坊比较器？,缺PEM登记记录中的登录号、准确年代、产区或作坊、尺寸及款记；缺该盘在意大利马约里卡发展史及相关作坊产品中的位置；缺可靠的历次所有权与PEM入藏经过；缺同类器存世数量、市场或馆藏比较及稀缺性资料；缺正反面高清图、状况报告及釉彩工艺检测,basic_identification=partial date_period=partial maker_culture=partial historical_significance=partial artistic_significance=partial rarity_uniqueness=partial institutional_identity=partial category_representativeness=partial cultural_educational=partial provenance_acquisition=none visual_experiential=partial relational_spatial=na
170,Renaissance bronze small plaquette religious theme,文艺复兴宗教主题青铜小浮雕牌,C,5.260,35.4,low,C–A,4.84,是,当前C级建立在未经核实的通称上；若发现重要作坊归属、罕见图像或显著来源，可能跨Tier。,,缺登录号、准确年代、制作地区、作者或作坊及尺寸,PEM登记档案能否确认这件浮雕牌的登录号、产地、年代、作者或作坊，并识别其具体宗教图像？,缺登录号、准确年代、制作地区、作者或作坊及尺寸；缺浮雕所表现圣徒或宗教场景的图像学识别及礼拜用途证据；缺铸造工艺、表面状况、后期改动及高清图像；缺历次所有权与PEM入藏记录；缺同类小浮雕牌的存世量、出版记录及馆藏比较,basic_identification=partial date_period=partial maker_culture=none historical_significance=partial artistic_significance=partial rarity_uniqueness=none institutional_identity=partial category_representativeness=partial cultural_educational=partial provenance_acquisition=none visual_experiential=partial relational_spatial=na
171,Baroque pewter drinking mug,巴洛克白镴饮酒杯,C,4.525,37.0,low,C–B,1.99,是,当前C级虽与通称中的日用器属性相符，但普通性与低工艺判断均缺实物和比较证据，补录款记或来源可能跨Tier。,,缺底部、把手或盖上的标记记录及据此确定的产地、制作者与年代,检查该杯底部、把手和杯盖标记并核对PEM登记档案后，能否确定其制作地区、工匠、准确年代及登录号？,缺底部、把手或盖上的标记记录及据此确定的产地、制作者与年代；缺历次所有权、使用者及PEM入藏经过；缺同地区白镴酒杯的类型学、存世量与馆藏比较；缺尺寸、重量、高清图像、状况及修复记录；缺PEM选择展出此杯及其在欧洲金属器中的定位说明,basic_identification=partial date_period=partial maker_culture=partial historical_significance=partial artistic_significance=partial rarity_uniqueness=none institutional_identity=partial category_representativeness=partial cultural_educational=partial provenance_acquisition=none visual_experiential=partial relational_spatial=na
172,Gothic stained‑glass floral fragment,哥特彩色玻璃花卉残片,B,5.635,34.0,low,C–A,4.95,是,当前B级依赖未经证实的哥特断代和视觉评价；原建筑若可识别，或断代被修正，都可能造成跨Tier变化。,,缺原属教堂、窗户、窗格位置及离开建筑后的流传记录,PEM登记档案、旧藏标签或彩玻研究文献能否把该残片追溯至具体教堂、窗户和窗格位置，并据此确认年代？,缺原属教堂、窗户、窗格位置及离开建筑后的流传记录；缺准确年代、制作地区、工坊及玻璃和彩绘工艺鉴定；缺尺寸、透射光与反射光图像、状况及修复报告；缺同地区非人物哥特彩玻残片的存世量与馆藏比较；缺PEM对其在欧洲玻璃收藏及展陈中的定位说明,basic_identification=partial date_period=partial maker_culture=none historical_significance=partial artistic_significance=partial rarity_uniqueness=none institutional_identity=partial category_representativeness=partial cultural_educational=partial provenance_acquisition=none visual_experiential=partial relational_spatial=none
173,Dutch delft blue‑and‑white tile group,代尔夫特蓝白瓷砖组,C,5.395,36.0,low,C–A,4.80,是,当前C级缺少年代和成组性质等基础证据；若为早期原配建筑组或重要窑场产品，可能跨Tier。,,缺瓷砖数量、尺寸、背面标记、准确年代及窑场或工厂归属,PEM登记记录与瓷砖背面标记能否确定全组数量、年代和窑场，并证明这些砖原属同一墙面布局？,缺瓷砖数量、尺寸、背面标记、准确年代及窑场或工厂归属；缺各砖是否原配成组及其原始墙面排列或建筑位置；缺原所有者、拆卸流传过程及PEM入藏记录；缺全组及单砖正反面图、状况与修复记录；缺同窑、同题材瓷砖组的存世数量及PEM馆藏比较,basic_identification=partial date_period=none maker_culture=partial historical_significance=partial artistic_significance=partial rarity_uniqueness=none institutional_identity=partial category_representativeness=partial cultural_educational=partial provenance_acquisition=none visual_experiential=partial relational_spatial=partial
174,Japanese contemporary ceramic tea cup,日本当代陶艺茶杯,C,5.180,29.2,low,C–A,5.31,是,当前C级建立在“在世艺术家的常规产出”这一无来源判断上；艺术家身份和系列地位可能导致跨Tier。,,缺艺术家姓名、作品确切题名、制作年份与登录号,PEM艺术与自然中心的展签、登记档案或展览清单能否确认该茶杯的艺术家、题名、年份、登录号及系列归属？,缺艺术家姓名、作品确切题名、制作年份与登录号；缺该茶杯在艺术家创作生涯、系列及日本当代陶艺中的位置；缺胎土、釉料、烧成方法、窑址、签款、尺寸及高清图；缺该器为唯一件、系列件或常规产品的生产资料；缺历次所有权、PEM入藏经过及馆方选择展出的理由,basic_identification=partial date_period=partial maker_culture=partial historical_significance=none artistic_significance=partial rarity_uniqueness=none institutional_identity=partial category_representativeness=partial cultural_educational=partial provenance_acquisition=none visual_experiential=partial relational_spatial=na
175,Small Josh Simpson planet marble,乔希·辛普森小型星球玻璃弹珠,C,5.375,35.4,low,C–B,2.62,是,当前C级高度依赖“尺寸最小且重复”的未核判断；若其为原型、习作或独特系列节点，可能跨Tier。,,缺该弹珠确切题名、年代及唯一件或系列件状态,PEM登记档案和Josh Simpson作品资料如何著录该弹珠的题名、年份、尺寸与系列状态，它与“mega-megaplanet”究竟是什么关系？,缺该弹珠确切题名、年代及唯一件或系列件状态；缺其与“mega-megaplanet”的确切关系及是否为习作、原型或独立作品；缺尺寸、制作技法、签名或标记、高清图与状况资料；缺该作品在Josh Simpson创作生涯和星球系列中的位置；缺PEM入藏记录、展陈理由及馆内同系列作品完整清单,basic_identification=partial date_period=none maker_culture=partial historical_significance=none artistic_significance=partial rarity_uniqueness=partial institutional_identity=partial category_representativeness=partial cultural_educational=partial provenance_acquisition=none visual_experiential=partial relational_spatial=na
176,Contemporary mixed‑media shell assemblage artwork,当代贝壳混合媒介装置小品,C,5.291,27.6,low,C–A,5.43,是,当前C级和“组内质量最低”的判断均无作者、图像或展览记录支持；补齐基本身份后可能跨Tier。,,缺艺术家姓名、作品确切题名、制作年份与登录号,PEM艺术与自然中心的展览清单或登记档案能否确认这件贝壳作品的艺术家、题名、年份、材料、登录号与入藏方式？,缺艺术家姓名、作品确切题名、制作年份与登录号；缺贝壳种类、其他材料、制作方法、尺寸及完整视觉记录；缺该作品在艺术家生涯、相关系列及当代装置艺术中的位置；缺历次所有权、创作或委托背景及PEM入藏经过；缺PEM艺术与自然中心选择展出此作的策展说明和展览史,basic_identification=partial date_period=partial maker_culture=none historical_significance=none artistic_significance=partial rarity_uniqueness=none institutional_identity=partial category_representativeness=partial cultural_educational=partial provenance_acquisition=none visual_experiential=partial relational_spatial=na
177,Hank Willis Thomas small print work,汉克·威利斯·托马斯小幅版画,B,6.020,37.0,low,C–A,4.73,是,当前B级主要依赖艺术家知名度和宽泛的种族议题；确切作品身份、版次与系列地位可能造成跨Tier变化。,,缺作品确切题名、制作年份、版画技法、版次、印数与登录号,PEM登记与展览档案如何著录这件Hank Willis Thomas版画的题名、年份、技法、版次和系列，其与馆内雕塑是否由馆方明确关联？,缺作品确切题名、制作年份、版画技法、版次、印数与登录号；缺该作所属系列及其在Hank Willis Thomas创作生涯中的位置；缺具体图像、文字内容及种族议题的作品级解释；缺历次所有权、PEM入藏经过及版权或出版记录；缺PEM展览或出版记录及与馆内同艺术家雕塑的正式比较,basic_identification=partial date_period=partial maker_culture=partial historical_significance=partial artistic_significance=partial rarity_uniqueness=none institutional_identity=partial category_representativeness=partial cultural_educational=partial provenance_acquisition=none visual_experiential=partial relational_spatial=na
178,Valerie Hagerty small cabinet study,瓦莱丽·哈格蒂小型柜子习作,B,5.580,37.0,low,C–A,4.73,是,当前B级依赖未经证实的“缩小版重复件”关系，作者拼写也有待核查；身份或作品关系澄清后可能跨Tier。,,缺艺术家姓名的权威拼写、作品确切题名、年份与登录号,PEM登记与海事展览档案记载的艺术家究竟是“Valerie Hagerty”还是其他拼写，作品正式题名、年份及其与大型沉船立柜的关系为何？,缺艺术家姓名的权威拼写、作品确切题名、年份与登录号；缺其与所谓大型沉船立柜的关系及是否为习作、模型或独立作品；缺具体材料、制作方法、尺寸、高清图像与状况记录；缺创作、委托、历次所有权及PEM入藏经过；缺该作在艺术家生涯及PEM海事展陈中的定位,basic_identification=partial date_period=partial maker_culture=partial historical_significance=none artistic_significance=partial rarity_uniqueness=partial institutional_identity=partial category_representativeness=partial cultural_educational=partial provenance_acquisition=none visual_experiential=partial relational_spatial=na
179,Salem witch‑trial era brass thimble,塞勒姆猎巫时代黄铜顶针,B,6.245,50.0,low,C–A,3.75,是,当前B级的核心依据是尚未证实的猎巫关联；若考古语境不能成立或反而可精确关联具体遗址，均可能跨Tier。,,缺具体发掘地点、探方与地层号、发掘报告、出土日期及保管链，并缺其与猎巫人物或遗址的可靠关联,该顶针出自塞勒姆哪一处发掘、哪个探方和地层，发掘报告是否将其可靠断代并与具体猎巫人物、住宅或审判遗址关联？,缺具体发掘地点、探方与地层号、发掘报告、出土日期及保管链，并缺其与猎巫人物或遗址的可靠关联；缺顶针本体的类型学断代、材质分析、制作地区及可能工匠；缺塞勒姆同期出土顶针的数量、分布和其他馆藏比较；缺PEM登录、入藏与展陈文本对猎巫关联的明确表述；缺尺寸、高清图像、腐蚀状况及保护记录,basic_identification=partial date_period=partial maker_culture=partial historical_significance=partial artistic_significance=partial rarity_uniqueness=partial institutional_identity=partial category_representativeness=partial cultural_educational=partial provenance_acquisition=partial visual_experiential=partial relational_spatial=partial
180,18th‑century shoe buckle silver,18世纪银鞋扣,C,4.835,37.0,low,C–B,1.99,是,当前C级依赖“工艺常规”的无来源判断；款记、成对状态或重要原主记录均可能造成跨Tier变化。,,缺款记、制作者、制作地点、准确年代与登录号,检查鞋扣款记并核对PEM登记档案后，能否确定其工匠、制作地点、准确年代、是否成对及是否曾属重要塞勒姆人物？,缺款记、制作者、制作地点、准确年代与登录号；缺材质检测、尺寸、装饰细节、高清图像、状况及是否原为成对；缺原所有者、使用地点、历次流传及PEM入藏经过；缺同期银鞋扣的存世量、工匠产品及PEM馆藏比较；缺PEM对其在殖民地服饰或个人用品展陈中的定位,basic_identification=partial date_period=partial maker_culture=partial historical_significance=partial artistic_significance=partial rarity_uniqueness=none institutional_identity=partial category_representativeness=partial cultural_educational=partial provenance_acquisition=none visual_experiential=partial relational_spatial=na
181,Carved walnut snuff box,雕花胡桃木鼻烟盒,C,4.720,26.0,low,C–A,5.55,是,C级依赖“普通、组内最次要”等无外部来源判断；年代、作者或重要provenance可能导致跨Tier。,,缺可确认年代、产地和制作者的PEM馆藏登记记录,PEM登记册、旧展签或美国装饰艺术图录中，“Carved walnut snuff box”对应的馆藏号、年代、产地、制作者和入藏来源是什么？,缺PEM登记记录中的馆藏号、年代、尺寸、产地与制作者；缺该鼻烟盒的可靠provenance、原使用者及入藏经过；缺胡桃木鼻烟盒的存世数量、地域类型及馆内同类比较；缺正反面及细部图像、保存状况和雕刻工艺记录；缺PEM对其在美国装饰艺术收藏中地位的说明,basic_identification=partial date_period=none maker_culture=none historical_significance=none artistic_significance=partial rarity_uniqueness=none institutional_identity=partial category_representativeness=partial cultural_educational=partial provenance_acquisition=none visual_experiential=partial relational_spatial=na
182,Chinese export bamboo folding fan,外销竹骨折扇,B,5.727,35.4,low,C–A,4.84,是,当前B级以未经核实的外销属性和“普通等级”比较为基础；权威断代、工艺或馆藏地位资料可能造成跨Tier。,,缺可确认年代、产地及外销属性的权威目录记录,PEM的亚洲外销艺术图录、登记册或旧展签是否记录“Chinese export bamboo folding fan”的馆藏号、制作年代、广州等具体产地、作坊及西方市场订单依据？,缺确认制作年代、产地、作坊及扇面材料的权威目录记录；缺该扇专为西方市场制作及其贸易路线的直接证据；缺与PEM其他竹骨、象牙骨外销扇的工艺和质量比较；缺同类外销竹扇的存世量、版本与稀缺性资料；缺可靠provenance及PEM入藏记录,basic_identification=partial date_period=none maker_culture=partial historical_significance=partial artistic_significance=partial rarity_uniqueness=none institutional_identity=partial category_representativeness=partial cultural_educational=partial provenance_acquisition=none visual_experiential=partial relational_spatial=na
183,Japanese wood tea caddy,日本木制茶罐,C,4.825,35.4,low,C–A,4.84,是,C级建立在未证实的江户、町人和普通日用品判断上；若断代、作者、功能或provenance不同，可能跨Tier。,,缺可核实年代、产地和实际功能的馆藏记录,PEM登记册、日本艺术旧展签或相关图录如何记录“Japanese wood tea caddy”的年代、产地、铭文、原始名称及其作为町人茶叶储存器的依据？,缺确认年代、产地、制作者、铭文及器物名称的PEM记录；缺其为町人阶层日用茶叶储存器的功能与社会属性依据；缺彩绘层、木材、制作技术、尺寸和保存状况资料；缺与日本同类茶罐及PEM其他生活木器的比较；缺可靠provenance及入藏经过,basic_identification=partial date_period=none maker_culture=partial historical_significance=partial artistic_significance=partial rarity_uniqueness=none institutional_identity=partial category_representativeness=partial cultural_educational=partial provenance_acquisition=none visual_experiential=partial relational_spatial=na
184,Korean iron pot for home cooking,朝鲜家用铁锅,C,4.966,35.4,low,C–A,4.84,是,C级依赖未经核实的家用属性和组内低艺术性判断；断代、器型或稀缺性资料可能导致跨Tier。,,缺可确认年代、器型及家庭用途的专业目录记录,PEM登记册、韩国艺术旧展签或金属器图录中，“Korean iron pot for home cooking”的年代、地区、尺寸、器型名称及判定为家用炊具的依据是什么？,缺年代、地区、尺寸、铁质分析及铸造方式的登记资料；缺其确为家庭烹饪锅而非其他礼仪或工业器具的类型依据；缺朝鲜或韩国同类铁锅的年代序列、存世情况与稀缺性资料；缺与PEM韩国金属器藏品的馆内比较及代表性说明；缺可靠provenance、原使用环境及入藏经过,basic_identification=partial date_period=none maker_culture=partial historical_significance=partial artistic_significance=partial rarity_uniqueness=none institutional_identity=partial category_representativeness=partial cultural_educational=partial provenance_acquisition=none visual_experiential=partial relational_spatial=na
185,Polynesian shell neck ornament,波利尼西亚贝壳颈饰,C,5.261,35.4,low,C–S,6.46,是,当前C级以“平民、常见”断言为主，但对象处于PEM核心收藏领域；精确文化归属或早期航次provenance可能造成显著跨Tier。,,缺具体岛群、年代及采集航次相连的provenance,PEM的大洋洲登记册、早期航海采集清单或旧展签能否把“Polynesian shell neck ornament”对应到具体岛群、社群、原生名称、采集航次和入藏日期？,缺具体岛群、社群、原生名称、制作年代及文化归属；缺贝壳物种、纤维材料、制作技术及佩戴方式资料；缺“平民等级”及个人装饰功能的民族志或社群来源依据；缺采集者、航次、采集地点、日期及PEM入藏provenance；缺同类颈饰存世量及其在PEM大洋洲收藏中地位的比较,basic_identification=partial date_period=none maker_culture=partial historical_significance=partial artistic_significance=partial rarity_uniqueness=none institutional_identity=partial category_representativeness=partial cultural_educational=partial provenance_acquisition=none visual_experiential=partial relational_spatial=na
186,Whaling‑ship carved wooden utensil,捕鲸船自制木雕餐具,C,5.207,33.9,low,C–S,6.61,是,当前C级低估或高估均有可能：关键海事归属尚未证实，而一旦存在明确塞勒姆捕鲸航次provenance，可能显著跨Tier。,,缺可确认船名、航次、年代和制作者的航海provenance,PEM海事登记册、捕鲸航海日志或捐赠档案中，“Whaling-ship carved wooden utensil”与哪艘船、哪次航程、哪名船员及哪笔入藏记录相连？,缺捕鲸船船名、航次、制作年代及船员制作者身份；缺证明该器物确在捕鲸船上制作和使用的同期记录；缺木材、工具痕迹、尺寸、功能和保存状况资料；缺从船员或航海家族到PEM的完整provenance与入藏记录；缺与船员自制餐具、scrimshaw及PEM捕鲸器物的稀缺性比较；缺PEM海事策展资料对该器物馆藏地位的说明,basic_identification=partial date_period=none maker_culture=none historical_significance=partial artistic_significance=partial rarity_uniqueness=none institutional_identity=partial category_representativeness=partial cultural_educational=partial provenance_acquisition=none visual_experiential=partial relational_spatial=na
187,Hand‑colored lithograph of Salem harbor,手工上色塞勒姆港石版画,B,6.002,37.0,low,C–S,6.30,是,当前B级的本地相关性有线索，但旅游版画、版次稀缺性和馆方代表作地位均未核实；新资料可能使其跨越多个Tier。,,缺作者、出版年代、版次及同版存世量的确认,PEM或埃塞克斯研究所旧版画目录中，“Hand-colored lithograph of Salem harbor”的原题、作者、出版者、确切年代、版次为何，同版港景现存多少件？,缺版画原题、作者、出版者、确切年代、版次与尺寸；缺画面所示视点、建筑和港区年代的历史识别；缺印量、手工上色版本差异及同版存世数量；缺与PEM及其他机构所藏塞勒姆港景版画的比较；缺可靠provenance、入藏记录及PEM展陈使用情况；缺高清图像、纸张状况、着色年代及修复记录,basic_identification=partial date_period=partial maker_culture=partial historical_significance=partial artistic_significance=partial rarity_uniqueness=none institutional_identity=partial category_representativeness=partial cultural_educational=partial provenance_acquisition=none visual_experiential=partial relational_spatial=na
188,Safavid textile fragment floral pattern,萨法维花卉织物残片,C,4.910,37.0,low,C–A,4.73,是,当前C级在未验证萨法维归属和织造质量的情况下形成；专业断代、技术分析或重要provenance可能导致跨Tier。,,缺支持萨法维断代与产地归属的技术和学术依据,PEM登记册或伊斯兰织物图录以何种织造结构、纤维染料和纹样比较，将“Safavid textile fragment floral pattern”断为萨法维时期及具体制作中心？,缺确认萨法维断代、制作中心及归属依据的专业记录；缺织物组织、纤维、染料、金属线及制作技术分析；缺残片尺寸、边缘、保存状况及高清正反面图像；缺原织物用途、纹样来源及可复原构图的研究；缺与已发表萨法维丝织物及PEM伊斯兰织物的比较；缺可靠provenance及入藏记录,basic_identification=partial date_period=partial maker_culture=partial historical_significance=partial artistic_significance=partial rarity_uniqueness=none institutional_identity=partial category_representativeness=partial cultural_educational=partial provenance_acquisition=none visual_experiential=partial relational_spatial=na
189,Etruscan terracotta votive figurine,伊特鲁里亚陶制还愿小造像,C,4.970,37.0,low,C–A,4.73,是,当前C级依赖未证实的“粗简、普通”判断；考古背景、断代、图像身份或稀缺性资料可能导致跨Tier。,,缺可验证文化归属、年代和还愿功能的考古provenance,PEM登记册、古代地中海旧展签或考古出版物是否记录“Etruscan terracotta votive figurine”的出土地、确切年代、图像身份及判定为神庙还愿物的依据？,缺确切年代、伊特鲁里亚地区、作坊及类型学归属；缺所表现人物、神祇或身体部位的图像学识别；缺证明其为神庙还愿物的出土环境或类型学依据；缺尺寸、模制或手塑技术、颜料痕迹、真伪与修复记录；缺出土地、旧藏、出口及PEM入藏的完整provenance；缺同类型陶制还愿像存世量与质量比较,basic_identification=partial date_period=partial maker_culture=partial historical_significance=partial artistic_significance=partial rarity_uniqueness=none institutional_identity=partial category_representativeness=partial cultural_educational=partial provenance_acquisition=none visual_experiential=partial relational_spatial=na
190,"Venetian glass drinking goblet, 17th‑century",17世纪威尼斯玻璃高脚杯,B,5.665,37.0,low,C–A,4.73,是,当前B级的核心断代和产地均未经权威核实；若归属、完整度、稀缺性或provenance变化，可能跨Tier。,,缺支持十七世纪威尼斯归属的玻璃专家鉴定,"PEM登记册、欧洲玻璃图录或专家鉴定以哪些器型、吹制痕迹和材料特征，将“Venetian glass drinking goblet, 17th-century”断为十七世纪威尼斯或穆拉诺制品？",缺玻璃专家确认十七世纪威尼斯或穆拉诺归属的依据；缺作坊、器型名称、吹制技法、玻璃成分及工具痕迹资料；缺尺寸、完整度、后配部件、病害及修复记录；缺同类威尼斯高脚杯的存世数量、质量和市场或馆藏比较；缺可靠provenance及PEM入藏记录；缺PEM对其在欧洲玻璃收藏中代表性的说明,basic_identification=partial date_period=partial maker_culture=partial historical_significance=partial artistic_significance=partial rarity_uniqueness=none institutional_identity=partial category_representativeness=partial cultural_educational=partial provenance_acquisition=none visual_experiential=partial relational_spatial=na
191,American folk carved animal figure,美国民间木雕小动物,C,5.030,27.6,low,C–A,5.43,是,当前C级依赖“最小、最次要、辨识度最低”等未见实物和比较记录的判断；作者、功能或provenance可能导致跨Tier。,,缺可确认年代、地区、作者和原始功能的馆藏记录,PEM登记册、美国民间艺术旧展签或捐赠档案中，“American folk carved animal figure”表现何种动物，制作于何时何地，由谁制作，原作何用？,缺动物种类、制作年代、美国具体地区及制作者资料；缺确认其原始功能为摆件而非玩具、招牌或其他器物的依据；缺木材、彩绘层、尺寸、工具痕迹及修复状况资料；缺前藏家、民间艺术收藏体系及PEM入藏provenance；缺作者归属、同类存世数量及与PEM其他民间木雕的比较；缺完整图像及PEM对其艺术地位的说明,basic_identification=partial date_period=none maker_culture=partial historical_significance=none artistic_significance=partial rarity_uniqueness=none institutional_identity=partial category_representativeness=partial cultural_educational=partial provenance_acquisition=none visual_experiential=partial relational_spatial=na
192,Chinese Qing‑dynasty scholar’s rock miniature,清代文人小供石,B,6.095,37.0,low,C–A,4.73,是,当前B级由清代归属、西方流通和馆内唯一等未核实说法支撑；对象分类或provenance一旦改变，可能跨Tier。,,缺确认清代供石属性及西方流通provenance的权威记录,PEM中国艺术或亚洲外销艺术登记册如何记录“Chinese Qing-dynasty scholar’s rock miniature”的石种、清代断代、底座铭文、原藏家及其进入西方收藏市场的证据？,缺确认清代断代及其为文人供石而非普通石饰件的依据；缺石种、产地、天然或人工加工方式、底座及铭文资料；缺尺寸、形态、孔洞、表面、保存状况及多角度图像；缺其为西方收藏者流通对象的交易、收藏或出口记录；缺可靠provenance、原藏家及PEM入藏经过；缺与PEM其他文房清供、赏石及外销对象的馆内比较；缺“馆内唯一”及其代表不同审美路径的馆方证明,basic_identification=partial date_period=partial maker_culture=partial historical_significance=partial artistic_significance=partial rarity_uniqueness=none institutional_identity=partial category_representativeness=partial cultural_educational=partial provenance_acquisition=none visual_experiential=partial relational_spatial=na
193,Japanese bamboo flower vase,日本竹制花入,C,5.060,23.4,low,C–B,2.41,是,当前C级所依据的“常规产出”没有可核验依据；作者、年代或重要来源记录可能使判断跨Tier。,,PEM权威编目记录，包括馆藏号、年代、作者或工坊及来源链。,PEM馆藏档案中哪件藏品对应“Japanese bamboo flower vase”，其馆藏号、年代、作者或工坊、入藏来源及展览出版记录为何？,缺PEM权威编目中的馆藏号、准确年代、制作地及作者或工坊归属。；缺竹材种类、编织技法、款识及修复状况的鉴定记录。；缺收藏者、转手过程、捐赠或购藏日期等可靠来源链。；缺该花入与日本同类竹器的比较及存世稀缺性资料。；缺PEM对其在日本艺术收藏、展览或出版物中地位的说明。,basic_identification=partial date_period=none maker_culture=partial historical_significance=none artistic_significance=none rarity_uniqueness=none institutional_identity=partial category_representativeness=partial cultural_educational=partial provenance_acquisition=none visual_experiential=partial relational_spatial=na
194,Māori woven basket,毛利编织储物篮,C,4.960,23.4,low,C–B,2.41,是,将其判作纯实用器并列为同组最低缺少来源与比较证据；年代、文化归属或历史采集背景可能导致跨Tier。,,可核验的馆藏登记与来源记录，包括年代、iwi或地区、编织者和采集经过。,PEM大洋洲馆藏登记簿中对应“Māori woven basket”的馆藏号是什么，记录的毛利语名称、iwi或地区、年代、编织者、采集者与入藏日期为何？,缺馆藏号、年代、尺寸、植物材料种类及编织技法的权威编目。；缺毛利语器名、编织者、iwi或地区归属及传统用途记录。；缺采集者、采集地点、相关航行及入藏日期构成的来源链。；缺与PEM及其他权威馆藏中毛利篮具的数量、工艺和稀缺性比较。；缺PEM是否将其用于大洋洲代表性陈列、展览或出版的记录。,basic_identification=partial date_period=none maker_culture=partial historical_significance=none artistic_significance=none rarity_uniqueness=none institutional_identity=partial category_representativeness=partial cultural_educational=partial provenance_acquisition=none visual_experiential=partial relational_spatial=na
195,Salem ship‑captain’s brass seal stamp,塞勒姆船长黄铜私章,B,5.812,31.2,low,C–A,5.16,是,当前B级依赖尚未核实的“塞勒姆船长”身份及船舶文书用途；具体人物、船舶和来源可能显著改变判断。,,私章所属船长及关联船舶的可核验身份。,PEM登记册与塞勒姆航运档案能否将该黄铜私章对应到具体船长和船舶，并以铭文、钤印、年代及来源链交叉验证？,缺私章原属船长、关联船舶、航线及历史事件的可核验身份资料。；缺制作年代、制作者、完整铭文、纹章图案及实际钤印的记录。；缺历任持有人、捐赠者或购藏来源及其是否属于早期馆藏的记录。；缺塞勒姆船长私章及航海文书印章的存世数量与同类比较。；缺PEM在海事展览、图录或馆史中对该私章地位的正式说明。,basic_identification=partial date_period=none maker_culture=partial historical_significance=partial artistic_significance=none rarity_uniqueness=none institutional_identity=partial category_representativeness=partial cultural_educational=partial provenance_acquisition=none visual_experiential=partial relational_spatial=na
196,Miniature watercolor of Yin Yu Tang courtyard,荫余堂庭院微型水彩稿,B,5.750,30.5,low,C–A,5.21,是,当前B级主要依赖未经证实的迁建记录功能；若它是正式项目档案或仅为后期习作，均可能导致跨Tier复核。,,该水彩与荫余堂测绘、拆解及重建工程之间的档案性关联。,PEM荫余堂迁建档案是否收录这件庭院微型水彩；若收录，其作者、日期、项目阶段、档案编号及所依据的测绘资料为何？,缺馆藏号、作者、创作年代、尺寸及委托背景的权威编目记录。；缺其是否产生于荫余堂测绘、拆解、运输或重建阶段的项目档案。；缺该水彩所依据的现场测量、照片或原始建筑图纸及其记录准确性评估。；缺作品的委托、保管、移交与入藏经过。；缺其在全部荫余堂迁建图档中的数量稀缺性、解释作用及馆方定位。,basic_identification=partial date_period=none maker_culture=none historical_significance=partial artistic_significance=none rarity_uniqueness=none institutional_identity=partial category_representativeness=partial cultural_educational=partial provenance_acquisition=none visual_experiential=partial relational_spatial=partial
