seq,名称EN,名称CN,当前Tier,Core,完备度,Tier可信度,潜在区间,研究优先级,需复核,复核原因,去推断后仍成立,最关键缺失证据,建议研究问题,缺失证据全部,12项判定
1,Wood‑carved Water‑Moon Guanyin,水月观音木雕,S,9.181,44.8,low,B–S,5.52,是,十二世纪山西归属及海外精品地位均是当前S的核心依据，但现无权威对象记录或比较研究。,否,MFA对象记录及学术图录对十二世纪山西归属的确认。,MFA如何著录这尊水月观音的登录号、断代与山西归属，宋代佛教木雕图录又如何评价它在海外存世同类中的位置？,缺MFA对象记录确认登录号、断代、山西归属、材质及尺寸。；缺宋代水月观音木雕存世谱系及该像艺术品质的权威比较。；缺该像旧藏、交易及MFA入藏记录。,basic_identification=partial date_period=partial maker_culture=partial historical_significance=partial artistic_significance=partial rarity_uniqueness=partial institutional_identity=partial category_representativeness=partial cultural_educational=partial provenance_acquisition=none visual_experiential=partial relational_spatial=na
2,The Daughters of Edward Darley Boit,爱德华·达利·博伊特的女儿们,S,9.488,48.5,high,S,1.08,是,现有cultural_context=日本由花瓶描述误抽取，与萨金特作品及美国艺术展厅语境冲突，属于明显元数据错误。,否,MFA对象记录对作者规范名及文化语境字段的确认。,MFA登录号19.124的官方记录如何规范作者与文化语境，馆方档案又如何说明现陈日本花瓶与画作及博伊特家陈设的关系？,需以MFA对象记录核对作者规范名，并纠正因日本花瓶误抽取的“日本”文化语境字段。；缺萨金特专题图录对该作在其群像画及创作生涯中位置的直接引证。；缺档案核实画中花瓶、博伊特家原陈设与现今共陈花瓶之间的关系。,basic_identification=full date_period=full maker_culture=partial historical_significance=partial artistic_significance=partial rarity_uniqueness=partial institutional_identity=partial category_representativeness=partial cultural_educational=partial provenance_acquisition=none visual_experiential=partial relational_spatial=partial
3,The Great Wave off Kanagawa,神奈川冲浪里,S,9.142,35.4,low,C–S,6.46,是,未锁定MFA具体印本；印次、版态及保存质量可能显著改变这件单件版画的优先级。,否,锁定MFA具体印本的登录号、印次与版态。,MFA地下层31所指《神奈川冲浪里》是哪一登录号和印次，其色泽、套准与磨损状况在MFA其他北斋印本及主要馆藏本中处于何种水平？,缺MFA登录号、印制年代、印次及版面状态，无法锁定具体印本。；缺纸张、色泽、套准、磨损和保存状况的印本鉴定及同类比较。；缺该印本的来源、入藏方式及因纸本保护而进行的展出轮换记录。,basic_identification=partial date_period=none maker_culture=partial historical_significance=partial artistic_significance=partial rarity_uniqueness=none institutional_identity=partial category_representativeness=partial cultural_educational=partial provenance_acquisition=none visual_experiential=partial relational_spatial=na
4,The Slave Ship,奴隶船,S,9.506,50.0,high,S,1.00,,,否,权威研究对废奴主题及艺术家意图的文献核实。,MFA登录号99.22的对象记录与透纳专题研究如何解释所涉弃奴索赔事件、图像来源及作品在其生涯中的位置？,缺权威研究核实所涉弃奴索赔事件、图像来源及透纳的废奴意图。；缺透纳专题图录对该作在其海景及创作生涯中位置的直接引证。；缺完整来源、MFA入藏经过及重要展览记录。,basic_identification=full date_period=full maker_culture=full historical_significance=partial artistic_significance=partial rarity_uniqueness=partial institutional_identity=partial category_representativeness=partial cultural_educational=partial provenance_acquisition=none visual_experiential=partial relational_spatial=na
5,Dance at Bougival,布吉瓦尔舞会,S,9.205,42.2,medium,A–S,4.05,是,当前S依赖其在雷诺阿及MFA印象派藏品中的顶端位置，但馆内与专题比较证据均缺失。,否,该作在MFA印象派收藏中的比较位置与正式优先级。,MFA官网、导览和展览史是否持续将登录号37.375列为印象派必看作品，雷诺阿专题图录又如何比较它与其他舞会题材作品？,缺MFA对该作在馆内印象派收藏及短访路线中优先级的正式说明。；缺雷诺阿专题图录将该作与其他舞会题材作品进行规模、构图和艺术地位比较。；缺完整来源、入藏经过及重要展览记录。,basic_identification=full date_period=full maker_culture=full historical_significance=partial artistic_significance=partial rarity_uniqueness=none institutional_identity=partial category_representativeness=partial cultural_educational=partial provenance_acquisition=none visual_experiential=partial relational_spatial=na
6,Where Do We Come From? What Are We? Where Are We Going?,我们从哪里来？我们是谁？我们往何处去？,S,9.726,50.0,high,S,1.00,,,否,专题图录对尺幅纪录及生涯总结性地位的核实。,MFA登录号36.270的对象记录、高更专题图录及艺术家书信如何核实其准确尺幅、生涯位置和图像阅读次序？,缺高更专题图录核实该作的准确尺幅及其生涯总结性地位。；缺艺术家书信和同期文献对哲学主题、图像次序及塔希提语境的直接说明。；缺完整来源、入藏经过及国际展览史。,basic_identification=full date_period=full maker_culture=full historical_significance=partial artistic_significance=partial rarity_uniqueness=partial institutional_identity=partial category_representativeness=partial cultural_educational=partial provenance_acquisition=none visual_experiential=partial relational_spatial=na
7,Sons of Liberty Bowl,自由之子银碗,S,9.086,43.2,high,S,3.02,,,否,MFA对象记录中的登录信息与完整铭文释读。,MFA如何著录自由之子银碗的登录号、年代与铭文，保罗·里维尔银器图录和波士顿同期档案如何说明其委托与抗税用途？,缺MFA对象记录中的登录号、年代、尺寸、银质及完整铭文释读。；缺同期档案说明委托者、原始用途及政治活动中的具体使用方式。；缺历次所有者、家族传承链及MFA入藏记录。；缺保罗·里维尔银器及殖民地政治银器的存世比较。,basic_identification=partial date_period=none maker_culture=partial historical_significance=partial artistic_significance=partial rarity_uniqueness=partial institutional_identity=partial category_representativeness=partial cultural_educational=partial provenance_acquisition=none visual_experiential=partial relational_spatial=na
8,The Fog Warning,雾的警告,S,8.942,42.2,medium,A–S,4.05,是,当前S依赖该作在荷马海洋画及MFA美国绘画中的顶端位置，但两项比较依据均未落实到外部资料。,否,该作在荷马生涯及MFA美国绘画中的比较位置。,荷马专题图录如何评价MFA登录号94.72在其海洋画中的位置，MFA官网、导览及展览史是否持续将其列为美国绘画短访首选？,缺荷马专题图录对该作在其海洋题材及创作生涯中位置的评价。；缺与MFA其他荷马海景、渔民题材及美国绘画旗舰作品的馆内比较。；缺完整来源、入藏经过及重要展览和出版记录。,basic_identification=full date_period=full maker_culture=full historical_significance=partial artistic_significance=partial rarity_uniqueness=none institutional_identity=partial category_representativeness=partial cultural_educational=partial provenance_acquisition=none visual_experiential=partial relational_spatial=na
9,Head of Ankhhaf,安克哈夫头像,S,9.695,50.0,high,S,1.00,,,否,吉萨发掘档案中的墓葬编号、发掘号与原始位置。,MFA与哈佛吉萨档案如何记录安克哈夫头像的发掘号、墓葬、具体出土地和分配经过，古王国肖像雕塑研究又如何比较其写实程度？,缺吉萨发掘档案中的发掘号、墓葬编号、具体出土地及原始位置。；缺MFA对象记录中的准确断代、尺寸、彩绘状况及修复历史。；缺发掘分配、所有权转移及MFA入藏文件。；缺古王国个体化肖像雕塑的存世数量与写实程度比较。,basic_identification=partial date_period=partial maker_culture=partial historical_significance=partial artistic_significance=partial rarity_uniqueness=partial institutional_identity=partial category_representativeness=partial cultural_educational=partial provenance_acquisition=partial visual_experiential=partial relational_spatial=na
10,Colossal Statue of Juno,朱诺巨型大理石像,A,8.729,44.8,low,B–S,5.52,是,全美最大纪录及古代原件完整程度均是现有判断的核心依据，却缺测量比较与技术报告。,否,全美最大纪录的测量依据及古代原件范围。,MFA如何著录朱诺巨像的古代与现代部分及总高度；按统一口径比较美国主要博物馆巨型古典大理石像后，“全美最大”是否成立？,缺MFA对象记录确认登录号、年代、准确尺寸、原始身份及古代部分范围。；缺“美国现存最大古典大理石像”的统一测量标准及全国比较清单。；缺技术报告区分残缺、古代重雕、现代补配及修复范围。；缺来源、入藏经过及当前展厅视线和展示作用记录。,basic_identification=partial date_period=partial maker_culture=partial historical_significance=partial artistic_significance=partial rarity_uniqueness=partial institutional_identity=partial category_representativeness=partial cultural_educational=partial provenance_acquisition=none visual_experiential=partial relational_spatial=na
11,La Japonaise,和服女子,A,9.002,35.4,high,A,2.90,是,现有cultural_context=日本把日本主义题材误作作品文化归属，与莫奈作者及印象派展厅语境冲突。,否,MFA对象记录对作者、日期及文化语境字段的核对。,MFA官方对象记录如何著录《和服女子》的作者、日期与文化语境，莫奈专题图录和日本主义研究又如何界定其生涯位置与题材性质？,需以MFA对象记录核对作者、日期和登录号，并区分作品文化归属与日本主义题材标签。；缺莫奈专题图录对该作在其人物画和创作生涯中位置的评价。；缺日本主义研究对和服、扇面背景及文化表演语境的直接引证。；缺与MFA其他莫奈作品在展示频率和馆藏功能上的比较。,basic_identification=partial date_period=none maker_culture=partial historical_significance=partial artistic_significance=partial rarity_uniqueness=none institutional_identity=partial category_representativeness=partial cultural_educational=partial provenance_acquisition=none visual_experiential=partial relational_spatial=na
12,Postman Joseph Roulin,邮差约瑟夫·鲁林,A,8.667,50.0,high,A,3.25,,,否,该馆藏本在鲁林肖像系列中的版本与次序。,MFA登录号35.1982对应鲁林肖像系列中的哪一专题目录条目和创作次序，其与其他馆藏版本在日期、构图及保存质量上有何差异？,缺该馆藏本在鲁林肖像系列中的具体版本、次序及关联作品信息。；缺梵高专题图录对该作在阿尔勒肖像及艺术家生涯中的评价。；缺鲁林肖像系列的存世数量、馆藏分布及版本质量比较。；缺完整来源、入藏经过及与MFA其他梵高作品的馆内比较。,basic_identification=full date_period=full maker_culture=full historical_significance=partial artistic_significance=partial rarity_uniqueness=partial institutional_identity=partial category_representativeness=partial cultural_educational=partial provenance_acquisition=none visual_experiential=partial relational_spatial=na
13,"Lullaby, Madame Augustine Roulin Rocking a Cradle",摇摇篮的鲁林夫人,A,8.329,44.8,high,A,3.57,,,否,缺梵高作品总目录对本件F/JH编号、版本次序及系列位置的说明,MFA藏品号48.548在现行梵高作品目录中的F/JH编号、创作次序和《摇篮曲》各版本比较评价分别是什么？,缺MFA官方记录对藏品号48.548、现行题名、年代、媒材和作者的核实；缺梵高作品总目录对本件F/JH编号、版本次序及系列位置的说明；缺本件完整流传、展览及MFA入藏记录；缺本件与MFA其他梵高及后印象派作品的馆藏地位比较,basic_identification=partial date_period=partial maker_culture=partial historical_significance=partial artistic_significance=partial rarity_uniqueness=partial institutional_identity=partial category_representativeness=partial cultural_educational=partial provenance_acquisition=none visual_experiential=partial relational_spatial=na
14,Water Lilies,睡莲,A,8.425,44.8,low,B–S,5.52,是,通名尚不能唯一定位对象，而尺寸、序列阶段和馆内地位正是当前Tier的重要依据。,否,缺MFA官方记录中的准确题名、藏品号、年代、尺寸和媒材，以确定具体是哪件《睡莲》,MFA所列这件《睡莲》的藏品号、年代、尺寸和作品总目录编号是什么，它是否被馆方列为莫奈收藏精选或长期重点展品？,缺MFA官方记录中的准确题名、藏品号、年代、尺寸和媒材，以确定具体是哪件《睡莲》；缺莫奈作品总目录编号及本件在《睡莲》序列中的阶段和版本定位；缺作品图像、实测尺寸及展陈记录以核验“沉浸性”论断；缺本件的流传、展览与MFA入藏记录；缺本件与MFA其他莫奈作品在品质、展示频率和馆藏地位上的比较,basic_identification=partial date_period=partial maker_culture=partial historical_significance=partial artistic_significance=partial rarity_uniqueness=partial institutional_identity=partial category_representativeness=partial cultural_educational=partial provenance_acquisition=none visual_experiential=partial relational_spatial=na
15,Little Dancer of Fourteen Years,十四岁的小舞者,A,7.899,44.8,high,A,2.15,,,否,缺MFA官方记录中的藏品号、铸造年代、尺寸、材质和铸造厂,MFA这件《十四岁的小舞者》的藏品号、铸造厂、铸造批次和授权依据是什么，它在德加青铜版目录中对应哪一条？,缺MFA官方记录中的藏品号、铸造年代、尺寸、材质和铸造厂；缺权威资料对本件与原蜡像及1881年生前展出作品关系的说明；缺青铜铸本总数、批次、序号及授权体系资料；缺本件的流传、入藏及展览记录；缺本件在MFA欧洲雕塑收藏中的馆藏地位说明,basic_identification=partial date_period=partial maker_culture=partial historical_significance=partial artistic_significance=partial rarity_uniqueness=partial institutional_identity=partial category_representativeness=partial cultural_educational=partial provenance_acquisition=none visual_experiential=partial relational_spatial=na
16,Copy of Zhang Xuan’s Court Ladies Preparing Newly‑Woven Silk,捣练图（宋徽宗摹本）,S,9.306,44.8,low,B–S,5.52,是,宋代断代、宋徽宗归属和摹本性质均直接支撑当前S级，现有资料没有权威来源。,否,缺最新学术研究对宋徽宗归属、宋代断代及与张萱原作关系的判断,MFA现行记录及近二十年权威图录将《捣练图》断为哪个时期，是否仍归宋徽宗，并如何界定它与张萱原作的关系？,缺MFA官方记录中的藏品号、现行断代、作者归属、材质和尺寸；缺最新学术研究对宋徽宗归属、宋代断代及与张萱原作关系的判断；缺印鉴、题跋、装裱和历代著录中可用于检验断代与摹本性质的证据；缺相关摹本和衍生图像的存世清单及比较评价；缺MFA官方或权威图录确认本卷为中国绘画核心馆藏的材料,basic_identification=partial date_period=partial maker_culture=partial historical_significance=partial artistic_significance=partial rarity_uniqueness=partial institutional_identity=partial category_representativeness=partial cultural_educational=partial provenance_acquisition=none visual_experiential=partial relational_spatial=na
17,Dragon Scroll by Chen Rong,九龙图卷,S,9.586,44.8,high,S,1.10,,,否,缺MFA官方记录中的藏品号、现行断代、作者归属、材质和尺寸,MFA现行记录如何著录《九龙图卷》的藏品号、断代和陈容归属，最新权威图录是否明确将其列为馆藏代表作？,缺MFA官方记录中的藏品号、现行断代、作者归属、材质和尺寸；缺题跋、印鉴、历代著录、流传及MFA入藏链条的完整研究；缺支持陈容归属的款识、笔墨和技术研究汇总；缺公认陈容龙图作品的存世清单及本卷比较评价；缺MFA官方或权威图录对本卷标志性馆藏地位的明确说明,basic_identification=partial date_period=partial maker_culture=partial historical_significance=partial artistic_significance=partial rarity_uniqueness=partial institutional_identity=partial category_representativeness=partial cultural_educational=partial provenance_acquisition=none visual_experiential=partial relational_spatial=na
18,Ramses II Colossal Statue,拉美西斯二世花岗岩巨像,A,8.974,40.5,low,B–S,5.95,是,具体对象和发掘语境都未被权威记录确认，而二者正是当前Tier的主要依据。,否,缺哈佛—MFA发掘档案中的遗址、探方、出土位置、田野编号和发现日期,MFA所称拉美西斯二世花岗岩巨像的藏品号、实测尺寸和田野编号是什么，哈佛—MFA档案将其定位于哪处遗址及哪座原建筑？,缺MFA官方记录中的藏品号、准确王名、年代、尺寸、完整度及修复情况；缺哈佛—MFA发掘档案中的遗址、探方、出土位置、田野编号和发现日期；缺巨像原属建筑、纪念性布局及重建依据；缺与MFA及其他机构拉美西斯二世巨像的尺度、品质和稀缺性比较；缺发掘品分配、运输及正式入藏记录,basic_identification=partial date_period=partial maker_culture=partial historical_significance=partial artistic_significance=partial rarity_uniqueness=none institutional_identity=partial category_representativeness=partial cultural_educational=partial provenance_acquisition=partial visual_experiential=partial relational_spatial=none
19,Apollo of Mantiklos,曼提克洛斯阿波罗,A,7.886,44.8,high,A,2.11,,,否,缺奉献铭文原文、释读、翻译、字形断代及争议综述,MFA现行记录及最新铭文学研究如何转写和翻译曼提克洛斯铭文，并如何判断人物是否为阿波罗及曼提克洛斯的身份？,缺MFA官方记录中的藏品号、年代、尺寸、材质分析和现行名称；缺奉献铭文原文、释读、翻译、字形断代及争议综述；缺“阿波罗”身份及曼提克洛斯是奉献者还是制作者的权威研究；缺发现地点、早期流传及MFA入藏记录；缺同期有铭文青铜奉献像的存世数量与比较评价,basic_identification=partial date_period=partial maker_culture=partial historical_significance=partial artistic_significance=partial rarity_uniqueness=partial institutional_identity=partial category_representativeness=partial cultural_educational=partial provenance_acquisition=none visual_experiential=partial relational_spatial=na
20,Parakeets and Gold Fish Bowl,鹦鹉与金鱼缸,A,8.463,35.5,medium,B–A,4.69,是,蒂芙尼设计与制造归属尚未官核，而这一归属及原始建筑语境会直接影响当前Tier。,否,缺MFA官方记录中的藏品号、年代、设计者与制造商归属,MFA官方记录把《鹦鹉与金鱼缸》的设计与制造分别归给谁，其原始委托建筑和安装房间为何，并如何评价它在蒂芙尼窗中的地位？,缺MFA官方记录中的藏品号、年代、设计者与制造商归属；缺原始委托人、安装建筑、房间位置及拆移历史；缺本件在蒂芙尼彩色玻璃作品及MFA美国装饰艺术中的比较地位；缺玻璃种类、制作技术、修复及保存状态资料；缺本件后续流传与MFA正式入藏记录,basic_identification=partial date_period=partial maker_culture=partial historical_significance=partial artistic_significance=partial rarity_uniqueness=none institutional_identity=partial category_representativeness=partial cultural_educational=partial provenance_acquisition=none visual_experiential=partial relational_spatial=none
21,Portrait of Paul Revere,保罗·里维尔肖像,S,9.193,44.8,high,S,2.46,,,否,缺MFA将本件列入馆藏精选、固定导览或核心教育材料的记录,MFA是否在馆藏精选、常设导览和美国艺术教育材料中持续突出《保罗·里维尔肖像》，其官方作品页如何解释银匠劳动形象？,缺MFA官方记录中的藏品号、创作年代、尺寸、签名和技术资料；缺委托背景、早期所有者、完整流传及MFA入藏记录；缺权威研究对银匠形象、殖民社会及革命记忆的作品级分析；缺本件与MFA其他科普利及殖民时期肖像的比较研究；缺MFA将本件列入馆藏精选、固定导览或核心教育材料的记录,basic_identification=partial date_period=partial maker_culture=partial historical_significance=partial artistic_significance=partial rarity_uniqueness=partial institutional_identity=partial category_representativeness=partial cultural_educational=partial provenance_acquisition=none visual_experiential=partial relational_spatial=na
22,Haystack at Sunset,干草堆·日落,A,8.834,44.8,high,A,3.03,,,否,缺莫奈作品总目录编号及本件在干草堆系列中的创作顺序、季节和光照定位,MFA这件《干草堆·日落》的藏品号和作品总目录编号是什么，它在干草堆系列的创作顺序、季节与光照组别中处于何处？,缺MFA官方记录中的原文题名、藏品号、年代、尺寸和媒材；缺莫奈作品总目录编号及本件在干草堆系列中的创作顺序、季节和光照定位；缺本件与其他干草堆版本在品质、稀缺性和学术关注度上的比较；缺本件的流传、展览与MFA入藏记录；缺本件与MFA其他莫奈作品在展示频率和馆藏地位上的比较,basic_identification=partial date_period=partial maker_culture=partial historical_significance=partial artistic_significance=partial rarity_uniqueness=partial institutional_identity=partial category_representativeness=partial cultural_educational=partial provenance_acquisition=none visual_experiential=partial relational_spatial=na
23,Psyche,普赛克,A,7.230,35.5,low,C–A,4.84,是,作品类型、版本关系和实际作者均未确认，而当前Tier接近边界，这些答案可能导致显著变化。,否,缺权威资料说明本件是独立构图、大型作品片段还是既有模型版本,MFA这件《普赛克》的藏品号及罗丹作品目录条目是什么，它究竟是独立构图、较大作品片段还是既有模型版本，实际执刀者是谁？,缺MFA官方记录中的完整题名、藏品号、年代、尺寸及署名方式；缺权威资料说明本件是独立构图、大型作品片段还是既有模型版本；缺大理石实际雕刻者、工作室参与方式及罗丹授权情况；缺其他《普赛克》或相关构图版本的数量、材质和比较评价；缺本件的委托、流传及MFA入藏记录,basic_identification=partial date_period=partial maker_culture=partial historical_significance=partial artistic_significance=partial rarity_uniqueness=none institutional_identity=partial category_representativeness=partial cultural_educational=partial provenance_acquisition=none visual_experiential=partial relational_spatial=none
24,Head of Tutankhamun,图坦卡蒙头像,A,8.211,35.5,low,C–A,4.84,是,图坦卡蒙身份尚无证据支撑，而这一归属直接决定作品的历史意义与公众吸引力。,否,缺将头像识别为图坦卡蒙的铭文、出土语境、肖像学或风格学依据,MFA用哪些铭文、出土记录、肖像学或风格学证据把这件砂岩头像识别为图坦卡蒙，它与哪些公认肖像进行了比较？,缺MFA官方记录中的藏品号、准确年代、尺寸、完整度及修复信息；缺将头像识别为图坦卡蒙的铭文、出土语境、肖像学或风格学依据；缺发现地点、田野编号、发掘经过、分配及MFA入藏记录；缺头像原属雕像类型、原始尺度及可能建筑语境的重建研究；缺与公认图坦卡蒙肖像及MFA其他王室头像的比较评价,basic_identification=partial date_period=partial maker_culture=partial historical_significance=partial artistic_significance=partial rarity_uniqueness=none institutional_identity=partial category_representativeness=partial cultural_educational=partial provenance_acquisition=none visual_experiential=partial relational_spatial=none
25,"Aphrodite, “Boston Aphrodite”",波士顿阿芙洛狄忒,A,7.826,44.8,medium,B–A,2.90,是,原型归类、保存质量和同型比较均是当前层级的主要依据，答案不同可能使层级下移。,否,缺古典雕塑图录对其希腊原型、罗马复制类型及保存完整度的论证。,MFA古典雕塑图录如何断代并归类“Boston Aphrodite”，其完整度与雕刻质量在同型罗马摹本中处于何种位置？,缺MFA官方记录确认“Boston Aphrodite”的登录号、断代及馆藏身份。；缺古典雕塑图录对其希腊原型、罗马复制类型及保存完整度的论证。；缺同型阿芙洛狄忒的存世数量及与主要实例的质量比较。；缺可靠的旧藏与MFA入藏经过。,basic_identification=partial date_period=partial maker_culture=partial historical_significance=partial artistic_significance=partial rarity_uniqueness=partial institutional_identity=partial category_representativeness=partial cultural_educational=partial provenance_acquisition=none visual_experiential=partial relational_spatial=na
26,Five‑Coloured Parrot Scroll,五色鹦鹉图卷,S,9.243,44.8,medium,A–S,3.86,是,宋徽宗归属与世界级稀缺性是当前最高层级的核心依据，鉴定结论不同可能使层级下降。,否,缺权威宋画研究对题跋、印鉴、绢本年代及宋徽宗归属层级的结论。,MFA馆藏记录及权威宋画图录将《五色鹦鹉图卷》标为宋徽宗真迹、归属作还是传承作？其在公认徽宗花鸟画存世作品中处于何种位置？,缺MFA官方记录确认登录号、年代、材质及当前作者归属措辞。；缺权威宋画研究对题跋、印鉴、绢本年代及宋徽宗归属层级的结论。；缺公认宋徽宗花鸟画存世清单及本卷与其比较。；缺MFA在代表作、重点出版与展览中如何定位本卷的证据。；缺可靠的旧藏及MFA入藏经过。,basic_identification=partial date_period=partial maker_culture=partial historical_significance=partial artistic_significance=partial rarity_uniqueness=partial institutional_identity=partial category_representativeness=partial cultural_educational=partial provenance_acquisition=none visual_experiential=partial relational_spatial=na
27,Boys in a Pasture,牧场少年,A,8.240,50.0,medium,B–A,2.97,是,作品身份稳定，但其在霍默生涯及MFA馆内的相对地位决定当前层级能否成立。,否,缺其与MFA《雾的警告》等霍默作品在质量、展览频率及馆藏地位上的比较。,霍默作品全集如何定位1874年的《牧场少年》，MFA又是否在代表作、常设展及出版物中将其置于《雾的警告》等馆藏霍默作品之前或同列？,缺霍默作品全集或学术专著对《牧场少年》创作阶段与生涯位置的说明。；缺其与MFA《雾的警告》等霍默作品在质量、展览频率及馆藏地位上的比较。；缺可靠的旧藏及MFA入藏记录。；缺尺寸、保存状态及技术检查资料。,basic_identification=full date_period=full maker_culture=full historical_significance=partial artistic_significance=partial rarity_uniqueness=partial institutional_identity=partial category_representativeness=partial cultural_educational=partial provenance_acquisition=none visual_experiential=partial relational_spatial=na
28,Madame Monet and Her Son,莫奈夫人与她的儿子,A,8.245,37.0,low,C–A,4.73,是,对象身份、作者与MFA馆藏归属均未确认，并有同名馆藏混淆线索，足以改变当前层级。,否,缺MFA官方记录确认是否收藏该题名对象及其登录号、作者、年代和图像。,MFA藏品库是否存在题为《莫奈夫人与她的儿子》的对象，其作者和登录号为何？该对象与华盛顿所藏同名作品的图像、尺寸及来源是否相同？,缺MFA官方记录确认是否收藏该题名对象及其登录号、作者、年代和图像。；缺与华盛顿所藏同名作品在作者、构图、尺寸、来源及登录信息上的逐项核对。；若MFA确有独立对象，缺作品全集对其身份及创作生涯位置的著录。；缺可靠的旧藏与MFA入藏经过。,basic_identification=partial date_period=partial maker_culture=partial historical_significance=partial artistic_significance=partial rarity_uniqueness=partial institutional_identity=none category_representativeness=partial cultural_educational=partial provenance_acquisition=none visual_experiential=partial relational_spatial=na
29,Cupid and Psyche,丘比特与普赛克,A,8.200,37.0,low,C–A,4.73,是,“完整统一组套”是当前层级的主要依据，但该事实尚未得到记录或学术图录确认。,否,缺学术图录确认各陶板是否属于原始、同时制作且完整的统一序列。,MFA欧洲装饰艺术图录是否将这些陶板著录为同一作坊同时制作的原始完整组套？现存可比较的完整《丘比特与普赛克》马约利卡组套还有多少？,缺MFA记录确认登录号、陶板数量、尺寸、年代、作坊及现有装配方式。；缺学术图录确认各陶板是否属于原始、同时制作且完整的统一序列。；缺其他完整《丘比特与普赛克》马约利卡组套的存世数量与质量比较。；缺旧藏、拆分和重组历史，以判断现有序列的真实性与完整性。；缺MFA具体入藏日期与捐赠或购藏信息。,basic_identification=partial date_period=partial maker_culture=partial historical_significance=partial artistic_significance=partial rarity_uniqueness=partial institutional_identity=none category_representativeness=partial cultural_educational=partial provenance_acquisition=none visual_experiential=partial relational_spatial=na
30,Appeal to the Great Spirit,向伟大之灵祈祷,S,8.897,48.5,medium,A–S,3.60,是,长期入口地标与机构象征地位是当前最高层级的核心依据，若档案和馆方传播不支持，层级可能下降。,否,缺MFA官方出版物、导览或品牌传播将其作为机构象征的证据。,MFA档案记录该雕塑何时被安置或迁至入口庭院？MFA官网、导览、年报及品牌材料是否持续将其作为博物馆地标或机构象征？,缺MFA档案确认其入口或庭院安装时间、迁移历史及与景观轴线的关系。；缺MFA官方出版物、导览或品牌传播将其作为机构象征的证据。；缺馆方确认13.380的铸造日期、尺寸、铸本序次及入藏经过。；缺其他铸本数量与分布记录。；缺关于其原住民再现问题的学术接受史。,basic_identification=full date_period=partial maker_culture=full historical_significance=partial artistic_significance=partial rarity_uniqueness=partial institutional_identity=partial category_representativeness=partial cultural_educational=partial provenance_acquisition=none visual_experiential=partial relational_spatial=partial
31,The Seine at Argenteuil,阿让特伊的塞纳河,A,7.902,44.8,low,C–A,4.14,是,具体版本与MFA馆藏身份尚未锁定，而版本质量及馆内重复度直接影响当前层级。,否,缺莫奈作品全集编号，以锁定具体的阿让特伊河景版本。,MFA藏品库中哪一件作品对应《阿让特伊的塞纳河》，其登录号和莫奈作品全集编号为何？它与馆内其他阿让特伊河景相比被如何定位？,缺MFA记录确认登录号、标准题名、作者、日期、尺寸与图像。；缺莫奈作品全集编号，以锁定具体的阿让特伊河景版本。；缺该版本与MFA其他阿让特伊河景及莫奈水景的馆内比较。；缺可靠的旧藏、入藏、展览及出版记录。,basic_identification=partial date_period=partial maker_culture=partial historical_significance=partial artistic_significance=partial rarity_uniqueness=partial institutional_identity=partial category_representativeness=partial cultural_educational=partial provenance_acquisition=none visual_experiential=partial relational_spatial=na
32,The Bridge at Argenteuil,阿让特伊大桥,A,8.544,44.8,low,C–A,4.14,是,同名版本尚未辨明，具体作品身份和馆内定位不同均可能改变当前层级。,否,缺莫奈作品全集编号，以确认MFA所藏是否为题述构图。,MFA所藏《阿让特伊大桥》的登录号与莫奈作品全集编号为何？其构图是否与其他博物馆的同名版本相同，馆方又如何评价该版本？,缺MFA记录确认登录号、创作日期、尺寸、图像及标准作者信息。；缺莫奈作品全集编号，以确认MFA所藏是否为题述构图。；缺各馆同名《阿让特伊大桥》版本的构图、年代与重要性比较。；缺该版本在MFA莫奈收藏中的展览、出版及馆方定位。；缺可靠的旧藏和MFA入藏经过。,basic_identification=partial date_period=partial maker_culture=partial historical_significance=partial artistic_significance=partial rarity_uniqueness=partial institutional_identity=partial category_representativeness=partial cultural_educational=partial provenance_acquisition=none visual_experiential=partial relational_spatial=na
33,The Yellow Christ,黄色基督,A,9.237,24.0,low,C–S,7.60,是,本条将作品列为MFA对象，但既有资料同时指出公认原作属Buffalo AKG，构成明显馆藏归属冲突。,否,缺MFA藏品库确认是否存在高更《黄色基督》及其登录号、状态和图像。,MFA藏品库是否存在高更《黄色基督》或相关习作、复制品、借展品？其图像、尺寸和登录信息与Buffalo AKG的公认原作是否一致？,缺MFA藏品库确认是否存在高更《黄色基督》及其登录号、状态和图像。；缺与Buffalo AKG同名作品的登录号、图像、尺寸及来源逐项核对。；若MFA对象为习作、复制品或借展品，缺其与公认原作的关系说明。；缺任何MFA入藏、借展、展览或出版记录。,basic_identification=partial date_period=partial maker_culture=partial historical_significance=partial artistic_significance=partial rarity_uniqueness=none institutional_identity=none category_representativeness=none cultural_educational=partial provenance_acquisition=none visual_experiential=partial relational_spatial=na
34,The Green Christ,绿色基督,A,8.622,24.0,low,C–A,5.70,是,本条将作品列为MFA对象，但既有资料同时指出公认原作在布鲁塞尔，构成明显馆藏归属冲突。,否,缺MFA藏品库确认是否存在高更《绿色基督》及其登录号、状态和图像。,MFA藏品库是否存在高更《绿色基督》或相关习作、复制品、借展品？其图像、尺寸和登录信息与比利时皇家美术博物馆的公认原作是否一致？,缺MFA藏品库确认是否存在高更《绿色基督》及其登录号、状态和图像。；缺与比利时皇家美术博物馆同名作品的图像、尺寸、来源和登录信息核对。；若MFA对象为习作、复制品或借展品，缺其与公认原作的关系说明。；缺任何MFA入藏、借展、展览或出版记录。,basic_identification=partial date_period=partial maker_culture=partial historical_significance=partial artistic_significance=partial rarity_uniqueness=none institutional_identity=none category_representativeness=none cultural_educational=partial provenance_acquisition=none visual_experiential=partial relational_spatial=na
35,Mademoiselle Victorine Meurent,维克托里娜·默朗小姐,A,8.122,44.8,medium,B–A,2.90,是,对象线索较稳定，但其在同模特作品和MFA马奈收藏中的相对地位尚未证实，可能影响当前层级。,否,缺其与《街头歌女》及MFA其他马奈作品的展览和馆藏地位比较。,马奈作品全集如何著录《维克托里娜·默朗小姐》，MFA在常设展、代表作与出版物中如何比较它与《街头歌女》及其他馆藏马奈作品？,缺MFA官方题名、登录号、日期与图像记录。；缺马奈作品全集对该肖像编号、人物身份及创作阶段的说明。；缺其在维克托里娜·默朗相关肖像中的稀缺性与重要性比较。；缺其与《街头歌女》及MFA其他马奈作品的展览和馆藏地位比较。；缺可靠的旧藏与MFA入藏经过。,basic_identification=partial date_period=partial maker_culture=partial historical_significance=partial artistic_significance=partial rarity_uniqueness=partial institutional_identity=partial category_representativeness=partial cultural_educational=partial provenance_acquisition=none visual_experiential=partial relational_spatial=na
36,The Street Singer,街头歌女,A,8.566,48.4,high,A,3.66,,,否,缺马奈作品全集及学术出版对其早期创作阶段的详细讨论。,马奈作品全集如何解释《街头歌女》在其1860年代初创作中的位置，MFA记录的旧藏、入藏与重要展览历史为何？,缺可靠的旧藏与MFA入藏经过。；缺尺寸、保存状态及技术检查资料。；缺马奈作品全集及学术出版对其早期创作阶段的详细讨论。；缺完整的重要展览与出版记录。,basic_identification=full date_period=partial maker_culture=full historical_significance=partial artistic_significance=partial rarity_uniqueness=partial institutional_identity=partial category_representativeness=partial cultural_educational=partial provenance_acquisition=none visual_experiential=partial relational_spatial=na
37,The Death of Sardanapalus Sketch,萨达纳帕拉之死（习作）,B,6.899,32.3,low,C–A,5.08,是,亲笔性及准备稿关系是当前Tier的核心依据，两者均未获权威确认。,,缺权威资料确认其为德拉克洛瓦亲笔准备稿及其与卢浮宫大型版本的关系。,MFA馆藏库、卢浮宫作品条目及德拉克洛瓦目录全集如何记录本作的登录号、亲笔性和与卢浮宫《萨达纳帕拉之死》的关系？,缺MFA官方馆藏条目确认登录号、规范题名、作者、年代、材质与尺寸。；缺德拉克洛瓦目录全集及卢浮宫资料确认亲笔性、准备稿性质和与大型版本的关系。；缺同构图油画习作的存世数量及本作在德拉克洛瓦创作过程中的位置。；缺完整历次来源及具体MFA入藏经过。,basic_identification=partial date_period=none maker_culture=partial historical_significance=partial artistic_significance=partial rarity_uniqueness=none institutional_identity=partial category_representativeness=partial cultural_educational=partial provenance_acquisition=none visual_experiential=none relational_spatial=na
38,The Entry of the Crusaders into Constantinople,十字军进入君士坦丁堡 习作,B,6.711,32.3,low,C–A,5.08,是,作者归属和准备稿关系均未确认，答案不同可能使当前Tier跨越多个等级。,,缺权威资料确认德拉克洛瓦亲笔性及其与同题大型构图的准备稿关系。,MFA馆藏库、卢浮宫同题作品条目及德拉克洛瓦目录全集是否收录这件习作，并如何认定其亲笔性和版本关系？,缺MFA官方馆藏条目确认登录号、规范题名、作者、年代、材质与尺寸。；缺德拉克洛瓦目录全集确认亲笔性及其与同题大型构图的关系。；缺相关构图习作的存世数量及本作在德拉克洛瓦历史画创作中的位置。；缺资料说明“罗马”标签究竟指创作文化、题材文化还是误标。；缺完整历次来源及具体MFA入藏经过。,basic_identification=partial date_period=none maker_culture=partial historical_significance=partial artistic_significance=partial rarity_uniqueness=none institutional_identity=partial category_representativeness=partial cultural_educational=partial provenance_acquisition=none visual_experiential=none relational_spatial=na
39,Self‑Portrait at Age 28,28岁自画像,B,6.633,33.9,low,C–S,6.61,是,MFA是否持有该对象及其是否为伦勃朗亲笔自画像均不明，足以根本改变Tier依据。,,缺MFA与伦勃朗权威目录共同确认对象身份、持有关系和亲笔性。,MFA与乌菲齐的官方条目及Rembrandt Database分别如何记录“28岁自画像”，MFA是否确有相应登录号和获认可的伦勃朗亲笔版本？,缺MFA官方记录确认登录号、规范题名、年代、尺寸、持有状态及当前作者归属。；缺伦勃朗权威目录或Rembrandt Database确认亲笔性及自画像身份。；缺MFA与乌菲齐官方条目对照，以核实“28岁”题名、断代和具体版本是否混淆。；缺本作在伦勃朗自画像序列中的年代位置、版本关系与学术评价。；缺完整历次来源及MFA入藏经过。,basic_identification=partial date_period=partial maker_culture=partial historical_significance=partial artistic_significance=partial rarity_uniqueness=none institutional_identity=partial category_representativeness=partial cultural_educational=partial provenance_acquisition=none visual_experiential=none relational_spatial=na
40,Portrait of a Woman with a Fan,持扇女子肖像,B,5.708,32.3,low,C–A,5.08,是,作者归属是当前Tier的主要依据，而亲笔、工作室、圈派或追随者尚未获得权威判定。,,缺权威归属与技术检测，无法确定作品处于亲笔、工作室、圈派或追随者中的哪一层。,MFA官方条目、伦勃朗权威编目及技术检测报告如何记录《持扇女子肖像》的作者归属和历次归属变化？,缺MFA官方条目确认登录号、年代、尺寸、当前作者归属及归属沿革。；缺权威荷兰绘画研究和技术检测判定其为亲笔、工作室、圈派或追随者作品。；缺与MFA其他伦勃朗相关作品及荷兰黄金时代肖像的质量和稀缺性比较。；缺画中人物身份及委托背景的可靠资料。；缺完整历次来源及MFA入藏记录。,basic_identification=partial date_period=none maker_culture=partial historical_significance=partial artistic_significance=partial rarity_uniqueness=none institutional_identity=partial category_representativeness=partial cultural_educational=partial provenance_acquisition=none visual_experiential=none relational_spatial=na
41,The Rape of Europa,欧罗巴被劫,B,7.066,32.3,low,C–A,5.08,是,丁托列托归属和版本身份尚未确认，两项答案均可能显著改变Tier。,,缺目录全集与MFA共同确认作者归属及具体版本。,MFA馆藏条目和丁托列托目录全集是否收录这件《欧罗巴被劫》，并将其认定为亲笔、工作室作品还是同题变体？,缺MFA官方条目确认登录号、年代、尺寸、材质、持有状态及当前作者归属。；缺丁托列托目录全集判定亲笔、工作室或合作制作，并识别具体版本。；缺同题版本、复制品和工作室变体的数量、关系及本作的相对质量。；缺本作在丁托列托神话画创作及MFA威尼斯绘画中的位置。；缺完整历次来源及MFA入藏经过。,basic_identification=partial date_period=none maker_culture=partial historical_significance=partial artistic_significance=partial rarity_uniqueness=none institutional_identity=partial category_representativeness=partial cultural_educational=partial provenance_acquisition=none visual_experiential=none relational_spatial=na
42,Virgin and Child with Saints,圣母子与诸圣,B,6.642,16.7,low,C–A,6.25,是,作者、媒材、时期与登录号匹配存在明显矛盾，当前对象身份无法确定。,,必须先用MFA官方记录核定登录号42.422究竟对应贝利尼木板画还是科尔托纳画布画。,MFA官方馆藏库中登录号42.422的题名、作者、材质和图像是什么，Wikidata Q20556764是否误配了本对象？,缺MFA对登录号42.422的官方记录，以确认规范题名、作者、年代、材质、尺寸和图像。；缺核查Wikidata Q20556764是否与源文件对象正确匹配。；对象身份确定后，仍缺相应贝利尼或科尔托纳权威编目对亲笔性与工作室参与的认定。；缺原始委托人、教堂或祭坛原址及原组合关系资料。；缺完整历次来源及MFA入藏记录。,basic_identification=partial date_period=partial maker_culture=partial historical_significance=none artistic_significance=none rarity_uniqueness=none institutional_identity=partial category_representativeness=none cultural_educational=partial provenance_acquisition=none visual_experiential=none relational_spatial=na
43,Judith with the Head of Holofernes,朱迪斯与霍洛芬斯的头颅,A,7.860,33.9,low,C–A,4.96,是,具体版本和亲笔性是当前A的核心依据，却均未得到权威确认。,否,缺MFA与阿尔泰米西娅目录全集确认具体版本和亲笔性。,MFA官方条目和阿尔泰米西娅目录全集将这件《朱迪斯与霍洛芬斯的头颅》识别为哪个版本，其亲笔性、年代和工作室参与如何认定？,缺MFA官方条目确认登录号、规范题名、年代、尺寸、持有状态和确切版本。；缺阿尔泰米西娅目录全集确认亲笔性、年代、工作室参与和版本关系。；缺同题作品数量及本作在阿尔泰米西娅创作生涯中的位置和学术评价。；缺MFA对本作在馆内巴洛克绘画及女性艺术家收藏中地位的说明。；缺女性艺术史与权力表达阐释所依据的具体学术出版物。；缺完整历次来源及MFA入藏记录。,basic_identification=partial date_period=partial maker_culture=partial historical_significance=partial artistic_significance=partial rarity_uniqueness=none institutional_identity=partial category_representativeness=partial cultural_educational=partial provenance_acquisition=none visual_experiential=none relational_spatial=na
44,Saint Sebastian,圣塞巴斯蒂安,B,6.788,33.9,low,C–A,4.96,是,作者归属及同题版本身份未确认，可能使当前Tier在多个等级间变化。,,缺MFA与里贝拉目录全集确认作者归属及同题版本身份。,MFA馆藏条目及里贝拉目录全集如何记录这件《圣塞巴斯蒂安》的登录号、亲笔性和它与其他同题版本的关系？,缺MFA官方条目确认登录号、年代、尺寸、材质、持有状态和当前作者归属。；缺里贝拉目录全集判定亲笔、工作室或追随者归属。；缺同题《圣塞巴斯蒂安》的版本数量、关系、相对质量及创作生涯位置。；缺与MFA其他西班牙黄金时代绘画的质量、稀缺性和馆藏作用比较。；缺完整历次来源及MFA入藏记录。,basic_identification=partial date_period=partial maker_culture=partial historical_significance=partial artistic_significance=partial rarity_uniqueness=none institutional_identity=partial category_representativeness=partial cultural_educational=partial provenance_acquisition=none visual_experiential=none relational_spatial=na
45,View of Toledo,托莱多风景,B,6.982,32.3,low,C–S,6.77,是,对象可能发生跨机构误配，持有机构和版本身份的不同答案会根本改变Tier依据。,,缺MFA与大都会官方记录核定《托莱多风景》的实际持有机构和具体版本。,MFA与大都会的官方馆藏条目分别如何记录《托莱多风景》的登录号和图像，MFA第328展厅是否曾以借展或相关版本陈列该题名？,缺MFA与大都会官方目录对《托莱多风景》的持有机构、登录号、图像和版本进行对照。；缺MFA第328展厅官方清单及借展记录，以确认该字段对应常设藏品、临时借展还是误录。；若MFA确有相关对象，缺权威格列柯编目确认其为原作、复制品、习作或其他同题版本。；若对象存在，仍缺完整历次来源及MFA入藏经过。,basic_identification=partial date_period=none maker_culture=partial historical_significance=partial artistic_significance=partial rarity_uniqueness=none institutional_identity=partial category_representativeness=partial cultural_educational=partial provenance_acquisition=none visual_experiential=none relational_spatial=na
46,The Gulf Stream,湾流,B,7.063,32.3,low,C–S,6.77,是,持有机构和对象版本均未核定，可能存在跨机构误配并根本改变Tier依据。,,缺MFA与大都会官方记录核定《湾流》的实际持有机构、媒材和版本。,MFA与大都会的官方馆藏条目如何记录《湾流》的登录号、媒材和图像，MFA第221展厅是否曾陈列借展、习作或其他同题对象？,缺MFA与大都会官方目录对《湾流》的持有机构、登录号、图像、媒材和版本进行对照。；缺MFA第221展厅官方清单及借展记录，以确认该字段对应常设藏品、临时借展还是误录。；若MFA确有相关对象，缺霍默权威编目区分原作、油画习作、复制品、版画或其他版本。；若对象存在，仍缺完整历次来源及MFA入藏经过。,basic_identification=partial date_period=none maker_culture=partial historical_significance=partial artistic_significance=partial rarity_uniqueness=none institutional_identity=partial category_representativeness=partial cultural_educational=partial provenance_acquisition=none visual_experiential=none relational_spatial=na
47,Breezing Up (A Fair Wind),乘风破浪,B,6.713,32.3,low,C–S,6.77,是,记录可能与华盛顿国家美术馆藏原作混淆，机构与版本核查结果会根本改变Tier依据。,,缺MFA与华盛顿国家美术馆官方记录核定实际持有机构和具体版本。,MFA与华盛顿国家美术馆的官方条目如何记录《乘风破浪》的登录号、媒材和图像，MFA第221展厅是否曾陈列借展或相关版本？,缺MFA与华盛顿国家美术馆官方目录对持有机构、登录号、图像、媒材和版本进行对照。；缺MFA第221展厅官方清单及借展记录，以确认该字段对应常设藏品、临时借展还是误录。；若MFA确有相关对象，缺霍默权威编目区分油画原作、习作、复制品、版画或其他版本。；若对象存在，仍缺完整历次来源及MFA入藏经过。,basic_identification=partial date_period=none maker_culture=partial historical_significance=partial artistic_significance=partial rarity_uniqueness=none institutional_identity=partial category_representativeness=partial cultural_educational=partial provenance_acquisition=none visual_experiential=none relational_spatial=na
48,Snap the Whip,课间追逐,B,6.567,32.3,low,C–S,6.77,是,MFA持有关系及具体版本均未确认，跨机构或跨媒材误配会根本改变Tier依据。,,缺三馆官方记录对照，以确定MFA是否持有《课间追逐》相关对象及其具体版本。,MFA、巴特勒美国艺术学院与大都会的官方条目分别记录了哪些《课间追逐》油画版本，MFA第222展厅曾陈列的是常设藏品、借展还是其他媒材对象？,缺MFA、巴特勒美国艺术学院与大都会官方目录对各油画版本的登录号、图像、尺寸和持有机构进行对照。；缺MFA第222展厅官方清单及借展记录，以确认该字段对应常设藏品、临时借展还是误录。；若MFA确有相关对象，缺霍默权威编目区分不同油画版本、习作、复制品及其他媒材作品。；若对象存在，缺其在霍默作品谱系中的位置和相对质量评价。；若对象存在，仍缺完整历次来源及MFA入藏经过。,basic_identification=partial date_period=none maker_culture=partial historical_significance=partial artistic_significance=partial rarity_uniqueness=none institutional_identity=partial category_representativeness=partial cultural_educational=partial provenance_acquisition=none visual_experiential=none relational_spatial=na
49,Portrait of John Adams,约翰·亚当斯肖像,A,7.580,32.3,low,C–A,5.08,是,具体版本与作者归属未定，答案不同会直接改变其历史与馆藏地位判断。,否,缺MFA官方对象记录确认登录号、作者归属与具体版本。,MFA藏品库中的这件《约翰·亚当斯肖像》登录号为何，馆方与斯图亚特作品全集将其归为原作、复制品还是工作室作？,缺MFA官方对象记录确认登录号、日期、尺寸、作者归属与具体版本。；缺斯图亚特作品全集确认该作是原作、复制品还是工作室版本，并说明其与其他亚当斯肖像的关系。；缺与MFA其他建国人物及斯图亚特总统肖像的权威逐件比较。；缺委托、历任收藏者及入藏方式记录。,basic_identification=partial date_period=none maker_culture=partial historical_significance=partial artistic_significance=partial rarity_uniqueness=none institutional_identity=partial category_representativeness=partial cultural_educational=partial provenance_acquisition=none visual_experiential=none relational_spatial=na
50,Portrait of Thomas Jefferson,托马斯·杰斐逊肖像,A,7.830,32.3,low,C–A,5.08,是,具体版本及原型关系未定，而当前层级依赖其肖像史地位。,否,缺权威资料锁定具体版本及其与杰斐逊肖像原型的关系。,MFA藏品库中的这件《托马斯·杰斐逊肖像》登录号为何，斯图亚特作品全集将其列为哪个原型或复制版本？,缺MFA官方对象记录确认登录号、日期、尺寸、作者归属及具体版本。；缺斯图亚特作品全集说明该作与杰斐逊肖像原型及其他复制版本的关系。；缺该版本在斯图亚特生涯及美国总统肖像史中的权威定位。；缺委托、历任收藏者及入藏方式记录。,basic_identification=partial date_period=none maker_culture=partial historical_significance=partial artistic_significance=partial rarity_uniqueness=none institutional_identity=partial category_representativeness=partial cultural_educational=partial provenance_acquisition=none visual_experiential=none relational_spatial=na
51,The Athenaeum Portrait of George Washington,乔治·华盛顿雅典娜肖像,S,9.305,43.2,high,S,2.02,,,否,缺共同持有机构关于产权、保管与入藏经过的官方记录。,MFA及共同持有机构的官方条目如何说明该作的登录号、产权与保管安排，斯图亚特作品全集又如何编列其衍生版本？,缺MFA及共同持有机构对登录号、产权分配、保管安排与入藏经过的官方记录。；缺斯图亚特作品全集对各衍生版本编号及流传关系的完整谱系。；缺MFA对该作当前展陈状态及核心作品定位的官方说明。,basic_identification=partial date_period=none maker_culture=partial historical_significance=partial artistic_significance=partial rarity_uniqueness=partial institutional_identity=partial category_representativeness=partial cultural_educational=partial provenance_acquisition=none visual_experiential=partial relational_spatial=na
52,The Tragic Muse,悲剧缪斯,A,7.863,35.4,low,C–S,6.46,是,对象身份、模特语境及版本未定，可能显著改变其代表性判断。,否,缺MFA官方记录锁定对象、模特身份与作者归属。,MFA藏品库如何记录《悲剧缪斯》的登录号、模特与舞台角色，萨金特作品全集又将其置于哪个版本及创作阶段？,缺MFA官方对象记录确认登录号、日期、尺寸、作者归属与模特身份。；缺萨金特作品全集确认版本、委托背景及其具体舞台角色。；缺该作与MFA其他萨金特肖像在质量及馆藏地位上的权威比较。；缺历任收藏者、展览史及入藏经过。,basic_identification=partial date_period=none maker_culture=partial historical_significance=partial artistic_significance=partial rarity_uniqueness=none institutional_identity=partial category_representativeness=partial cultural_educational=partial provenance_acquisition=none visual_experiential=partial relational_spatial=na
53,Mrs. Fiske Warren and Her Daughter,菲斯克·沃伦夫人与女儿,A,8.102,44.8,medium,B–A,2.90,是,馆藏号映射与馆内相对地位尚未核实，可能改变当前层级。,否,缺该作在萨金特成熟期及MFA肖像收藏中的权威定位。,MFA官方条目是否确认64.693对应此作，萨金特作品全集与MFA又如何评价它在其成熟期及本馆肖像收藏中的位置？,缺MFA官方记录确认登录号64.693、日期、尺寸、作者归属及展陈状态。；缺萨金特作品全集及MFA资料对该作在其成熟期和馆内肖像收藏中的相对定位。；缺可靠资料确认委托背景、人物身份及沃伦家族的波士顿社会史关系。；缺历任收藏者、赠购方式及入藏年份。,basic_identification=partial date_period=partial maker_culture=partial historical_significance=partial artistic_significance=partial rarity_uniqueness=partial institutional_identity=partial category_representativeness=partial cultural_educational=partial provenance_acquisition=none visual_experiential=partial relational_spatial=na
54,Vase with Twelve Sunflowers,十二朵向日葵,A,9.204,35.4,low,C–S,6.46,是,馆藏归属存在明确矛盾，必须先确认对象身份才能维持任何层级判断。,否,缺MFA官方记录确认该对象是否确为本馆藏品。,MFA藏品库是否存在题为《十二朵向日葵》的梵高作品；其记录能否与慕尼黑新绘画陈列馆条目及梵高作品全集编号对应？,缺MFA官方藏品库或展厅清单确认该题名对象是否属本馆、登录号为何及是否在展。；缺慕尼黑新绘画陈列馆官方记录核对同名作品的题名、日期、尺寸和归属。；缺梵高作品全集编号以锁定《向日葵》系列中的具体版本与现藏地点。,basic_identification=partial date_period=none maker_culture=partial historical_significance=partial artistic_significance=partial rarity_uniqueness=partial institutional_identity=none category_representativeness=partial cultural_educational=partial provenance_acquisition=none visual_experiential=partial relational_spatial=na
55,Landscape at Saint‑Rémy,圣雷米风景,A,8.133,29.2,low,C–S,7.08,是,题名不能唯一锁定版本，而版本差异可能显著改变其艺术史与馆藏地位。,否,缺登录号与梵高作品全集编号以锁定具体版本。,MFA藏品库中哪一登录号对应《圣雷米风景》，其梵高作品全集编号及在圣雷米风景系列中的年代位置为何？,缺MFA官方记录及梵高作品全集编号确认准确题名、登录号、日期、尺寸与具体版本。；缺学术资料说明该版本在梵高圣雷米时期风景画中的年代位置与重要性。；缺与MFA其他梵高及后印象派作品在质量和馆藏地位上的比较。；缺来源史、展览史及官方高清图像。,basic_identification=partial date_period=partial maker_culture=partial historical_significance=partial artistic_significance=partial rarity_uniqueness=none institutional_identity=none category_representativeness=partial cultural_educational=partial provenance_acquisition=none visual_experiential=partial relational_spatial=na
56,Madame Ginoux,吉努夫人肖像,A,7.928,37.0,low,C–A,4.73,是,具体版本及作者归属未确认，多版本差异可能改变当前层级。,否,缺作品全集编号与MFA登录号以确认具体版本。,MFA的《吉努夫人肖像》对应哪个登录号和梵高作品全集编号，它与其他吉努夫人版本在年代、构图及重要性上有何差异？,缺MFA官方记录及梵高作品全集编号确认题名、日期、尺寸、归属与具体版本。；缺各吉努夫人肖像版本在构图、年代、媒材与学术重要性上的比较。；缺该作与MFA其他梵高肖像及后印象派作品的馆内地位比较。；缺历任收藏者、展览史及入藏经过。,basic_identification=partial date_period=partial maker_culture=partial historical_significance=partial artistic_significance=partial rarity_uniqueness=partial institutional_identity=none category_representativeness=partial cultural_educational=partial provenance_acquisition=none visual_experiential=partial relational_spatial=na
57,Seated Bather,坐着的浴女,B,6.772,21.4,low,C–A,5.90,是,对象与晚期归属均未锁定，核实结果可能改变当前层级。,,缺MFA登录号与雷诺阿作品全集编号锁定对象。,MFA藏品库中哪件作品对应《坐着的浴女》，其雷诺阿作品全集编号、创作日期及在晚期浴女系列中的位置为何？,缺MFA官方记录及雷诺阿作品全集编号确认登录号、准确题名、日期、尺寸和作者归属。；缺学术资料确认其晚期属性及在雷诺阿浴女母题中的质量与重要性。；缺与MFA其他雷诺阿人物画及法国绘画的馆内比较。；缺来源史、入藏记录及官方高清图像。,basic_identification=partial date_period=partial maker_culture=partial historical_significance=none artistic_significance=partial rarity_uniqueness=none institutional_identity=none category_representativeness=partial cultural_educational=partial provenance_acquisition=none visual_experiential=partial relational_spatial=na
58,The Bather,浴女,A,7.871,27.6,low,C–S,7.24,是,通用题名无法锁定对象，而具体版本正决定其现代主义史地位。,否,缺登录号与塞尚作品全集编号锁定具体对象。,MFA所称《浴女》对应哪个登录号和塞尚作品全集编号，其人物题材、日期及在塞尚人体画中的位置为何？,缺MFA官方记录及塞尚作品全集编号确认准确题名、人物题材、日期、尺寸和登录号。；缺学术出版物说明这件具体作品在塞尚人体画及现代主义形式发展中的位置。；缺与MFA其他塞尚人物、静物和风景作品的质量及馆藏地位比较。；缺来源史、展览史及官方高清图像。,basic_identification=partial date_period=none maker_culture=partial historical_significance=partial artistic_significance=partial rarity_uniqueness=none institutional_identity=none category_representativeness=partial cultural_educational=partial provenance_acquisition=none visual_experiential=partial relational_spatial=na
59,Mont Sainte‑Victoire,圣维克多山,A,8.342,35.4,low,C–S,6.46,是,多版本系列尚未锁定具体对象，版本差异可能大幅改变当前判断。,否,缺作品全集编号、日期与视点以锁定圣维克多山版本。,MFA的《圣维克多山》对应哪个登录号和塞尚作品全集编号，其日期、观察视点及在系列中的学术位置为何？,缺MFA官方记录及塞尚作品全集编号锁定具体版本、日期、尺寸和观察视点。；缺该版本在圣维克多山系列中的年代位置、存世比较与学术评价。；缺与MFA其他塞尚及后印象派作品在质量和不可替代性上的馆内比较。；缺来源史、展览史及MFA亮点记录。,basic_identification=partial date_period=none maker_culture=partial historical_significance=partial artistic_significance=partial rarity_uniqueness=partial institutional_identity=none category_representativeness=partial cultural_educational=partial provenance_acquisition=none visual_experiential=partial relational_spatial=na
60,Still‑Life with Apples and Oranges,苹果与橙子静物,A,8.784,27.6,low,C–S,7.24,是,馆藏归属存在明确冲突，且具体版本未定，足以推翻当前判断基础。,否,缺MFA官方记录确认该对象是否确为本馆藏品。,MFA藏品库是否存在题为《苹果与橙子静物》的塞尚作品；其登录号、作品全集编号及现藏地点分别为何？,缺MFA官方记录确认该题名对象是否属本馆、登录号为何及当前是否在展。；缺塞尚作品全集编号及现藏地点记录，以排除与其他博物馆同题或近题作品的混同。；缺学术出版物说明这件具体静物在塞尚生涯及现代绘画空间史中的位置。；缺来源史、展览史、入藏经过及官方高清图像。,basic_identification=partial date_period=none maker_culture=partial historical_significance=partial artistic_significance=partial rarity_uniqueness=none institutional_identity=none category_representativeness=partial cultural_educational=partial provenance_acquisition=none visual_experiential=partial relational_spatial=na
61,Spring Outing of the Tang Court,唐宫春游图,A,8.281,44.8,low,C–A,4.14,是,宋代摹本身份是当前A档的核心依据，若断代或原型关系不成立，Tier可能显著变化。,否,缺MFA官方记录及学术出版对宋代摹本断代、作者归属和唐代原型关系的确认,MFA藏品库中哪一馆藏号对应《唐宫春游图》，馆方及相关中国画图录以何种款印、题跋和风格证据将其定为宋代摹唐本？,缺MFA官方记录及学术出版对宋代摹本断代、作者归属和唐代原型关系的确认；缺该卷与MFA中国人物画及其他存世唐宫图式摹本的发表性比较；缺历代鉴藏印、递藏链及入藏方式记录,basic_identification=partial date_period=partial maker_culture=partial historical_significance=partial artistic_significance=partial rarity_uniqueness=partial institutional_identity=partial category_representativeness=partial cultural_educational=partial provenance_acquisition=none visual_experiential=partial relational_spatial=na
62,Three Friends of Winter,岁寒三友图,B,6.620,44.8,medium,C–B,1.74,是,元代断代是当前B档历史价值的前提，若改为后世作品，Tier可能下降。,,缺款识、印章、题跋及风格分析对元代归属而非后世作品的支持,MFA藏品库如何断代这件《岁寒三友图》，其款识、印章、题跋和风格证据是否足以支持元代归属？,缺MFA官方对象记录确认该画的元代断代、材质和规范题名；缺款识、印章、题跋及风格分析对元代归属而非后世作品的支持；缺其与MFA其他松竹梅及元代花木画的馆藏比较；缺递藏链、捐赠者或购买渠道记录,basic_identification=partial date_period=partial maker_culture=partial historical_significance=partial artistic_significance=partial rarity_uniqueness=partial institutional_identity=partial category_representativeness=partial cultural_educational=partial provenance_acquisition=none visual_experiential=partial relational_spatial=na
63,"Vase, Ming Yong‑le blue‑and‑white",明永乐青花大瓶,A,7.855,44.8,low,C–A,4.14,是,永乐御窑真品身份直接支撑当前A档；若断代或窑口不同，Tier可能大幅变化。,否,缺胎体、釉面、钴料、纹饰及底款证据确认永乐御窑归属并排除后仿,MFA对应馆藏记录是否将此瓶定为永乐御窑，其底款、胎釉、钴料和纹饰证据如何排除后仿？,缺胎体、釉面、钴料、纹饰及底款证据确认永乐御窑归属并排除后仿；缺MFA官方记录确认馆藏号、确切器型、尺寸和断代；缺与MFA及其他主要馆藏永乐青花大器的发表性品质比较；缺历代来源、入藏方式及修复记录,basic_identification=partial date_period=partial maker_culture=partial historical_significance=partial artistic_significance=partial rarity_uniqueness=partial institutional_identity=partial category_representativeness=partial cultural_educational=partial provenance_acquisition=none visual_experiential=partial relational_spatial=na
64,"Guanyin, Ming Blanc‑de‑Chine",明代德化白瓷观音,B,6.966,44.8,medium,C–A,4.14,是,年代、产地及是否具有名家归属可能使当前B档向A或C移动。,,缺底款、作者印记或窑坊归属的检查结果，以判断是否属于特殊名家或普通产品,MFA馆藏记录是否确认此观音为明代德化作品，底款或作者印记为何，且其品质在馆内德化观音中处于何种位置？,缺MFA官方记录确认确切年代、德化产地、尺寸和材质；缺底款、作者印记或窑坊归属的检查结果，以判断是否属于特殊名家或普通产品；缺MFA所藏德化观音数量、年代、尺寸及品质比较；缺递藏、入藏方式及修复记录,basic_identification=partial date_period=partial maker_culture=partial historical_significance=partial artistic_significance=partial rarity_uniqueness=partial institutional_identity=partial category_representativeness=partial cultural_educational=partial provenance_acquisition=none visual_experiential=partial relational_spatial=na
65,Birds and Flowers by Qian Xuan,钱选花鸟卷,A,7.813,44.8,low,C–A,4.14,是,钱选真迹归属直接支撑当前A档，归属若降为后世仿作或传派作品，Tier可能显著变化。,否,缺签款、题跋、鉴藏印和风格证据支持钱选真迹身份,MFA及钱选作品目录是否收录此卷为钱选真迹，所依据的签款、题跋、鉴藏印和风格证据分别是什么？,缺MFA官方记录确认规范题名、年代及钱选归属；缺签款、题跋、鉴藏印和风格证据支持钱选真迹身份；缺钱选作品目录或学术出版物对该卷的收录、真伪意见和创作生涯定位；缺完整递藏链及入藏方式,basic_identification=partial date_period=partial maker_culture=partial historical_significance=partial artistic_significance=partial rarity_uniqueness=partial institutional_identity=partial category_representativeness=partial cultural_educational=partial provenance_acquisition=none visual_experiential=partial relational_spatial=na
66,Beauty under the Willow,柳下美人图,A,7.490,43.2,medium,B–A,3.27,是,在MFA同类藏品众多的前提下，印次与保存质量直接决定该单张能否支撑当前A档。,否,缺版次、印次、套色、纸张状态及其与MFA复本的品质比较,MFA哪一馆藏号对应《柳下美人图》，该印本的版次、印刷与保存质量在馆内歌麿同图或同类美人画中排第几？,缺MFA记录确认馆藏号、日文原题、系列、版元及出版年代；缺版次、印次、套色、纸张状态及其与MFA复本的品质比较；缺MFA是否将该印本列为歌麿或浮世绘代表作的展览与出版记录；缺是否来自Morse、Fenollosa、Bigelow等旧藏的来源记录,basic_identification=partial date_period=none maker_culture=partial historical_significance=partial artistic_significance=partial rarity_uniqueness=partial institutional_identity=partial category_representativeness=partial cultural_educational=partial provenance_acquisition=none visual_experiential=partial relational_spatial=na
67,Red‑and‑White Plum Blossoms,红白梅图屏风,A,9.491,43.2,low,C–S,5.68,是,存在明显馆藏归属冲突，且对象身份正是当前高评价的全部基础，必须人工核验。,否,缺与MOA美术馆同名屏风的题名、图像、尺寸、款印及馆藏号逐项比对,MFA藏品库是否存在题为《红白梅图屏风》的光琳作品；其馆藏号、图像、尺寸和款印与MOA美术馆藏本是否完全不同？,缺MFA官方目录中对应《红白梅图屏风》的馆藏号和对象记录；缺与MOA美术馆同名屏风的题名、图像、尺寸、款印及馆藏号逐项比对；若MFA确有相关屏风，缺其作者归属、年代及与光琳构图关系的学术鉴定；缺该对象的来源、入藏经过、展览记录与学术出版,basic_identification=partial date_period=none maker_culture=partial historical_significance=partial artistic_significance=partial rarity_uniqueness=partial institutional_identity=partial category_representativeness=partial cultural_educational=partial provenance_acquisition=none visual_experiential=partial relational_spatial=na
68,Ghost of Oiwa,阿岩之幽灵,A,7.306,44.8,medium,B–A,3.79,是,单张版画的版次、状态和馆内相对品质可能使当前A档改为B档。,否,缺版次、印刷品质、色彩与纸张状态及MFA复本数量和品质比较,MFA哪一馆藏号对应《阿岩之幽灵》，该印本的版次、印刷与保存状态在馆内同图复本及其他国芳幽灵版画中处于何种水平？,缺MFA记录确认馆藏号、日文原题、系列、版元、出版年代及图中角色；缺版次、印刷品质、色彩与纸张状态及MFA复本数量和品质比较；缺该印本在MFA国芳收藏中的展览频率、出版著录和馆方代表作定位；缺旧藏来源与入藏经过,basic_identification=partial date_period=partial maker_culture=partial historical_significance=partial artistic_significance=partial rarity_uniqueness=partial institutional_identity=partial category_representativeness=partial cultural_educational=partial provenance_acquisition=none visual_experiential=partial relational_spatial=na
69,"Fifty‑Three Stations of the Tokaido, Hiratsuka",东海道五十三次·平冢,A,7.262,43.2,medium,B–A,4.05,是,具体系列版本及馆内复本品质决定这张常见系列单幅能否支撑当前A档。,否,缺MFA所藏不同版本《平冢》的数量及品质排名,MFA这件《平冢》属于哪一版《东海道五十三次》，其印次和保存质量在馆内各版《平冢》印本中排第几？,缺MFA记录确认《平冢》所属的具体东海道版本、版元和出版年代；缺版次、印刷清晰度、套色、纸张状态及修复情况评估；缺MFA所藏不同版本《平冢》的数量及品质排名；缺来源、入藏经过与旧藏记录,basic_identification=partial date_period=none maker_culture=partial historical_significance=partial artistic_significance=partial rarity_uniqueness=partial institutional_identity=partial category_representativeness=partial cultural_educational=partial provenance_acquisition=none visual_experiential=partial relational_spatial=na
70,"Samurai Armor, Momoyama period",桃山时代武士铠甲,A,7.971,44.8,low,C–A,4.14,是,完整性与同时代原配性是当前A档视觉和稀缺价值的核心，若为后期拼装，Tier可能明显变化。,否,缺技术或修复报告确认各部件是否同时代原配，而非后期拼装或替换,MFA的组件清单和修复报告是否确认这套甲胄各部件均为桃山时代原配，其甲胄师铭、家纹或原主能否识别？,缺MFA官方记录确认甲胄专业类型、组件清单、材质和确切年代；缺技术或修复报告确认各部件是否同时代原配，而非后期拼装或替换；缺甲胄师铭、家纹及原主识别结果；缺来源、入藏记录及旧藏历史,basic_identification=partial date_period=partial maker_culture=partial historical_significance=partial artistic_significance=partial rarity_uniqueness=partial institutional_identity=partial category_representativeness=partial cultural_educational=partial provenance_acquisition=none visual_experiential=partial relational_spatial=na
71,Kano‑school Landscape Screen,狩野派山水屏风,B,6.801,44.8,medium,C–A,4.14,是,具体画家或工作坊层级尚未确定，而该答案可能使当前B档向A或C移动。,,缺落款、印章和风格分析以确定具体画家或工作坊层级,MFA如何依据落款、印章和风格确定这件山水屏风的狩野派归属，它属于哪位画家、哪一工作坊层级，是否原为成对屏风？,缺MFA记录确认屏数、尺寸、材质、装裱结构、年代及狩野派归属；缺落款、印章和风格分析以确定具体画家或工作坊层级；缺是否原为成对屏风及原始委托、宅邸使用语境的资料；缺来源和入藏经过,basic_identification=partial date_period=partial maker_culture=partial historical_significance=partial artistic_significance=partial rarity_uniqueness=partial institutional_identity=partial category_representativeness=partial cultural_educational=partial provenance_acquisition=none visual_experiential=partial relational_spatial=na
72,Sarcophagus of Nespaqashuty,内斯帕卡舒提石棺,A,7.981,44.8,medium,B–A,2.90,是,考古语境、铭文特殊性及馆内相对品质可能决定该石棺是否足以维持当前A档。,否,缺与MFA及其他主要馆藏晚期石棺的完整性、稀缺性和品质比较,MFA如何规范转写内斯帕卡舒提的姓名与头衔，该石棺出自哪座墓葬，其铭文、完整性和品质在MFA晚期石棺中处于何种位置？,缺MFA官方记录确认棺主姓名规范转写、头衔、王朝、确切年代和馆藏号；缺考古出土地、墓号、发掘项目及其是否属于MFA—哈佛发掘所得的记录；缺象形文字全文转写翻译，以判断铭文和冥界图像是否具有异常重要性；缺与MFA及其他主要馆藏晚期石棺的完整性、稀缺性和品质比较；缺完整入藏与修复记录,basic_identification=partial date_period=partial maker_culture=partial historical_significance=partial artistic_significance=partial rarity_uniqueness=partial institutional_identity=partial category_representativeness=partial cultural_educational=partial provenance_acquisition=none visual_experiential=partial relational_spatial=na
73,Canopic Jars of Djehutynakht,杰胡提纳克特卡诺匹斯罐,A,7.564,45.0,medium,B–A,2.92,是,当前Tier依赖“同墓原配且完整成套”的核心论断，但该论断尚无官方或发掘资料支撑。,否,缺官方记录确认四罐确属同一墓葬的原始完整套组,MFA馆藏记录及相关发掘出版分别给出这四罐哪些馆藏号、年代和墓号，是否明确证明它们原配成套，并有多少可比的中王国雪花石膏完整套组存世？,缺MFA官方记录列明四件馆藏号、年代，并确认均属杰胡提纳克特同一墓葬的原始套组；缺技术报告确认四罐及塞盖的原始完整度、后配部分与修复范围；缺中王国雪花石膏卡诺匹斯罐完整套组的存世统计及其在MFA馆内的比较位置；缺发掘分配与入藏档案的完整链条,basic_identification=partial date_period=partial maker_culture=partial historical_significance=partial artistic_significance=partial rarity_uniqueness=partial institutional_identity=partial category_representativeness=partial cultural_educational=partial provenance_acquisition=none visual_experiential=partial relational_spatial=partial
74,Painted Coffin of Djehutynakht,杰胡提纳克特彩绘木棺,A,8.602,44.8,medium,B–S,5.52,是,棺具身份、墓葬原始关系和比较地位均直接支撑当前Tier，但现有材料只有未经引证的概述。,否,缺官方及发掘记录确认棺具身份和墓葬组合关系,MFA馆藏库和相关发掘出版将这件彩绘木棺认定为何种棺具构件、出自哪个墓号，其棺文与图像在中王国木棺研究中获得何种比较评价？,缺MFA官方记录确认馆藏号、准确年代，以及该件属于内棺、外棺还是其他棺具构件；缺发掘记录证明该棺与杰胡提纳克特墓葬及其他随葬品的原始组合关系；缺权威出版对棺文、器物图像及其在中王国彩绘木棺体系中地位的论证；缺技术报告说明原始构件比例、后配部分及彩绘修复范围；缺完整的分配与入藏经过,basic_identification=partial date_period=partial maker_culture=partial historical_significance=partial artistic_significance=partial rarity_uniqueness=partial institutional_identity=partial category_representativeness=partial cultural_educational=partial provenance_acquisition=none visual_experiential=partial relational_spatial=na
75,Bust of Septimius Severus,塞普蒂米乌斯·塞维鲁胸像,A,7.449,44.8,low,C–A,4.14,是,作者身份、年代类型及原作比例均属定级核心事实，目前未获馆方或学术资料确认。,否,缺权威资料确认皇帝身份、肖像类型及古代原作范围,MFA官方编目如何论证这件胸像属于塞普蒂米乌斯·塞维鲁的哪一肖像类型，保护记录认定多少部分为古代原作，它在馆内罗马帝王胸像中处于何种位置？,缺MFA官方编目及肖像类型研究确认其为塞普蒂米乌斯·塞维鲁、具体类型与年代；缺技术鉴定区分古代雕刻、后世补配与现代修复部分；缺与MFA其他罗马帝王胸像及权威同型实例的质量和重要性比较；缺可靠的出土地、所有权流转及入藏记录,basic_identification=partial date_period=partial maker_culture=partial historical_significance=partial artistic_significance=partial rarity_uniqueness=partial institutional_identity=partial category_representativeness=partial cultural_educational=partial provenance_acquisition=none visual_experiential=partial relational_spatial=na
76,Mosaic: Drinking Contest of Dionysus,狄俄尼索斯饮酒赛马赛克,A,7.640,43.0,low,C–A,4.28,是,大型空间冲击、原始保存度和叙事识别均是当前Tier的主要依据，但都缺乏可核查证据。,否,缺原始尺寸、保存比例和修复范围的技术记录,MFA馆藏与保护记录给出的马赛克尺寸、原始保存比例、出土地和原建筑位置是什么，学术出版是否确认其为“狄俄尼索斯饮酒赛”，并如何评价其规模与质量？,缺MFA官方记录确认馆藏号、准确年代、出土地及原建筑和房间位置；缺整体尺寸、原始镶嵌保存比例、补配修复范围及现展安装记录；缺学术资料确认“狄俄尼索斯饮酒赛”的人物身份和叙事情节；缺与MFA其他马赛克及重要晚期罗马地面马赛克的规模和质量比较,basic_identification=partial date_period=partial maker_culture=partial historical_significance=partial artistic_significance=partial rarity_uniqueness=partial institutional_identity=partial category_representativeness=partial cultural_educational=partial provenance_acquisition=none visual_experiential=partial relational_spatial=none
77,Bronze Statue of a Youth,青年男子青铜像,A,7.984,44.8,low,C–S,5.52,是,原作年代与文化归属直接决定其稀缺性和艺术史分量，目前尚无可核查的鉴定资料。,否,缺技术与编目证据确认其为古希腊化青铜原作,MFA官方编目和检测报告依据哪些年代学、合金与铸造证据将这件青年像认定为希腊化时期原作，学术研究又将其排在存世同类作品的何种位置？,缺MFA官方编目和技术研究确认其为古代希腊化时期原作，而非后期复制、重铸或其他文化产品；缺合金、铸造工艺、原始构件比例、缺失部分及修复范围的检测报告；缺与存世希腊化青铜人物像及MFA馆内同类藏品的学术比较和地位评估；缺可靠的出土地、所有权流转和入藏档案,basic_identification=partial date_period=partial maker_culture=partial historical_significance=partial artistic_significance=partial rarity_uniqueness=partial institutional_identity=partial category_representativeness=partial cultural_educational=partial provenance_acquisition=none visual_experiential=partial relational_spatial=na
78,"Athena, marble statue",雅典娜大理石雕像,A,7.333,44.8,low,C–A,4.14,是,“重要希腊原型的罗马摹本”这一核心论断及原作比例均没有权威支撑，足以影响Tier。,否,缺权威证据确认所仿原型及本件的复制类型归属,MFA官方编目和古典雕塑研究将这件雅典娜归入哪一罗马复制类型、对应哪个希腊青铜原型，保护记录又认定多少部分为古代原存？,缺MFA官方记录确认其罗马年代、文化归属以及所仿雅典娜原型的类型名称；缺学术研究论证所仿希腊青铜原型的可能作者、重要性及本件的复制类型归属；缺技术记录区分古代原存部分、后世补配和现代修复；缺该复制类型的存世数量及本件与其他同型实例的质量比较；缺可靠的出土地、所有权流转及入藏记录,basic_identification=partial date_period=partial maker_culture=partial historical_significance=partial artistic_significance=partial rarity_uniqueness=partial institutional_identity=partial category_representativeness=partial cultural_educational=partial provenance_acquisition=none visual_experiential=partial relational_spatial=na
79,Terracotta Funerary Urn with Greek Battle Scene,绘战斗场景陶葬瓮,A,7.457,43.2,low,C–A,4.26,是,原始彩绘、叙事识别及同类稀缺性均直接支撑当前Tier，但现有资料没有可核查来源。,否,缺原始彩绘保存比例及同类葬瓮稀缺性的证据,MFA馆藏与保护记录如何断代和归属这件葬瓮，现存彩绘有多少属于原作，伊特鲁里亚葬瓮研究是否确认其战斗叙事及在同类中的稀缺程度？,缺MFA官方记录确认馆藏号、准确年代、制作中心及伊特鲁里亚归属；缺技术报告说明原始彩绘的保存比例、补绘范围、结构修复及实际尺寸；缺学术资料确认战斗人物、具体叙事及所谓希腊题材影响；缺同类大型彩绘伊特鲁里亚葬瓮的存世数量及质量比较；缺墓葬出土位置、墓主与其他随葬品记录,basic_identification=partial date_period=none maker_culture=partial historical_significance=partial artistic_significance=partial rarity_uniqueness=partial institutional_identity=partial category_representativeness=partial cultural_educational=partial provenance_acquisition=none visual_experiential=partial relational_spatial=na
80,Pair of Etruscan Sarcophagi,伊特鲁里亚成对石棺,A,8.247,43.5,low,C–S,5.65,是,原配夫妻组合与罕见性是当前Tier的核心依据，但两者都没有考古、档案或比较研究支持。,否,缺证据证明两棺出自同墓并为原配夫妻组合,MFA馆藏记录及考古档案是否证明这两件石棺出自同一墓葬并为原配夫妻组合，各件有多少原始构件，存世可比的成对伊特鲁里亚石棺有多少？,缺MFA官方记录列明两件各自的馆藏号、年代、制作中心与对象身份；缺考古或档案证据证明两件出自同一墓葬，并确属原配的夫妻组合；缺技术报告确认卧像、棺体及其他构件的原始比例和修复范围；缺成对伊特鲁里亚石棺的存世统计及本组与重要馆藏实例的比较；缺完整的所有权流转与入藏记录,basic_identification=partial date_period=none maker_culture=partial historical_significance=partial artistic_significance=partial rarity_uniqueness=partial institutional_identity=partial category_representativeness=partial cultural_educational=partial provenance_acquisition=none visual_experiential=partial relational_spatial=partial
81,Tiffany Lamp: Peony,蒂凡尼牡丹台灯,A,7.620,44.8,low,C–A,4.14,是,归属、型号与原配性直接决定作品身份和同类质量位置，目前均无馆方或技术证据。,否,缺官方归属及灯罩与底座原配性的证据,MFA官方编目将这件牡丹灯归于哪位制作者和设计者、属于哪个灯罩与底座型号，保护记录是否确认两者原配且玻璃基本为原装？,缺MFA官方对制作者、设计者、牡丹灯型号、制作日期及签名标签的编目；缺技术记录确认灯罩与底座是否原配、是否均为同期构件，以及玻璃更换和修复范围；缺该牡丹型号各版本的产量、存世数量及与MFA其他蒂凡尼灯具的质量比较；缺完整的所有权流转与入藏经过,basic_identification=partial date_period=partial maker_culture=partial historical_significance=partial artistic_significance=partial rarity_uniqueness=partial institutional_identity=partial category_representativeness=partial cultural_educational=partial provenance_acquisition=none visual_experiential=partial relational_spatial=na
82,Tiffany Lamp: Dragonfly,蒂凡尼蜻蜓台灯,A,7.961,44.8,low,C–A,4.14,是,具体归属、型号和原配性是其经典性与代表性的前提，但现有资料无法确认。,否,缺官方归属、具体型号及部件原配性的证据,MFA官方编目将这件蜻蜓灯归于哪位制作者和设计者、属于哪个灯罩与底座型号，保护记录是否确认部件原配，其在馆内蒂凡尼灯具中排名依据是什么？,缺MFA官方对制作者、设计者、蜻蜓灯型号、制作日期及签名标签的编目；缺技术记录确认灯罩与底座是否原配、是否均为同期构件，以及玻璃更换和修复范围；缺该蜻蜓型号各版本的产量、存世数量及与MFA其他蒂凡尼灯具的质量比较；缺完整的所有权流转与入藏经过,basic_identification=partial date_period=partial maker_culture=partial historical_significance=partial artistic_significance=partial rarity_uniqueness=partial institutional_identity=partial category_representativeness=partial cultural_educational=partial provenance_acquisition=none visual_experiential=partial relational_spatial=na
83,Paul Revere silver teapot,保罗·里维尔银茶壶,A,8.329,44.8,low,C–S,5.52,是,作者归属和最高级比较评价均是当前Tier的核心依据，但两项都没有馆方编目或权威目录支撑。,否,缺权威资料确认里维尔归属及“现存最杰出”比较地位,MFA官方编目与保罗·里维尔银器权威目录如何依据银匠标记和制作特征确认该茶壶的归属与年代，又是否支持其为现存最杰出大型银器之一？,缺MFA官方记录列明馆藏号、准确日期、银匠标记，并论证保罗·里维尔归属；缺保罗·里维尔银器权威目录对该茶壶归属、年代及“现存最杰出大型作品”说法的评估；缺与MFA其他里维尔银器及重要波士顿殖民银器的质量和代表性比较；缺技术记录确认壶体、把手、壶嘴及盖等主要部分的原始性与改动范围；缺原始委托人、使用历史和完整来源记录,basic_identification=partial date_period=partial maker_culture=partial historical_significance=partial artistic_significance=partial rarity_uniqueness=partial institutional_identity=partial category_representativeness=partial cultural_educational=partial provenance_acquisition=none visual_experiential=partial relational_spatial=na
84,Chippendale Highboy,齐本德尔高斗柜,A,7.685,44.8,low,C–A,4.14,是,产地、风格归属、原始性和比较质量直接支撑当前Tier，但目前均只有未经引证的判断。,否,缺波士顿产地归属、原始构件比例及同类质量排名的证据,MFA官方编目和美国家具研究依据哪些木材、榫卯与风格特征将这件高斗柜归为波士顿齐本德尔式作品，保护记录确认多少原始构件，它与馆内外重要实例相比如何？,缺MFA官方记录确认馆藏号、日期、木材与榫卯结构，并论证波士顿产地及齐本德尔式归属；缺制作者或作坊归属及其在波士顿殖民家具史中位置的学术研究；缺技术记录说明主体、雕刻、五金和抽屉等构件的原始比例、替换及修复范围；缺与MFA其他波士顿高斗柜及美国重要馆藏实例的质量比较；缺原始所有者、完整流传史和入藏经过,basic_identification=partial date_period=partial maker_culture=partial historical_significance=partial artistic_significance=partial rarity_uniqueness=partial institutional_identity=partial category_representativeness=partial cultural_educational=partial provenance_acquisition=none visual_experiential=partial relational_spatial=na
85,Harpsichord by Taskin,塔斯金大键琴,A,7.812,26.0,low,C–A,5.55,是,塔斯金归属及可演奏状态是当前Tier的核心依据，核实结果可能改变结论。,否,缺MFA官方编目对塔斯金归属、年代和巴黎产地的确认,MFA藏品库如何记录该琴的馆藏号、制作者、年代、改造及可演奏状态，乐器部门是否将其列为代表性键盘乐器？,缺MFA官方馆藏号及对塔斯金归属、年代和巴黎产地的确认；缺原装部件比例、可演奏状态、声学检测与历次修复记录；缺塔斯金大键琴存世量及与MFA和全球实例的质量比较；缺MFA是否将其列为乐器代表作或用于演奏展示的官方说明；缺可靠的所有权流传与入藏记录,basic_identification=partial date_period=partial maker_culture=partial historical_significance=partial artistic_significance=partial rarity_uniqueness=none institutional_identity=none category_representativeness=partial cultural_educational=partial provenance_acquisition=none visual_experiential=none relational_spatial=na
86,Portrait of a Black Man (Othello theme),黑人男子肖像（奥赛罗主题）,B,6.137,16.7,low,C–A,6.25,是,作品身份和奥赛罗主题均未确认，任一核实结果都可能改变当前Tier。,,缺MFA官方记录确认作品身份、作者与正式题名,MFA藏品库将这件画归于哪位艺术家、何种正式题名和年代，馆方或学术文献是否明确把人物解释为奥赛罗？,缺MFA馆藏号、正式题名、作者及准确年代；缺权威图像学资料确认人物是否为奥赛罗或与该剧相关；缺该作在艺术家生涯、学院派绘画及黑人形象史中的位置；缺与MFA其他十九世纪欧洲人物画的质量和馆藏地位比较；缺可靠的所有权流传、展览史与入藏记录,basic_identification=partial date_period=partial maker_culture=partial historical_significance=partial artistic_significance=none rarity_uniqueness=none institutional_identity=none category_representativeness=none cultural_educational=partial provenance_acquisition=none visual_experiential=none relational_spatial=na
87,The Milkmaid’s Daydream,挤奶女工的白日梦,B,5.605,21.9,low,C–A,5.86,是,作者和流派归属尚未确认，而二者会直接决定作品在MFA同类绘画中的位置。,,缺MFA官方记录确认作者、正式题名和年代,MFA藏品库如何记录《挤奶女工的白日梦》的作者、正式题名与年代，相关图录是否将其归入法国现实主义或风俗画？,缺MFA馆藏号、正式题名、作者及准确年代；缺权威资料确认法国归属及现实主义或风俗画分类；缺该作品在艺术家生涯及十九世纪法国乡村题材绘画中的位置；缺与MFA同类法国绘画的质量、稀缺性及馆藏地位比较；缺可靠的所有权流传、展览史与入藏记录,basic_identification=partial date_period=partial maker_culture=partial historical_significance=partial artistic_significance=none rarity_uniqueness=none institutional_identity=none category_representativeness=partial cultural_educational=partial provenance_acquisition=none visual_experiential=none relational_spatial=na
88,"Buddha Head, Gandhara",犍陀罗佛首,B,7.140,24.5,low,C–A,5.66,是,地域字段存在冲突，断代与佛像身份也未确认，可能显著改变当前Tier。,,缺MFA官方资料解决地域归属与佛像身份问题,MFA藏品库如何断代和归属这件佛首，并如何解释“罗马／犍陀罗”字段冲突；其尺寸、完整性和质量与大都会及大英博物馆同类佛首相比如何？,缺MFA官方断代、地域与佛像身份，并须校正“罗马／犍陀罗”冲突；缺尺寸、保存状态、断裂性质及修复记录；缺出土地及其与原完整造像的关系；缺与MFA及主要馆藏犍陀罗佛首的质量和稀缺性比较；缺可靠的所有权流传与入藏记录,basic_identification=partial date_period=none maker_culture=partial historical_significance=partial artistic_significance=partial rarity_uniqueness=none institutional_identity=none category_representativeness=partial cultural_educational=partial provenance_acquisition=none visual_experiential=none relational_spatial=na
89,Shiva Nataraja,湿婆舞王铜像,A,8.411,26.0,low,C–S,7.40,是,朱罗断代和真实性是当前Tier的主要基础，核实结果可能造成大幅变化。,否,缺权威资料确认其朱罗断代、真实性和个体质量,MFA藏品库和南亚艺术图录如何记录该舞王像的断代、产地、尺寸、合金与来源，馆方是否将其列为代表作，且其质量与大都会及克利夫兰同类铜像相比如何？,缺MFA馆藏号、准确断代、产地、尺寸及铭文记录；缺合金分析、铸造工艺、保存状态及真实性研究；缺与MFA及美国主要馆藏朱罗舞王像的质量和稀缺性比较；缺MFA是否将其列为南亚艺术代表作或重点展品的说明；缺可靠的宗教使用史、所有权流传与入藏记录,basic_identification=partial date_period=partial maker_culture=partial historical_significance=partial artistic_significance=partial rarity_uniqueness=none institutional_identity=none category_representativeness=partial cultural_educational=partial provenance_acquisition=none visual_experiential=none relational_spatial=na
90,"Seated Bodhisattva, Pala period",波罗王朝坐菩萨像,B,6.942,26.0,low,C–A,5.55,是,波罗断代、菩萨身份和个体质量均未确认，可能改变当前Tier。,,缺MFA官方断代、地域与菩萨身份鉴定,MFA藏品库和南亚雕塑图录如何鉴定该像的年代、地域、菩萨身份与铭文，其完整性和雕刻质量与大都会及大英博物馆波罗造像相比如何？,缺MFA馆藏号、准确年代、地域及菩萨身份鉴定；缺铭文、尺寸、完整性、保存状态及修复记录；缺该作在波罗石雕谱系及向喜马拉雅传播研究中的具体位置；缺与MFA及主要馆藏波罗菩萨像的质量和稀缺性比较；缺可靠的出土地、所有权流传与入藏记录,basic_identification=partial date_period=partial maker_culture=partial historical_significance=partial artistic_significance=partial rarity_uniqueness=none institutional_identity=none category_representativeness=partial cultural_educational=partial provenance_acquisition=none visual_experiential=none relational_spatial=na
91,Tile Mosaic Mihrab Fragment,米哈拉布瓷砖残片,B,5.779,27.0,low,C–A,5.47,是,原建筑来源与组合关系尚未确认，而这正是残片历史价值和稀缺性的主要依据。,,缺原清真寺及残片在米哈拉布中的组合语境,MFA藏品记录能否确认该残片来自哪座清真寺、位于米哈拉布何处及可复原多大范围，其纹样和铭文与大都会及V&A的萨法维建筑陶饰有何对应？,缺MFA馆藏号、准确年代、产地、纹样及铭文释读；缺原清真寺名称、米哈拉布位置、组合关系及可复原范围；缺残存比例、尺寸、保存状态和修复记录；缺与MFA及主要馆藏萨法维建筑陶饰的质量和稀缺性比较；缺拆取经过、所有权流传、出口合规与入藏记录,basic_identification=partial date_period=partial maker_culture=partial historical_significance=partial artistic_significance=partial rarity_uniqueness=none institutional_identity=none category_representativeness=partial cultural_educational=partial provenance_acquisition=none visual_experiential=none relational_spatial=partial
92,Brass Astrolabe,黄铜星盘,B,6.951,24.5,low,C–A,5.66,是,制作者、断代与部件完整性均属定级核心事实，答案不同可能改变当前Tier。,,缺制作者、年代、产地与铭文的权威编目,MFA藏品库如何记录该星盘的署名、纪年、产地与铭文，其母盘、星网和纬度盘是否完整，同制作者或同地区实例在牛津科学史博物馆目录中有多少？,缺MFA馆藏号、制作者、制作日期、地点及铭文全文；缺母盘、星网、纬度盘、刻度及活动部件的完整性与功能检验；缺同一制作者或地区星盘的存世数量及比较研究；缺真实性研究与修复记录；缺可靠的所有权流传与入藏记录,basic_identification=partial date_period=none maker_culture=partial historical_significance=partial artistic_significance=partial rarity_uniqueness=none institutional_identity=none category_representativeness=partial cultural_educational=partial provenance_acquisition=none visual_experiential=none relational_spatial=na
93,Ivory Carved Casket,牙雕宝盒,B,6.801,26.0,low,C–A,5.55,是,地域、作坊及真实性尚未确认，而这些事实可直接改变其稀缺性与当前Tier。,,缺准确产地、作坊、年代与真实性鉴定,MFA藏品记录和中世纪伊斯兰牙雕著录如何确定该宝盒的年代、地域、作坊与铭文，其完整性和雕刻质量与卢浮宫、V&A及大都会的同类器相比如何？,缺MFA馆藏号、准确年代、产地、作坊及铭文释读；缺浮雕人物、动物或纹样的完整图像学分析；缺象牙材质鉴定、真实性、完整性及修复记录；缺与已编目中世纪伊斯兰牙雕宝盒的存世数量和质量比较；缺可靠的所有权流传、出口合规与入藏记录,basic_identification=partial date_period=partial maker_culture=partial historical_significance=partial artistic_significance=partial rarity_uniqueness=none institutional_identity=none category_representativeness=partial cultural_educational=partial provenance_acquisition=none visual_experiential=none relational_spatial=na
94,The Piper of Hamelin,哈梅林的吹笛人,B,6.594,19.3,low,C–A,6.05,是,作者、题名和铸造性质均未确认，可能改变作品身份及当前Tier。,,缺MFA与罗丹作品全集确认作者、题名和铸造性质,该铜像是否见于MFA藏品库及罗丹博物馆或公认作品全集，其正式题名、模型年代、铸造厂、版次和铸造年代分别是什么？,缺MFA馆藏号及罗丹作品全集对作者和题名的确认；缺原模型年代、铸造年代、铸造厂、版次及铸件数量；缺该题材在罗丹创作生涯和雕塑构思中的位置；缺与MFA其他罗丹青铜的质量及馆藏地位比较；缺可靠的所有权流传、展览史及入藏记录,basic_identification=partial date_period=none maker_culture=partial historical_significance=partial artistic_significance=partial rarity_uniqueness=none institutional_identity=none category_representativeness=none cultural_educational=partial provenance_acquisition=none visual_experiential=none relational_spatial=na
95,Monument to Balzac,巴尔扎克纪念碑（习作）,A,7.315,24.5,low,C–A,5.66,是,具体变体、构思阶段和铸造性质未确认，可能使当前Tier发生显著变化。,否,缺具体习作变体及其构思阶段的权威确认,MFA藏品库和罗丹作品全集将该件认定为哪一版《巴尔扎克纪念碑》习作，它处于构思演变的哪个阶段，且属于生前还是身后铸造？,缺MFA馆藏号及罗丹作品全集对具体习作变体的确认；缺模型日期、铸造日期、铸造厂、版次及生前或身后铸造性质；缺该习作在《巴尔扎克纪念碑》构思演变中的具体阶段与学术评价；缺与MFA及其他主要馆藏巴尔扎克习作的质量和稀缺性比较；缺可靠的所有权流传、展览史及入藏记录,basic_identification=partial date_period=none maker_culture=partial historical_significance=partial artistic_significance=partial rarity_uniqueness=none institutional_identity=none category_representativeness=partial cultural_educational=partial provenance_acquisition=none visual_experiential=none relational_spatial=na
96,Diana of the Tower,塔楼的戴安娜,A,8.099,32.3,low,C–A,5.08,是,具体版本及铸造关系决定该件是否具备当前Tier所依赖的地标作品关联。,否,缺该件与塔顶原作的具体版本及铸造关系,MFA藏品库及圣高登斯作品全集如何界定该件与麦迪逊广场花园塔顶《戴安娜》的版本关系，其尺寸、铸造厂、版次和铸造年代是什么？,缺MFA馆藏号、官方题名、尺寸、模型日期及铸造日期；缺该件与麦迪逊广场花园塔顶原作之间的版本关系；缺铸造厂、版次、铸件数量及生前或身后铸造性质；缺MFA对其在圣高登斯收藏及美国雕塑展线中地位的官方说明；缺可靠的所有权流传、展览史与入藏记录,basic_identification=partial date_period=none maker_culture=partial historical_significance=partial artistic_significance=partial rarity_uniqueness=none institutional_identity=partial category_representativeness=partial cultural_educational=partial provenance_acquisition=none visual_experiential=none relational_spatial=na
97,Angel of the Resurrection,复活天使,A,7.342,35.4,low,C–A,4.84,是,作者归属和版本性质是当前A的核心依据，但均无馆方或学术来源确认。,否,缺MFA官方记录对对象身份及Daniel Chester French归属的确认,MFA藏品库如何著录《复活天使》的登录号、年代、作者和原纪念整体，French专题目录又将其列为原作、版本还是残件？,缺MFA官方对象记录以核实登录号、规范题名、年代及Daniel Chester French归属；缺权威资料说明该作在French创作生涯及美国纪念雕塑史中的位置；缺同型版本、原纪念整体及存世数量研究，以判断其是否为独立原作、复制品或残件；缺完整所有权链及MFA入藏经过,basic_identification=partial date_period=none maker_culture=partial historical_significance=partial artistic_significance=partial rarity_uniqueness=none institutional_identity=partial category_representativeness=partial cultural_educational=partial provenance_acquisition=none visual_experiential=partial relational_spatial=na
98,Portrait of a Young Woman,年轻女子肖像,C,5.247,37.0,low,C–A,4.73,是,存在疑似重复记录，且当前归属层级未经核实；两项都可能改变定级依据。,,缺登录号与馆方记录以区分seq98和seq106并核实归属,在MFA藏品库检索《Portrait of a Young Woman》时，seq98与106分别对应哪个登录号和图像，馆方当前将作者列为伦勃朗圈、工作室、追随者还是具名画家？,缺seq98与seq106各自的MFA登录号、图像和尺寸，以确认是两件作品还是重复记录；缺MFA当前作者归属、归属层级及历次变更记录；缺技术检查或专题著录对伦勃朗圈、工作室、追随者或具体作者的判断；缺可靠的所有权、展览及出版记录,basic_identification=partial date_period=partial maker_culture=partial historical_significance=partial artistic_significance=partial rarity_uniqueness=none institutional_identity=partial category_representativeness=partial cultural_educational=partial provenance_acquisition=none visual_experiential=partial relational_spatial=na
99,Landscape with a Windmill,风车风景,C,5.462,37.0,low,C–A,4.73,是,疑似重复对象尚未消歧，且作者归属完全未知；核实结果可能改变当前C。,,缺登录号和图像以区分seq99与107并确认对象身份,MFA藏品库中题为《Landscape with a Windmill》的记录有几条，seq99与107分别对应哪个登录号、作者归属、年代和图像？,缺seq99与seq107各自的MFA登录号、图像和尺寸，以排除重复录入；缺MFA对作者、画派和具体年代的正式著录；缺签名、铭文及技术检查资料，以检验归属与作品性质；缺与MFA其他荷兰风车风景画的质量及稀缺性比较；缺可靠的来源、入藏、展览与出版记录,basic_identification=partial date_period=partial maker_culture=partial historical_significance=partial artistic_significance=partial rarity_uniqueness=none institutional_identity=partial category_representativeness=partial cultural_educational=partial provenance_acquisition=none visual_experiential=partial relational_spatial=na
100,The Holy Family with Saint Catherine,圣家族与圣凯瑟琳,B,5.651,37.0,low,C–A,4.73,是,两条完全同质的记录被赋予不同Tier，且尚无登录号证明它们是不同作品。,,缺登录号以解决seq100与108重复且Tier不一致的问题,MFA藏品库中《The Holy Family with Saint Catherine》对应哪些登录号，seq100与108是否为同一对象，馆方分别给出的作者、年代和技术结论是什么？,缺seq100与seq108各自的MFA登录号、图像和尺寸，以确认是否为同一作品的重复记录；缺MFA当前作者、工作室或地域画派归属及具体年代；缺技术研究对木板、颜料及亲笔性或后世仿作身份的判断；缺与MFA其他早期文艺复兴宗教木板画的质量和稀缺性比较；缺原始委托人及私人敬拜使用场景的文献,basic_identification=partial date_period=partial maker_culture=partial historical_significance=partial artistic_significance=partial rarity_uniqueness=none institutional_identity=partial category_representativeness=partial cultural_educational=partial provenance_acquisition=none visual_experiential=partial relational_spatial=na
101,Saint Jerome in the Wilderness,荒野中的圣哲罗姆,B,5.880,37.0,low,C–A,4.73,是,作为当前B依据的年代与文化归属仅来自简介，核心作者和作品性质尚未确认。,,缺MFA官方记录确认年代、作者或画派归属,MFA藏品库如何著录《Saint Jerome in the Wilderness》的登录号、年代和作者或地域画派，相关图录又如何评价其在四百年代同题作品中的位置？,缺MFA官方登录号、规范题名、具体年代及当前作者或画派归属；缺技术鉴定资料以确认木板、颜料、制作年代和归属；缺该作在四百年代圣哲罗姆图像传统及MFA早期意大利绘画中的权威定位；缺可靠来源、早期收藏史及MFA入藏记录,basic_identification=partial date_period=partial maker_culture=partial historical_significance=partial artistic_significance=partial rarity_uniqueness=none institutional_identity=partial category_representativeness=partial cultural_educational=partial provenance_acquisition=none visual_experiential=partial relational_spatial=na
102,Venus and Cupid,维纳斯与丘比特,B,6.334,37.0,low,C–A,4.73,是,当前B所需的作者层级与作品性质完全未获权威来源支撑。,,缺作者归属及亲笔、工作室或摹本身份的权威结论,MFA藏品库将《Venus and Cupid》归于哪位作者、工作室或画派，相关专题目录和技术报告是否认定其为亲笔作品、工作室作品或摹本？,缺MFA官方登录号、作者归属、具体年代、尺寸及规范媒材；缺专题目录和技术研究对亲笔、工作室作品或后世摹本身份的判断；缺该作在所属作者生涯及MFA威尼斯绘画收藏中的位置；缺维纳斯与丘比特题材中爱欲或婚姻象征的可靠解释；缺可靠来源及MFA入藏记录,basic_identification=partial date_period=partial maker_culture=partial historical_significance=partial artistic_significance=partial rarity_uniqueness=none institutional_identity=partial category_representativeness=partial cultural_educational=partial provenance_acquisition=none visual_experiential=partial relational_spatial=na
103,Portrait of Doge Andrea Gritti,总督安德烈·格里蒂肖像,A,7.212,37.0,low,C–A,4.73,是,名家归属和亲笔性直接支撑当前A，但现有资料没有馆方或专题目录确认。,否,缺馆方和专题目录对丁托列托归属及亲笔性的确认,MFA藏品记录与丁托列托专题目录是否确认《Portrait of Doge Andrea Gritti》的画中人物和亲笔归属，并如何区分其与其他格里蒂肖像版本？,缺MFA官方记录确认登录号、画中人物、作者归属、年代和媒材；缺丁托列托专题目录对亲笔、工作室参与或摹本身份的结论；缺格里蒂肖像其他版本、图像来源及存世数量的比较；缺该作在丁托列托肖像创作及MFA威尼斯绘画中的权威定位；缺原始委托、早期收藏史及MFA入藏记录,basic_identification=partial date_period=partial maker_culture=partial historical_significance=partial artistic_significance=partial rarity_uniqueness=none institutional_identity=partial category_representativeness=partial cultural_educational=partial provenance_acquisition=none visual_experiential=partial relational_spatial=na
104,Susanna and the Elders,苏珊娜与长老,A,7.708,37.0,low,C–A,4.73,是,阿特米西亚归属与版本地位是当前A的核心，却仅由简介陈述。,否,缺专题目录对阿特米西亚亲笔归属及同题版本位置的确认,MFA藏品记录及最新版阿特米西亚专题目录如何著录这件《Susanna and the Elders》的年代、亲笔性和同题版本关系，MFA是否将其列为女性艺术家收藏代表作？,缺MFA官方登录号、具体年代、媒材、尺寸及当前作者归属；缺阿特米西亚专题目录对亲笔性、创作阶段及同题版本关系的认定；缺学术资料说明该版本在阿特米西亚《苏珊娜》作品及接受史中的位置；缺MFA对其在意大利巴洛克及女性艺术家收藏中地位的说明；缺可靠来源、入藏经过及所有权空缺研究,basic_identification=partial date_period=partial maker_culture=partial historical_significance=partial artistic_significance=partial rarity_uniqueness=none institutional_identity=partial category_representativeness=partial cultural_educational=partial provenance_acquisition=none visual_experiential=partial relational_spatial=na
105,The Lamentation over Christ,基督哀悼,A,7.636,37.0,low,C–A,4.73,是,当前A所依赖的名家归属与亲笔性没有任何权威资料支撑。,否,缺馆方及专题目录对格列柯归属与亲笔性的确认,MFA藏品库和格列柯专题目录如何著录《The Lamentation over Christ》的登录号、媒材、年代及亲笔性，并列出哪些同构图版本？,缺MFA官方登录号、规范题名、媒材、尺寸、年代及当前作者归属；缺格列柯专题目录对亲笔、工作室作品或摹本身份的认定；缺同题版本、构图来源及存世情况的比较；缺该作在格列柯创作生涯及MFA西班牙绘画中的权威定位；缺可靠来源、入藏记录及重要展览出版历史,basic_identification=partial date_period=partial maker_culture=partial historical_significance=partial artistic_significance=partial rarity_uniqueness=none institutional_identity=partial category_representativeness=partial cultural_educational=partial provenance_acquisition=none visual_experiential=partial relational_spatial=na
106,Portrait of a Young Woman,年轻女子肖像,C,5.247,37.0,low,C–A,4.73,是,存在疑似重复记录，且对象归属未经核实；答案不同可能改变当前C。,,缺登录号与馆方记录以区分seq106和seq98并核实归属,在MFA藏品库检索《Portrait of a Young Woman》时，seq106与98分别对应哪个登录号和图像，馆方当前如何表述两者的作者归属层级？,缺seq106与seq98各自的MFA登录号、图像和尺寸，以确认是两件作品还是重复记录；缺MFA当前作者归属、归属层级及历次变更记录；缺技术检查或专题著录对伦勃朗圈、工作室、追随者或具体作者的判断；缺可靠的所有权、展览及出版记录,basic_identification=partial date_period=partial maker_culture=partial historical_significance=partial artistic_significance=partial rarity_uniqueness=none institutional_identity=partial category_representativeness=partial cultural_educational=partial provenance_acquisition=none visual_experiential=partial relational_spatial=na
107,Landscape with a Windmill,风车风景,C,5.286,37.0,low,C–A,4.73,是,对象可能与seq99重复，且作者归属未知；核实结果可能改变当前C。,,缺登录号和图像以区分seq107与99并确认对象身份,MFA藏品库中题为《Landscape with a Windmill》的记录有几条，seq107与99是否具有不同登录号、图像、作者归属和年代？,缺seq107与seq99各自的MFA登录号、图像和尺寸，以排除重复录入；缺MFA对作者、画派和具体年代的正式著录；缺签名、铭文及技术检查资料，以检验归属与作品性质；缺与MFA其他荷兰风车风景画的质量及稀缺性比较；缺可靠的来源、入藏、展览与出版记录,basic_identification=partial date_period=partial maker_culture=partial historical_significance=partial artistic_significance=partial rarity_uniqueness=none institutional_identity=partial category_representativeness=partial cultural_educational=partial provenance_acquisition=none visual_experiential=partial relational_spatial=na
108,The Holy Family with Saint Catherine,圣家族与圣凯瑟琳,C,5.495,37.0,low,C–A,4.73,是,两条完全同质的记录具有不同Tier，而独立对象身份尚未得到证明。,,缺登录号以解决seq108与100重复且Tier不一致的问题,MFA藏品库中《The Holy Family with Saint Catherine》对应哪些登录号，seq108与100是否为同一对象，馆方对作者、年代和亲笔性如何著录？,缺seq108与seq100各自的MFA登录号、图像和尺寸，以确认是否为同一作品的重复记录；缺MFA当前作者、工作室或地域画派归属及具体年代；缺技术研究对木板、颜料及亲笔性或后世仿作身份的判断；缺与MFA其他早期文艺复兴宗教木板画的质量和稀缺性比较；缺原始委托人及私人敬拜使用场景的文献,basic_identification=partial date_period=partial maker_culture=partial historical_significance=partial artistic_significance=partial rarity_uniqueness=none institutional_identity=partial category_representativeness=partial cultural_educational=partial provenance_acquisition=none visual_experiential=partial relational_spatial=na
109,Saint Jerome in the Wilderness,荒野中的圣哲罗姆,B,5.646,29.2,medium,C–B,2.82,是,十五世纪归属与对象身份未经权威记录确认，答案不同可能使当前Tier下移。,,缺MFA官方馆藏记录确认对象身份、年代与作者归属。,MFA藏品库中哪条记录对应《荒野中的圣哲罗姆》，其馆藏号、作者归属和年代为何，并如何定位于馆内早期意大利板画？,缺MFA官方馆藏记录确认馆藏号、规范题名、作者归属、年代及媒材。；缺该作在十五世纪圣哲罗姆图像传统及MFA早期意大利板画中的比较定位。；缺可核验的高清图像、尺寸与保存状况，以判断实际视觉品质。；缺历任藏家、入藏方式及重要展览记录。,basic_identification=partial date_period=partial maker_culture=partial historical_significance=partial artistic_significance=partial rarity_uniqueness=none institutional_identity=none category_representativeness=partial cultural_educational=partial provenance_acquisition=none visual_experiential=partial relational_spatial=na
110,Venus and Cupid,维纳斯与丘比特,B,6.010,29.2,medium,C–B,2.23,是,作者与归属状态未获权威确认，而这直接影响其在威尼斯绘画中的地位及当前Tier。,,缺MFA官方记录确认作者、年代及作品归属状态。,MFA藏品库中哪件《维纳斯与丘比特》位于威尼斯艺术展厅，其作者、年代、馆藏号及亲笔或工作室归属为何？,缺MFA官方记录确认馆藏号、作者、年代、尺寸与规范媒材。；缺权威资料判定该作是否为亲笔、工作室作品、摹本或后世仿作。；缺与MFA其他威尼斯文艺复兴神话画的品质及馆内地位比较。；缺完整来源、入藏、展览与出版著录。,basic_identification=partial date_period=partial maker_culture=partial historical_significance=partial artistic_significance=partial rarity_uniqueness=none institutional_identity=none category_representativeness=partial cultural_educational=partial provenance_acquisition=none visual_experiential=partial relational_spatial=na
111,Portrait of Doge Andrea Gritti,总督安德烈·格里蒂肖像,B,6.957,29.2,low,C–A,5.31,是,核心作者归属和版本身份均未确认，且存在潜在重复记录，答案可使当前Tier显著变化。,,缺权威资料确认廷托列托归属及该肖像的版本状态。,MFA与廷托列托作品目录如何著录这件格里蒂肖像，seq 111和seq 103究竟是同一对象、复制条目还是两个不同版本？,缺MFA官方记录及廷托列托作品目录确认作者归属、年代、馆藏号与版本状态。；缺资料核对seq 111与seq 103是同一馆藏记录、重复条目还是不同版本。；缺与其他廷托列托总督肖像在亲笔程度、品质及稀缺性上的比较。；缺原始委托、历任藏家与入藏经过。,basic_identification=partial date_period=partial maker_culture=partial historical_significance=partial artistic_significance=partial rarity_uniqueness=none institutional_identity=none category_representativeness=partial cultural_educational=partial provenance_acquisition=none visual_experiential=partial relational_spatial=na
112,Susanna and the Elders,苏珊娜与长老,A,7.811,29.2,low,C–A,5.31,是,作者与版本身份是当前Tier的主要依据，却未获权威来源确认，答案不同可能造成大幅变化。,否,缺权威目录确认阿尔泰米西娅归属及具体版本身份。,MFA及阿尔泰米西娅作品目录将这件《苏珊娜与长老》定为何年、何种归属和哪一版本，并如何评价其在艺术家同题作品中的位置？,缺MFA官方记录及阿尔泰米西娅作品目录确认作者、年代、馆藏号与版本状态。；缺该作与阿尔泰米西娅其他《苏珊娜与长老》版本的年代顺序和品质比较。；缺MFA或学术出版对该作馆藏地位及女性主体性阐释的明确说明。；缺完整来源、入藏及展览记录。,basic_identification=partial date_period=partial maker_culture=partial historical_significance=partial artistic_significance=partial rarity_uniqueness=none institutional_identity=none category_representativeness=partial cultural_educational=partial provenance_acquisition=none visual_experiential=partial relational_spatial=na
113,The Lamentation over Christ,基督哀悼,A,7.432,29.2,low,C–A,5.31,是,作者与版本状态均未确认，若不是格列柯亲笔，当前Tier的主要依据将被削弱。,否,缺权威来源确认格列柯归属及亲笔或工作室状态。,MFA与格列柯作品目录如何著录这件《基督哀悼》，它被认定为亲笔、工作室还是复制版本，并在同题作品中处于何种位置？,缺MFA官方记录及格列柯作品目录确认作者归属、年代、馆藏号和版本状态。；缺该作在格列柯创作生涯、同题作品及工作室复制体系中的位置。；缺与MFA其他西班牙宗教画在品质及馆藏地位上的比较。；缺委托背景、来源与入藏记录。,basic_identification=partial date_period=partial maker_culture=partial historical_significance=partial artistic_significance=partial rarity_uniqueness=none institutional_identity=none category_representativeness=partial cultural_educational=partial provenance_acquisition=none visual_experiential=partial relational_spatial=na
114,Saint Francis of Assisi,圣方济各,B,6.714,29.2,low,C–A,5.31,是,里贝拉归属和亲笔状态未获确认，而两者直接决定当前Tier所依赖的艺术史地位。,,缺权威目录确认里贝拉归属及亲笔状态。,MFA与里贝拉作品目录将这件《圣方济各》认定为亲笔、工作室还是复制品，其在里贝拉同题作品中如何排序？,缺MFA官方记录及里贝拉作品目录确认作者、年代、馆藏号和亲笔状态。；缺该作在里贝拉圣方济各题材系列及艺术家生涯中的位置。；缺与MFA其他西班牙圣徒画在品质、稀缺性及馆藏地位上的比较。；缺原始委托、历任藏家、入藏与展览记录。,basic_identification=partial date_period=partial maker_culture=partial historical_significance=partial artistic_significance=partial rarity_uniqueness=none institutional_identity=none category_representativeness=partial cultural_educational=partial provenance_acquisition=none visual_experiential=partial relational_spatial=na
115,The Death of Cleopatra,克利奥帕特拉之死,C,5.413,29.2,medium,C–B,2.97,是,画派归属层级可能影响当前Tier，且“埃及”文化标签与法国浪漫主义简介存在明显冲突。,,缺官方记录界定“德拉克洛瓦画派”的准确归属层级。,MFA官方记录如何著录《克利奥帕特拉之死》的作者、年代与制作文化，“德拉克洛瓦画派”在该记录中具体指哪类归属？,缺MFA官方记录确认馆藏号、作者或画派归属、年代、制作地和尺寸。；缺权威资料界定“德拉克洛瓦画派”具体指工作室、同时代追随者还是后世仿作。；缺与MFA法国浪漫主义历史画在品质及馆藏地位上的比较。；需更正或核实将埃及题材自动标为埃及文化的metadata规则。；缺来源、入藏与展览记录。,basic_identification=partial date_period=partial maker_culture=partial historical_significance=partial artistic_significance=partial rarity_uniqueness=none institutional_identity=none category_representativeness=partial cultural_educational=partial provenance_acquisition=none visual_experiential=partial relational_spatial=na
116,Landscape with Storm Approaching,风暴将至的风景,B,5.870,21.4,medium,C–B,2.49,是,制作文化存在直接冲突，且作者与年代未确认；不同答案可能改变其类别位置及当前Tier。,,缺MFA官方记录确认作者、年代及法国或罗马文化归属。,MFA藏品库中哪条记录对应《风暴将至的风景》，其作者、年代和制作地为何，官方分类究竟是法国还是罗马？,缺MFA官方记录确认馆藏号、作者、确切年代、制作地及尺寸。；缺权威记录解决文化标签“罗马”与简介“法国浪漫主义”的冲突。；缺该作与MFA其他浪漫主义及风暴风景画在品质和代表性上的比较。；缺可核验图像与保存状况，以判断画面的实际视觉品质。；缺来源与入藏记录。,basic_identification=partial date_period=partial maker_culture=partial historical_significance=none artistic_significance=partial rarity_uniqueness=none institutional_identity=none category_representativeness=partial cultural_educational=partial provenance_acquisition=none visual_experiential=partial relational_spatial=na
117,Study of a Male Nude,男性人体习作,C,5.021,31.2,medium,C–B,2.17,是,虽可凭编号定位对象，但作者与作品功能未确认；若属重要艺术家的关键研究，当前Tier可能变化。,,缺MFA馆藏号91.26的官方作者、年代与作品功能记录。,MFA馆藏号91.26列出的作者和年代为何，馆方将它界定为独立油画、学院课堂习作还是其他作品的准备研究？,缺MFA馆藏号91.26的官方记录确认作者、年代、尺寸及文化归属。；缺资料判定其为独立作品、课堂习作还是大型作品的准备研究。；缺该作在作者生涯及法国学院人体训练体系中的具体位置。；缺来源、入藏与保存记录。,basic_identification=full date_period=partial maker_culture=partial historical_significance=partial artistic_significance=partial rarity_uniqueness=none institutional_identity=none category_representativeness=partial cultural_educational=partial provenance_acquisition=none visual_experiential=partial relational_spatial=na
118,The Village Blacksmith,乡村铁匠铺,B,6.947,37.0,low,C–A,4.73,是,当前Tier依赖霍默归属和MFA美国艺术板块地位，但二者尚无对象级权威证据。,,缺权威来源确认霍默归属及其在MFA霍默收藏中的位置。,MFA与霍默作品目录是否著录《乡村铁匠铺》，其馆藏号、年代和归属为何，并在MFA霍默藏品中处于何种位置？,缺MFA官方记录及霍默作品目录确认作者、规范题名、年代、馆藏号与尺寸。；缺该作在霍默乡村劳动题材及整体创作生涯中的位置。；缺与MFA其他霍默作品在品质、稀缺性和馆藏身份上的比较。；缺支撑乡村劳动与传统手工业阐释的社会史研究。；缺来源、入藏及重要展览记录。,basic_identification=partial date_period=partial maker_culture=partial historical_significance=partial artistic_significance=partial rarity_uniqueness=none institutional_identity=partial category_representativeness=partial cultural_educational=partial provenance_acquisition=none visual_experiential=partial relational_spatial=na
119,Girl with a Red Sash,系红腰带的女孩,B,6.638,37.0,low,C–A,4.73,是,作者归属与馆内地位均是当前Tier的核心依据，却没有权威记录支撑。,,缺权威来源确认霍默归属及作品在其人物画中的位置。,MFA与霍默作品目录是否著录《系红腰带的女孩》，其馆藏号、年代、归属及在MFA霍默人物画中的馆内地位为何？,缺MFA官方记录及霍默作品目录确认作者、规范题名、年代、馆藏号与尺寸。；缺该作在霍默人物画和乡村题材创作中的位置。；缺与MFA其他霍默人物画在品质、稀缺性及馆藏地位上的比较。；缺画中人物身份、创作地点及原始展览语境。；缺来源、入藏与重要出版记录。,basic_identification=partial date_period=partial maker_culture=partial historical_significance=partial artistic_significance=partial rarity_uniqueness=none institutional_identity=partial category_representativeness=partial cultural_educational=partial provenance_acquisition=none visual_experiential=partial relational_spatial=na
120,Portrait of Abigail Adams,阿比盖尔·亚当斯肖像,A,7.483,37.0,low,C–A,4.73,是,人物身份、作者归属和版本状态均直接支撑当前Tier，任何一项核验失败都可能造成显著变化。,否,缺官方记录确认人物身份及斯图亚特亲笔或版本状态。,MFA与吉尔伯特·斯图亚特作品目录如何著录这件阿比盖尔·亚当斯肖像，其馆藏号、年代、亲笔状态及与其他版本的关系为何？,缺MFA官方记录确认馆藏号、画中人物、作者、年代、尺寸与规范题名。；缺斯图亚特作品目录判定该作是亲笔、工作室、复制品还是其他版本。；缺与阿比盖尔·亚当斯其他肖像及MFA建国时期肖像在版本、品质和地位上的比较。；缺委托背景、原始所有者、来源及入藏经过。,basic_identification=partial date_period=partial maker_culture=partial historical_significance=partial artistic_significance=partial rarity_uniqueness=none institutional_identity=partial category_representativeness=partial cultural_educational=partial provenance_acquisition=none visual_experiential=partial relational_spatial=na
121,Portrait of Dolley Madison,多莉·麦迪逊肖像,B,6.884,35.4,low,C–A,4.84,是,作者、坐像人和版本身份尚未确认，核实结果可能改变当前Tier。,,缺MFA官方对象记录确认登录号、作者归属及坐像人身份,MFA藏品库如何著录《多莉·麦迪逊肖像》的登录号、作者与坐像人，斯图亚特权威作品目录又如何认定该版本？,缺MFA官方对象记录确认登录号、作者归属及坐像人身份；缺斯图亚特权威作品目录对该版本真迹性及生涯位置的编定；缺该作与MFA其他斯图亚特及建国时期肖像的馆内地位比较；缺可靠的流传、入藏、展览与出版记录,basic_identification=partial date_period=none maker_culture=partial historical_significance=partial artistic_significance=partial rarity_uniqueness=none institutional_identity=partial category_representativeness=partial cultural_educational=partial provenance_acquisition=none visual_experiential=partial relational_spatial=na
122,The Blue Boy (study),蓝衣少年 习作,B,5.869,27.6,low,C–A,5.43,是,对象身份及习作性质未获权威确认，可能使当前Tier上下移动。,,缺MFA官方记录确认准确题名、登录号、作者与完成状态,MFA藏品库如何著录《蓝衣少年（习作）》的作者、年代和完成状态，其题名是否对应某件原作、模特或完成作品？,缺MFA官方记录确认准确题名、登录号、作者与完成状态；缺《蓝衣少年》题名所指原作、模特或相关完成作品的关系资料；缺萨金特权威研究对该作生涯位置及与MFA其他习作的比较；缺可靠的流传、入藏、展览与出版记录,basic_identification=partial date_period=none maker_culture=partial historical_significance=none artistic_significance=partial rarity_uniqueness=none institutional_identity=partial category_representativeness=partial cultural_educational=partial provenance_acquisition=none visual_experiential=partial relational_spatial=na
123,Mrs. Charles E. Inches,查尔斯·英奇斯夫人,A,7.499,37.0,medium,B–A,3.60,是,官方对象匹配和作品地位未确认，且1887年与简介的1890年代说法存在冲突。,否,缺MFA官方记录核实登录号1991.926对应的题名、作者、年代与坐像人,MFA登录号1991.926的官方题名、作者、年代和坐像人为何，萨金特权威研究是否将其视为成熟期重要社交肖像？,缺MFA官方记录核实登录号1991.926对应的题名、作者、年代与坐像人；缺萨金特权威研究及MFA比较资料确认该作是否为成熟期重要社交肖像；缺资料解释Wikidata的1887年与简介所称1890年代服饰之间的冲突；缺可靠的委托、流传、入藏、展览与出版记录,basic_identification=partial date_period=partial maker_culture=partial historical_significance=partial artistic_significance=partial rarity_uniqueness=none institutional_identity=partial category_representativeness=partial cultural_educational=partial provenance_acquisition=none visual_experiential=partial relational_spatial=na
124,Plum Orchard,李子果园,B,6.295,27.6,low,C–A,5.43,是,具体对象及目录身份未确认，作品可能是普通风景，也可能具有更高的系列地位。,,缺MFA官方记录确认准确题名、登录号、作者、年代与创作地点,MFA藏品库中《李子果园》的登录号、创作日期和地点为何，莫奈权威作品目录如何编定该作及相关果园画？,缺MFA官方记录确认准确题名、登录号、作者、年代与创作地点；缺莫奈权威作品目录对该作编号、创作阶段及真迹身份的编定；缺果园题材相关作品数量及与MFA其他莫奈风景的馆内比较；缺可靠的流传、入藏、展览与出版记录,basic_identification=partial date_period=none maker_culture=partial historical_significance=none artistic_significance=partial rarity_uniqueness=none institutional_identity=partial category_representativeness=partial cultural_educational=partial provenance_acquisition=none visual_experiential=partial relational_spatial=na
125,Villas at Bordighera,博尔迪盖拉别墅,A,7.467,37.0,low,C–A,4.73,是,目录身份和馆内相对地位均未确认，可能影响其是否足以维持当前Tier。,否,缺莫奈权威作品目录对该作及博尔迪盖拉相关作品的编定,莫奈权威作品目录如何编定MFA《博尔迪盖拉别墅》及同地作品，MFA是否将其列为本馆莫奈收藏的重点展品？,缺MFA官方记录确认登录号、作者、创作日期及博尔迪盖拉具体地点；缺莫奈权威作品目录对该作及博尔迪盖拉相关作品的编定；缺该作与MFA其他莫奈作品在质量、地域补位和重点展示上的比较；缺可靠的流传、入藏、展览与出版记录,basic_identification=partial date_period=partial maker_culture=partial historical_significance=partial artistic_significance=partial rarity_uniqueness=none institutional_identity=partial category_representativeness=partial cultural_educational=partial provenance_acquisition=none visual_experiential=partial relational_spatial=na
126,The Zouave,祖阿夫士兵,A,8.065,37.0,low,C–S,6.30,是,作者归属与版本身份直接决定作品地位，目前两者均未获权威确认。,否,缺梵高权威作品目录对各《祖阿夫士兵》版本关系及本作位置的编定,MFA《祖阿夫士兵》在梵高权威作品目录中的编号和版本关系为何，MFA是否把它列为本馆梵高藏品的重点作品？,缺MFA官方记录确认登录号、梵高归属、创作日期及具体版本；缺梵高权威作品目录对各《祖阿夫士兵》版本关系及本作位置的编定；缺MFA对该作在本馆梵高藏品中展示地位与代表性的说明；缺祖阿夫军人身份及法国殖民军制语境的权威历史资料；缺可靠的流传、入藏、展览与出版记录,basic_identification=partial date_period=partial maker_culture=partial historical_significance=partial artistic_significance=partial rarity_uniqueness=none institutional_identity=partial category_representativeness=partial cultural_educational=partial provenance_acquisition=none visual_experiential=partial relational_spatial=na
127,Peasant Woman with Straw Hat,戴草帽农妇,B,6.742,35.4,low,C–A,4.84,是,作者与完成状态未确认，可能改变其作为梵高人物画及所谓习作的定级依据。,,缺MFA官方记录确认登录号、梵高归属、年代、地点与完成状态,MFA藏品库如何著录《戴草帽农妇》的作者、年代、地点和完成状态，梵高权威目录将其置于哪一劳动者题材阶段？,缺MFA官方记录确认登录号、梵高归属、年代、地点与完成状态；缺梵高权威作品目录对该作编号及劳动者题材生涯位置的编定；缺相关农妇形象的版本数量及与MFA其他梵高人物画的比较；缺可靠的流传、入藏、展览与出版记录,basic_identification=partial date_period=none maker_culture=partial historical_significance=partial artistic_significance=partial rarity_uniqueness=none institutional_identity=partial category_representativeness=partial cultural_educational=partial provenance_acquisition=none visual_experiential=partial relational_spatial=na
128,Bather under a Tree,树下浴女,B,6.485,29.2,low,C–A,5.31,是,归属、年代及版本重要性都未确认，可能改变其在雷诺阿浴女作品中的层级。,,缺MFA官方记录确认准确题名、登录号、雷诺阿归属及年代,MFA藏品库如何著录《树下浴女》的作者与年代，雷诺阿权威研究是否将其视为晚期浴女母题的重要版本？,缺MFA官方记录确认准确题名、登录号、雷诺阿归属及年代；缺雷诺阿权威研究对该作在晚期浴女题材中的位置认定；缺相关浴女构图的版本、存世数量及与MFA同类作品的比较；缺可靠的流传、入藏、展览与出版记录,basic_identification=partial date_period=partial maker_culture=partial historical_significance=none artistic_significance=partial rarity_uniqueness=none institutional_identity=partial category_representativeness=partial cultural_educational=partial provenance_acquisition=none visual_experiential=partial relational_spatial=na
129,House in Provence,普罗旺斯房屋,B,6.892,35.4,low,C–A,4.84,是,对象身份和建筑风景序列位置未确认，可能改变其现代主义代表性判断。,,缺MFA官方记录确认准确题名、登录号、塞尚归属、年代与地点,MFA藏品库与塞尚权威作品目录如何著录《普罗旺斯房屋》，该作在塞尚建筑风景序列中处于什么位置？,缺MFA官方记录确认准确题名、登录号、塞尚归属、年代与地点；缺塞尚权威作品目录对该作及相关房屋构图的编定；缺权威研究确认该作在塞尚建筑风景与空间探索中的位置；缺与MFA其他塞尚及后印象派风景画的馆内地位比较；缺可靠的流传、入藏、展览与出版记录,basic_identification=partial date_period=none maker_culture=partial historical_significance=partial artistic_significance=partial rarity_uniqueness=none institutional_identity=partial category_representativeness=partial cultural_educational=partial provenance_acquisition=none visual_experiential=partial relational_spatial=na
130,Still‑Life with Pitcher and Fruit,水罐与水果静物,A,7.336,35.4,low,C–S,6.46,是,作品身份及核心形式论断均未验证，而二者直接支撑当前Tier。,否,缺MFA官方记录确认准确题名、登录号、塞尚归属、年代与构图内容,MFA官方记录及塞尚权威目录如何认定《水罐与水果静物》，高清图像是否支持其多重视点及重要现代主义静物的判断？,缺MFA官方记录确认准确题名、登录号、塞尚归属、年代与构图内容；缺塞尚权威研究对该作在其静物画发展中的位置认定；缺高清图像或技术检查验证所谓多重视点与空间实验；缺与MFA其他塞尚作品在质量、代表性及重点展示上的比较；缺可靠的流传、入藏、展览与出版记录,basic_identification=partial date_period=none maker_culture=partial historical_significance=partial artistic_significance=partial rarity_uniqueness=none institutional_identity=partial category_representativeness=partial cultural_educational=partial provenance_acquisition=none visual_experiential=partial relational_spatial=na
131,Bust of a Young Girl,少女胸像,B,5.804,27.6,low,C–A,5.43,是,实际雕刻者与版本状态未明，可能显著改变作品的作者性和当前Tier依据。,,缺资料确认大理石由罗丹本人、工作室还是后续人员雕刻,MFA与罗丹博物馆的记录如何认定《少女胸像》的实际雕刻者、原型和版本，该件是否为罗丹本人执行的大理石？,缺MFA官方记录确认登录号、年代、模特、罗丹归属与制作状态；缺资料确认大理石由罗丹本人、工作室还是后续人员雕刻；缺罗丹权威研究对原型、版本、复制关系及存世数量的认定；缺与MFA其他罗丹雕塑在质量和展示地位上的比较；缺可靠的流传、入藏、展览与出版记录,basic_identification=partial date_period=none maker_culture=partial historical_significance=none artistic_significance=partial rarity_uniqueness=none institutional_identity=partial category_representativeness=partial cultural_educational=partial provenance_acquisition=none visual_experiential=partial relational_spatial=na
132,Standing Faun,站立的农牧神,B,6.427,27.6,low,C–A,5.43,是,铸造年代和授权状态可能显著改变该青铜的稀缺性与作者性，必须进入人工研究队列。,,缺资料确认该铸件属生前铸造、身后授权铸造或后续翻铸,MFA与罗丹博物馆如何记录《站立的农牧神》的铸造厂、铸造年代、版次和授权状态，该件属于生前铸造还是身后版本？,缺MFA官方记录确认登录号、原型年代、铸造年代与罗丹归属；缺铸造厂、版次、铸印、编号及授权状态的技术记录；缺资料确认该铸件属生前铸造、身后授权铸造或后续翻铸；缺罗丹权威研究对原型重要性、版本数量及创作体系位置的认定；缺可靠的流传、入藏、展览与出版记录,basic_identification=partial date_period=none maker_culture=partial historical_significance=none artistic_significance=partial rarity_uniqueness=none institutional_identity=partial category_representativeness=partial cultural_educational=partial provenance_acquisition=none visual_experiential=partial relational_spatial=na
133,Dancing Bacchante,跳舞的酒神女祭司,B,6.025,43.2,medium,C–A,4.26,是,模型与版次身份未证，而这直接决定其是常规小型铸件还是更重要的版本。,,缺该青铜与原始模型的关系及版次认定,MFA登录记录与圣高登斯作品目录如何认定此件的模型来源、铸造厂、铸造年代和版次，已知同模铸件有多少件？,缺MFA登录记录及权威作品目录对原始模型、铸造年代、铸造厂和版次的认定；缺存世铸件数量、各铸件质量及本件在圣高登斯小型青铜中的比较；缺可靠的旧藏与入藏记录,basic_identification=partial date_period=none maker_culture=partial historical_significance=partial artistic_significance=partial rarity_uniqueness=partial institutional_identity=partial category_representativeness=partial cultural_educational=partial provenance_acquisition=none visual_experiential=partial relational_spatial=na
134,Memorial to a Young Woman,少女纪念雕像,B,6.653,43.2,medium,C–A,4.26,是,原始委托与版本身份是当前重要性判断的核心，答案不同可能改变Tier。,,缺原始委托及原作、复制品或版本身份的认定,MFA登录记录和弗伦奇作品目录将此件认定为何人所作的哪项委托，它是原作、复制品还是另一版本？,缺所纪念人物、委托人、创作年代及原始墓园或建筑位置的可靠记录；缺该件为原作、复制品或另一版本的权威认定及其他版本比较；缺该作在弗伦奇创作生涯及MFA纪念雕塑中的学术定位；缺可靠的旧藏与入藏记录,basic_identification=partial date_period=none maker_culture=partial historical_significance=partial artistic_significance=partial rarity_uniqueness=partial institutional_identity=partial category_representativeness=partial cultural_educational=partial provenance_acquisition=none visual_experiential=partial relational_spatial=na
135,Spring Morning in the Han Palace,汉宫春晓图（局部摹本）,B,6.443,44.8,low,C–A,4.14,是,作品究竟何时、由谁及据何母本摹写尚不确定，可能显著改变其艺术史地位。,,缺作者、断代及与所摹母本关系的权威认定,MFA中国绘画目录如何断代并归属此卷，现存部分据哪些题跋、印章或著录被认定为某一母本的局部摹本？,缺MFA正式题名、现存部分范围、作者归属与断代认定；缺题跋、印章和著录对所摹母本、摹写年代及图像关系的证明；缺其在MFA中国绘画中与其他宫廷仕女手卷及古画摹本的比较；缺可靠递藏与入藏经过,basic_identification=partial date_period=partial maker_culture=partial historical_significance=partial artistic_significance=partial rarity_uniqueness=partial institutional_identity=partial category_representativeness=partial cultural_educational=partial provenance_acquisition=none visual_experiential=partial relational_spatial=na
136,Bamboo by Su Shi School,苏轼派墨竹图,B,7.066,44.8,low,C–A,4.14,是,当前Tier主要依赖早期文人墨竹身份，但流派归属和断代本身尚未获证。,,缺“苏轼派”归属与宋元断代的鉴定依据,MFA正式目录依据哪些笔墨特征、题跋、印章或技术证据将此作断为宋元之际并归入“苏轼派”，该认定在学术出版中是否被接受？,缺MFA正式题名、断代、作者或流派归属及其鉴定依据；缺题跋、印章和旧签的释读、真伪及年代研究；缺学界对“苏轼派”归属的接受情况及其在早期墨竹谱系中的位置；缺可靠递藏与入藏记录,basic_identification=partial date_period=partial maker_culture=partial historical_significance=partial artistic_significance=partial rarity_uniqueness=partial institutional_identity=partial category_representativeness=partial cultural_educational=partial provenance_acquisition=none visual_experiential=partial relational_spatial=na
137,Landscape after Mi Fu,仿米芾山水,B,6.278,44.8,low,C–A,4.14,是,作者、年代和仿古性质均属当前判断的核心事实，答案不同可能明显改变Tier。,,缺作者、具体断代及“仿米芾”性质的认定,MFA目录依据哪些题跋、印章和笔墨证据把此轴断为明代并归为“仿米芾”，相关中国绘画图录是否提出具体作者或年代？,缺作者、具体断代及“仿米芾”归类的权威鉴定依据；缺题跋、印章、旧藏标签和早期著录的释读与真伪研究；缺该作在明代米氏云山复兴及MFA同类山水中的比较定位；缺可靠递藏与入藏经过,basic_identification=partial date_period=partial maker_culture=partial historical_significance=partial artistic_significance=partial rarity_uniqueness=partial institutional_identity=partial category_representativeness=partial cultural_educational=partial provenance_acquisition=none visual_experiential=partial relational_spatial=na
138,"Blue‑and‑White Jar, Ming Wanli",明万历青花大罐,B,6.559,44.8,medium,C–A,4.14,是,窑口与生产性质未证，而这直接影响其是否超出常见晚明青花大罐的地位。,,缺窑口、年代及生产性质的权威认定,MFA登录记录如何释读此罐底款并认定窑口、万历年代及生产性质，同型人物大罐在主要公藏中有哪些可比实例？,缺底款释读、具体窑口、烧造年代及官窑或其他生产性质的权威认定；缺同型万历青花人物大罐的存世数量、质量等级与公藏比较；缺后配、重绘、修复及主要损伤的检查记录；缺可靠递藏与入藏记录,basic_identification=partial date_period=partial maker_culture=partial historical_significance=partial artistic_significance=partial rarity_uniqueness=partial institutional_identity=partial category_representativeness=partial cultural_educational=partial provenance_acquisition=none visual_experiential=partial relational_spatial=na
139,Ding‑ware White Bowl,定窑白釉碗,B,6.835,44.8,medium,C–A,4.14,是,窑口、断代和质量等级尚未获证，任何一项变化都可能影响当前Tier依据。,,缺定窑归属、具体断代和质量等级的可靠认定,MFA陶瓷目录依据哪些器形、胎釉和工艺证据认定此碗为宋代定窑，其质量与主要公藏的同形制定窑碗相比如何？,缺定窑归属、具体断代及真伪判断的目录或技术依据；缺同形制宋代定窑碗的存世数量、质量等级及主要公藏比较；缺口沿、釉面、窑伤、补配和修复状况的高清与检查记录；缺可靠递藏与入藏记录,basic_identification=partial date_period=partial maker_culture=partial historical_significance=partial artistic_significance=partial rarity_uniqueness=partial institutional_identity=partial category_representativeness=partial cultural_educational=partial provenance_acquisition=none visual_experiential=partial relational_spatial=na
140,Jun‑ware Purple‑Splash Vase,钧窑紫斑瓶,B,7.160,44.8,medium,C–A,4.14,是,窑口认定与同型器稀缺性是当前重要性判断的核心，但两者均无可靠资料。,,缺钧窑归属及同型紫斑瓶稀缺性的可靠证据,MFA陶瓷目录和检测记录如何认定此瓶的钧窑归属与宋元年代，同型紫斑瓶在主要公藏中有多少件且品质如何？,缺钧窑归属、具体年代、产地及胎釉性质的目录或检测依据；缺同型钧窑紫斑瓶的存世数量、年代分布和公藏质量比较；缺裂纹、补配、重烧及修复情况的检查记录；缺可靠递藏与入藏记录,basic_identification=partial date_period=partial maker_culture=partial historical_significance=partial artistic_significance=partial rarity_uniqueness=partial institutional_identity=partial category_representativeness=partial cultural_educational=partial provenance_acquisition=none visual_experiential=partial relational_spatial=na
141,Guanyin seated on Lion,狮吼观音,A,7.343,44.8,medium,B–A,3.67,是,神祇身份、断代和代表作地位支撑当前Tier，但这些核心论断尚无权威来源。,否,缺神祇身份、断代及同类稀缺性的权威认定,MFA官方目录依据哪些铭文和图像证据将狮上坐像认定为观音并断为明代，它是否被馆方列入中国佛教造像代表作及同类比较？,缺馆方或学术目录对神祇身份、明代断代、产地作坊及铭文的认定；缺乘狮观音同类木雕的存世比较及MFA是否将本件列为代表作的说明；缺原彩绘、重绘、虫蛀、缺损及修复范围的技术报告；缺原始寺院、供奉位置及完整入藏经过,basic_identification=partial date_period=partial maker_culture=partial historical_significance=partial artistic_significance=partial rarity_uniqueness=partial institutional_identity=partial category_representativeness=partial cultural_educational=partial provenance_acquisition=none visual_experiential=partial relational_spatial=na
142,Beauty Reading a Letter,美人阅信图,A,7.294,43.2,low,C–A,4.26,是,具体图版身份与印刷质量未经核实，而在MFA海量歌麿藏品中这正是单件Tier的关键。,否,缺具体图名、版次及同版印本质量比较,MFA登录记录所载日文原题、系列、年代和版元为何，此印本属于何种版次与印刷状态，并在馆藏同版歌麿印本中处于何种质量位置？,缺日文原题、系列名、年代、版元、版式及MFA登录号；缺版次、印刷状态、套色、裁边、褪色及与同版公藏印本的质量比较；缺其在MFA歌麿藏品中的出版、展览与馆内排序证据；缺其是否来自MFA明治期奠基收藏的记录,basic_identification=partial date_period=none maker_culture=partial historical_significance=partial artistic_significance=partial rarity_uniqueness=partial institutional_identity=partial category_representativeness=partial cultural_educational=partial provenance_acquisition=none visual_experiential=partial relational_spatial=na
143,Snow at Kiyomizu‑dera,清水寺雪景,A,7.479,43.2,low,C–A,4.26,是,具体系列、版次和印刷质量正是判断广重单张版画地位的核心，目前均未核实。,否,缺具体系列、版次及同版印本质量比较,MFA登录记录将《清水寺雪景》归入哪个日文原题和系列，此印本是初版还是后版，其色彩、裁边和版木状态在同版公藏印本中处于何种水平？,缺日文原题、具体系列、年代、版元、版式及MFA登录号；缺初版或后版判定、版木状态、套色、裁边、褪色及同版质量比较；缺其在MFA广重名所版画中的出版、展览及馆内排序证据；缺其旧藏及是否属于明治期奠基收藏的记录,basic_identification=partial date_period=none maker_culture=partial historical_significance=partial artistic_significance=partial rarity_uniqueness=partial institutional_identity=partial category_representativeness=partial cultural_educational=partial provenance_acquisition=none visual_experiential=partial relational_spatial=na
144,Tiger in Snow,雪中猛虎,A,7.210,43.2,low,C–A,4.26,是,具体图版身份、印刷质量与作品谱系位置均未证，可能显著改变当前Tier依据。,否,缺具体图版、版次及其在国芳动物画中的位置,MFA登录记录所载《雪中猛虎》日文原题、年代和版元为何，此印本的版次与保存状态如何，国芳研究图录是否将该图列为动物题材的重要设计？,缺日文原题、系列、年代、版元、版式及MFA登录号；缺版次、版木状态、套色、裁边、褪色、修复及同版印本质量比较；缺该图在国芳动物题材创作中的学术位置及MFA馆内比较；缺可靠旧藏及入藏记录,basic_identification=partial date_period=none maker_culture=partial historical_significance=partial artistic_significance=partial rarity_uniqueness=partial institutional_identity=partial category_representativeness=partial cultural_educational=partial provenance_acquisition=none visual_experiential=partial relational_spatial=na
145,Fan‑Painting: Autumn Riverside,秋浦图扇面,B,5.922,29.2,medium,C–A,5.31,是,作者归属及馆内排序未证实，而二者可能改变当前B。,,MFA官方记录中的作者、流派与准确年代,MFA藏品库中哪条记录对应215厅的《秋浦图扇面》，其藏号、作者或流派、年代及图录著录为何？,缺MFA官方藏品记录确认藏号、作者或流派及准确年代；缺该扇面在MFA日本绘画与扇画收藏中的品质排序；缺可靠的收藏传承、入藏、展览与出版记录,basic_identification=partial date_period=partial maker_culture=partial historical_significance=none artistic_significance=partial rarity_uniqueness=none institutional_identity=partial category_representativeness=partial cultural_educational=partial provenance_acquisition=none visual_experiential=partial relational_spatial=na
146,Lacquer Writing Box with Chrysanthemum,菊花纹漆砚盒,B,6.803,37.0,medium,C–A,4.73,是,当前B所依据的年代、工坊和品质判断均缺对象级证据。,,准确断代及作者或工坊归属,MFA藏品库中哪件216厅砚盒对应《菊花纹漆砚盒》，官方如何断代、归属工坊，并如何评价其莳绘品质？,缺MFA官方记录确认藏号、准确年代、作者或工坊及部件构成；缺与MFA其他早期金莳绘砚盒的工艺品质和馆藏地位比较；缺可靠的收藏传承、入藏、展览与出版记录,basic_identification=partial date_period=partial maker_culture=partial historical_significance=partial artistic_significance=partial rarity_uniqueness=none institutional_identity=partial category_representativeness=partial cultural_educational=partial provenance_acquisition=none visual_experiential=partial relational_spatial=na
147,Bronze Temple Bell,青铜梵钟,A,7.596,35.5,low,B–S,6.45,是,当前A直接依赖尚未核实的镰仓断代和铭文史料价值。,否,奉纳铭文的全文、纪年与可靠释读,MFA对216厅青铜梵钟的藏号、铭文全文和纪年如何记录？该钟在已知镰仓梵钟中处于什么位置？,缺MFA官方藏品记录及奉纳铭文全文、释读与纪年；缺原属寺院、铸造地点、铸工及历史关联的可靠考证；缺镰仓梵钟存世量、跨馆比较及MFA重点藏品定位；缺保存状况、重量及声学或铸造技术检测,basic_identification=partial date_period=partial maker_culture=partial historical_significance=partial artistic_significance=partial rarity_uniqueness=none institutional_identity=partial category_representativeness=partial cultural_educational=partial provenance_acquisition=none visual_experiential=partial relational_spatial=none
148,Painted Outer Coffin of Amenirdis,阿梅尼尔迪斯彩绘外棺,A,7.614,37.5,low,B–S,6.25,是,墓主身份、文本和考古组合均是当前A的核心依据，却未获可靠确认。,否,墓主身份、年代及墓葬组合的官方确认,MFA的阿梅尼尔迪斯外棺记录给出何种身份、王朝、墓号与相关葬具？它是否来自哈佛—MFA发掘并被列为重点埃及藏品？,缺MFA官方记录确认阿梅尼尔迪斯身份、头衔、王朝和年代；缺棺上咒文与图像体系的完整释读及学术评价；缺出土地、墓葬编号、相关内棺葬具及哈佛—MFA发掘关系；缺后续收藏传承及完整入藏文件,basic_identification=partial date_period=partial maker_culture=partial historical_significance=partial artistic_significance=partial rarity_uniqueness=none institutional_identity=partial category_representativeness=partial cultural_educational=partial provenance_acquisition=none visual_experiential=partial relational_spatial=partial
149,Granite Statue of a Scribe,书吏花岗岩立像,B,7.145,37.0,medium,C–A,4.73,是,高级王室书吏身份和准确断代未经证实，可能改变当前B。,,铭文所载姓名、头衔与准确年代,MFA藏品库中哪件花岗岩书吏像对应此对象，其铭文记录何人、何种头衔和年代，并如何评价其雕刻品质？,缺雕像铭文全文、书吏姓名头衔及准确王朝年代；缺尺寸、完整程度、修复状况及与MFA人物石雕的品质比较；缺可靠的出土地、墓葬或神庙语境；缺完整收藏传承与入藏文件,basic_identification=partial date_period=partial maker_culture=partial historical_significance=partial artistic_significance=partial rarity_uniqueness=none institutional_identity=partial category_representativeness=partial cultural_educational=partial provenance_acquisition=none visual_experiential=partial relational_spatial=na
150,Faience Shabti Set,费昂沙比提俑组,B,6.464,36.0,high,B,1.18,,,,MFA官方记录中的数量、年代与完整性,MFA藏品库中这组费昂沙比提俑的藏号、数量、年代、完整性和墓葬来源分别为何？,缺MFA官方藏号、俑的确切数量、年代及完整性记录；缺釉料、制作技术、保存与修复资料；缺可靠的墓葬来源及入藏经过,basic_identification=partial date_period=none maker_culture=partial historical_significance=partial artistic_significance=partial rarity_uniqueness=none institutional_identity=partial category_representativeness=partial cultural_educational=partial provenance_acquisition=none visual_experiential=partial relational_spatial=partial
151,Gold Ear‑Ornaments from Thebes,底比斯出土金耳饰,B,6.771,42.5,high,B,1.70,,,,底比斯具体墓号与发掘记录,MFA对这批底比斯金耳饰记录了哪座墓、何次发掘、多少件耳饰及哪些同墓葬品？,缺底比斯具体墓址、墓号、发掘者及出土记录；缺耳饰数量、配对情况、尺寸、重量与保存记录；缺完整入藏经过及与同墓葬品的组合记录,basic_identification=partial date_period=partial maker_culture=partial historical_significance=partial artistic_significance=partial rarity_uniqueness=none institutional_identity=partial category_representativeness=partial cultural_educational=partial provenance_acquisition=partial visual_experiential=partial relational_spatial=partial
152,Kore Statue Fragment,科雷少女雕像残件,B,6.166,37.5,medium,C–A,4.69,是,彩绘真实性是当前研究价值的核心依据，尚无检测证据。,,彩绘痕迹的真实性与年代检测,MFA是否对该科雷残件做过颜料检测，结果能否确认古代彩层？该件在保留彩绘的古风科雷残件中是否罕见？,缺颜料成分、彩层年代与真实性的科学检测；缺准确年代、产地或工坊及其在古风科雷谱系中的位置；缺与其他保留古代彩绘的科雷残件之稀缺性比较；缺考古出土地、收藏传承与入藏记录,basic_identification=partial date_period=partial maker_culture=partial historical_significance=partial artistic_significance=partial rarity_uniqueness=none institutional_identity=partial category_representativeness=partial cultural_educational=partial provenance_acquisition=none visual_experiential=partial relational_spatial=partial
153,"Red‑Figure Krater, Dionysus Feast",红绘陶缸：酒神宴饮,B,7.002,35.4,medium,C–A,4.84,是,画师归属与完整度可能直接改变当前B，但现有资料均未确认。,,画师、陶工或Beazley体系归属,MFA将这件酒神宴饮红绘陶缸归于哪位画师、陶工或Beazley组别，其准确器形、年代和修复比例为何？,缺画师、陶工、工坊或Beazley体系归属；缺确切器形、尺寸、年代、完整度及修复比例；缺人物铭文、图像学释读及与MFA红绘陶器的品质比较；缺可靠的出土地、收藏传承与入藏记录,basic_identification=partial date_period=none maker_culture=partial historical_significance=partial artistic_significance=partial rarity_uniqueness=none institutional_identity=partial category_representativeness=partial cultural_educational=partial provenance_acquisition=none visual_experiential=partial relational_spatial=na
154,"Bronze Helmet, Corinthian Type",科林斯式青铜头盔,B,7.086,37.0,high,B,2.58,,,,MFA官方年代与保存状况记录,MFA藏品记录如何断代这件科林斯式头盔，并记载了哪些补配、腐蚀或现代修复？,缺MFA官方藏号、准确年代、尺寸、重量与状况报告；缺制造中心、类型分期与冶金技术分析；缺考古出土地、收藏传承与入藏经过,basic_identification=partial date_period=partial maker_culture=partial historical_significance=partial artistic_significance=partial rarity_uniqueness=none institutional_identity=partial category_representativeness=partial cultural_educational=partial provenance_acquisition=none visual_experiential=partial relational_spatial=na
155,Roman Marble Portrait of a Matron,罗马贵妇大理石肖像,B,6.491,37.0,high,B,1.23,,,,MFA官方断代与原始雕像形式,MFA如何依据发式为这件罗马女性肖像断代，并判定它原属头像、胸像还是全身像？,缺MFA官方藏号、发式断代、尺寸及保存状况；缺原始形式为头像、胸像或全身像的结构说明；缺出土地、收藏传承、入藏与修复记录,basic_identification=partial date_period=partial maker_culture=partial historical_significance=partial artistic_significance=partial rarity_uniqueness=none institutional_identity=partial category_representativeness=partial cultural_educational=partial provenance_acquisition=none visual_experiential=partial relational_spatial=na
156,Mosaic: Four Seasons Panel,四季主题马赛克嵌板,B,6.909,37.5,medium,C–A,4.69,是,尺度、完整度和原建筑语境均可能改变当前B，现有资料无法确认。,,原建筑语境、尺度与完整程度,MFA记录的四季马赛克来自何处、原铺设于哪类建筑和房间，其尺寸、完整度及现代修复比例为何？,缺嵌板尺寸、完整程度、全景图像与修复比例；缺考古出土地、建筑类型、房间位置及原铺地图；缺地区、工坊、准确年代及与MFA马赛克的品质比较；缺完整收藏传承与入藏文件,basic_identification=partial date_period=partial maker_culture=partial historical_significance=partial artistic_significance=partial rarity_uniqueness=none institutional_identity=partial category_representativeness=partial cultural_educational=partial provenance_acquisition=none visual_experiential=partial relational_spatial=partial
157,Etruscan Bronze Mirror with Myth Engraving,伊特鲁里亚神话纹青铜镜,B,6.538,37.0,medium,C–A,4.73,是,对象归属、图像识别和馆内排序均是当前定级依据，核实结果可能改变Tier。,,缺MFA官方记录确认对象身份、年代及伊特鲁里亚归属,MFA藏品库中哪一登录号对应“Etruscan Bronze Mirror with Myth Engraving”，馆方如何断代和识别镜背神话场景，本件在馆藏伊特鲁里亚铜镜中处于何种位置？,缺可与该题名匹配的MFA官方藏品记录，以确认登录号、年代、材质和伊特鲁里亚归属；缺出版研究对镜背人物与神话场景的识别及其艺术质量评价；缺MFA伊特鲁里亚青铜镜的完整清单及本件在其中的质量排序；缺可靠的出土地、旧藏和MFA入藏记录,basic_identification=partial date_period=partial maker_culture=partial historical_significance=partial artistic_significance=partial rarity_uniqueness=none institutional_identity=partial category_representativeness=partial cultural_educational=partial provenance_acquisition=none visual_experiential=partial relational_spatial=na
158,Shiva and Parvati Relief,湿婆与帕尔瓦蒂浮雕,B,6.999,28.0,medium,C–A,5.40,是,朱罗归属、完整性和同类质量均直接支撑当前定级，答案不同可能改变Tier。,,缺MFA官方记录及出版依据确认朱罗归属、年代和产地,MFA哪条藏品记录对应“Shiva and Parvati Relief”，馆方依据何种风格或考古证据将其定为朱罗时期，其完整性与馆内其他朱罗石雕相比如何？,缺MFA官方记录确认登录号、朱罗归属、具体年代、产地及残存范围；缺出版研究释读湿婆与帕尔瓦蒂的姿态、属性和叙事情境，并评价雕刻质量；缺与MFA及主要馆藏朱罗石雕的完整性和质量比较；缺原属寺庙、建筑部位及宗教空间的可靠识别；缺旧藏、交易和MFA入藏经过,basic_identification=partial date_period=partial maker_culture=partial historical_significance=partial artistic_significance=partial rarity_uniqueness=none institutional_identity=none category_representativeness=partial cultural_educational=partial provenance_acquisition=none visual_experiential=partial relational_spatial=none
159,Standing Vishnu,毗湿奴立像,B,6.668,29.2,medium,C–A,5.31,是,时期归属与造像完整性尚未确认，而两者会直接影响其历史和艺术地位。,,缺MFA记录确认帕拉归属并核实造像完整性,MFA哪一登录号对应“Standing Vishnu”，其帕拉归属和具体产地依据是什么，现存手臂、持物及底座是否完整或后配？,缺MFA官方记录确认登录号、帕拉归属、具体年代、产地和石材；缺完整图像记录以核对手臂、持物、伴神、背光、底座及后配情况；缺与MFA及主要馆藏帕拉毗湿奴立像的完整性、质量和稀缺性比较；缺出土地、旧藏、交易与MFA入藏记录,basic_identification=partial date_period=partial maker_culture=partial historical_significance=partial artistic_significance=partial rarity_uniqueness=none institutional_identity=none category_representativeness=partial cultural_educational=partial provenance_acquisition=none visual_experiential=partial relational_spatial=na
160,"Bodhisattva Head, Srivijaya",室利佛逝菩萨首,B,6.852,29.2,low,C–A,5.31,是,室利佛逝归属本身未获可靠支撑，而该归属正是当前定级的主要依据。,,缺可靠资料确认室利佛逝归属、年代与地区,"MFA哪条记录对应“Bodhisattva Head, Srivijaya”，馆方引用何种考古或风格证据作此归属，已出版的有考古出处室利佛逝菩萨首中有哪些可比对象？",缺MFA记录及考古或出版资料确认室利佛逝归属、年代和具体地区；缺石材、雕刻风格及与苏门答腊和爪哇相关流派的专业比较；缺同类菩萨首存世数量、质量比较及本件在MFA的馆内地位；缺原像残存范围、断裂状态和可能复原形态；缺发现地点、旧藏和MFA入藏经过,basic_identification=partial date_period=partial maker_culture=partial historical_significance=partial artistic_significance=partial rarity_uniqueness=none institutional_identity=none category_representativeness=partial cultural_educational=partial provenance_acquisition=none visual_experiential=partial relational_spatial=na
161,Inlaid Brass Canteen,嵌铜银水壶,B,7.114,37.0,low,C–A,4.73,是,现有文化字段自相矛盾，且文化归属和委托背景直接关系当前定级。,,缺MFA记录解决文化归属冲突并确认年代与产地,MFA哪一登录号对应“Inlaid Brass Canteen”，馆方将其定为马穆鲁克还是奥斯曼作品，铭文、纹章或人物徽章能否确定年代、产地或委托者？,缺MFA官方记录确认登录号、年代、产地、器形用途，并解决奥斯曼与马穆鲁克字段冲突；缺铭文、人物徽章、纹章及可能委托者的出版释读；缺与MFA及主要馆藏马穆鲁克错银黄铜器的质量和稀缺性比较；缺银嵌保存比例、后补和修复情况；缺旧藏、交易、出口和MFA入藏记录,basic_identification=partial date_period=partial maker_culture=partial historical_significance=partial artistic_significance=partial rarity_uniqueness=none institutional_identity=partial category_representativeness=partial cultural_educational=partial provenance_acquisition=none visual_experiential=partial relational_spatial=na
162,"Glazed Tile Panel, Hunting Scene",狩猎纹釉陶板,B,5.888,35.5,medium,C–A,4.84,是,原建筑归属、塞尔柱断代和残片质量直接影响其历史与稀缺性判断。,,缺原建筑与陶板组合的识别及其证据,"MFA哪条记录对应“Glazed Tile Panel, Hunting Scene”，该残片是否能归属于已知塞尔柱建筑或陶板组，其残存图像和釉色在同类作品中处于何种水平？",缺MFA官方记录确认登录号、具体年代、产地和烧造技术；缺原建筑、原墙面位置及所属陶板组合的可靠识别；缺残损范围、釉色保存及图像复原资料，并缺与同类塞尔柱陶板的质量比较；缺出土地、旧藏、交易和MFA入藏记录,basic_identification=partial date_period=partial maker_culture=partial historical_significance=partial artistic_significance=partial rarity_uniqueness=none institutional_identity=partial category_representativeness=partial cultural_educational=partial provenance_acquisition=none visual_experiential=partial relational_spatial=none
163,Wooden Minbar Fragment,敏拜尔讲道台木雕残件,B,6.128,34.0,low,C–A,4.95,是,原属敏拜尔的身份尚未确定，而该身份是当前历史意义与稀缺性判断的核心。,,缺原属清真寺与敏拜尔的确切识别,MFA哪一登录号对应“Wooden Minbar Fragment”，馆方或图录将它归于哪座清真寺和哪一敏拜尔，识别依据及其在原构件中的位置是什么？,缺该残件所属清真寺、敏拜尔的确切名称、地点、年代及识别依据；缺该构件在原敏拜尔上的位置、功能和整体复原资料；缺与现存马格里布—安达卢斯敏拜尔构件的数量、质量和稀缺性比较；缺拆离、旧藏、交易、出口和MFA入藏经过,basic_identification=partial date_period=none maker_culture=partial historical_significance=partial artistic_significance=partial rarity_uniqueness=none institutional_identity=partial category_representativeness=partial cultural_educational=partial provenance_acquisition=none visual_experiential=partial relational_spatial=none
164,Tiffany: Wisteria Lamp,蒂凡尼紫藤台灯,A,8.299,35.4,medium,B–A,4.06,是,当前A依赖紫藤灯类型声誉，但本件制造归属和对象级地位未证实，可能影响Tier。,否,缺对象级资料证明本件自身而非类型整体的地位,MFA哪一登录号对应“Tiffany: Wisteria Lamp”，馆方如何标注其设计者、制造主体和型号，馆方图录是否把本件列为蒂凡尼藏品的代表作？,缺MFA官方记录确认登录号、制作年代、型号及确切制造主体；缺对象级图录或研究说明本件而非紫藤灯类型整体的设计史地位；缺MFA蒂凡尼藏品的数量、质量分布及本件馆内排序；缺原始购买者、旧藏和MFA入藏经过；缺点灯展示、保存状况和玻璃更换记录,basic_identification=partial date_period=none maker_culture=partial historical_significance=partial artistic_significance=partial rarity_uniqueness=none institutional_identity=partial category_representativeness=partial cultural_educational=partial provenance_acquisition=none visual_experiential=partial relational_spatial=na
165,Tiffany Window: Autumn Landscape,蒂凡尼彩色玻璃窗：秋景,A,7.535,34.0,medium,B–A,3.62,是,原建筑委托和本件馆内排序可能决定它是对象级重点还是仅属优质类型实例。,否,缺原始委托建筑及安装位置的可靠识别,MFA哪一登录号对应“Tiffany Window: Autumn Landscape”，它原为哪位委托人、哪座建筑和哪个空间制作，馆方如何评价其在所藏蒂凡尼彩窗中的位置？,缺MFA官方记录确认登录号、制作年代、尺寸、设计者和制造主体；缺原始委托人、建筑名称、安装位置和拆离经过；缺与MFA其他蒂凡尼彩窗及馆外秋景窗的对象级质量和稀缺性比较；缺透光展示、保存状况和玻璃更换记录；缺MFA入藏和展览史,basic_identification=partial date_period=none maker_culture=partial historical_significance=partial artistic_significance=partial rarity_uniqueness=none institutional_identity=partial category_representativeness=partial cultural_educational=partial provenance_acquisition=none visual_experiential=partial relational_spatial=none
166,Chippendale Side Chair,齐本德尔边椅,B,6.388,37.0,medium,C–A,4.73,是,波士顿制作归属和馆内同类排序直接支撑其地方史价值与代表性，可能改变Tier。,,缺波士顿制作及制作者归属的对象级证据,MFA哪一登录号对应“Chippendale Side Chair”，馆方依据哪些结构和雕刻特征判定其为波士顿制作，它在馆藏波士顿齐本德尔椅中如何排序？,缺MFA官方记录确认登录号、具体年代、波士顿制作归属、木材与结构；缺制作者或作坊归属及支持该归属的雕刻、接合和结构证据；缺与MFA其他波士顿齐本德尔椅的数量、质量和馆内排序比较；缺原始所有者、成套家具关系和MFA入藏经过；缺替换构件、表面处理和修复记录,basic_identification=partial date_period=partial maker_culture=partial historical_significance=partial artistic_significance=partial rarity_uniqueness=none institutional_identity=partial category_representativeness=partial cultural_educational=partial provenance_acquisition=none visual_experiential=partial relational_spatial=na
167,Federal‑style Sideboard,联邦式餐边柜,B,6.251,37.0,medium,C–A,4.73,是,制作归属和馆内质量排序尚未确认，而当前代表性判断依赖这两项事实。,,缺制作地点、作坊归属及馆内质量排序,MFA哪一登录号对应“Federal-style Sideboard”，馆方是否归属具体新英格兰城市或作坊，其结构与装饰质量在馆藏联邦式餐边柜中处于何种位置？,缺MFA官方记录确认登录号、具体年代、制作地点、尺寸和木材；缺制作者或作坊归属及结构、饰面、镶嵌和五金证据；缺与MFA其他新英格兰联邦式餐边柜的质量、数量和馆内排序比较；缺原始委托人、配套家具和MFA入藏经过；缺后配部件、表面状态和修复资料,basic_identification=partial date_period=partial maker_culture=partial historical_significance=partial artistic_significance=partial rarity_uniqueness=none institutional_identity=partial category_representativeness=partial cultural_educational=partial provenance_acquisition=none visual_experiential=partial relational_spatial=na
168,"Silver Sugar Bowl, Paul Revere",保罗·里维尔银糖罐,B,7.127,35.4,low,C–A,4.84,是,作者身份是当前定级的核心依据，但本人制作与工坊归属尚未区分，可能改变Tier。,,缺证据区分里维尔本人制作与工坊或后续归属,"MFA哪一登录号对应“Silver Sugar Bowl, Paul Revere”，器上银匠标记和馆方归属究竟支持里维尔本人还是其工坊制作，本件在MFA里维尔银器中如何排序？",缺MFA官方记录、银匠标记和技术证据，以区分里维尔本人制作、其工坊制作或后续归属；缺制作年代、原始委托人和用途资料，以判断是否具有特殊历史关联；缺MFA所藏里维尔银器的数量、质量分布及本件馆内排序；缺对象级图录、展览史及馆方代表作定位；缺旧藏和完整入藏经过,basic_identification=partial date_period=none maker_culture=partial historical_significance=partial artistic_significance=partial rarity_uniqueness=none institutional_identity=partial category_representativeness=partial cultural_educational=partial provenance_acquisition=none visual_experiential=partial relational_spatial=na
169,"Silver Spoon Set, Colonial Boston",波士顿殖民时代银勺套件,B,5.853,32.8,low,C–A,5.04,是,银匠身份与套件构成未获可靠确认，答案不同可能改变当前Tier。,,缺MFA正式记录确认该组银勺是否为历史形成的一套，并释读各银匠戳记与年代,MFA藏品库与美国银器图录如何编目这套银勺，其藏品号、件数、各戳记银匠与制作年代分别是什么？,缺MFA正式记录确认该组银勺是否为历史形成的一套，并释读各银匠戳记与年代；缺MFA馆内同期波士顿银勺套件的数量、质量与地位比较；缺可靠的旧藏与入藏经过,basic_identification=partial date_period=partial maker_culture=partial historical_significance=partial artistic_significance=none rarity_uniqueness=none institutional_identity=partial category_representativeness=partial cultural_educational=partial provenance_acquisition=none visual_experiential=partial relational_spatial=na
170,Portrait of Captain Samuel Adams,塞缪尔·亚当斯船长肖像,A,7.284,37.0,low,C–A,4.73,是,核心作者归属与人物身份缺乏权威来源，核查结果可能改变当前Tier。,否,缺MFA正式记录及科普利作品目录确认作者归属、题名、年代与藏品号,MFA藏品库和科普利作品目录是否将《塞缪尔·亚当斯船长肖像》确认为科普利作品，其年代、藏品号及馆内地位为何？,缺MFA正式记录及科普利作品目录确认作者归属、题名、年代与藏品号；缺该画在科普利肖像创作及MFA科普利收藏中的质量与地位比较；缺可靠资料确认塞缪尔·亚当斯船长的身份及历史重要性；缺委托、来源、展览及出版记录,basic_identification=partial date_period=partial maker_culture=partial historical_significance=partial artistic_significance=partial rarity_uniqueness=none institutional_identity=partial category_representativeness=partial cultural_educational=partial provenance_acquisition=none visual_experiential=partial relational_spatial=na
171,Still‑Life with Fruit and Shells,水果贝壳静物,B,7.156,37.0,low,C–A,4.73,是,作者、年代和文化归属存在明显冲突，足以影响当前Tier。,,缺MFA正式记录核实藏品号2018.2109对应的题名、作者、年代与文化归属,MFA藏品号2018.2109实际对应哪件作品，馆方及范德阿斯特作品目录如何记录其作者、年代和文化归属？,缺MFA正式记录核实藏品号2018.2109对应的题名、作者、年代与文化归属；缺权威来源解决范德阿斯特、1623年与十八世纪美国归类之间的冲突；缺确认作者作品目录中的收录、质量评价及同类比较；缺可靠的来源、入藏经过与题名沿革,basic_identification=partial date_period=partial maker_culture=partial historical_significance=partial artistic_significance=partial rarity_uniqueness=partial institutional_identity=none category_representativeness=partial cultural_educational=partial provenance_acquisition=none visual_experiential=partial relational_spatial=na
172,Harvest Time in New England,新英格兰收获时节,B,6.368,32.8,low,C–A,5.04,是,对象身份和作者完全未定，核定结果可能使当前Tier明显变化。,,缺MFA正式藏品记录确认作者、年代、藏品号、媒材与准确题名,MFA藏品库中《新英格兰收获时节》的作者、年代和藏品号是什么，该作在馆内美国农事题材作品中处于何种位置？,缺MFA正式藏品记录确认作者、年代、藏品号、媒材与准确题名；缺该画在确认作者生涯及十九世纪美国风俗画史中的位置；缺与MFA其他新英格兰劳动及农事题材作品的质量和馆藏地位比较；缺来源、展览史及学术出版记录,basic_identification=partial date_period=partial maker_culture=partial historical_significance=partial artistic_significance=none rarity_uniqueness=none institutional_identity=partial category_representativeness=partial cultural_educational=partial provenance_acquisition=none visual_experiential=partial relational_spatial=na
173,The Fisherman’s Family,渔夫一家,A,7.525,37.0,medium,B–A,3.50,是,媒材记录明显矛盾，且荷马归属与对象对应仍需馆方确认。,否,缺MFA正式记录确认藏品号48.726与本作题名、荷马归属及1881年年代的对应关系,MFA藏品号48.726是否正式编目为荷马1881年的《渔夫一家》，其准确媒材及在荷马作品目录中的条目是什么？,缺MFA正式记录确认藏品号48.726与本作题名、荷马归属及1881年年代的对应关系；缺馆方技术或编目资料解决“油画”与“纸本水彩”的媒材冲突；缺该作在荷马作品目录及MFA荷马收藏中的质量与地位比较；缺可靠的来源、展览史及学术出版记录,basic_identification=partial date_period=partial maker_culture=partial historical_significance=partial artistic_significance=partial rarity_uniqueness=none institutional_identity=partial category_representativeness=partial cultural_educational=partial provenance_acquisition=none visual_experiential=partial relational_spatial=na
174,Cupid Reclining,斜倚的丘比特,B,5.639,17.2,low,C–A,6.21,是,作品性质和作者均未确认，原创与复制品之别可能改变当前Tier。,,缺核定该雕塑是原创版本、工作室版本还是后期复制品,MFA如何编目《斜倚的丘比特》的作者、年代与签名，该件是原创、工作室版本还是后期复制品？,缺MFA正式记录确认作者、年代、藏品号、签名与材质；缺核定该雕塑是原创版本、工作室版本还是后期复制品；缺确认作者作品目录及与MFA同类法国大理石雕塑的质量比较；缺委托背景、来源及入藏经过,basic_identification=partial date_period=partial maker_culture=partial historical_significance=none artistic_significance=none rarity_uniqueness=none institutional_identity=none category_representativeness=partial cultural_educational=partial provenance_acquisition=none visual_experiential=partial relational_spatial=na
175,Bust of Victor Hugo,维克多·雨果胸像,A,7.297,29.2,low,C–A,5.31,是,罗丹归属及铸件授权状态是当前Tier的核心依据，但尚无权威证据。,否,缺模型年代、实际铸造年代、铸造厂、版次与授权状态,MFA记录中的《维克多·雨果胸像》由哪家铸造厂在何时铸造，属何版次，是否为罗丹生前授权铸件？,缺MFA正式记录确认罗丹归属、藏品号、铭文及铸造标记；缺模型年代、实际铸造年代、铸造厂、版次与授权状态；缺该件在罗丹雨果肖像系列及作品目录中的位置，并缺与其他铸件的比较；缺来源、重要旧藏、展览及出版记录,basic_identification=partial date_period=partial maker_culture=partial historical_significance=partial artistic_significance=partial rarity_uniqueness=none institutional_identity=none category_representativeness=partial cultural_educational=partial provenance_acquisition=none visual_experiential=partial relational_spatial=na
176,"Gothic Ivory Diptych, Passion of Christ",哥特牙雕双联板：基督受难,B,6.791,29.2,low,C–A,5.31,是,年代、产地和同类稀缺性均未确认，核查结果可能改变当前Tier。,,缺MFA正式记录确认藏品号、精确年代、制作地区、作坊归属与材质核定,MFA记录与Gothic Ivories Project如何确定这件受难双联板的年代、产地和作坊，同型双联板存世多少件？,缺MFA正式记录确认藏品号、精确年代、制作地区、作坊归属与材质核定；缺权威哥特牙雕数据库中的同型存世量、年代与质量比较；缺该件在MFA中世纪牙雕收藏中的馆藏地位说明；缺各受难场景的完整识别与排列研究；缺可靠的来源与入藏经过,basic_identification=partial date_period=partial maker_culture=partial historical_significance=partial artistic_significance=partial rarity_uniqueness=none institutional_identity=none category_representativeness=partial cultural_educational=partial provenance_acquisition=none visual_experiential=partial relational_spatial=na
177,"Renaissance Majolica Bowl, Myth Scene",文艺复兴马约里卡神话纹大碗,B,6.649,29.2,low,C–A,5.31,是,生产中心与作者归属未定，而这些事实可能显著改变当前Tier。,,缺MFA正式记录确认藏品号、精确年代、生产中心、款识与保存状况,MFA将这件神话纹马约里卡大碗归于哪个生产中心、作坊或陶画师，其质量在馆内同类器中处于何种位置？,缺MFA正式记录确认藏品号、精确年代、生产中心、款识与保存状况；缺作坊或陶画师归属及其在相关作品目录中的位置；缺与MFA及其他权威收藏中同类大碗的质量和稀缺性比较；缺所绘神话故事及文本来源的可靠识别；缺可靠的来源和入藏经过,basic_identification=partial date_period=partial maker_culture=partial historical_significance=partial artistic_significance=partial rarity_uniqueness=none institutional_identity=none category_representativeness=partial cultural_educational=partial provenance_acquisition=none visual_experiential=partial relational_spatial=na
178,"Baroque Tapestry Fragment, Hunting Scene",巴洛克狩猎挂毯残片,B,5.568,29.2,low,C–A,5.31,是,织坊、设计者及残片完整度均未确认，这些事实可能改变当前Tier。,,缺原始挂毯系列、设计稿来源及该残片占完整构图比例的识别,MFA记录能否将这块狩猎挂毯残片对应到具体织坊、设计者和原始系列，并确定它保留了完整构图的多大比例？,缺MFA正式记录确认年代、制作国家、织造中心、织坊与设计者；缺原始挂毯系列、设计稿来源及该残片占完整构图比例的识别；缺同类巴洛克狩猎挂毯的存世量、质量及MFA馆内比较；缺委托背景、来源、重要旧藏及入藏记录,basic_identification=partial date_period=partial maker_culture=partial historical_significance=partial artistic_significance=partial rarity_uniqueness=none institutional_identity=none category_representativeness=partial cultural_educational=partial provenance_acquisition=none visual_experiential=partial relational_spatial=na
179,Portrait of a Young Scholar,青年学者肖像,B,6.078,29.2,low,C–A,5.31,是,作者归属和人物身份均属核心未知，答案不同可能改变当前Tier。,,缺MFA正式记录确认作者或画派、具体年代、藏品号与准确题名,MFA将《青年学者肖像》归于哪位画家或画派，“学者”题名依据何种图像或铭文证据，人物能否被识别？,缺MFA正式记录确认作者或画派、具体年代、藏品号与准确题名；缺人物身份及“学者”题名所依据的书籍、服饰、铭文等图像证据；缺归属变更史、技术检测及确认作者作品目录中的位置；缺与MFA其他荷兰黄金时代男性肖像的质量和馆藏地位比较；缺委托背景、来源及入藏经过,basic_identification=partial date_period=partial maker_culture=partial historical_significance=partial artistic_significance=partial rarity_uniqueness=none institutional_identity=none category_representativeness=partial cultural_educational=partial provenance_acquisition=none visual_experiential=partial relational_spatial=na
180,Landscape with River and Ruins,河流与废墟风景,B,6.207,29.2,low,C–A,5.31,是,作者与文化归属未定且元数据含义冲突，核查结果可能改变当前Tier。,,缺MFA正式记录确认作者、具体年代、藏品号、准确题名与文化归属,MFA藏品库如何记录《河流与废墟风景》的作者、年代和文化归属，“罗马”究竟指画中地点还是错误分类？,缺MFA正式记录确认作者、具体年代、藏品号、准确题名与文化归属；缺核定“罗马”字段是题材地点、制作文化还是错误解析，并缺废墟地点识别；缺该画在确认作者生涯及法国浪漫主义风景画中的位置；缺作品图像、保存状况和技法资料以核实视觉与艺术质量；缺来源、展览史及学术出版记录,basic_identification=partial date_period=partial maker_culture=partial historical_significance=partial artistic_significance=partial rarity_uniqueness=none institutional_identity=none category_representativeness=partial cultural_educational=partial provenance_acquisition=none visual_experiential=partial relational_spatial=na
181,Peasant Family at Supper,农家庭院晚餐,B,5.935,37.0,medium,C–A,4.73,是,作者、年代和馆内比较均未确认；不同答案会直接改变作品的重要性与可替代性。,,缺MFA藏品记录中的登录号、官方题名、作者归属与准确年代,MFA藏品库中该题名对应哪一登录号、作者与年代，馆方或法国绘画图录如何评价它在作者生涯及馆内同类作品中的位置？,缺MFA藏品记录中的登录号、官方题名、作者归属与准确年代；缺该作在作者生涯中的位置及与馆内法国现实主义风俗画的质量比较；缺高清图像、尺寸与保存状况，以核实其视觉和艺术质量；缺可靠的早期来源与入藏记录,basic_identification=partial date_period=partial maker_culture=partial historical_significance=partial artistic_significance=partial rarity_uniqueness=none institutional_identity=partial category_representativeness=partial cultural_educational=partial provenance_acquisition=none visual_experiential=partial relational_spatial=na
182,Guanyin with Multiple Arms,多臂观音,A,7.590,37.0,medium,B–A,3.31,是,正式断代、图像完整性及馆内同类定位缺失，答案不同可能改变当前层级。,否,缺MFA对登录号、元明断代及多臂观音身份的正式记录,MFA藏品库如何记录这尊观音的登录号、断代、手臂与持物，馆方出版物是否将其列为中国木雕佛像代表作？,缺MFA对登录号、元明断代及多臂观音身份的正式记录；缺手臂、持物、铭文及修复范围，以判断图像完整性；缺与MFA其他中国木雕观音的质量比较及馆方代表作定位；缺具体寺院来源与完整入藏链,basic_identification=partial date_period=partial maker_culture=partial historical_significance=partial artistic_significance=partial rarity_uniqueness=none institutional_identity=partial category_representativeness=partial cultural_educational=partial provenance_acquisition=none visual_experiential=partial relational_spatial=na
183,"Celadon Vase, Longquan",龙泉青瓷瓶,B,7.146,37.0,low,C–A,4.73,是,窑口、断代和质量比较均属当前判断的核心依据，尚无权威资料确认。,,缺MFA登录号、具体器形、准确断代及龙泉窑归属的正式记录,MFA藏品记录将此瓶定为何种器形、年代与龙泉窑阶段，其胎釉和修复资料如何，并如何与馆内其他龙泉瓶比较？,缺MFA登录号、具体器形、准确断代及龙泉窑归属的正式记录；缺胎釉技术资料、高清图像及修复记录，以判断烧造与保存质量；缺与MFA及重要收藏中同类龙泉瓶的质量、稀缺性和馆藏地位比较；缺可靠的早期收藏史与入藏经过,basic_identification=partial date_period=partial maker_culture=partial historical_significance=partial artistic_significance=partial rarity_uniqueness=none institutional_identity=partial category_representativeness=partial cultural_educational=partial provenance_acquisition=none visual_experiential=partial relational_spatial=na
184,Screen: The Tale of Genji Scenes,源氏物语绘屏风,A,7.860,37.0,low,B–S,6.30,是,作者、流派和馆内代表作地位均未确认，答案可能显著改变当前层级。,否,缺MFA登录号、作者或流派、准确年代及屏风扇数,MFA藏品库将这组《源氏物语》屏风归于哪位作者或流派、何时制作，馆方日本绘画图录如何评价它与馆内其他源氏屏风的相对地位？,缺MFA登录号、作者或流派、准确年代及屏风扇数；缺高清全景、颜料金地及修复资料，以判断绘画质量与完整性；缺与MFA其他《源氏物语》屏风的质量比较及馆方代表作定位；缺所绘章节和人物的完整逐景释读,basic_identification=partial date_period=partial maker_culture=partial historical_significance=partial artistic_significance=partial rarity_uniqueness=none institutional_identity=partial category_representativeness=partial cultural_educational=partial provenance_acquisition=none visual_experiential=partial relational_spatial=na
185,Wood Netsuke: Fox Spirit,根付木雕：狐妖,B,6.330,37.0,low,C–A,4.73,是,雕工归属和实物质量未知，而二者直接决定小型根付的典范性与可替代性。,,缺MFA登录号、雕工姓名、款识、准确年代与制作地域,MFA记录是否保存这件狐妖根付的款识、雕工与制作地，它与馆内署名木根付及其他狐题材根付相比处于何种位置？,缺MFA登录号、雕工姓名、款识、准确年代与制作地域；缺高清多角度图、尺寸、木材、磨损及修复资料；缺与MFA署名根付及同类狐题材根付的雕刻质量和稀缺性比较；缺可靠的早期来源与入藏经过,basic_identification=partial date_period=partial maker_culture=partial historical_significance=partial artistic_significance=partial rarity_uniqueness=none institutional_identity=partial category_representativeness=partial cultural_educational=partial provenance_acquisition=none visual_experiential=partial relational_spatial=na
186,Canopic Chest Fragment,卡诺匹斯箱残件,B,5.954,34.0,low,C–A,4.95,是,墓葬身份与发掘语境可能显著改变其历史价值和在MFA埃及收藏中的地位。,,缺出土地、墓号及与哈佛—MFA发掘档案的对应关系,这件残片能否在哈佛—MFA发掘档案中对应到具体墓号、墓主和原卡诺匹斯箱，其铭文与残存比例为何？,缺MFA正式断代、墓主姓名及彩绘象形文字释读；缺出土地、墓号及与哈佛—MFA发掘档案的对应关系；缺残片在原箱中的位置、残存比例、复原依据与现代修复范围,basic_identification=partial date_period=none maker_culture=partial historical_significance=partial artistic_significance=partial rarity_uniqueness=none institutional_identity=partial category_representativeness=partial cultural_educational=partial provenance_acquisition=none visual_experiential=partial relational_spatial=none
187,Athena Bronze Statuette,雅典娜小型青铜像,B,5.913,37.0,medium,C–B,1.99,是,准确归属、完整度和馆内代表性尚未确认，可能使当前层级发生一级变化。,,缺MFA登录号、准确年代、制作地区及雅典娜图像类型确认,MFA藏品记录如何断代并识别这尊雅典娜的图像类型、持物与用途，它的完整度和质量在馆内希腊小铜像中处于何种位置？,缺MFA登录号、准确年代、制作地区及雅典娜图像类型确认；缺持物、完整度、表面状态及现代修复和拼补记录；缺与MFA其他希腊小型青铜神像的质量及馆内代表性比较；缺可靠的出土地与早期收藏史,basic_identification=partial date_period=partial maker_culture=partial historical_significance=partial artistic_significance=partial rarity_uniqueness=none institutional_identity=partial category_representativeness=partial cultural_educational=partial provenance_acquisition=none visual_experiential=partial relational_spatial=na
188,Funerary Stele with Warrior,武士主题丧葬石碑,A,7.228,37.0,medium,B–A,4.62,是,武士身份与历史叙事缺少铭文支撑，雕刻质量也未比较，均可能改变当前层级。,否,缺MFA对准确年代、制作地区、铭文及武士公民身份的正式确认,MFA如何释读这方墓碑的铭文并确认墓主为武士公民，其年代、完整度和雕刻质量与馆内外同类墓碑相比如何？,缺MFA对准确年代、制作地区、铭文及武士公民身份的正式确认；缺高清图像、尺寸、完整度、表面状态与现代修复范围；缺与MFA及重要收藏中希腊武士墓碑的雕刻质量和稀缺性比较；缺可靠的出土地、早期来源与入藏记录,basic_identification=partial date_period=partial maker_culture=partial historical_significance=partial artistic_significance=partial rarity_uniqueness=none institutional_identity=partial category_representativeness=partial cultural_educational=partial provenance_acquisition=none visual_experiential=partial relational_spatial=na
189,Roman Sarcophagus: Labors of Hercules,赫拉克勒斯功绩石棺,A,8.178,37.0,low,B–S,6.30,是,完整循环、原作比例与存世地位均是当前层级的核心依据，但尚无可靠资料支持。,否,缺逐场景资料以确认十二项功绩是否均保存于同一石棺,MFA是否确认该石棺保存同一套完整的十二功绩循环，哪些浮雕属于古代原作或现代补配，它在现存赫拉克勒斯石棺语料中处于何种位置？,缺MFA登录号、准确年代、尺寸及古代原作与现代补配的区分；缺逐场景资料以确认十二项功绩是否均保存于同一石棺；缺同类赫拉克勒斯功绩石棺的存世数量、质量比较及MFA官方定位；缺原始丧葬语境与完整入藏记录,basic_identification=partial date_period=partial maker_culture=partial historical_significance=partial artistic_significance=partial rarity_uniqueness=none institutional_identity=partial category_representativeness=partial cultural_educational=partial provenance_acquisition=none visual_experiential=partial relational_spatial=na
190,"Sandstone Buddha, Amaravati",阿玛拉瓦蒂砂岩佛造像,B,6.985,35.5,low,C–A,4.84,是,产地归属与遗址关系未经确认，而二者直接支撑其早期佛教艺术史价值。,,缺MFA对材质、准确年代及阿玛拉瓦蒂—安得拉归属的正式确认,MFA依据哪些风格、石材或考古记录把此残片归于阿玛拉瓦蒂，它能否对应具体遗址构件，并与主要阿玛拉瓦蒂收藏中的同类残片如何比较？,缺MFA对材质、准确年代及阿玛拉瓦蒂—安得拉归属的正式确认；缺出土地、遗址构件编号及其在原佛塔或塔院中的位置；缺图像识别、残片复原依据及与主要阿玛拉瓦蒂收藏的质量和稀缺性比较；缺完整的早期收藏史与入藏手续记录,basic_identification=partial date_period=partial maker_culture=partial historical_significance=partial artistic_significance=partial rarity_uniqueness=none institutional_identity=partial category_representativeness=partial cultural_educational=partial provenance_acquisition=none visual_experiential=partial relational_spatial=none
191,Mamluk Brass Lamp,马穆鲁克清真寺铜灯,B,6.977,37.0,low,C–A,4.73,是,器类、工艺和文化归属均未确认，铭文答案也可能显著改变其历史地位。,,缺MFA对器类、基底金属、装饰技法、准确年代及制作中心的正式确认,MFA藏品记录究竟将此物认定为何种马穆鲁克灯具和装饰技术，其铭文是否指向特定赞助人，它与现存同类金属灯相比如何？,缺MFA对器类、基底金属、装饰技法、准确年代及制作中心的正式确认；缺阿拉伯文铭文、纹章或奉献文字的释读及赞助人身份；缺马穆鲁克金属灯具的存世比较及该件在MFA伊斯兰收藏中的定位；缺可靠的早期来源与入藏经过,basic_identification=partial date_period=partial maker_culture=partial historical_significance=partial artistic_significance=partial rarity_uniqueness=none institutional_identity=partial category_representativeness=partial cultural_educational=partial provenance_acquisition=none visual_experiential=partial relational_spatial=na
192,Federal‑period Silver Coffee Pot,联邦时期银咖啡壶,B,6.951,37.0,low,C–A,4.73,是,银匠归属、银标和原主身份都可能直接改变其在MFA美国银器收藏中的重要性。,,缺MFA登录号、银匠姓名、作坊、银标释读及准确年代,MFA如何释读这件咖啡壶的银标并确认银匠、作坊与年代，原始所有者是谁，它与馆内其他波士顿联邦时期咖啡壶相比如何？,缺MFA登录号、银匠姓名、作坊、银标释读及准确年代；缺尺寸、重量、成色、制作技法、替换部件与修复记录；缺原始所有者、委托关系及早期使用史；缺与MFA其他波士顿联邦时期银咖啡壶的作者、质量和稀缺性比较,basic_identification=partial date_period=partial maker_culture=partial historical_significance=partial artistic_significance=partial rarity_uniqueness=none institutional_identity=partial category_representativeness=partial cultural_educational=partial provenance_acquisition=none visual_experiential=partial relational_spatial=na
193,Portrait of Rebecca Boylston,丽贝卡·博伊尔斯顿肖像,A,7.427,40.6,medium,B–A,3.64,是,作品身份已有基础，但缺少支撑当前层级的馆内权威比较定位。,否,缺本作在MFA科普利肖像馆藏中的权威比较定位,MFA登录号1976.667的官方条目及科普利馆藏图录如何定位《丽贝卡·博伊尔斯顿肖像》，是否将其列为馆内重要作品？,缺MFA官方记录对登录号1976.667的题名、归属和作年确认；缺本作在MFA科普利肖像馆藏中的权威比较定位；缺可靠的来源流传及入藏经过记录,basic_identification=full date_period=partial maker_culture=full historical_significance=partial artistic_significance=partial rarity_uniqueness=none institutional_identity=partial category_representativeness=partial cultural_educational=partial provenance_acquisition=none visual_experiential=partial relational_spatial=na
194,The Old Farmhouse,古老农舍,B,5.607,37.0,low,C–A,4.73,是,作者与年代等核心身份信息缺失，不同答案可能显著改变当前层级。,,缺MFA官方记录确认登录号、艺术家、作年和准确题名,MFA藏品库中陈列于222展厅、题为《The Old Farmhouse》的作品，其登录号、艺术家、作年和正式题名分别是什么？,缺MFA官方记录确认登录号、艺术家、作年和准确题名；缺画中农舍的地点、建筑身份及其历史地位资料；缺与MFA其他十九世纪新英格兰风景画的权威比较；缺可靠的来源流传及入藏经过记录,basic_identification=partial date_period=partial maker_culture=partial historical_significance=partial artistic_significance=partial rarity_uniqueness=none institutional_identity=partial category_representativeness=partial cultural_educational=partial provenance_acquisition=none visual_experiential=partial relational_spatial=na
195,Bust of a Young Man,青年男子大理石胸像,C,5.126,37.0,low,C–A,4.73,是,作者和坐者等定级核心事实尚未确认，答案不同可能造成较大层级变化。,,缺MFA官方记录确认登录号、雕塑家、作年、尺寸和正式题名,MFA第247展厅所列《Bust of a Young Man》的官方登录号、雕塑家、年代与坐者身份是什么？,缺MFA官方记录确认登录号、雕塑家、作年、尺寸和正式题名；缺青年男子的身份、委托者及肖像制作背景；缺与MFA其他美国大理石肖像胸像的品质和稀缺性比较；缺可靠的来源流传及入藏经过记录,basic_identification=partial date_period=partial maker_culture=partial historical_significance=partial artistic_significance=partial rarity_uniqueness=none institutional_identity=partial category_representativeness=partial cultural_educational=partial provenance_acquisition=none visual_experiential=partial relational_spatial=na
196,Ivory Crucifix,象牙耶稣受难像,B,6.157,29.2,low,C–A,5.31,是,作坊、产地与年代均未确认，这些答案可能改变其品质和稀缺性定位。,,缺MFA官方记录确认登录号、作者或作坊、产地和作年,MFA第143展厅《Ivory Crucifix》的官方登录号、作坊、产地和年代是什么，馆方如何评价其在象牙雕刻馆藏中的地位？,缺MFA官方记录确认登录号、作者或作坊、产地和作年；缺与MFA及其他权威馆藏巴洛克象牙受难像的品质和稀缺性比较；缺象牙种类鉴定、保存状况和修复记录；缺可靠的来源流传及入藏经过记录,basic_identification=partial date_period=partial maker_culture=partial historical_significance=partial artistic_significance=partial rarity_uniqueness=none institutional_identity=none category_representativeness=partial cultural_educational=partial provenance_acquisition=none visual_experiential=partial relational_spatial=na
197,Portrait of an Old Man,老者肖像,C,5.299,21.4,low,C–A,5.90,是,Joseph Hirsch的1939年记录与老大师展厅描述明显矛盾，必须人工核定对象身份。,,缺MFA登录号42.175的官方记录，以解决作者、年代和部门归属冲突,MFA登录号42.175的官方条目将《Portrait of an Old Man》归于Joseph Hirsch还是北欧老大师体系，其部门、年代和展厅记录分别是什么？,缺MFA登录号42.175的官方记录，以解决作者、年代和部门归属冲突；缺归属沿革及技术研究，以核定Joseph Hirsch记录是否对应本作；缺坐者身份及委托背景资料；缺可靠的来源流传及入藏经过记录,basic_identification=partial date_period=partial maker_culture=partial historical_significance=none artistic_significance=partial rarity_uniqueness=none institutional_identity=none category_representativeness=partial cultural_educational=partial provenance_acquisition=none visual_experiential=partial relational_spatial=na
198,Madonna and Child,圣母子板画,B,6.447,29.2,low,C–A,5.31,是,作者或作坊与年代尚未确认，而这些事实会直接改变早期意大利板画的定位。,,缺MFA官方记录确认登录号、艺术家或作坊、具体年代和材质,MFA第324展厅这件《Madonna and Child》的登录号、作者或作坊、具体年代是什么，馆方图录是否接受锡耶纳画派归属？,缺MFA官方记录确认登录号、艺术家或作坊、具体年代和材质；缺锡耶纳画派归属沿革及相关权威研究；缺与MFA其他早期意大利圣母子板画的品质和馆藏地位比较；缺可靠的来源流传及入藏经过记录,basic_identification=partial date_period=partial maker_culture=partial historical_significance=partial artistic_significance=partial rarity_uniqueness=none institutional_identity=none category_representativeness=partial cultural_educational=partial provenance_acquisition=none visual_experiential=partial relational_spatial=na
199,The Adoration of the Magi,三博士朝拜,B,6.487,30.0,low,C–A,5.25,是,作品归属及其是否属于可重构的重要祭坛画均未确认，答案可能改变当前层级。,,缺MFA官方记录确认登录号、艺术家或作坊、年代及残片性质,MFA第324展厅《The Adoration of the Magi》的官方登录号与归属是什么，馆方图录是否识别其原祭坛画及其他现存板块？,缺MFA官方记录确认登录号、艺术家或作坊、年代及残片性质；缺原祭坛画身份、整体重构及其他现存板块资料；缺该残片在早期意大利祭坛画史及MFA馆藏中的权威定位；缺可靠的来源流传及入藏经过记录,basic_identification=partial date_period=partial maker_culture=partial historical_significance=partial artistic_significance=partial rarity_uniqueness=none institutional_identity=none category_representativeness=partial cultural_educational=partial provenance_acquisition=none visual_experiential=partial relational_spatial=partial
200,Landscape with Figures and River,人物河流风景,B,5.780,29.2,medium,C–A,5.31,是,现有馆藏号和作者匹配强度有限，且决定馆藏地位的创作史定位尚缺。,,缺MFA登录号21.1461的官方记录，以核实题名、归属、年代和材质,MFA登录号21.1461的官方条目是否确认Giuseppe Zais归属与具体年代，馆方如何将其与其他威尼斯风景画比较？,缺MFA登录号21.1461的官方记录，以核实题名、归属、年代和材质；缺本作在Giuseppe Zais创作生涯中的权威定位；缺与MFA其他威尼斯风景画的品质和馆藏地位比较；缺可靠的来源流传及入藏经过记录,basic_identification=partial date_period=partial maker_culture=partial historical_significance=partial artistic_significance=partial rarity_uniqueness=none institutional_identity=none category_representativeness=partial cultural_educational=partial provenance_acquisition=none visual_experiential=partial relational_spatial=na
201,Martyrdom of Saint Lawrence,圣劳伦斯殉道,B,6.433,29.2,low,C–A,5.31,是,艺术家和产地等核心归属完全未确认，可能显著改变作品的艺术史地位。,,缺MFA官方记录确认登录号、艺术家、作年、产地和尺寸,MFA第325展厅《Martyrdom of Saint Lawrence》的官方登录号、艺术家、产地与年代是什么，其原始教堂或祭坛语境是否有记录？,缺MFA官方记录确认登录号、艺术家、作年、产地和尺寸；缺北方巴洛克归属依据及本作在艺术家生涯中的位置；缺原始委托者、教堂或祭坛语境资料；缺与MFA其他北方巴洛克宗教画的权威比较；缺可靠的来源流传及入藏经过记录,basic_identification=partial date_period=partial maker_culture=partial historical_significance=partial artistic_significance=partial rarity_uniqueness=none institutional_identity=none category_representativeness=partial cultural_educational=partial provenance_acquisition=none visual_experiential=partial relational_spatial=na
202,View from the Alhambra,阿尔罕布拉宫风景,B,6.157,29.2,low,C–A,5.31,是,作者身份尚未确认，而作者及旅行背景正是当前艺术史定位的核心依据。,,缺MFA官方记录确认登录号、艺术家、作年、尺寸和准确题名,MFA第333展厅《View from the Alhambra》的官方登录号、艺术家和作年是什么，馆方是否将其与该艺术家的西班牙旅行相联系？,缺MFA官方记录确认登录号、艺术家、作年、尺寸和准确题名；缺本作与艺术家西班牙旅行经历及创作生涯关系的资料；缺与MFA其他东方主义或西班牙景观画的馆内比较；缺画面具体视点及写生地点的确认；缺可靠的来源流传及入藏经过记录,basic_identification=partial date_period=partial maker_culture=partial historical_significance=partial artistic_significance=partial rarity_uniqueness=none institutional_identity=none category_representativeness=partial cultural_educational=partial provenance_acquisition=none visual_experiential=partial relational_spatial=na
203,The Shepherdess,牧羊女,A,7.491,37.0,medium,B–A,3.63,是,米勒归属已有线索，但支撑当前层级的创作史与馆内比较定位仍未核实。,否,缺本作在Millet创作生涯及法国现实主义发展中的权威定位,MFA登录号77.249的官方条目和米勒馆藏图录如何定位《The Shepherdess》，并如何将其与《播种者》及其他乡村题材作品比较？,缺MFA登录号77.249的官方记录，以核实题名、归属、作年和材质；缺本作在Millet创作生涯及法国现实主义发展中的权威定位；缺本作与MFA《播种者》等米勒馆藏的权威比较；缺可靠的来源流传及入藏经过记录,basic_identification=partial date_period=partial maker_culture=partial historical_significance=partial artistic_significance=partial rarity_uniqueness=none institutional_identity=partial category_representativeness=partial cultural_educational=partial provenance_acquisition=none visual_experiential=partial relational_spatial=na
