seq,名称EN,名称CN,当前Tier,Core,完备度,Tier可信度,潜在区间,研究优先级,需复核,复核原因,去推断后仍成立,最关键缺失证据,建议研究问题,缺失证据全部,12项判定
1,"Yin Yu Tang, Chinese Merchant House",荫余堂 清代徽州商人古宅,S,9.555,77.0,high,S,0.46,,,否,缺PEM迁建档案所载原址村名、建造阶段与黄氏家族使用史,PEM荫余堂迁建档案记载的原址村名、建造阶段及原构件比例分别是什么？,缺PEM迁建档案所载原址村名、建造阶段与黄氏家族使用史；缺原构件、替换构件及修复构件比例的工程清单,basic_identification=full date_period=partial maker_culture=partial historical_significance=partial artistic_significance=partial rarity_uniqueness=full institutional_identity=full category_representativeness=full cultural_educational=partial provenance_acquisition=partial visual_experiential=full relational_spatial=full
2,"Nanban Byobu, Portuguese Trade Arrival Screen",南蛮屏风：葡萄牙商船到来六曲屏风,S,9.242,63.0,high,S,1.50,是,sig_provenance 称“入藏途径未见于现有资料”，但PEM官方记录已明确其为1994年博物馆购藏并由匿名捐赠者资助；未知的只是此前递藏链。,否,缺学术图录对E200727画派归属及其在南蛮屏风谱系中位置的评述,日本屏风画图录如何著录PEM E200727的画派、确切年代及其在南蛮屏风存世谱系中的位置？,缺学术图录对E200727画派归属及其在南蛮屏风谱系中位置的评述；缺1994年购藏以前的收藏地点与完整递藏记录；缺尺寸、各扇保存状况及金箔颜料检测资料,basic_identification=full date_period=full maker_culture=full historical_significance=partial artistic_significance=partial rarity_uniqueness=partial institutional_identity=full category_representativeness=partial cultural_educational=partial provenance_acquisition=partial visual_experiential=partial relational_spatial=na
3,Hawaiian Kū War God Figure,夏威夷库战神木雕,S,9.333,63.0,high,S,1.23,是,简介称“前接触期”，与PEM官方19世纪早期断代明显矛盾，需人工纠正。,否,缺本件在全球夏威夷库神像存世谱系中的数量与质量比较,PEM E12071的官方档案如何认定其神祇身份与19世纪早期年代，1825年这一具体年份出自何处？,缺本件在全球夏威夷库神像存世谱系中的数量与质量比较；缺John T. Prince在1846年捐赠前取得该像的地点、时间与方式；缺馆方断代依据及1825年具体年份的原始出处,basic_identification=full date_period=full maker_culture=full historical_significance=partial artistic_significance=partial rarity_uniqueness=partial institutional_identity=full category_representativeness=partial cultural_educational=partial provenance_acquisition=partial visual_experiential=partial relational_spatial=na
4,"Spilum, Pair Portraits of Captain Wheatland & Wife",斯波伦 惠特兰船长夫妇外销肖像,S,8.554,37.5,low,C–S,6.25,是,对象身份、Spilum归属及原始配对关系均未核实，任一结论不同都可能显著改变Tier。,否,缺PEM馆号、正式题名、藏品图像及两位被绘者的官方身份记录,PEM目录、年报或Spilum作品图录中是否著录惠特兰船长夫妇肖像，其馆号、题名、作者归属和被绘者全名是什么？,缺PEM馆号、正式题名、藏品图像及两位被绘者的官方身份记录；缺将两幅肖像归于Spilum并断代至广州贸易时期的技术或文献依据；缺证明两幅为原始配对且确由惠特兰夫妇委托的家族或贸易档案,basic_identification=partial date_period=partial maker_culture=partial historical_significance=partial artistic_significance=partial rarity_uniqueness=none institutional_identity=partial category_representativeness=partial cultural_educational=partial provenance_acquisition=none visual_experiential=partial relational_spatial=partial
5,"Fitz Henry Lane, Twilight on the Kennebec",菲茨·亨利·莱恩：肯尼贝克河暮色,A,8.105,63.0,high,A,1.90,是,类别代表性理由称其为“本组唯一作品”，而 sig_category 又称该组有两件并将其列为两件之首，组内数量自相矛盾。,否,缺Fitz Henry Lane作品目录对本件创作生涯位置与质量的具体评述,Fitz Henry Lane作品目录如何著录PEM M22672，并如何评价它在其1849年前后海景画中的位置？,缺Fitz Henry Lane作品目录对本件创作生涯位置与质量的具体评述；缺2014年捐赠以前的完整递藏记录；缺尺寸、保存状况及画框是否原配的资料,basic_identification=full date_period=full maker_culture=full historical_significance=partial artistic_significance=partial rarity_uniqueness=partial institutional_identity=full category_representativeness=partial cultural_educational=partial provenance_acquisition=partial visual_experiential=partial relational_spatial=na
6,"John Singleton Copley, Portrait of Sarah Erving Waldo",科普利：莎拉·欧文·沃尔多肖像,A,7.879,63.0,high,A,1.40,是,sig_provenance 称“递藏与入藏记录缺失”，但PEM官方资料明确记录其于1976年由Charles Edward Cotting夫妇捐赠；缺失的是更早递藏史而非入藏记录。,否,缺科普利作品目录对M12561归属、年代及创作生涯位置的著录,科普利作品目录如何著录PEM M12561，其委托背景及在1764至1765年肖像创作中的位置是什么？,缺科普利作品目录对M12561归属、年代及创作生涯位置的著录；缺Sarah Erving Waldo的完整传记、家族关系与委托背景；缺1976年捐赠以前的家族递藏及交易记录,basic_identification=full date_period=full maker_culture=full historical_significance=partial artistic_significance=partial rarity_uniqueness=partial institutional_identity=full category_representativeness=partial cultural_educational=partial provenance_acquisition=partial visual_experiential=partial relational_spatial=na
7,"Rush Figurehead, USS Frigate",rushing船头木雕人像,S,9.080,51.5,low,C–S,4.85,是,原舰身份与拉什归属都是当前Tier的核心依据，但现有资料未能核实。,否,缺M27741的正式题名、雕刻形象、原属舰名及该舰服役档案,PEM M27741的正式题名、原属舰名和雕刻形象是什么，馆方据何档案将其传归威廉·拉什？,缺M27741的正式题名、雕刻形象、原属舰名及该舰服役档案；缺归属威廉·拉什的款识、账簿、合同或系统性风格比较；缺尺寸、当前展陈图像及与约1800年美国大型船首像的比较；缺脱离原舰至博物馆购藏之间的完整递藏链,basic_identification=partial date_period=full maker_culture=partial historical_significance=partial artistic_significance=partial rarity_uniqueness=partial institutional_identity=partial category_representativeness=partial cultural_educational=partial provenance_acquisition=partial visual_experiential=partial relational_spatial=partial
8,Chinese Export Mandarin Punch Bowl,中国外销纹章大潘趣碗,A,8.707,17.7,low,C–A,6.17,是,对象身份及其创始船长来源链均未核实，而建馆来源正是当前Tier的主要依据。,否,缺PEM馆号、正式题名、藏品照片及目录记录,PEM早期目录、东印度海洋学会捐赠簿或船长清单中，是否有可与该纹章潘趣碗图像和纹章对应的入藏记录？,缺PEM馆号、正式题名、藏品照片及目录记录；缺创始船长携回并向东印度海洋学会原始入藏该碗的档案；缺纹章辨识及其与具体船长、家族或委托人的对应证据；缺确切年代、尺寸、胎釉彩绘技术与保存状况,basic_identification=none date_period=none maker_culture=partial historical_significance=none artistic_significance=partial rarity_uniqueness=none institutional_identity=none category_representativeness=partial cultural_educational=partial provenance_acquisition=none visual_experiential=partial relational_spatial=na
9,"Edo Jizō Bosatsu Wood Sculpture, 1279",1279年地藏菩萨木雕,S,8.811,63.0,high,S,2.78,是,英文名称将作品标为Edo，而馆方纪年为1279年且现有时期字段为镰仓时代，两者明确自相矛盾。,否,缺金箔与漆层是否原装的保存科学和修复报告,PEM E12068.1AB-.4AB的纪年铭文如何释读，馆方保存报告认定哪些金箔、漆层和部件属于原作？,缺1279年纪年铭文全文、位置及释读记录；缺金箔与漆层是否原装的保存科学和修复报告；缺原属寺院、离寺时间及1909年以前的递藏记录；缺与美国及日本带纪年镰仓地藏像的数量和质量比较,basic_identification=full date_period=full maker_culture=full historical_significance=partial artistic_significance=partial rarity_uniqueness=partial institutional_identity=full category_representativeness=partial cultural_educational=partial provenance_acquisition=partial visual_experiential=partial relational_spatial=na
10,"Samuel McIntire, Gardner‑Pingree House architectural carvings",塞缪尔·麦金太尔 加德纳‑平格里宅木雕构件,A,8.386,47.0,low,C–A,3.98,是,对象边界、作者归属和原作比例均不确定，直接影响当前Tier赖以成立的原位完整性。,否,缺评级对象所含构件的逐件清单、位置、馆号及正式对象边界,PEM的加德纳—平格里宅建筑档案将哪些木雕构件归入麦金太尔原作，各自位于何处并有何原作或替换状态？,缺评级对象所含构件的逐件清单、位置、馆号及正式对象边界；缺证明麦金太尔本人或其工作室设计、雕刻这些构件的账簿、合同或图纸；缺区分原作、后配、复制与修复构件的建筑考古报告；缺与塞勒姆其他麦金太尔原位木雕系统的完整性比较,basic_identification=partial date_period=partial maker_culture=partial historical_significance=partial artistic_significance=partial rarity_uniqueness=partial institutional_identity=partial category_representativeness=partial cultural_educational=partial provenance_acquisition=partial visual_experiential=none relational_spatial=partial
11,"Josh Simpson, Mega‑Megaplanet Glass Sphere",乔希·辛普森：巨型星球艺术玻璃球,A,7.414,24.0,low,C–A,5.70,是,对象身份、尺度及系列稀缺性均未核实，而这些是当前Tier的主要支撑。,否,缺PEM馆号、官方题名、创作年份、材质、精确尺寸及藏品图像,PEM登记簿或Josh Simpson作品目录是否著录Mega-Megaplanet，其馆号、年份、尺寸及在Planet系列中的版本性质是什么？,缺PEM馆号、官方题名、创作年份、材质、精确尺寸及藏品图像；缺本件在Mega-Planet或Planet系列中是唯一作、版本作还是常规变体的说明；缺艺术家作品目录及本件的重要展览与出版记录；缺PEM陈列史或宣传档案对其机构标志地位的证明,basic_identification=partial date_period=none maker_culture=partial historical_significance=partial artistic_significance=partial rarity_uniqueness=none institutional_identity=none category_representativeness=partial cultural_educational=none provenance_acquisition=none visual_experiential=partial relational_spatial=na
12,Korean Joseon Governor Welcoming Banquet Screen,朝鲜朝鲜时代 平壤道牧使欢迎宴会屏风,A,8.937,29.2,low,C–S,7.08,是,对象身份、所绘事件及“美国重要馆藏”地位均未核实，答案不同可能使Tier大幅变化。,否,缺PEM馆号、官方题名、藏品图像或权威图录记录,PEM韩国艺术目录或相关展览图录中是否有与该平壤欢迎宴会屏风图像相符的对象，其馆号、题跋释读、年代和所绘事件是什么？,缺PEM馆号、官方题名、藏品图像或权威图录记录；缺题跋印章释读及所绘牧使姓名、宴会地点和事件年份；缺与韩国及美国主要官署纪事屏风的数量和质量比较；缺原收藏者、离开朝鲜半岛的经过及PEM入藏记录,basic_identification=partial date_period=partial maker_culture=partial historical_significance=partial artistic_significance=partial rarity_uniqueness=none institutional_identity=none category_representativeness=partial cultural_educational=partial provenance_acquisition=none visual_experiential=partial relational_spatial=na
13,Maori War Treasure Jade Mere,毛利玉质战争权杖,A,8.041,42.2,low,C–S,5.78,是,对象身份及支撑A层级的前接触、高阶和早期航海来源均未核实。,否,缺PEM馆藏记录以确认本件身份及核心编目信息。,PEM登记档案中是否有一件与该展品匹配的毛利软玉mere，其馆号、采集者、航次和采集年代分别是什么？,缺PEM馆藏记录以确认馆号、规范题名、年代、尺寸及软玉材质鉴定。；缺采集者姓名、航次、采集年份及后续所有者构成的来源链。；缺毛利或相关专业学者对其前接触年代、高阶身份、taonga属性及玉料来源的鉴定。；缺同类mere pounamu存世数量、可比馆藏与质量等级资料。,basic_identification=partial date_period=partial maker_culture=partial historical_significance=partial artistic_significance=partial rarity_uniqueness=none institutional_identity=partial category_representativeness=partial cultural_educational=partial provenance_acquisition=partial visual_experiential=partial relational_spatial=na
14,"Childe Hassam, New England Autumn Landscape",柴尔德·哈萨姆：新英格兰秋景,A,7.309,15.1,low,C–A,6.37,是,具体作品身份、作者归属及成熟期地位均未获外部资料确认。,否,缺能将该描述性题名对应到具体哈萨姆作品的馆方或总目记录。,PEM登记系统或哈萨姆作品总目中是否存在一幅新英格兰秋景，并可用图像、尺寸和来源与本件对应？,缺PEM馆号、规范题名、创作年份、尺寸和材质记录，以确认对象身份。；缺哈萨姆作品总目条目以确认作者归属、真伪和年代。；缺权威资料说明该画是否属于哈萨姆成熟期的重要作品。；缺可核实图像、保存状况及现场陈列尺度。,basic_identification=partial date_period=none maker_culture=partial historical_significance=partial artistic_significance=none rarity_uniqueness=none institutional_identity=none category_representativeness=none cultural_educational=partial provenance_acquisition=none visual_experiential=none relational_spatial=na
15,"Robert Feke, Portrait of Judge Richard Saltonstall",罗伯特·费克：理查德·索尔顿斯托尔法官肖像,A,7.787,39.1,high,A,2.42,,,否,缺费克权威文献对该画质量和创作生涯位置的评价。,费克作品总目如何著录《理查德·索尔顿斯托尔法官肖像》，并如何评价其相对于其他现存费克肖像的质量？,缺馆方说明100183与Wikidata所载M11043分别属于何种编号。；缺费克作品总目或学术出版对该画质量及生涯位置的评价。；缺原始委托、悬挂地点、历任所有者及入藏经过。；缺理查德·索尔顿斯托尔生平及肖像历史用途资料。,basic_identification=full date_period=full maker_culture=full historical_significance=partial artistic_significance=partial rarity_uniqueness=none institutional_identity=partial category_representativeness=partial cultural_educational=partial provenance_acquisition=none visual_experiential=none relational_spatial=na
16,"Fidelia Bridges, Pastures by the Sea",菲德莉娅·布里奇斯：海边牧场,A,7.252,52.6,high,A,3.41,,,否,缺权威目录对该画在布里奇斯生涯中位置的说明。,布里奇斯作品目录及PEM档案如何著录《海边牧场》，该画是否曾被列为其重要海岸自然题材作品？,缺权威作品目录对该画在布里奇斯创作生涯中位置的说明。；缺展览史、出版史及专业评论记录。；缺确切尺寸、保存状况和当前陈列方式。；缺对画中鸟类、野花及地点的可靠识别。,basic_identification=full date_period=full maker_culture=full historical_significance=partial artistic_significance=partial rarity_uniqueness=none institutional_identity=partial category_representativeness=partial cultural_educational=partial provenance_acquisition=full visual_experiential=partial relational_spatial=na
17,"Samuel McIntire, carved fireplace surround",塞缪尔·麦金太尔雕刻壁炉围板,A,8.530,37.5,low,C–A,4.69,是,原构件身份和麦金太尔归属均不确定，足以显著改变当前层级依据。,否,缺证据确认其为宅邸原构件并确定麦金太尔归属。,加德纳-平格里宅的建筑调查、修复报告或历史照片能否确认该围板的原房间、安装年代及麦金太尔归属？,缺建筑调查或构件清单确认围板是否为加德纳-平格里宅原构件及其原房间。；缺档案或形式学研究确认塞缪尔·麦金太尔本人、工作室或后世仿作的归属。；缺后期改动、拆装、修复及现存完整性记录。；缺与其他完整麦金太尔壁炉围板的质量和稀缺性比较。,basic_identification=partial date_period=partial maker_culture=partial historical_significance=partial artistic_significance=partial rarity_uniqueness=none institutional_identity=partial category_representativeness=partial cultural_educational=partial provenance_acquisition=none visual_experiential=partial relational_spatial=partial
18,"John Singer Sargent, Portrait of Sarah Lawrence Brooks",萨金特：萨拉·劳伦斯·布鲁克斯肖像,A,7.750,43.8,low,C–A,4.22,是,萨金特归属及作品生涯位置尚未由馆方或作品总目确认。,否,缺PEM正式记录或萨金特作品总目确认作者归属与对象身份。,萨金特作品总目是否收录《萨拉·劳伦斯·布鲁克斯肖像》，其编号、日期、尺寸、来源及现藏机构如何著录？,缺PEM馆号、规范题名及正式作者归属记录。；缺萨金特作品总目条目确认真伪、年代及作品编号。；缺权威评价说明该画在萨金特肖像创作中的质量与位置。；缺萨拉·劳伦斯·布鲁克斯身份、委托背景及原始用途资料。；缺2002年以前的来源链、展览史和出版史。,basic_identification=partial date_period=full maker_culture=partial historical_significance=partial artistic_significance=partial rarity_uniqueness=none institutional_identity=partial category_representativeness=partial cultural_educational=partial provenance_acquisition=partial visual_experiential=partial relational_spatial=na
19,"Josh Simpson, smaller planet glass orb",乔希·辛普森 中小型星球玻璃球,B,6.052,14.6,low,C–A,6.41,是,对象身份及决定可替代性的系列关系均未知，可能使当前层级上下变化。,,缺具体馆藏身份及其与Mega-Megaplanet的系列关系。,PEM登记档案中哪件乔希·辛普森玻璃球与该描述匹配，其尺寸、馆号及与Mega-Megaplanet的系列或版次关系是什么？,缺PEM馆号、规范题名、年份、尺寸、材质和入藏记录，以确认具体对象。；缺该球与Mega-Megaplanet的确切关系，包括独件、版次、系列或习作性质。；缺该作在乔希·辛普森创作生涯及星球系列中的位置。；缺可核实图像、制作技法、保存状况和现场展示信息。,basic_identification=partial date_period=none maker_culture=partial historical_significance=none artistic_significance=partial rarity_uniqueness=none institutional_identity=none category_representativeness=none cultural_educational=partial provenance_acquisition=none visual_experiential=partial relational_spatial=na
20,Chinese Export porcelain dinner service partial set,中国外销瓷餐具套件残套,A,7.405,35.4,low,C–S,6.46,是,对象身份、美国市场属性和残套完整度均属当前A层级的核心依据，却尚未核实。,否,缺能确认整套餐具身份、构成及美国市场来源的PEM编目记录。,PEM登记档案中是否有与该残套匹配的外销瓷餐具，其馆号、总件数、订购家族、制作地点和原套规模是什么？,缺PEM馆号、逐件清单、总件数、年代、尺寸、款识和保存状况。；缺技术或图录资料确认广东制作、粉彩装饰及面向美国市场。；缺原订购者、美国使用家族、贸易路径及入藏经过。；缺原套规模、残存比例及与其他外销餐具完整度的比较。；缺PEM对该套在亚洲外销艺术收藏中地位的说明。,basic_identification=partial date_period=none maker_culture=partial historical_significance=partial artistic_significance=partial rarity_uniqueness=none institutional_identity=partial category_representativeness=partial cultural_educational=partial provenance_acquisition=none visual_experiential=partial relational_spatial=na
21,Japanese Arita blue‑and‑white charger plate,日本有田烧青花大盘,A,7.989,35.4,low,C–S,6.46,是,具体对象、有田归属、巨大尺度及欧洲市场属性均未核实，可能大幅改变当前层级。,否,缺PEM编目与技术证据确认本件身份及有田外销归属。,PEM登记档案中是否有直径和纹样与本件匹配的大型青花盘，其款识、产地鉴定及欧洲贸易依据是什么？,缺PEM馆号、规范题名、制作年代、精确直径、材质和款识记录。；缺技术分析或权威图录确认有田产地、具体窑口和制作时期。；缺可核图像及图像学资料确认人物纹样和欧洲市场用途。；缺与PEM及其他机构大型有田外销盘的尺寸、质量和稀缺性比较。；缺历任所有者、贸易路线和PEM入藏经过。,basic_identification=partial date_period=none maker_culture=partial historical_significance=partial artistic_significance=partial rarity_uniqueness=none institutional_identity=partial category_representativeness=partial cultural_educational=partial provenance_acquisition=none visual_experiential=partial relational_spatial=na
22,Japanese netsuke rabbit by Naito Toyomasa,内藤丰正 兔子根付,A,8.192,45.8,high,A,3.06,是,对象层级证据稳定，但输入中文名“内藤丰正”与馆方来源所载“内藤丰昌”明显不一致。,否,缺核对Toyomasa署名及“内藤丰正／内藤丰昌”的名称冲突。,PEM原始编目和根付署名照片如何记录Toyomasa的日文汉字，规范中文名应为“内藤丰昌”还是“内藤丰正”？,缺对Toyomasa日文写法、署名原文及“丰正／丰昌”差异的权威核对。；缺作品尺寸、各面图像、签名位置、保存状况和修复记录。；缺根付图录对作品质量及内藤丰昌生涯位置的评价。；缺1947年以前的来源链及同作者兔形根付比较。,basic_identification=full date_period=full maker_culture=partial historical_significance=partial artistic_significance=partial rarity_uniqueness=none institutional_identity=partial category_representativeness=partial cultural_educational=partial provenance_acquisition=partial visual_experiential=partial relational_spatial=na
23,Edo period medicine‑shop kanban signboard,江户药铺漆绘看板,A,8.031,47.4,high,A,2.47,,,否,缺看板文字、药品与店铺名称的完整释读。,PEM藏品E15898的全部题字如何释读，广告的是何种药品、哪家店铺，并能否确定其原使用城市？,缺看板全部文字、药品名称、店铺名称及原使用城市的释读。；缺日本公私收藏中同类药铺看板的存世数量与比较。；缺尺寸、正反面图像、保存状况、修复史和现场展示资料。；缺1914年卖方、此前所有者及从日本流出的经过。,basic_identification=full date_period=full maker_culture=full historical_significance=partial artistic_significance=partial rarity_uniqueness=none institutional_identity=partial category_representativeness=partial cultural_educational=partial provenance_acquisition=partial visual_experiential=partial relational_spatial=na
24,"Katsumata Chieko, Pumpkin ceramic sculpture",胜田千惠子：南瓜陶塑,A,7.650,45.8,high,A,2.60,是,层级证据基本稳定，但输入“胜田千惠子”与馆方来源所载“胜间田千惠子”存在明显姓名冲突。,否,缺核对“胜田千惠子”与馆方记录“胜间田千惠子”的姓名冲突。,PEM原始英文及日文编目如何记录Katsumata Chieko，其规范中文译名与《南瓜》正式题名分别是什么？,缺馆方核对Katsumata Chieko的规范中文姓名及作品正式题名。；缺艺术家作品目录说明该作所属系列、独件性质及生涯位置。；缺支持“国际展出艺术家”说法的具体展览及出版记录。；缺作品尺寸、各面图像、制作技法、保存状况及现场展示资料。；缺确切捐赠年份及捐赠前来源记录。,basic_identification=full date_period=full maker_culture=partial historical_significance=partial artistic_significance=partial rarity_uniqueness=none institutional_identity=partial category_representativeness=partial cultural_educational=partial provenance_acquisition=partial visual_experiential=partial relational_spatial=na
25,Joseon folding screen landscape painting,朝鲜时代山水六曲屏风,A,7.276,29.2,low,C–A,5.31,是,对象身份及支撑当前等级的工坊和质量判断均未核实，答案不同可能显著改变Tier。,否,缺能将该描述名对应到PEM具体馆藏的藏号、正式题名与对象记录。,PEM的韩国艺术展签、馆藏登记或出版物中是否有一件朝鲜山水六曲屏；其藏号、正式题名、年代与工坊归属是什么？,缺能将该描述名对应到PEM具体馆藏的藏号、正式题名与对象记录。；缺馆方或学术来源确认制作年代、朝鲜地区或工坊归属，尤其是“地方官署工坊”说法。；缺可核验图像及与已发表朝鲜山水屏风的质量比较，以验证其艺术水准。；缺PEM对该屏风在韩国艺术收藏或陈列中代表地位的说明。,basic_identification=partial date_period=partial maker_culture=partial historical_significance=none artistic_significance=partial rarity_uniqueness=none institutional_identity=partial category_representativeness=partial cultural_educational=partial provenance_acquisition=none visual_experiential=partial relational_spatial=na
26,"Hank Willis Thomas, Rich Black Specimen #460",汉克·威利斯·托马斯：黑色标本#460,A,7.488,47.4,medium,B–A,3.04,是,身份虽已确认，但系列地位与馆方代表性可能决定其处于A或B边界。,否,缺PEM或学术出版物对该作在汉克·威利斯·托马斯创作生涯及《Rich Black Specimen》系列中位置的说明。,PEM关于馆号2019.23.1ab的购藏说明及托马斯的展览或作品目录，如何界定#460在《Rich Black Specimen》系列中的版次、独特性与生涯位置？,缺PEM或学术出版物对该作在汉克·威利斯·托马斯创作生涯及《Rich Black Specimen》系列中位置的说明。；缺该系列及本件的作品数量、版次或独件性质资料。；缺PEM是否将其明确称为重大购藏、代表作或优先展示对象的资料。；缺作品尺寸、安装方式与展厅现场图像。,basic_identification=full date_period=full maker_culture=full historical_significance=partial artistic_significance=partial rarity_uniqueness=none institutional_identity=partial category_representativeness=partial cultural_educational=partial provenance_acquisition=partial visual_experiential=partial relational_spatial=na
27,Salem ship portrait: “Friendship of Salem”,塞勒姆商船《友谊号》船舶肖像,A,8.236,31.2,low,C–S,6.88,是,对象与船只身份均未核实；若并非所称塞勒姆名船，当前等级的核心历史依据将失效。,否,缺能对应到PEM具体馆藏的藏号、正式题名、作者、年代与对象记录。,PEM海事艺术展签、登记册或图录中有哪些题名含“Friendship”的船舶肖像，其藏号、作者、年代及船只辨识依据分别是什么？,缺能对应到PEM具体馆藏的藏号、正式题名、作者、年代与对象记录。；缺画中船只确为哪一艘“Friendship”及其图像或铭文辨识依据。；缺作品与该船航行、船主、委托者或塞勒姆贸易史存在直接关系的档案。；缺PEM将该画列为重要船舶肖像的说明及与馆内同类作品的比较。,basic_identification=partial date_period=none maker_culture=partial historical_significance=partial artistic_significance=none rarity_uniqueness=none institutional_identity=partial category_representativeness=partial cultural_educational=partial provenance_acquisition=none visual_experiential=partial relational_spatial=na
28,Brass Pakistani Astrolabe,巴基斯坦黄铜星盘,A,7.544,40.6,low,C–A,4.45,是,产地资料自相矛盾，且真实性、功能与船长来源均会直接影响其当前Tier依据。,否,缺PEM藏号及馆方对正式题名、年代、产地、制造者和铭文的记录，并需解决“巴基斯坦”与“美国”字段冲突。,PEM登记册或海事仪器图录中是否有一件由塞勒姆船长带回的黄铜星盘；其藏号、铭文释读、制作地、年代和真实性鉴定是什么？,缺PEM藏号及馆方对正式题名、年代、产地、制造者和铭文的记录，并需解决“巴基斯坦”与“美国”字段冲突。；缺专业释读确认铭文、刻度、天文功能、完整性与是否后期仿制。；缺所称塞勒姆船长的姓名、航次、取得地点、时间及入藏档案。；缺与已发表伊斯兰星盘及PEM航海仪器在年代、质量和稀缺性上的比较。,basic_identification=partial date_period=none maker_culture=partial historical_significance=partial artistic_significance=partial rarity_uniqueness=none institutional_identity=partial category_representativeness=partial cultural_educational=partial provenance_acquisition=partial visual_experiential=partial relational_spatial=na
29,"Valerie Hagerty, Shipwrecked Armoire with Barnacles",瓦莱丽·哈格蒂：附藤壶沉船主题立柜,A,7.899,43.2,low,C–S,5.68,是,对象身份与“PEM标志性当代作品”这一主要定级论断均无外部证据。,否,缺PEM馆藏号及馆方对正式题名、年代、材料、尺寸和购藏信息的对象记录。,PEM馆藏登记、展览档案或瓦莱丽·哈格蒂的作品清单中是否收录《Shipwrecked Armoire with Barnacles》；其藏号、年代、尺寸、展览史及艺术家定位是什么？,缺PEM馆藏号及馆方对正式题名、年代、材料、尺寸和购藏信息的对象记录。；缺艺术家资料、作品目录或学术出版物对该作真实性及其在哈格蒂创作生涯中位置的确认。；缺PEM将其称为标志性当代作品或重要海事主题购藏的直接说明。；缺尺寸、安装方式和展厅图像，以核验其被赋予的高视觉与体验价值。,basic_identification=partial date_period=none maker_culture=partial historical_significance=partial artistic_significance=partial rarity_uniqueness=partial institutional_identity=partial category_representativeness=partial cultural_educational=partial provenance_acquisition=none visual_experiential=partial relational_spatial=na
30,1803 ship‑wreck calendar stick,1803海难记事刻木杖,A,7.611,40.6,low,C–S,5.94,是,若刻痕并非海难生还记事，当前等级所依赖的历史意义、教育价值与稀缺性将同时失去依据。,否,缺同期档案或专业释读证明刻痕确用于记录海难生还日数。,PEM登记册或海事档案中是否记录一件1803年海难刻痕木杖；刻痕如何释读，又能否对应到具体船只、航次和幸存者？,缺PEM藏号、正式名称、尺寸、材质、刻痕内容与馆方对象记录。；缺同期档案或专业释读证明刻痕确用于记录海难生还日数。；缺对应海难的船名、地点、航次、幸存者及该木杖与事件的直接联系。；缺同类海难记事器物的存世数量及比较研究，以验证其独特性。,basic_identification=partial date_period=partial maker_culture=partial historical_significance=partial artistic_significance=none rarity_uniqueness=partial institutional_identity=partial category_representativeness=partial cultural_educational=partial provenance_acquisition=none visual_experiential=partial relational_spatial=na
31,Tahitian carved war club,塔希提雕花战棒,B,7.026,48.4,low,C–A,3.87,是,未核实的文化归属、航行来源和身份等级判断均可能使当前B级上下变动。,,缺PEM藏号、正式题名、定年、当地器名、材质、尺寸与对象记录。,PEM大洋洲登记册中哪件战棒可对应此描述，其藏号、塔希提归属、当地器名与塞勒姆航次来源是什么；专家比较是否支持“非王室级”？,缺PEM藏号、正式题名、定年、当地器名、材质、尺寸与对象记录。；缺大洋洲武器专家对塔希提文化归属、用途及礼仪或身份等级的鉴定。；缺所称塞勒姆时代航次、船长或采集者、取得地点及入藏档案。；缺与已发表塔希提战棒在年代、雕工和身份等级上的比较，以验证“非王室级”判断。,basic_identification=partial date_period=none maker_culture=partial historical_significance=partial artistic_significance=partial rarity_uniqueness=partial institutional_identity=partial category_representativeness=partial cultural_educational=partial provenance_acquisition=partial visual_experiential=partial relational_spatial=na
32,Fiji carved spirit figure,斐济祖先神灵木雕,A,7.905,42.2,low,C–S,5.78,是,对象功能、年代和早期航行来源均属当前等级的核心依据，且尚未核实。,否,缺斐济艺术专家确认该像究竟表现祖先、神灵或其他存在及其原有功能。,PEM大洋洲登记册或图录中是否有可对应的斐济木雕人像；其藏号、当地名称、所表现存在、十九世纪初航次来源及同类比较结果是什么？,缺PEM藏号、正式题名、定年、斐济具体社群、当地名称及对象记录。；缺斐济艺术专家确认该像究竟表现祖先、神灵或其他存在及其原有功能。；缺所称十九世纪初新英格兰航次、采集者、取得地点和入藏记录。；缺与已发表斐济人像在年代、稀缺性、雕工和文化地位上的比较及PEM馆藏定位。,basic_identification=partial date_period=partial maker_culture=partial historical_significance=partial artistic_significance=partial rarity_uniqueness=none institutional_identity=partial category_representativeness=partial cultural_educational=partial provenance_acquisition=partial visual_experiential=partial relational_spatial=na
33,New Zealand Māori carved treasure box (waka huia),毛利雕花珍宝木盒waka huia,A,7.969,43.2,low,C–A,4.26,是,对象尚未核验，且年代、雕工与类型代表性可能决定其属于A、B或更低范围。,否,缺PEM藏号、正式题名、制作年代、材质、尺寸、保存状况与对象记录。,PEM大洋洲登记册或出版物中哪件waka huia可对应此描述；其藏号、年代、部族或地区风格以及与已发表同类的雕工比较是什么？,缺PEM藏号、正式题名、制作年代、材质、尺寸、保存状况与对象记录。；缺毛利具体部族、地区、雕刻传统或制作者归属的专业鉴定。；缺与已发表waka huia在年代、构图、雕工和稀缺性上的系统比较。；缺PEM是否将其列为毛利收藏代表作或优先展示对象的说明。,basic_identification=partial date_period=none maker_culture=partial historical_significance=partial artistic_significance=partial rarity_uniqueness=partial institutional_identity=partial category_representativeness=partial cultural_educational=partial provenance_acquisition=none visual_experiential=partial relational_spatial=na
34,Chinese export gouache painting set of trades,中国外销水粉百工图组画,A,7.513,43.2,low,C–A,4.26,是,对象身份与组画完整性未明；若只是零散或较晚的常见系列，当前等级依据可能不成立。,否,缺PEM藏号、正式题名、画幅数量、尺寸、装帧、完整性与对象记录。,PEM中国外销绘画登记或图录中是否有一套百工水粉画；其藏号、画幅数、年代、完整性及与其他机构完整系列的比较结果是什么？,缺PEM藏号、正式题名、画幅数量、尺寸、装帧、完整性与对象记录。；缺制作年代、广州作坊或画师归属及图像母本关系的研究。；缺与PEM及其他机构百工图组画在规模、完整性、年代和质量上的比较。；缺原委托者、外销路径和入藏记录。,basic_identification=partial date_period=none maker_culture=partial historical_significance=partial artistic_significance=partial rarity_uniqueness=partial institutional_identity=partial category_representativeness=partial cultural_educational=partial provenance_acquisition=none visual_experiential=partial relational_spatial=na
35,Canton painted fan for western lady,广州外销西洋女士彩绘折扇,A,7.492,48.4,low,C–A,3.87,是,对象尚未核验，且美国女性订制这一核心跨文化叙事若不成立，当前等级可能下降。,否,缺证明其为美国女性客户订制的姓名、铭文、订单、通信或家族档案。,PEM外销艺术登记册中哪件广州彩绘折扇可对应此描述；是否有铭文、订单或家族档案证明美国女性客户身份，并如何评价其工艺与稀缺性？,缺PEM藏号、正式题名、制作年代、尺寸、材质鉴定、保存状况与对象记录。；缺证明其为美国女性客户订制的姓名、铭文、订单、通信或家族档案。；缺广州具体作坊或生产中心归属及与同类外销扇在工艺、图像和稀缺性上的比较。；缺该扇进入PEM前后的完整流传与入藏记录。,basic_identification=partial date_period=none maker_culture=partial historical_significance=partial artistic_significance=partial rarity_uniqueness=partial institutional_identity=partial category_representativeness=partial cultural_educational=partial provenance_acquisition=partial visual_experiential=partial relational_spatial=na
36,Spilum portrait of Chinese merchant,斯波伦绘制中国商人肖像,A,8.239,43.2,low,C–S,5.68,是,作者归属、被绘者身份和题材稀缺性均未核实；任一结论不同都可能显著改变Tier。,否,缺PEM藏号、正式题名、年代、尺寸、材料及Spilum作者归属依据。,PEM中国外销绘画登记或Spilum作品目录中是否有这件中国商人肖像；其藏号、归属依据、被绘者身份及同类中国商人肖像数量是什么？,缺PEM藏号、正式题名、年代、尺寸、材料及Spilum作者归属依据。；缺被绘中国商人的姓名、身份及其与广州贸易关系的档案证据。；缺Spilum已知肖像作品目录及其中中国商人被绘者数量，以验证题材稀缺性。；缺PEM或学术出版物对该作艺术质量、馆藏地位及外销绘画代表性的说明。,basic_identification=partial date_period=none maker_culture=partial historical_significance=partial artistic_significance=partial rarity_uniqueness=partial institutional_identity=partial category_representativeness=partial cultural_educational=partial provenance_acquisition=none visual_experiential=partial relational_spatial=na
37,Mughal painted manuscript leaf,莫卧儿细密画册页,A,7.200,42.2,low,C–A,4.34,是,对象身份不可核验，且A档所依赖的莫卧儿归属、品质和贸易来源均缺外部证据。,否,缺PEM正式馆藏记录、登录号及可核验题名,PEM馆藏账册或已出版图录中，哪条记录可对应这件册页，其登录号、正式题名、断代、画师或作坊及入藏来源为何？,缺PEM正式馆藏记录、登录号及可核验题名；缺精确断代、画师或作坊及原手稿归属；缺“经塞勒姆贸易路线入藏”的可靠记录；缺与已编目莫卧儿册页的画工、品相及稀缺性比较；缺PEM是否将其列为南亚收藏代表作的说明,basic_identification=partial date_period=partial maker_culture=partial historical_significance=partial artistic_significance=partial rarity_uniqueness=none institutional_identity=partial category_representativeness=partial cultural_educational=partial provenance_acquisition=partial visual_experiential=partial relational_spatial=na
38,"Sinhalese ivory combs, export set",斯里兰卡外销象牙梳子套件,A,7.495,35.4,low,C–A,4.84,是,对象身份与原配套件性质均不可核验，且外销属性和稀缺性直接支撑当前A档。,否,缺PEM正式记录、登录号、正式题名及套件件数,PEM账册或亚洲外销艺术图录中是否有可对应的斯里兰卡象牙梳记录，其登录号、年代、套件件数及欧美外销属性依据是什么？,缺PEM正式记录、登录号、正式题名及套件件数；缺制作年代、具体产地及象牙材质鉴定；缺各梳具原配成套及保存完整性的证据；缺证明其为欧美市场外销品的同期记录或编目依据；缺其他公藏斯里兰卡完整象牙梳套件的数量比较,basic_identification=partial date_period=none maker_culture=partial historical_significance=partial artistic_significance=partial rarity_uniqueness=none institutional_identity=partial category_representativeness=partial cultural_educational=partial provenance_acquisition=none visual_experiential=partial relational_spatial=na
39,Edo period noblewoman palanquin (onna norimono),江户贵族女子轿舆,A,8.426,47.4,high,A,3.71,,,否,缺E37812原主人、具体使用阶层及使用史,PEM的E37812对象档案、入藏账册或日本艺术图录是否注明其原主人、使用阶层、入藏来源、尺寸及保存状况？,缺E37812原主人、具体使用阶层及使用史；缺入藏日期、捐赠者或购藏来源记录；缺尺寸、保存状况及实际展陈记录；缺美国公藏女性轿舆的数量及比较资料,basic_identification=full date_period=full maker_culture=full historical_significance=partial artistic_significance=partial rarity_uniqueness=none institutional_identity=partial category_representativeness=partial cultural_educational=partial provenance_acquisition=partial visual_experiential=partial relational_spatial=na
40,18‑century Japanese dragonfly‑design kabuto helmet,18世纪蜻蜓纹饰武士兜头盔,A,7.852,52.6,high,A,1.71,,,否,缺该作在寺田忠丰作品中的位置与比较,PEM的E7559完整对象记录及1904年Weld捐赠目录如何命名和描述该兜，其尺寸、结构材质及寺田忠丰作品比较为何？,缺E7559完整官方器名及结构材质记录；缺尺寸、保存状况及修复记录；缺该作在寺田忠丰作品中的位置与比较；缺蜻蜓母题及螺钿装饰的学术分析；缺PEM武具藏品及公藏同类器的比较,basic_identification=full date_period=full maker_culture=full historical_significance=partial artistic_significance=partial rarity_uniqueness=none institutional_identity=partial category_representativeness=partial cultural_educational=partial provenance_acquisition=full visual_experiential=partial relational_spatial=na
41,Japanese ukiyo‑e complete Hokusai print set partial,葛饰北斋浮世绘组画残套,A,7.377,35.4,low,C–A,4.84,是,身份与归属未核验，并存在“完整”与“残套”的明显矛盾，答案不同可能使当前A档大幅变化。,否,缺PEM正式记录、系列名称、各张登录号及现存张数,PEM版画账册中哪些登录号对应这组北斋版画，其准确系列名称、现存张数、版元与版次是什么，并为何同时被称为完整组画和残套？,缺PEM正式记录、系列名称、各张登录号及现存张数；缺“完整组画”与“残套”矛盾的编目解释；缺北斋归属、版元、初版年代及版次或状态鉴定；缺各张印刷质量、褪色、裁切及保存状况报告；缺来源史、入藏记录及实际轮换展出记录,basic_identification=partial date_period=none maker_culture=partial historical_significance=partial artistic_significance=partial rarity_uniqueness=none institutional_identity=partial category_representativeness=partial cultural_educational=partial provenance_acquisition=none visual_experiential=partial relational_spatial=na
42,Hiroshige Tokaido set partial,歌川广重东海道五十三次部分版画,A,7.484,37.0,low,C–A,4.73,是,具体版本与对象身份未核验，而版元、版次和印况正是区分普通印本与重要藏品的关键。,否,缺《东海道五十三次》的具体版本、版元与年代,PEM版画账册中哪些登录号对应这些广重作品，它们属于哪一版《东海道五十三次》，由何版元刊行、现存几张、各为何种版次或状态？,缺PEM正式记录、各画面题名、登录号及现存张数；缺《东海道五十三次》的具体版本、版元与年代；缺广重归属及各张版次或状态鉴定；缺印刷质量、色彩、裁切及保存状况报告；缺来源史及入藏记录,basic_identification=partial date_period=partial maker_culture=partial historical_significance=partial artistic_significance=partial rarity_uniqueness=none institutional_identity=partial category_representativeness=partial cultural_educational=partial provenance_acquisition=none visual_experiential=partial relational_spatial=na
43,Joseon dynasty brass ritual incense burner,朝鲜王朝黄铜礼式香炉,B,7.061,37.0,low,C–A,4.73,是,对象身份及朝鲜王朝礼式金工归属均不可核验，技术与稀缺性答案可能使当前B档升降。,,缺PEM正式馆藏记录、登录号、尺寸及图像,PEM韩国艺术账册中是否有与此黄铜错银香炉相符的记录，其登录号、年代、铭文、合金成分、礼式用途和同形器比较为何？,缺PEM正式馆藏记录、登录号、尺寸及图像；缺精确年代、制作地区、作坊及铭文释读；缺黄铜合金及错银装饰的技术鉴定；缺同形朝鲜香炉的存世量及公藏比较；缺礼式用途及具体使用环境的权威说明；缺可靠的来源史与入藏记录,basic_identification=partial date_period=partial maker_culture=partial historical_significance=partial artistic_significance=partial rarity_uniqueness=none institutional_identity=partial category_representativeness=partial cultural_educational=partial provenance_acquisition=none visual_experiential=partial relational_spatial=na
44,Nam June Paik small video‑art sculpture,白南准小型影像雕塑,A,7.670,35.4,low,C–S,6.46,是,白南准归属和对象身份本身未获确认，而这两点正是当前A档的决定性依据。,否,缺签名、证书、版本号及白南准归属记录,PEM当代艺术账册中哪件白南准作品符合此描述，其正式题名、登录号、年代、版本、证书、原配设备及当前运行状态是什么？,缺PEM正式题名、登录号、创作年代及完整媒介清单；缺签名、证书、版本号及白南准归属记录；缺该作在白南准创作生涯及影像雕塑中的位置；缺显示设备原配性、运行状态及保存方案；缺来源史、入藏记录及PEM官方馆藏定位,basic_identification=partial date_period=none maker_culture=partial historical_significance=partial artistic_significance=partial rarity_uniqueness=none institutional_identity=partial category_representativeness=partial cultural_educational=partial provenance_acquisition=none visual_experiential=partial relational_spatial=na
45,American Federal mahogany sideboard,美国联邦时代桃花心木餐边柜,B,6.758,37.0,low,C–A,4.73,是,塞勒姆制作这一核心地方归属缺乏证据；若归属不成立，该柜可能只是常规联邦式家具。,,缺证明塞勒姆制作的标签、结构特征或家族来源,PEM家具账册及已出版塞勒姆家具图录中哪件餐边柜符合此描述，其结构、标签或家族来源能否确认塞勒姆制作？,缺PEM正式记录、登录号、正式题名、尺寸及材质；缺具体年代、制作者或作坊及结构鉴定；缺证明塞勒姆制作的标签、结构特征或家族来源；缺原始表面、修复情况及保存状况报告；缺与已出版塞勒姆餐边柜的工艺及稀缺性比较；缺PEM对其馆内代表地位的说明,basic_identification=partial date_period=partial maker_culture=partial historical_significance=partial artistic_significance=partial rarity_uniqueness=none institutional_identity=partial category_representativeness=partial cultural_educational=partial provenance_acquisition=none visual_experiential=partial relational_spatial=na
46,Chippendale‑style Salem high‑boy chest,齐本德尔风格塞勒姆高斗柜,A,7.368,37.0,low,C–A,4.73,是,当前A档的核心依据是塞勒姆制作和高水平雕刻，但两者均仅见于无来源描述。,否,缺制作者或作坊及塞勒姆归属的技术依据,PEM家具档案及塞勒姆高斗柜研究中哪件作品可与此对象对应，其木材、抽屉结构、雕刻手法和家族来源是否支持塞勒姆作坊归属？,缺PEM正式记录、登录号、年代、尺寸及木材记录；缺制作者或作坊及塞勒姆归属的技术依据；缺雕刻细节、结构、原始表面及修复报告；缺家族来源或原主人记录以验证地方归属；缺与其他塞勒姆齐本德尔高斗柜的稀缺性比较；缺PEM对其类别代表性的正式说明,basic_identification=partial date_period=partial maker_culture=partial historical_significance=partial artistic_significance=partial rarity_uniqueness=none institutional_identity=partial category_representativeness=partial cultural_educational=partial provenance_acquisition=none visual_experiential=partial relational_spatial=na
47,"Paint‑decorated grandfather clock, New England folk",新英格兰民间彩绘落地大钟,A,7.425,35.4,low,C–A,4.84,是,机芯、钟壳和彩绘的原配性与原始性未确认，而这些因素会直接改变其艺术与历史价值判断。,否,缺机芯与钟壳是否原配及运行状况的鉴定,PEM钟表与家具账册中哪件彩绘落地钟符合此描述，其钟匠、制作地、机芯与钟壳原配性及彩绘原始性如何鉴定？,缺PEM正式记录、登录号、正式题名、年代及尺寸；缺钟匠、彩绘者及具体制作地点的归属依据；缺机芯与钟壳是否原配及运行状况的鉴定；缺彩绘是否原始、修复范围及保存状况报告；缺新英格兰彩绘落地钟的存世量及公藏比较；缺原主人、家族来源及入藏记录,basic_identification=partial date_period=none maker_culture=partial historical_significance=partial artistic_significance=partial rarity_uniqueness=none institutional_identity=partial category_representativeness=partial cultural_educational=partial provenance_acquisition=none visual_experiential=partial relational_spatial=na
48,Paul Revere silver creamer sugar bowl pair,保罗·里维尔银奶壶糖碗成对,A,7.550,35.4,low,C–A,4.84,是,保罗·里维尔归属与原配成对状态都未经核验，两者若不成立将直接动摇当前A档。,否,缺款识照片、释读及保罗·里维尔归属鉴定,PEM银器账册中哪组奶壶与糖碗符合此描述，其登录号、款识照片和释读能否确认保罗·里维尔制作及两器原配成对？,缺PEM正式记录、登录号、题名、年代、尺寸及重量；缺款识照片、释读及保罗·里维尔归属鉴定；缺奶壶与糖碗是否原配成对的编目记录；缺该组在里维尔银器生涯中的位置及同类比较；缺委托人、原主人、家族来源及入藏记录；缺PEM对其美国银器馆藏地位的说明,basic_identification=partial date_period=none maker_culture=partial historical_significance=partial artistic_significance=partial rarity_uniqueness=none institutional_identity=partial category_representativeness=partial cultural_educational=partial provenance_acquisition=none visual_experiential=partial relational_spatial=na
49,Samuel McIntire carved sheaf‑of‑wheat motif fragment,麦金太尔雕刻麦穗装饰构件残件,B,5.874,33.0,low,C–A,5.02,是,作者归属和原建筑关系未经证实，答案不同可能使其在C至A间变化。,,缺麦金太尔归属依据及原属建筑和构件位置,PEM档案或麦金太尔研究图录中，哪条记录能将该残件与具体建筑、房间及原构件位置对应起来？,缺PEM馆号、正式题名及可核对的馆藏记录；缺麦金太尔归属的权威依据，以及原属建筑、房间和构件位置；缺与存世麦金太尔麦穗构件的质量和稀缺性比较；缺该残件拆离原址后的保管链与入藏日期,basic_identification=partial date_period=none maker_culture=partial historical_significance=partial artistic_significance=partial rarity_uniqueness=none institutional_identity=partial category_representativeness=partial cultural_educational=partial provenance_acquisition=none visual_experiential=none relational_spatial=partial
50,Winslow Homer small watercolor coastal study,温斯洛·霍默小幅海岸水彩习作,B,6.772,32.3,low,C–A,5.08,是,霍默归属与成品或习作属性未证实，均可能改变当前Tier。,,缺霍默权威作品目录对归属和作品身份的确认,PEM档案中的哪件纸本作品符合该描述，霍默权威作品目录是否收录其正式题名、编号及成品或习作属性？,缺PEM馆号、正式题名及可核验的馆藏记录；缺霍默权威作品目录对归属、真伪及作品编号的确认；缺该作是独立成品还是准备性习作及其在霍默水彩创作中的位置；缺完整来源、展览及出版记录,basic_identification=partial date_period=none maker_culture=partial historical_significance=partial artistic_significance=partial rarity_uniqueness=none institutional_identity=partial category_representativeness=partial cultural_educational=partial provenance_acquisition=none visual_experiential=none relational_spatial=na
51,John Trumbull preparatory sketch for revolution scene,约翰·特朗布尔独立战争构图草稿,B,6.356,32.3,low,C–A,5.08,是,作者和准备稿关系都是当前历史与艺术价值判断的核心，但均未获权威确认。,,缺特朗布尔归属及与具体完成作关系的确认,PEM记录中的哪件油稿符合该描述，特朗布尔作品目录将其对应到哪一历史事件和完成作？,缺PEM馆号、正式题名及可核验的馆藏记录；缺特朗布尔权威作品目录对归属及准备稿关系的确认；缺所绘革命事件及对应完成作的准确识别；缺来源、展览和出版记录,basic_identification=partial date_period=none maker_culture=partial historical_significance=partial artistic_significance=partial rarity_uniqueness=none institutional_identity=partial category_representativeness=partial cultural_educational=partial provenance_acquisition=none visual_experiential=none relational_spatial=na
52,Martin Johnson Heade hummingbird small study,马丁·约翰逊·希德蜂鸟小稿,B,6.294,32.3,low,C–A,5.08,是,希德归属及作品在蜂鸟系列中的性质未证实，可能使Tier明显变化。,,缺希德权威作品目录对归属及作品身份的确认,PEM档案中的哪件蜂鸟画符合该描述，希德作品目录如何记录其题名、年代、编号及成品或习作属性？,缺PEM馆号、正式题名及可核验的馆藏记录；缺希德权威作品目录对归属、真伪及作品编号的确认；缺其与希德蜂鸟系列的关系、成品或习作属性及质量位置；缺来源、展览和出版记录,basic_identification=partial date_period=none maker_culture=partial historical_significance=partial artistic_significance=partial rarity_uniqueness=none institutional_identity=partial category_representativeness=partial cultural_educational=partial provenance_acquisition=none visual_experiential=none relational_spatial=na
53,Georgia O’Keeffe small floral painting,乔治亚·欧姬芙花卉小幅作品,B,6.881,37.5,low,C–A,4.69,是,欧姬芙归属、系列位置及PEM馆藏地位均可能改变当前Tier。,,缺欧姬芙权威作品目录对归属和作品身份的确认,PEM档案与欧姬芙作品目录能否用馆号、正式题名、年代和编号确认这件林奇赠藏花卉画？,缺PEM馆号、正式题名及可核验的馆藏记录；缺欧姬芙权威作品目录对归属、真伪及作品编号的确认；缺该作的具体年代、花卉系列及在欧姬芙同类作品中的质量位置；缺PEM是否将其列为美国艺术代表作的官方说明；缺林奇赠藏者全名、赠藏日期及此前来源,basic_identification=partial date_period=none maker_culture=partial historical_significance=partial artistic_significance=partial rarity_uniqueness=none institutional_identity=partial category_representativeness=partial cultural_educational=partial provenance_acquisition=partial visual_experiential=none relational_spatial=na
54,Sam Maloof walnut rocking chair,萨姆·马卢夫胡桃木摇椅,A,7.365,32.3,low,C–A,5.08,是,制作者认证及型号位置未证实，答案不同可能使其在C至A间变化。,否,缺马卢夫本人或工作室制作的权威认证,PEM馆藏记录及马卢夫基金会档案能否以馆号、签名或工作室编号确认该椅的制作者、型号和年代？,缺PEM馆号、正式题名及可核验的馆藏记录；缺签名、工作室档案或马卢夫基金会对制作者的认证；缺具体型号、制作年代、定制对象及其在马卢夫摇椅发展中的位置；缺与其他马卢夫摇椅的工艺和质量比较；缺来源、入藏及展览记录,basic_identification=partial date_period=none maker_culture=partial historical_significance=partial artistic_significance=partial rarity_uniqueness=none institutional_identity=partial category_representativeness=partial cultural_educational=partial provenance_acquisition=none visual_experiential=none relational_spatial=na
55,J.O.J. Frost folk painting of Salem harbor,J.O.J.弗罗斯特塞勒姆港民间绘画,A,7.219,32.3,low,C–A,5.08,是,作者、画面地点和馆方代表作地位均未核验，可能推翻其地方身份价值判断。,否,缺弗罗斯特归属及塞勒姆港画面身份的权威确认,PEM馆藏或展览档案中，哪件弗罗斯特作品符合该描述，其正式题名、画面地点和“凭记忆绘制”的文献出处是什么？,缺PEM馆号、正式题名及可核验的馆藏记录；缺弗罗斯特归属及“凭记忆绘制”说法的权威文献依据；缺画中塞勒姆港具体地点、建筑、船只及所表现年代的识别；缺PEM是否将其作为塞勒姆城市记忆代表作使用的官方说明；缺来源、入藏和此前收藏记录,basic_identification=partial date_period=none maker_culture=partial historical_significance=partial artistic_significance=partial rarity_uniqueness=none institutional_identity=partial category_representativeness=partial cultural_educational=partial provenance_acquisition=none visual_experiential=none relational_spatial=na
56,Salem witch‑trial period court document manuscript,塞勒姆猎巫审判时代法庭原始手稿,B,7.022,32.4,low,C–S,6.76,是,是否直接属于1692年审判是定级核心，答案不同可使潜在范围从C扩至S。,,缺该文书是否直接属于1692年猎巫审判的证明,菲利普斯图书馆哪条馆号记录对应此文书，其日期、案件、当事人和签署者能否在1692年审判档案中逐项核对？,缺菲利普斯图书馆馆号、档案群、文件夹层级和正式题名；缺准确日期、案件名称、当事人、签署者和文书类型；缺证明其直接属于1692年猎巫审判而非普通同期诉讼的档案依据；缺真实性、原件或后期抄本属性及保管链记录；缺学术转录及出版引用记录,basic_identification=partial date_period=partial maker_culture=partial historical_significance=partial artistic_significance=na rarity_uniqueness=none institutional_identity=partial category_representativeness=partial cultural_educational=partial provenance_acquisition=none visual_experiential=none relational_spatial=na
57,Chinese export lacquer gaming table,中国外销漆木游戏桌,A,7.726,37.5,low,C–S,6.25,是,对象身份、产地和商户来源均未证实，而这些正是其核心馆藏价值依据。,否,缺原商户身份及广州订制关系的可靠来源记录,PEM哪条家具馆藏记录对应此桌，原客户是否可由家族档案确认，并有何证据支持广州制作和美国商户订制？,缺PEM馆号、正式题名及可核验的馆藏记录；缺广州制作地、年代、木胎和漆饰技法的权威鉴定；缺原客户姓名及其是否为塞勒姆或美国商人家庭的来源记录；缺同类外销漆游戏桌的存世数量、质量比较及PEM官方馆藏定位；缺原家庭传承结束后的入藏经过,basic_identification=partial date_period=none maker_culture=partial historical_significance=partial artistic_significance=partial rarity_uniqueness=none institutional_identity=partial category_representativeness=partial cultural_educational=partial provenance_acquisition=partial visual_experiential=none relational_spatial=na
58,Japanese export lacquer writing desk,日本外销漆木写字台,A,7.646,33.9,low,C–A,4.96,是,外销归属和西式适配是当前A档论证的核心，但两者都没有权威证据。,否,缺西式书写适配结构及日本外销属性的权威证明,PEM家具记录和日本外销漆器图录能否确认该桌的馆号、年代与产地，并以抽屉、配件或尺度证明其为西式书写设计？,缺PEM馆号、正式题名及可核验的馆藏记录；缺具体年代、制作地区、作坊及日本外销属性的权威鉴定；缺证明其结构为西式书写用具而设计的构造分析和原配附件记录；缺同类日本外销漆写字台的存世比较及PEM官方馆藏定位；缺来源、入藏及历史修复或改装记录,basic_identification=partial date_period=partial maker_culture=partial historical_significance=partial artistic_significance=partial rarity_uniqueness=none institutional_identity=partial category_representativeness=partial cultural_educational=partial provenance_acquisition=none visual_experiential=none relational_spatial=na
59,Indian Vizagapatam ivory‑inlaid cabinet,印度维扎加帕塔姆嵌象牙柜子,A,8.023,33.9,low,C–S,6.61,是,产地、材质与外销属性均属当前Tier的核心依据，且全部未经权威核验。,否,缺维扎加帕塔姆产地及英印外销属性的权威鉴定,PEM馆藏记录及权威维扎加帕塔姆家具图录能否确认该柜的馆号、产地、年代、镶嵌材质和同类质量位置？,缺PEM馆号、正式题名及可核验的馆藏记录；缺具体年代、木材及镶嵌物究竟为象牙或其他材质的鉴定；缺维扎加帕塔姆产地、作坊及英印外销用途的权威鉴定；缺同类镶嵌柜的存世数量、质量比较及PEM官方馆藏定位；缺原客户、家族来源及入藏经过,basic_identification=partial date_period=partial maker_culture=partial historical_significance=partial artistic_significance=partial rarity_uniqueness=none institutional_identity=partial category_representativeness=partial cultural_educational=partial provenance_acquisition=none visual_experiential=none relational_spatial=na
60,Korean Joseon textile official rank badge,朝鲜时代官阶补子,B,7.184,57.3,high,B,1.90,,,,缺补子图案、文武属性及对应官阶的准确识别,PEM馆号E9785所绣图案为何种动物或鸟类，对应朝鲜王朝哪一文武官阶，并属正补还是背补？,缺所绣动物或鸟类、文武属性、对应官阶及正补或背补属性；缺尺寸、完整图像及保存修复记录；缺PEM馆内朝鲜官阶补子的数量、类型和质量比较；缺Gustavus Goward捐赠前的收藏来源和取得地点,basic_identification=full date_period=full maker_culture=full historical_significance=partial artistic_significance=partial rarity_uniqueness=none institutional_identity=full category_representativeness=partial cultural_educational=partial provenance_acquisition=full visual_experiential=none relational_spatial=na
61,Hawaiian feather cape fragment,夏威夷羽毛斗篷残片,B,6.290,43.2,low,C–A,4.26,是,馆藏身份、材质和稀缺性均未核，而这些事实直接支撑当前Tier。,,缺PEM登记号及官方馆藏记录，无法确认该残片确为本馆对象,PEM的大洋洲展览图录或展签中，是否有带馆号的夏威夷羽毛斗篷残片可与本件对应，其材质、残存部位及与Bishop Museum同类残片的稀缺性比较为何？,缺PEM登记号及官方馆藏记录，无法确认该残片确为本馆对象；缺材质、残存部位、尺寸与制作年代的权威鉴定；缺夏威夷羽斗篷残片存世数量及跨馆稀缺性比较；缺PEM图录对本件是否为大洋洲代表作的说明；缺采集者、采集地点、日期及入藏链条,basic_identification=partial date_period=none maker_culture=partial historical_significance=partial artistic_significance=partial rarity_uniqueness=partial institutional_identity=partial category_representativeness=partial cultural_educational=partial provenance_acquisition=none visual_experiential=partial relational_spatial=na
62,Marquesan carved ceremonial adze,马克萨斯仪式石锛,A,7.263,35.4,low,C–A,4.84,是,对象身份及礼仪属性未核，任一结论变化都可能改变当前Tier依据。,否,缺PEM登记号及官方记录，无法确认本件馆藏身份,PEM大洋洲展览图录或展签中是否有馆号对应的马克萨斯雕柄石锛，并明确将其鉴定为礼仪器而非实用工具及说明其馆藏地位？,缺PEM登记号及官方记录，无法确认本件馆藏身份；缺权威资料确认其为礼仪锛而非实用工具，并明确具体岛屿或社群；缺制作年代、石木材质、雕柄品质及跨馆同类比较；缺PEM图录确认其在本馆大洋洲收藏中的代表地位；缺采集者、采集航次、旧藏及入藏记录,basic_identification=partial date_period=none maker_culture=partial historical_significance=partial artistic_significance=partial rarity_uniqueness=none institutional_identity=partial category_representativeness=partial cultural_educational=partial provenance_acquisition=none visual_experiential=partial relational_spatial=na
63,Tonga carved wooden drinking bowl,汤加雕花祭祀木酒碗,B,6.772,35.4,medium,C–B,2.03,是,馆藏身份和卡瓦仪式用途尚未确认，直接影响当前Tier的文化代表性依据。,,缺PEM登记号及官方记录，无法确认本件馆藏身份,PEM大洋洲展签或图录中是否有馆号对应的汤加木碗，并以器型或使用痕迹确认其卡瓦仪式用途及与馆内同类器的品质差异？,缺PEM登记号及官方记录，无法确认本件馆藏身份；缺器型、使用痕迹或展签资料确认其用于卡瓦仪式；缺木材、具体产地、制作年代及与PEM同类木碗的品质比较；缺采集、旧藏及PEM入藏经过,basic_identification=partial date_period=none maker_culture=partial historical_significance=partial artistic_significance=partial rarity_uniqueness=none institutional_identity=partial category_representativeness=partial cultural_educational=partial provenance_acquisition=none visual_experiential=partial relational_spatial=na
64,"New Britain mask, Melanesia",新不列颠美拉尼西亚仪式面具,A,8.061,42.2,low,C–S,5.78,是,对象身份和塞勒姆早期航海来源均未核，而后者是当前Tier的核心支撑。,否,缺PEM登记号及官方记录，无法确认本件馆藏身份,PEM早期航海采集账册、展览图录或展签中，是否有带馆号的新不列颠面具可对应本件，并能确认具体船只、航次、采集者和当地面具传统？,缺PEM登记号及官方记录，无法确认本件馆藏身份；缺具体塞勒姆船只、航次、采集者和日期的档案证明；缺新不列颠具体社群、面具传统及仪式功能的权威鉴定；缺制作年代、完整性及早期采集同类面具的跨馆稀缺性比较；缺PEM正式说明其与塞勒姆航海史及本馆大洋洲收藏的关系,basic_identification=partial date_period=partial maker_culture=partial historical_significance=partial artistic_significance=partial rarity_uniqueness=none institutional_identity=partial category_representativeness=partial cultural_educational=partial provenance_acquisition=partial visual_experiential=partial relational_spatial=na
65,19‑century Chinese export reverse‑glass painting,中国外销玻璃背面画,A,7.319,37.0,low,C–A,4.73,是,对象身份及美国市场归属未核，可能推翻当前Tier的外销艺术代表性依据。,否,缺PEM登记号及官方记录，无法确认本件馆藏身份,PEM亚洲外销艺术图录或展签中是否有馆号对应的十九世纪中国玻璃背画，并以题材、订购记录或来源证明其面向美国市场及其馆藏代表性？,缺PEM登记号及官方记录，无法确认本件馆藏身份；缺具体题材、制作年代与地点，以及专供美国市场的直接证据；缺画师或作坊、原框、保存状况及与PEM同类玻璃背画的品质比较；缺PEM图录确认本件是否为亚洲外销艺术的代表性展品；缺完整旧藏、贸易流通及PEM入藏记录,basic_identification=partial date_period=partial maker_culture=partial historical_significance=partial artistic_significance=partial rarity_uniqueness=none institutional_identity=partial category_representativeness=partial cultural_educational=partial provenance_acquisition=none visual_experiential=partial relational_spatial=na
66,Chinese export ivory puzzle ball,中国外销象牙套球,A,7.558,35.4,low,C–A,4.84,是,对象身份及决定工艺等级的材质、层数和制作归属均未确认。,否,缺PEM登记号及官方记录，无法确认本件馆藏身份,PEM亚洲外销艺术图录或展签中是否有馆号对应的象牙套球，并记录其材质种属、层数、年代、广州归属及与馆内同类器的品质排序？,缺PEM登记号及官方记录，无法确认本件馆藏身份；缺材质及象牙种属鉴定、精确层数、尺寸和制作年代；缺广州作坊或工艺中心归属依据及雕工品质鉴定；缺与PEM同类套球在尺寸、层数、完整性和品质上的比较；缺采集、贸易流通、旧藏及PEM入藏记录,basic_identification=partial date_period=none maker_culture=partial historical_significance=partial artistic_significance=partial rarity_uniqueness=none institutional_identity=partial category_representativeness=partial cultural_educational=partial provenance_acquisition=none visual_experiential=partial relational_spatial=na
67,Edo period samurai yoroi partial armor set,江户武士盔甲套件残套,B,6.887,37.0,low,C–A,4.73,是,馆藏身份和原配完整性未核，且流派、签名或原属者不同可能改变当前Tier。,,缺PEM登记号及官方记录，无法确认本件馆藏身份,PEM日本艺术图录或展签中是否有馆号对应的江户甲胄残套，并记录完整部件、原配关系、流派、签名及与馆内其他甲胄的品质比较？,缺PEM登记号及官方记录，无法确认本件馆藏身份；缺完整部件清单及各部件是否原配的权威鉴定；缺具体年代、甲胄流派、甲胄师签名及原属者资料；缺漆工、金具、纺织物的保存报告及与PEM同类甲胄的品质比较；缺旧藏、交易与PEM入藏记录,basic_identification=partial date_period=partial maker_culture=partial historical_significance=partial artistic_significance=partial rarity_uniqueness=none institutional_identity=partial category_representativeness=partial cultural_educational=partial provenance_acquisition=none visual_experiential=partial relational_spatial=na
68,Japanese ceramic tea‑ceremony bowl (chawan),日本茶道茶碗,B,6.615,37.0,low,C–A,4.73,是,对象身份、茶碗属性及窑口作者均未核，这些结论可能直接改变当前Tier。,,缺PEM登记号及官方记录，无法确认本件馆藏身份,PEM日本陶瓷图录或展签中是否有馆号对应的江户茶碗，并记录其窑口、陶工、款识、箱书及足以确认茶道用途的器型或使用痕迹？,缺PEM登记号及官方记录，无法确认本件馆藏身份；缺器型、使用痕迹或文献确认其为茶道茶碗而非一般碗；缺窑口、陶工、具体年代、款识及箱书记录；缺釉面、烧造、保存状况图像及与同窑或PEM藏品的品质比较；缺一般旧藏及PEM入藏记录,basic_identification=partial date_period=partial maker_culture=partial historical_significance=partial artistic_significance=partial rarity_uniqueness=none institutional_identity=partial category_representativeness=partial cultural_educational=partial provenance_acquisition=none visual_experiential=partial relational_spatial=na
69,Rajput hunting miniature,拉杰普特细密画狩猎图,B,6.276,35.4,low,C–A,4.84,是,馆藏身份及决定细密画地位的画派、年代和册页关系均未确认。,,缺PEM登记号及官方记录，无法确认本件馆藏身份,PEM南亚艺术图录或展签中是否有馆号对应的拉杰普特狩猎细密画，其题记、印章和风格能否确定具体宫廷、画派、年代及原册页关系？,缺PEM登记号及官方记录，无法确认本件馆藏身份；缺具体拉杰普特宫廷或画派、年代与画师归属；缺题记、印章、人物身份、狩猎事件及原册页关系的研究；缺纸张颜料、保存状况图像及与同画派作品的品质比较；缺一般旧藏及PEM入藏记录,basic_identification=partial date_period=none maker_culture=partial historical_significance=partial artistic_significance=partial rarity_uniqueness=none institutional_identity=partial category_representativeness=partial cultural_educational=partial provenance_acquisition=none visual_experiential=partial relational_spatial=na
70,Persian Qajar painted tile panel,卡扎尔波斯彩绘瓷砖板,B,6.420,35.5,low,C–A,4.84,是,对象身份及原始建筑组合关系均未核，可能根本改变其历史与艺术重要性。,,缺PEM登记号及官方记录，无法确认本件馆藏身份,PEM伊斯兰艺术图录或展签中是否有馆号对应的卡扎尔陶砖板，并能确认其原属建筑、墙面位置、砖块是否原配及制作中心？,缺PEM登记号及官方记录，无法确认本件馆藏身份；缺原属建筑、墙面位置及其为原始组合还是后期拼板的证据；缺具体年代、制作中心、窑场、款识与题记资料；缺砖块数量、后配和修复情况及与其他卡扎尔陶砖板的品质比较；缺完整来源及PEM入藏经过,basic_identification=partial date_period=partial maker_culture=partial historical_significance=partial artistic_significance=partial rarity_uniqueness=none institutional_identity=partial category_representativeness=partial cultural_educational=partial provenance_acquisition=none visual_experiential=partial relational_spatial=none
71,Nantucket whaling‑scene scrimshaw whalebone,楠塔基特捕鲸主题骨雕scrimshaw,A,7.485,37.0,low,C–A,4.73,是,馆藏身份和楠塔基特航海关联未核，直接影响当前Tier的PEM海事代表性依据。,否,缺PEM登记号及官方记录，无法确认本件馆藏身份,PEM海事图录或展签中是否有馆号对应的楠塔基特捕鲸骨雕，其材质、题记或航海档案能否确认制作地点、船员、船只和航次？,缺PEM登记号及官方记录，无法确认本件馆藏身份；缺材质、形制、制作年代及其是否属于历史scrimshaw的鉴定；缺证据确认楠塔基特制作，或关联具体船员、船只和航次；缺画面、题记、刻工品质及与PEM同类骨雕的稀缺性比较；缺PEM正式说明其是否为海事收藏代表作,basic_identification=partial date_period=partial maker_culture=partial historical_significance=partial artistic_significance=partial rarity_uniqueness=none institutional_identity=partial category_representativeness=partial cultural_educational=partial provenance_acquisition=none visual_experiential=partial relational_spatial=na
72,Ship‑model of Salem trading brig “Cleopatra”,塞勒姆双桅商船《克娄巴特拉》船模,A,8.173,43.2,low,C–S,5.68,是,对象身份、船模年代及同期或复制性质均未核，可能使当前Tier发生大幅变化。,否,缺PEM登记号及官方记录，无法确认本件馆藏身份,PEM海事图录、船舶档案或Phillips Library资料中是否有馆号对应的“克娄巴特拉”号船模，并能确认其制作年代、同期或复制性质及该船的船主、航线和贸易史？,缺PEM登记号及官方记录，无法确认本件馆藏身份；缺证据判断其为同期船模、船厂模型还是后世复制品；缺“克娄巴特拉”号建造、船主、航线及贸易重要性的档案；缺制作者、制作年代、比例及结构准确性的专业鉴定；缺PEM正式说明该船模在本馆海事收藏中的地位；缺旧藏及PEM入藏经过,basic_identification=partial date_period=none maker_culture=partial historical_significance=partial artistic_significance=partial rarity_uniqueness=partial institutional_identity=partial category_representativeness=partial cultural_educational=partial provenance_acquisition=none visual_experiential=partial relational_spatial=na
73,18th‑century American whale‑oil lamp,18世纪美式鲸油灯,B,6.258,37.5,medium,C–B,1.97,是,当前B档依赖未经登记记录确认的年代与用途；若并非18世纪鲸油灯，Tier可能下降。,,缺PEM登记记录确认其确为18世纪美式鲸油灯，并给出馆藏号、材质、产地及功能依据,PEM登记系统中是否有可与此描述对应的灯具，其馆藏号、断代、材质、产地及“鲸油灯”功能依据分别是什么？,缺PEM登记记录确认其确为18世纪美式鲸油灯，并给出馆藏号、材质、产地及功能依据；缺捐赠者、入藏日期及历次所有权记录,basic_identification=partial date_period=partial maker_culture=partial historical_significance=partial artistic_significance=none rarity_uniqueness=partial institutional_identity=partial category_representativeness=partial cultural_educational=partial provenance_acquisition=none visual_experiential=none relational_spatial=na
74,Felix Beato photograph of Chinese city gate,费利斯·比托中国城门原版照片,A,7.263,41.7,low,C–A,4.38,是,作者归属、拍摄对象和原版性质均是A档核心依据，目前都无法核验。,否,缺PEM登记记录及比托作品目录对城门地点、底片编号、题名和作者归属的对应确认,PEM登记档案与费利斯·比托作品目录中，是否有一条能以城门地点、底片编号和尺寸对应此照片，并确认其为19世纪60年代原版蛋白照片？,缺PEM登记记录及比托作品目录对城门地点、底片编号、题名和作者归属的对应确认；缺技术鉴定确认其为19世纪60年代同期蛋白照片，而非后期印相或复制品；缺该图像同版存世数量及其在比托中国摄影中的位置；缺完整provenance、捐赠者及入藏日期,basic_identification=partial date_period=partial maker_culture=partial historical_significance=partial artistic_significance=partial rarity_uniqueness=partial institutional_identity=partial category_representativeness=partial cultural_educational=partial provenance_acquisition=none visual_experiential=none relational_spatial=na
75,John Thomson photograph of Canton street scene,约翰·汤姆森广州街景原版照片,A,7.554,41.7,low,C–A,4.38,是,作者、广州地点及原版性质无法核验，而这些正是当前A档的主要依据。,否,缺PEM登记记录及汤姆森作品目录对具体街道、拍摄日期、题名和作品编号的对应确认,PEM登记档案与约翰·汤姆森作品目录中，哪一条街景可按建筑、人物、尺寸或编号与此照片对应，并确认其拍摄地点、年代及印相时期？,缺PEM登记记录及汤姆森作品目录对具体街道、拍摄日期、题名和作品编号的对应确认；缺技术鉴定确认其为汤姆森时代的原版蛋白照片，而非后期印相或复制品；缺该影像在汤姆森中国摄影中的创作位置及同版存世数量；缺完整provenance、捐赠者及入藏日期,basic_identification=partial date_period=partial maker_culture=partial historical_significance=partial artistic_significance=partial rarity_uniqueness=partial institutional_identity=partial category_representativeness=partial cultural_educational=partial provenance_acquisition=none visual_experiential=none relational_spatial=na
76,Salem sampler needlework girl’s schoolwork,塞勒姆少女刺绣样本,B,6.376,41.7,medium,C–B,1.84,是,当前B档依赖未经核实的塞勒姆女校和联邦时期身份；若题记不支持这些属性，Tier可能下降。,,缺题记完整释文或PEM登记记录确认制作者姓名、日期、学校及塞勒姆地点,PEM登记档案或刺绣题记是否能确认这件样本的制作者、日期、学校和塞勒姆地点，并与已出版的新英格兰女校样本对应？,缺题记完整释文或PEM登记记录确认制作者姓名、日期、学校及塞勒姆地点；缺底布、丝线、针法、尺寸及保存状况记录；缺原所有家庭、捐赠者及PEM入藏经过,basic_identification=partial date_period=partial maker_culture=partial historical_significance=partial artistic_significance=partial rarity_uniqueness=partial institutional_identity=partial category_representativeness=partial cultural_educational=partial provenance_acquisition=none visual_experiential=none relational_spatial=na
77,Hawaiian wooden surfboard fragment,夏威夷古冲浪板残件,A,7.465,44.8,low,C–A,4.14,是,“夏威夷前现代冲浪板”身份本身未获鉴定，而它是当前A档最主要的依据。,否,缺类型学或科学鉴定证明该木残件确属夏威夷冲浪板，而非其他木制器物,PEM登记档案和木材、板形鉴定能否把这件残片与已发表的早期夏威夷冲浪板对应，并排除独木舟或其他木器残件？,缺类型学或科学鉴定证明该木残件确属夏威夷冲浪板，而非其他木制器物；缺木种、板形、加工痕迹和断代结果，并缺与已知早期夏威夷冲浪板的比较；缺夏威夷采集背景、历次所有权、捐赠者及入藏日期,basic_identification=partial date_period=partial maker_culture=partial historical_significance=partial artistic_significance=partial rarity_uniqueness=partial institutional_identity=partial category_representativeness=partial cultural_educational=partial provenance_acquisition=none visual_experiential=partial relational_spatial=na
78,Samoan fine woven ceremonial mat,萨摩亚仪式编织席,A,7.624,40.1,low,C–A,4.49,是,高阶仪式身份是A档核心依据，但目前只有未经来源支持的简介断言。,否,缺萨摩亚文化权威或专业出版物依据纹理、边饰和质地确认其“高阶仪式赠礼席”身份,PEM登记档案如何命名这件席子，萨摩亚织物专家能否依据材料、织法、边饰和质地确认其具体席类及高阶仪式地位？,缺PEM登记记录确认其萨摩亚原名、具体席类、制作年代、材料、织法及尺寸；缺萨摩亚文化权威或专业出版物依据纹理、边饰和质地确认其“高阶仪式赠礼席”身份；缺原赠礼仪式、赠与者、受赠者及后续所有权记录,basic_identification=partial date_period=none maker_culture=partial historical_significance=partial artistic_significance=partial rarity_uniqueness=partial institutional_identity=partial category_representativeness=partial cultural_educational=partial provenance_acquisition=none visual_experiential=none relational_spatial=na
79,Joseon dynasty brass temple bell fragment,朝鲜王朝铜钟残件,B,6.001,44.8,medium,C–B,1.74,是,当前B档依赖未经鉴定的朝鲜佛钟身份；若器类或断代不成立，Tier可能下降。,,缺PEM登记记录、题铭释读或技术检测确认其确为朝鲜王朝佛教寺院钟残件,PEM登记档案、残件题铭和合金检测是否能确认它属于朝鲜王朝佛教钟，并确定断代及原钟体部位？,缺PEM登记记录、题铭释读或技术检测确认其确为朝鲜王朝佛教寺院钟残件；缺断代依据及其在原钟体上所处部位的类型学复原；缺具体寺院、移出背景、历次所有权及入藏记录,basic_identification=partial date_period=partial maker_culture=partial historical_significance=partial artistic_significance=partial rarity_uniqueness=partial institutional_identity=partial category_representativeness=partial cultural_educational=partial provenance_acquisition=none visual_experiential=partial relational_spatial=na
80,American folk carved weather‑vane figure,美国民间雕刻风向标人像,B,6.564,40.1,medium,C–B,1.89,是,风向标功能和新英格兰归属未经核实；若只是一般木雕或年代较晚，当前Tier可能改变。,,缺PEM登记记录确认其确为人物风向标，并给出制作年代、木种、构造和地域归属,PEM登记档案是否将这件彩绘木雕编目为风向标，其构造痕迹、年代和原使用地点能否支持新英格兰民间艺术归属？,缺PEM登记记录确认其确为人物风向标，并给出制作年代、木种、构造和地域归属；缺颜料层、保存状况及修复记录；缺历次所有权、捐赠者及入藏日期,basic_identification=partial date_period=none maker_culture=partial historical_significance=partial artistic_significance=partial rarity_uniqueness=partial institutional_identity=partial category_representativeness=partial cultural_educational=partial provenance_acquisition=none visual_experiential=none relational_spatial=na
81,"Fitz Henry Lane, Small Coastal Sketch",菲茨·亨利·莱恩：海岸小稿,B,6.613,43.2,low,C–A,4.26,是,莱恩归属和准备稿关系都是当前B档的主要依据，但均未由登记或作品目录证实。,,缺PEM登记记录及莱恩作品目录对准确题名、年代、材质、尺寸和作者归属的确认,PEM登记档案和菲茨·亨利·莱恩作品目录是否收录这件《海岸小稿》，并能以尺寸、构图或底稿记录确认其作者及对应的大型海景？,缺PEM登记记录及莱恩作品目录对准确题名、年代、材质、尺寸和作者归属的确认；缺构图或档案证据确认它是哪件大型海景的准备稿，以及两者的具体关系；缺该稿在莱恩创作生涯及PEM所藏莱恩作品中的学术位置；缺历次所有权、展览史、捐赠者及入藏记录,basic_identification=partial date_period=none maker_culture=partial historical_significance=partial artistic_significance=partial rarity_uniqueness=partial institutional_identity=partial category_representativeness=partial cultural_educational=partial provenance_acquisition=none visual_experiential=partial relational_spatial=na
82,"Robert Feke, Portrait of Gentleman",罗伯特·费克：绅士肖像,B,6.470,40.1,low,C–A,4.49,是,作者归属和作品质量层级未经外部资料确认，正反两种结论都可能改变当前Tier。,,缺PEM登记记录及费克作品目录对作者归属、准确题名、年代、尺寸和画中人身份的确认,PEM登记档案和罗伯特·费克作品目录中是否有尺寸、构图或旧题签与此画相符的条目，并能确认作者、年代及画中人？,缺PEM登记记录及费克作品目录对作者归属、准确题名、年代、尺寸和画中人身份的确认；缺学术出版对该画在费克肖像作品中的质量和重要性定位；缺画中人及委托背景是否与塞勒姆或海上贸易相关的证据；缺历次所有权、捐赠者及PEM入藏记录,basic_identification=partial date_period=none maker_culture=partial historical_significance=partial artistic_significance=partial rarity_uniqueness=partial institutional_identity=partial category_representativeness=partial cultural_educational=partial provenance_acquisition=none visual_experiential=none relational_spatial=na
83,"John Singleton Copley, Portrait Miniature",科普利：微型肖像,B,6.908,43.2,low,C–A,4.26,是,名家归属与作品在科普利微型肖像中的地位均无可靠证据，可能直接改变Tier。,,缺PEM登记记录及科普利作品目录对作者归属、年代、尺寸、载体和准确题名的确认,PEM登记档案和约翰·辛格尔顿·科普利作品目录是否收录一件尺寸、画中人或旧框信息相符的微型肖像，并如何记录其作者归属和载体？,缺PEM登记记录及科普利作品目录对作者归属、年代、尺寸、载体和准确题名的确认；缺画中人身份、委托背景及其历史关联资料；缺该作在科普利微型肖像中的数量、质量与稀缺性比较；缺历次所有权、捐赠者及PEM入藏记录,basic_identification=partial date_period=none maker_culture=partial historical_significance=partial artistic_significance=partial rarity_uniqueness=partial institutional_identity=partial category_representativeness=partial cultural_educational=partial provenance_acquisition=none visual_experiential=partial relational_spatial=na
84,"Childe Hassam, Flower Garden Study",柴尔德·哈萨姆：花园花卉习作,B,6.592,40.1,low,C–A,4.49,是,作者归属及习作性质均是当前B档的重要前提，但两者都没有可核来源。,,缺PEM登记记录及哈萨姆作品目录对准确题名、年代、尺寸、材质和作者归属的确认,PEM登记档案和柴尔德·哈萨姆作品目录是否收录一件与此画尺寸和构图相符的花园作品，并将其认定为习作还是独立完成作？,缺PEM登记记录及哈萨姆作品目录对准确题名、年代、尺寸、材质和作者归属的确认；缺构图或档案资料证明其为习作，并确认是否存在对应的完成作品；缺学术资料说明该画在哈萨姆花园题材中的质量与创作位置；缺历次所有权、展览史、捐赠者及PEM入藏记录,basic_identification=partial date_period=none maker_culture=partial historical_significance=partial artistic_significance=partial rarity_uniqueness=partial institutional_identity=partial category_representativeness=partial cultural_educational=partial provenance_acquisition=none visual_experiential=none relational_spatial=na
85,"Martin Johnson Heade, Small Bird‑and‑Blossom Study",马丁·约翰逊·希德：花鸟小幅习作,B,5.869,32.3,low,C–A,5.08,是,对象身份与希德归属均无可核验的对象级来源，答案不同可能显著改变当前Tier。,,缺PEM登录记录将该对象与正式题名、登录号、图像及希德归属对应。,PEM登记系统中是否有可与此转写名称匹配的登录号和图像，希德作品总录又如何著录并定位该作？,缺PEM登录记录将该对象与正式题名、登录号、图像及希德归属对应。；缺希德作品总录或学术出版对年代、媒材及“习作”性质的确认。；缺该作在希德花鸟作品中的质量、代表性及同类存世比较。,basic_identification=partial date_period=none maker_culture=partial historical_significance=partial artistic_significance=partial rarity_uniqueness=none institutional_identity=partial category_representativeness=partial cultural_educational=partial provenance_acquisition=none visual_experiential=none relational_spatial=na
86,"Fidelia Bridges, Floral Watercolor",菲德莉娅·布里奇斯：花卉水彩,B,6.158,33.9,low,C–A,4.96,是,对象身份、归属及支撑地方重要性的事实均未核实，可能改变当前Tier。,,缺PEM登录记录确认正式题名、登录号、图像、年代及布里奇斯归属。,PEM登记系统能否确认这件水彩的登录号、图像与布里奇斯归属，相关展览图录如何评价它在其植物水彩中的位置？,缺PEM登录记录确认正式题名、登录号、图像、年代及布里奇斯归属。；缺展览图录或学术出版说明该作在布里奇斯植物水彩创作中的位置。；缺权威传记与PEM资料确认当前定级所依赖的塞勒姆地方关联。,basic_identification=partial date_period=partial maker_culture=partial historical_significance=partial artistic_significance=partial rarity_uniqueness=none institutional_identity=partial category_representativeness=partial cultural_educational=partial provenance_acquisition=none visual_experiential=none relational_spatial=na
87,"J.O.J. Frost, Fisherman’s Cottage Scene",J.O.J.弗罗斯特：渔夫小屋,B,6.648,32.3,low,C–A,5.08,是,当前Tier依赖未经核实的塞勒姆题材和亲历记忆性质，相关结论可能随考证显著变化。,,缺馆方或地方史资料确认画中地点、人物、事件及其是否源于亲历记忆。,PEM登记记录和塞勒姆地方史档案能否确认该画的登录号、具体地点与事件，并证明它属于弗罗斯特的亲历记忆画？,缺PEM登录记录确认正式题名、登录号、图像、年代及弗罗斯特归属。；缺馆方或地方史资料确认画中地点、人物、事件及其是否源于亲历记忆。；缺弗罗斯特专题研究说明该作在其塞勒姆场景中的代表性与稀缺性。,basic_identification=partial date_period=none maker_culture=partial historical_significance=partial artistic_significance=partial rarity_uniqueness=none institutional_identity=partial category_representativeness=partial cultural_educational=partial provenance_acquisition=none visual_experiential=none relational_spatial=na
88,"Winslow Homer, Figure Sketch",温斯洛·霍默：人物速写,C,5.078,32.3,low,C–A,5.08,是,霍默归属和准备稿功能均属定级核心事实，目前没有可核验的对象级证据。,,缺霍默作品总录或技术研究验证作者归属与炭笔媒材。,PEM登记系统与霍默作品总录能否确认该炭笔稿的登录号、作者归属，并将其对应到某件完成作品？,缺PEM登录记录确认正式题名、登录号、图像、年代、人物及霍默归属。；缺霍默作品总录或技术研究验证作者归属与炭笔媒材。；缺证据确认该稿是否对应某件完成作品及其在创作过程中的作用。,basic_identification=partial date_period=none maker_culture=partial historical_significance=partial artistic_significance=partial rarity_uniqueness=none institutional_identity=partial category_representativeness=partial cultural_educational=partial provenance_acquisition=none visual_experiential=none relational_spatial=na
89,"John Trumbull, Portrait Study",约翰·特朗布尔：人物肖像草稿,B,5.633,32.3,low,C–A,5.08,是,当前Tier依赖未经证实的人物身份和革命历史关联，相关答案可能显著改变作品重要性判断。,,缺特朗布尔作品总录确认该草稿与哪件肖像或历史构图相关。,PEM登记系统和特朗布尔作品总录能否确认画中人物，并将这件油画草稿对应到一件具体肖像或独立战争构图？,缺PEM登录记录确认正式题名、登录号、图像、年代及画中人物。；缺特朗布尔作品总录确认该草稿与哪件肖像或历史构图相关。；缺技术或学术研究验证特朗布尔归属、创作阶段及草稿功能。,basic_identification=partial date_period=none maker_culture=partial historical_significance=partial artistic_significance=partial rarity_uniqueness=none institutional_identity=partial category_representativeness=partial cultural_educational=partial provenance_acquisition=none visual_experiential=none relational_spatial=na
90,"Georgia O’Keeffe, Leaf Study",乔治亚·欧姬芙：叶片习作,B,6.321,32.3,low,C–A,5.08,是,欧姬芙归属、对象身份及系列位置均未核实，这些事实可能使当前Tier跨级变化。,,缺欧姬芙作品总录确认该对象身份及其所属叶片或有机形态系列。,PEM登记系统中的登录号和图像能否与欧姬芙作品总录对应，并确认该作在叶片或有机形态系列中的具体位置？,缺PEM登录记录确认正式题名、登录号、图像、年代、媒材及欧姬芙归属。；缺欧姬芙作品总录确认该对象身份及其所属叶片或有机形态系列。；缺学术研究说明该作在欧姬芙创作发展中的位置与代表性。,basic_identification=partial date_period=none maker_culture=partial historical_significance=partial artistic_significance=partial rarity_uniqueness=none institutional_identity=partial category_representativeness=partial cultural_educational=partial provenance_acquisition=none visual_experiential=none relational_spatial=na
91,"Samuel McIntire, Door‑frame carving fragment",塞缪尔·麦金太尔：门框木雕残件,B,6.166,32.5,low,C–A,5.06,是,原位关系和麦金太尔归属均是当前Tier的主要依据，但现有资料无法核验。,,缺档案确认该残件原属建筑、房间、门框位置及拆离经过。,PEM登记档案和加德纳-平格里宅修复档案能否确定该残件原属哪座建筑、哪个房间和门框位置，并说明麦金太尔归属依据？,缺档案确认该残件原属建筑、房间、门框位置及拆离经过。；缺文献或技术研究区分麦金太尔本人、其作坊或后期仿作。；缺与其他存世麦金太尔门框构件的完整度、质量及稀缺性比较。,basic_identification=partial date_period=partial maker_culture=partial historical_significance=partial artistic_significance=partial rarity_uniqueness=none institutional_identity=partial category_representativeness=partial cultural_educational=partial provenance_acquisition=none visual_experiential=none relational_spatial=none
92,"Samuel McIntire, urn‑motif decorative trim",麦金太尔：瓮纹装饰木饰条,B,6.130,32.5,low,C–A,5.06,是,原安装语境、作者归属与定制性质均直接影响当前Tier，现有资料不足以确认。,,缺档案确认饰条原属建筑、房间、安装位置及与相邻构件的组合方式。,PEM登记与宅邸修复档案能否确定这段瓮纹饰条的原安装位置，并证明它是麦金太尔作坊为特定建筑定制而非通用构件？,缺档案确认饰条原属建筑、房间、安装位置及与相邻构件的组合方式。；缺文献或技术研究验证麦金太尔归属及联邦时期年代。；缺比较研究判断瓮纹饰条是标准化产品还是特定建筑定制构件。,basic_identification=partial date_period=partial maker_culture=partial historical_significance=partial artistic_significance=partial rarity_uniqueness=none institutional_identity=partial category_representativeness=partial cultural_educational=partial provenance_acquisition=none visual_experiential=none relational_spatial=none
93,"Paul Revere, Silver Teaspoon Set",保罗·里维尔：银茶匙成套,B,6.285,32.3,low,C–A,5.08,是,里维尔归属和套件完整性未经核实，二者答案不同可直接改变当前Tier。,,缺银匠标记的清晰图像、权威释读及保罗·里维尔归属鉴定。,PEM登记档案中的标记图像和件数能否确认这是一套完整的保罗·里维尔茶匙，权威银器目录收录了多少同式套件？,缺PEM登录记录确认登录号、正式题名、制作年代、件数及套件完整性。；缺银匠标记的清晰图像、权威释读及保罗·里维尔归属鉴定。；缺权威里维尔银器目录对同式茶匙套件数量、质量及稀缺性的比较。,basic_identification=partial date_period=none maker_culture=partial historical_significance=partial artistic_significance=partial rarity_uniqueness=none institutional_identity=partial category_representativeness=partial cultural_educational=partial provenance_acquisition=none visual_experiential=none relational_spatial=na
94,"Paul Revere, Silver Salt Cellar",保罗·里维尔：银盐罐,B,6.249,32.3,low,C–A,5.08,是,里维尔归属及器形稀缺性的基础事实均未核实，可能显著改变当前Tier。,,缺银匠标记图像、权威释读及保罗·里维尔归属鉴定。,PEM登记档案能否提供盐罐标记图像并确认其是否原为成对器，权威里维尔银器目录如何著录同类盐罐？,缺PEM登录记录确认登录号、正式题名、年代、器形及是否原为成对盐罐。；缺银匠标记图像、权威释读及保罗·里维尔归属鉴定。；缺权威银器目录对里维尔盐罐存世数量、器形稀缺性及质量的比较。,basic_identification=partial date_period=none maker_culture=partial historical_significance=partial artistic_significance=partial rarity_uniqueness=none institutional_identity=partial category_representativeness=partial cultural_educational=partial provenance_acquisition=none visual_experiential=none relational_spatial=na
95,Salem Federal‑era mahogany card table,塞勒姆联邦时代桃花心木牌桌,B,6.610,33.9,low,C–A,4.96,是,当前Tier高度依赖未经核实的塞勒姆制作归属，归属结果不同可能显著改变判断。,,缺结构、木材、五金及文献证据验证塞勒姆制作归属，并判断具体作坊。,PEM登记与家具研究档案能否依据结构、木材和五金确认该牌桌为塞勒姆制作，并将其归入具体作坊或已知器型？,缺PEM登录记录确认正式题名、登录号、图像、尺寸、年代及材质。；缺结构、木材、五金及文献证据验证塞勒姆制作归属，并判断具体作坊。；缺与存世塞勒姆联邦时期牌桌的工艺质量、器型稀缺性及馆藏地位比较。,basic_identification=partial date_period=partial maker_culture=partial historical_significance=partial artistic_significance=partial rarity_uniqueness=none institutional_identity=partial category_representativeness=partial cultural_educational=partial provenance_acquisition=none visual_experiential=none relational_spatial=na
96,Chippendale candle‑stand,齐本德尔式烛台,B,5.749,33.9,low,C–A,4.96,是,产地、年代与作坊归属均未核实，任何一项出现不同答案都可能改变当前Tier。,,缺基于结构、木材、五金与雕刻的具体产地及作坊归属研究。,PEM登记与家具研究档案能否通过结构、木材、五金和雕刻确定该烛台的年代、具体产地及可能作坊，并与馆内同类家具比较？,缺PEM登录记录确认正式题名、登录号、图像、尺寸、材质及年代。；缺基于结构、木材、五金与雕刻的具体产地及作坊归属研究。；缺与新英格兰齐本德尔式烛台的工艺等级、器型稀缺性及PEM同类藏品比较。,basic_identification=partial date_period=partial maker_culture=partial historical_significance=partial artistic_significance=partial rarity_uniqueness=none institutional_identity=partial category_representativeness=partial cultural_educational=partial provenance_acquisition=none visual_experiential=none relational_spatial=na
97,Paint‑decorated blanket chest,彩绘储物箱,B,5.878,28.1,low,C–B,2.26,是,具体对象无法与PEM登记记录对应，且年代与典型性等定级依据未经核验。,,缺PEM登记号及把该描述性题名对应到具体馆藏的记录,PEM馆藏登记卡中哪件彩绘储物箱与此描述相符，其登记号、年代、制作地、尺寸及彩绘图像是什么？,缺PEM登记号及把该描述性题名对应到具体馆藏的记录；缺权威编目确认其年代、制作地、制作者或作坊及彩绘结构；缺新英格兰同类彩绘储物箱的存世量和主要馆藏比较；缺可靠的旧藏、捐赠者及入藏日期记录,basic_identification=partial date_period=none maker_culture=partial historical_significance=partial artistic_significance=none rarity_uniqueness=none institutional_identity=partial category_representativeness=partial cultural_educational=partial provenance_acquisition=none visual_experiential=none relational_spatial=na
98,"Samuel Maloof, small side stool",萨姆·马卢夫：小型边凳,B,5.947,32.3,low,C–A,5.08,是,作者归属和作品性质尚未获权威记录确认，答案不同可能显著改变当前Tier依据。,,缺PEM登记号、签名或标记及马卢夫档案条目，以确认归属与具体对象,PEM登记卡或马卢夫工作室档案能否把这件小型边凳对应到具体型号，并确认其年代、签名及原型、委托或常规产品性质？,缺PEM登记号、签名或标记及马卢夫档案条目，以确认归属与具体对象；缺制作年代、具体型号及其在马卢夫创作生涯中的位置；缺判断其为原型、特殊委托还是常规工作室产品的记录；缺委托人、旧藏、捐赠者及入藏日期记录,basic_identification=partial date_period=none maker_culture=partial historical_significance=partial artistic_significance=partial rarity_uniqueness=none institutional_identity=partial category_representativeness=partial cultural_educational=partial provenance_acquisition=none visual_experiential=none relational_spatial=na
99,Tiffany favrile glass tumbler,蒂凡尼法夫赖尔玻璃杯,B,6.230,32.3,low,C–A,5.08,是,制作者归属与型号未经核验，而二者直接决定该小型杯具的艺术史地位和稀缺性。,,缺PEM登记号、底款图和登记记录，以确认蒂凡尼或其工作室归属,PEM登记卡、杯底厂标和蒂凡尼产品目录能否确认这件玻璃杯的制作者、型号、年代及同型号存世情况？,缺PEM登记号、底款图和登记记录，以确认蒂凡尼或其工作室归属；缺制作年代、产品型号及其在法夫赖尔产品目录中的条目；缺同型号杯具的存世数量及主要馆藏比较；缺旧藏、购买渠道、捐赠者及入藏日期记录,basic_identification=partial date_period=none maker_culture=partial historical_significance=partial artistic_significance=partial rarity_uniqueness=none institutional_identity=partial category_representativeness=partial cultural_educational=partial provenance_acquisition=none visual_experiential=none relational_spatial=na
100,American brass and iron andiron pair,美式黄铜铁制壁炉柴架成对,C,5.227,30.5,low,C–B,2.44,是,对象身份与联邦时期断代均未证实，这些事实可能改变其历史价值和稀缺性判断。,,缺PEM登记号及可确认这对柴架身份、联邦时期断代和材质的登记记录,PEM登记系统中哪对黄铜铁制柴架与此描述相符，其登记号、准确年代、制造者、标记及成对状态是什么？,缺PEM登记号及可确认这对柴架身份、联邦时期断代和材质的登记记录；缺制造者、铸造或锻造标记及准确制作地点资料；缺联邦时期同类柴架的产量、存世量及主要馆藏比较；缺原始住宅、旧藏、捐赠者及入藏日期记录,basic_identification=partial date_period=partial maker_culture=partial historical_significance=partial artistic_significance=none rarity_uniqueness=none institutional_identity=partial category_representativeness=partial cultural_educational=partial provenance_acquisition=none visual_experiential=none relational_spatial=partial
101,"Salem girl’s needlework sampler, 1792",1792塞勒姆少女刺绣样本,B,6.536,33.9,low,C–A,4.96,是,地方身份和纪年尚未证实；若题名转写有误，当前地方史定级依据会直接受影响。,,缺PEM登记号及对铭文中1792年、塞勒姆制作地与刺绣者的权威核验,PEM登记卡和高清铭文能否确认刺绣者、1792年纪年及塞勒姆制作地，塞勒姆家谱或学校档案能否对应其身份？,缺PEM登记号及对铭文中1792年、塞勒姆制作地与刺绣者的权威核验；缺完整铭文释读及刺绣者家庭、学校和教育背景资料；缺与PEM另一件塞勒姆样本及其他馆藏纪年样本的逐项比较；缺家族传承、捐赠者及入藏日期记录,basic_identification=partial date_period=partial maker_culture=partial historical_significance=partial artistic_significance=partial rarity_uniqueness=none institutional_identity=partial category_representativeness=partial cultural_educational=partial provenance_acquisition=none visual_experiential=none relational_spatial=na
102,Folk carved wooden eagle finial,民间木雕鹰顶饰,C,5.037,19.5,low,C–B,2.54,是,原始功能与出处可能决定它是普通装饰件还是具有特定历史关联的构件，现有资料无法判断。,,缺其原装于建筑、家具或其他器物的证据及相关出处,PEM登记卡、背面安装痕迹或旧藏档案能否确定这件鹰顶饰原属哪座建筑、哪件家具或器物，并确认其年代与制作地？,缺PEM登记号及把该描述名对应到具体鹰形顶饰的记录；缺其原装于建筑、家具或其他器物的证据及相关出处；缺年代、制作地、木材、彩绘材料及可能制作者资料；缺同类新英格兰木雕鹰顶饰的存世量和主要馆藏比较；缺捐赠者、拆卸经过及入藏日期记录,basic_identification=partial date_period=none maker_culture=partial historical_significance=none artistic_significance=none rarity_uniqueness=none institutional_identity=partial category_representativeness=partial cultural_educational=partial provenance_acquisition=none visual_experiential=none relational_spatial=none
103,Chinese Canton export rose medallion plate,广彩徽章纹外销盘,B,6.241,32.3,low,C–B,2.13,是,对象身份和“标准美国市场纹样”均未核验，可能改变其代表性与稀缺性判断。,,缺PEM登记号、底款图及权威编目，以确认该盘确为广州外销玫瑰徽章纹器,PEM登记卡、底款图和外销瓷图录能否确认该盘的登记号、年代、作坊及玫瑰徽章纹分类，并验证其是否为美国市场常见型？,缺PEM登记号、底款图及权威编目，以确认该盘确为广州外销玫瑰徽章纹器；缺制作年代、作坊及“美国市场标准纹样”判断所依据的外销瓷图录；缺同类玫瑰徽章纹盘的存世数量及主要馆藏比较；缺最初订购者、旧藏、捐赠者及入藏日期记录,basic_identification=partial date_period=none maker_culture=partial historical_significance=partial artistic_significance=partial rarity_uniqueness=none institutional_identity=partial category_representativeness=partial cultural_educational=partial provenance_acquisition=none visual_experiential=none relational_spatial=na
104,Chinese Canton export porcelain teacup saucer group,广彩茶杯杯托组,B,6.466,33.0,low,C–B,2.11,是,是否原配完整尚未证实；若只是后配或残组，当前以成组性为核心的Tier依据会改变。,,缺PEM登记号、组件清单及同一入藏记录，以确认这是原配完整的一组,PEM组件清单和入藏记录能否确认这组茶杯杯托的准确数量、原配关系与完整性，同类完整组在PEM及其他外销艺术馆藏中有多少？,缺PEM登记号、组件清单及同一入藏记录，以确认这是原配完整的一组；缺每件杯托的数量、尺寸、年代、底款及作坊资料；缺完整广彩茶杯杯托组的存世数量及主要馆藏比较；缺最初订购者、旧藏、捐赠者及入藏日期记录,basic_identification=partial date_period=none maker_culture=partial historical_significance=partial artistic_significance=partial rarity_uniqueness=none institutional_identity=partial category_representativeness=partial cultural_educational=partial provenance_acquisition=none visual_experiential=none relational_spatial=partial
105,"Chinese export silver spoon set, Forbes collection",福布斯藏中国外销银勺套件,B,6.639,38.0,low,C–A,4.65,是,福布斯来源是当前历史与机构关联的主要依据，但收藏家身份和来源链均未证实。,,缺PEM登记号及“福布斯收藏”具体收藏家、原编号和转入PEM链条,PEM的福布斯收藏档案具体指哪位收藏家，这套银勺的原编号、转入PEM链条、银匠标记、年代和组件清单分别是什么？,缺PEM登记号及“福布斯收藏”具体收藏家、原编号和转入PEM链条；缺银匠标记、广州作坊、制作年代、组件数量及成套完整性资料；缺中国外销银勺套件的存世数量及主要馆藏比较；缺展示标记、錾刻、磨损及修复情况的高清图像,basic_identification=partial date_period=none maker_culture=partial historical_significance=partial artistic_significance=partial rarity_uniqueness=none institutional_identity=partial category_representativeness=partial cultural_educational=partial provenance_acquisition=partial visual_experiential=none relational_spatial=partial
106,Chinese export lacquer sewing box,中国外销漆木针线盒,B,6.779,33.0,low,C–A,5.02,是,附件完整性和目标市场用途是当前代表性与教育价值的重要依据，但均未获得外部资料支持。,,缺PEM登记号与组件清单，无法确认具体针线盒及原配附件完整性,PEM登记卡与组件清单能否确认该针线盒的登记号、年代、作坊及原配附件，广州外销商品目录是否记载其西方女性市场用途？,缺PEM登记号与组件清单，无法确认具体针线盒及原配附件完整性；缺年代、作坊、木胎、漆饰工艺及金属件资料；缺证明其面向西方女性市场及具体针线用途的同期目录或档案；缺最初订购者、旧藏、捐赠者及入藏日期记录；缺与PEM其他外销针线盒的实物和编目比较,basic_identification=partial date_period=none maker_culture=partial historical_significance=partial artistic_significance=partial rarity_uniqueness=none institutional_identity=partial category_representativeness=partial cultural_educational=partial provenance_acquisition=none visual_experiential=none relational_spatial=partial
107,Chinese export gouache insect‑and‑flower album leaf,外销水粉花鸟册页,B,6.353,31.0,low,C–A,5.17,是,原册身份可能直接决定该叶是普通装饰散页还是重要成套项目的一部分，现有资料无法区分。,,缺PEM登记号、原册名称、叶次及相关册页去向，无法确认其原册身份,PEM登记卡是否记录该册页的原册名称、叶次和相关册页，其他册页现藏何处，原册是否有可核验的年代、作坊或订购者？,缺PEM登记号、原册名称、叶次及相关册页去向，无法确认其原册身份；缺年代、作坊、尺寸、颜料、题识及印记的权威编目；缺同类虫花外销水粉册页的品质、存世量及主要馆藏比较；缺原订购者、旧藏、拆册经过及入藏日期记录,basic_identification=partial date_period=none maker_culture=partial historical_significance=partial artistic_significance=partial rarity_uniqueness=none institutional_identity=partial category_representativeness=partial cultural_educational=partial provenance_acquisition=none visual_experiential=none relational_spatial=none
108,Chinese reverse glass portrait of merchant’s wife,外销玻璃背画商人夫人像,B,6.704,31.0,low,C–A,5.17,是,坐像者身份与委托关系未经证实；答案不同会直接改变该肖像的历史关联和叙事权重。,,缺PEM登记号及坐像人物身份依据，无法确认具体作品与“商人夫人”说法,PEM登记卡、配对肖像记录或商贸家族档案能否确认坐像者及其丈夫身份，并确定作品的委托人、年代、作坊和配对关系？,缺PEM登记号及坐像人物身份依据，无法确认具体作品与“商人夫人”说法；缺年代、作坊、材质及玻璃背画技法的权威编目；缺原委托人、配对肖像或所属系列的记录；缺旧藏、海外流传、捐赠者及入藏日期记录；缺同类中国外销玻璃背画肖像的主要馆藏比较,basic_identification=partial date_period=none maker_culture=partial historical_significance=partial artistic_significance=partial rarity_uniqueness=none institutional_identity=partial category_representativeness=partial cultural_educational=partial provenance_acquisition=none visual_experiential=none relational_spatial=none
109,Chinese ivory export figurine of lady,外销象牙仕女摆件,B,5.739,43.2,medium,C–B,2.07,是,具体对象及广州归属无法核验，工艺质量也缺少图像比较，答案可能改变当前Tier。,,缺PEM馆藏号或图录条目，以确认该描述对应的具体对象、材质、年代及广州归属。,在PEM登记簿或亚洲外销艺术图录中，哪一条记录可与“外销象牙仕女摆件”对应，其馆藏号、年代、产地、尺寸及图像为何？,缺PEM馆藏号或图录条目，以确认该描述对应的具体对象、材质、年代及广州归属。；缺高清图像、尺寸、品相及与广州外销仕女象牙雕的质量比较，以检验其可替代性。；缺原始收藏者、捐赠者及入藏日期记录。,basic_identification=partial date_period=none maker_culture=partial historical_significance=partial artistic_significance=partial rarity_uniqueness=partial institutional_identity=partial category_representativeness=partial cultural_educational=partial provenance_acquisition=none visual_experiential=partial relational_spatial=na
110,Chinese ivory puzzle ball small size,小型外销象牙套球,B,6.604,43.2,medium,C–B,1.79,是,支撑其技术辨识度的实际层数与完整性尚未核实，结果可能使当前Tier变化。,,缺PEM馆藏号或图录记录，以确认具体对象、年代、产地、直径及实际雕刻层数。,PEM登记簿或外销象牙图录中，哪件小型套球与本描述相符，其直径、层数、年代、完整性及馆内同类比较结果为何？,缺PEM馆藏号或图录记录，以确认具体对象、年代、产地、直径及实际雕刻层数。；缺高清图像和品相报告，以确认各层是否完整、能否活动及雕刻复杂度。；缺与PEM其他套球在尺寸、层数、年代和工艺上的对象级比较。；缺原始收藏者、捐赠者及入藏日期记录。,basic_identification=partial date_period=none maker_culture=partial historical_significance=partial artistic_significance=partial rarity_uniqueness=partial institutional_identity=partial category_representativeness=partial cultural_educational=partial provenance_acquisition=none visual_experiential=partial relational_spatial=na
111,Anglo‑Indian sandalwood casket,英印檀香木首饰盒,C,5.483,43.2,medium,C–B,2.52,是,对象身份、制作中心及镶嵌状态未核实，这些事实可能改变其作为辅助性或代表性作品的判断。,,缺PEM馆藏号或图录条目，以确认具体对象、年代、制作中心、尺寸及材料。,PEM登记簿或英印外销木作图录中，哪件檀香木首饰盒与本描述对应，其制作中心为何，“局部镶嵌”是否属于原始状态？,缺PEM馆藏号或图录条目，以确认具体对象、年代、制作中心、尺寸及材料。；缺品相和技术记录，以判断“局部镶嵌”是原始设计、未完工状态还是后期脱失。；缺与有确证产地的英印檀香木盒进行工艺质量和典型性比较。；缺原始委托者、捐赠者及入藏日期记录。,basic_identification=partial date_period=none maker_culture=partial historical_significance=partial artistic_significance=partial rarity_uniqueness=partial institutional_identity=partial category_representativeness=partial cultural_educational=partial provenance_acquisition=none visual_experiential=partial relational_spatial=na
112,Indian Vizagapatam small writing box,印度维扎加帕塔姆嵌象牙小文具盒,B,6.387,43.2,medium,C–B,1.79,是,维扎加帕塔姆归属和西式文具用途都是当前定级叙事的核心，却均未获得对象级证据。,,缺结构、纹样或技术分析等支持维扎加帕塔姆归属的对象级依据。,PEM登记簿或英印外销木作图录中是否有与该小文具盒匹配的条目，其年代、材料及哪些结构或纹样特征支持维扎加帕塔姆归属？,缺PEM馆藏号或图录记录，以确认具体对象、年代、尺寸、基材及镶嵌材料。；缺结构、纹样或技术分析等支持维扎加帕塔姆归属的对象级依据。；缺证明该盒供英国客户使用及作为文具盒外销的类型学或档案依据。；缺原始收藏者、捐赠者及入藏日期记录。,basic_identification=partial date_period=none maker_culture=partial historical_significance=partial artistic_significance=partial rarity_uniqueness=partial institutional_identity=partial category_representativeness=partial cultural_educational=partial provenance_acquisition=none visual_experiential=partial relational_spatial=na
113,Mughal ivory small animal group,莫卧儿象牙小动物群雕,C,5.407,44.8,medium,C–B,2.30,是,莫卧儿归属与外销用途均未经核实，而两者直接支撑当前历史和类别定位。,,缺PEM馆藏号或图录记录，以确认具体对象、莫卧儿归属、年代及制作地区。,PEM登记簿或南亚象牙图录中，哪件动物群雕与本描述对应，其年代、地区及莫卧儿归属依据是什么，是否被编目为外销制品？,缺PEM馆藏号或图录记录，以确认具体对象、莫卧儿归属、年代及制作地区。；缺文献或类型学依据证明该动物群雕专为海外贸易制作。；缺动物种类、构图、尺寸、铭文、高清图像及与可确证南亚象牙群雕的质量比较。；缺原始收藏者、捐赠者及入藏日期记录。,basic_identification=partial date_period=partial maker_culture=partial historical_significance=partial artistic_significance=partial rarity_uniqueness=partial institutional_identity=partial category_representativeness=partial cultural_educational=partial provenance_acquisition=none visual_experiential=partial relational_spatial=na
114,Mughal miniature portrait of court attendant,莫卧儿细密画宫廷侍从,B,6.090,44.8,low,C–A,4.14,是,画派、年代与原属画册是衡量该册页地位的核心事实，现有资料无法排除普通作品与重要残页之间的显著差异。,,缺PEM馆藏号或图录条目，以确认具体册页、年代、地区画派、画家或作坊。,PEM印度细密画图录或登记簿中，哪一册页与该宫廷侍从像相符，其题记、印章、人物身份、年代、画派及原属画册为何？,缺PEM馆藏号或图录条目，以确认具体册页、年代、地区画派、画家或作坊。；缺人物身份、题记、印章及原属画册或手稿的识别资料。；缺高清正反面图像、尺寸、颜料与品相记录，以及与可定年莫卧儿宫廷人物画的质量比较。；缺捐赠者及入藏日期记录。,basic_identification=partial date_period=partial maker_culture=partial historical_significance=partial artistic_significance=partial rarity_uniqueness=partial institutional_identity=partial category_representativeness=partial cultural_educational=partial provenance_acquisition=none visual_experiential=partial relational_spatial=na
115,Rajput landscape miniature,拉杰普特风景细密画,B,5.785,43.2,low,C–A,4.26,是,具体画派、题材和系列归属未明，而这些识别可能显著改变作品的重要性判断。,,缺画面题材、人物、题记及原属系列或手稿的识别。,PEM印度细密画图录或登记簿中，哪件作品与该风景细密画匹配，其具体拉杰普特画派、题材、题记、年代及原属系列为何？,缺PEM馆藏号或图录记录，以确认具体对象、年代及拉杰普特地区画派。；缺画面题材、人物、题记及原属系列或手稿的识别。；缺高清正反面图像、尺寸、材料、品相及与同画派可定年作品的质量比较。；缺捐赠者及入藏日期记录。,basic_identification=partial date_period=none maker_culture=partial historical_significance=partial artistic_significance=partial rarity_uniqueness=partial institutional_identity=partial category_representativeness=partial cultural_educational=partial provenance_acquisition=none visual_experiential=partial relational_spatial=na
116,Sinhalese carved ivory hair ornament,斯里兰卡象牙发饰,B,6.414,48.4,low,C–A,3.87,是,塞勒姆贸易来源是其机构相关性的核心依据却未经证实，且对象身份与地域归属也未核验。,,缺航海日志、商人档案或早期入藏簿证明该发饰确经塞勒姆贸易网络取得。,PEM登记簿、东印度海事学会档案或塞勒姆商人记录中，哪条记录可与这件斯里兰卡象牙发饰对应，并能否确认收藏者、航程及入藏日期？,缺PEM馆藏号或图录记录，以确认具体对象、年代、斯里兰卡制作地区及尺寸。；缺航海日志、商人档案或早期入藏簿证明该发饰确经塞勒姆贸易网络取得。；缺高清图像、品相、佩戴方式及与斯里兰卡同类象牙发饰的质量和稀缺性比较。；缺与贸易关联无关的后续捐赠和保管链记录。,basic_identification=partial date_period=none maker_culture=partial historical_significance=partial artistic_significance=partial rarity_uniqueness=partial institutional_identity=partial category_representativeness=partial cultural_educational=partial provenance_acquisition=partial visual_experiential=partial relational_spatial=na
117,Japanese Arita blue‑and‑white small vase,有田烧青花小瓶,B,5.913,43.2,medium,C–B,1.79,是,有田归属和欧洲市场器形均为当前叙事核心，但没有对象级编目或类型学资料。,,缺PEM馆藏号或图录条目，以确认具体对象、年代、窑口、尺寸、底款及纹样。,PEM日本外销瓷图录或登记簿中，哪件有田青花小瓶与本描述相符，其年代、窑口、底款和支持欧洲市场用途的器形依据为何？,缺PEM馆藏号或图录条目，以确认具体对象、年代、窑口、尺寸、底款及纹样。；缺类型学、订单或贸易记录证明该器形针对欧洲市场生产。；缺高清图像及与PEM其他有田小瓶在年代、工艺和纹样稀缺性上的比较。；缺收藏者、捐赠者及入藏日期记录。,basic_identification=partial date_period=none maker_culture=partial historical_significance=partial artistic_significance=partial rarity_uniqueness=partial institutional_identity=partial category_representativeness=partial cultural_educational=partial provenance_acquisition=none visual_experiential=partial relational_spatial=na
118,Japanese Imari covered bowl,伊万里烧盖碗,B,6.370,43.2,medium,C–B,1.79,是,对象身份、伊万里归属及盖碗完整性均未核实，这些事实可能改变当前Tier。,,缺PEM馆藏号或图录记录，以确认具体对象、年代、窑口、尺寸、底款和纹样。,PEM日本外销瓷图录或登记簿中，哪件伊万里盖碗与本描述匹配，其年代、窑口、纹样、盖碗原配关系及修复记录为何？,缺PEM馆藏号或图录记录，以确认具体对象、年代、窑口、尺寸、底款和纹样。；缺胎釉、彩绘和装饰比较资料，以验证伊万里归属。；缺品相与修复记录，以确认盖与碗是否原配及器物是否完整。；缺收藏者、捐赠者及入藏日期记录。,basic_identification=partial date_period=none maker_culture=partial historical_significance=partial artistic_significance=partial rarity_uniqueness=partial institutional_identity=partial category_representativeness=partial cultural_educational=partial provenance_acquisition=none visual_experiential=partial relational_spatial=na
119,Japanese lacquer export small cabinet drawer unit,日本外销漆木小斗柜,B,6.781,43.2,low,C–A,4.26,是,南蛮风格和西方订制属性均缺对象级证据，而这两项直接支撑其跨文化代表性。,,缺构造、纹样、金属件及图录比较等支持南蛮风格归属的对象级依据。,PEM日本外销漆器图录或登记簿中，哪件小斗柜与本描述对应，其年代、构造、纹样和金属件如何支持南蛮影响及西方居室用途？,缺PEM馆藏号或图录记录，以确认具体对象、年代、作坊、尺寸、木胎及漆饰材料。；缺构造、纹样、金属件及图录比较等支持南蛮风格归属的对象级依据。；缺订单、功能分析或早期收藏记录证明其为西方居室制作。；缺内外部高清图像、品相及与PEM其他外销漆柜的工艺和稀缺性比较。；缺后续捐赠者及入藏日期记录。,basic_identification=partial date_period=none maker_culture=partial historical_significance=partial artistic_significance=partial rarity_uniqueness=partial institutional_identity=partial category_representativeness=partial cultural_educational=partial provenance_acquisition=none visual_experiential=partial relational_spatial=na
120,Japanese export lacquer writing box,日本外销漆文具盒,B,6.247,44.8,medium,C–B,1.74,是,西式文具用途是当前跨文化价值判断的核心，但其对象身份、年代和功能均未获得编目或类型学证据。,,缺类型学或档案依据证明其供西式文具收纳，而非日本传统用途。,PEM日本外销漆器图录或登记簿中，哪件漆盒与本描述匹配，其具体年代、装饰技术和内部结构能否证明西式文具收纳用途？,缺PEM馆藏号或图录条目，以确认具体对象、江户时代内的年代、作坊、尺寸及装饰。；缺漆层、木胎、蒔绘及其他装饰材料的技术记录和高清图像。；缺类型学或档案依据证明其供西式文具收纳，而非日本传统用途。；缺与PEM小斗柜及其他外销漆盒在工艺、年代和典型性上的比较。；缺收藏者、捐赠者及入藏日期记录。,basic_identification=partial date_period=partial maker_culture=partial historical_significance=partial artistic_significance=partial rarity_uniqueness=partial institutional_identity=partial category_representativeness=partial cultural_educational=partial provenance_acquisition=none visual_experiential=partial relational_spatial=na
121,"Netsuke rat, signed Edo work",江户签名根付老鼠,B,6.155,33.9,low,C–A,4.96,是,对象身份和署款归属均未核实，两者答案不同可能改变当前Tier。,,与PEM登录记录相匹配的对象身份及署款归属。,PEM馆藏管理系统或纸本图录中哪一登录号对应这件鼠形根付，其署款照片和释读是否被权威根付图录收录？,缺可将该描述名与PEM登录号对应的官方记录，包括编目题名、尺寸、材质和年代。；缺署款高清照片、释读及权威根付图录对署名作者归属的确认。；缺鼠形根付雕工质量、作者层级及同类稀缺性的馆藏比较。；缺可靠的来源、入藏和展览记录，但目前没有证据表明这些记录会改变其参观优先级。,basic_identification=partial date_period=partial maker_culture=partial historical_significance=none artistic_significance=partial rarity_uniqueness=partial institutional_identity=partial category_representativeness=partial cultural_educational=partial provenance_acquisition=none visual_experiential=none relational_spatial=na
122,"Netsuke tortoise, unsigned",无款根付龟,B,5.947,32.3,low,C–B,2.13,是,连具体馆藏对象和雕工质量都未确认，核查结果可能使其在B与C之间变化。,,可与PEM登录号对应的对象身份及实物图像。,PEM馆藏记录中是否有无款木雕龟形根付与此描述相符，其年代、木材、尺寸和多角度图像为何？,缺对应的PEM登录号及官方编目资料，包括年代、尺寸和木材鉴定。；缺多角度高清图像、保存状况记录及根付专家对雕工质量的评估。；缺博物馆图录对无款龟形根付数量、质量区间和典型性的比较。；缺可靠的来源与入藏经过，但现有定级并未以特殊来源为依据。,basic_identification=partial date_period=none maker_culture=partial historical_significance=none artistic_significance=partial rarity_uniqueness=partial institutional_identity=partial category_representativeness=partial cultural_educational=partial provenance_acquisition=none visual_experiential=none relational_spatial=na
123,Edo period wooden medicine box,江户时代木药箱,B,5.635,41.7,low,C–B,2.34,是,功能和社会使用语境正是当前Tier的主要依据，但两者均未核实。,,将该物确认为江户药箱及町人用品的编目证据。,PEM哪一登录记录对应这件彩绘木箱，记录中的结构、铭文或旧藏说明能否证明其用途为江户町人药箱？,缺对应的PEM登录号、官方题名、准确年代、产地、尺寸及作坊资料。；缺内部结构、铭文或编目证据，以确认其确为药箱并与町人阶层使用相关。；缺江户彩绘木药箱的存世比较，以及该件彩绘质量、完整性和稀缺性评估。；缺来源与入藏记录，但其具体早期所有者并非当前定级依据。,basic_identification=partial date_period=partial maker_culture=partial historical_significance=partial artistic_significance=partial rarity_uniqueness=partial institutional_identity=partial category_representativeness=partial cultural_educational=partial provenance_acquisition=none visual_experiential=none relational_spatial=na
124,Edo bronze censer with floral relief,江户花卉纹青铜香炉,B,5.814,41.7,low,C–B,1.97,是,对象身份、制作质量和使用语境均未核实，可能改变当前Tier依据。,,与PEM登录记录对应的身份及器物细节图像。,PEM馆藏记录中哪件江户青铜香炉与此描述相符，其底款、花卉纹细节和编目说明是否支持町屋日用器的判断？,缺对应的PEM登录号及官方记录中的准确年代、尺寸、合金和铸造者信息。；缺底款、铭文、花卉纹样和铸造细节图像，以及据此确认器物类型和制作质量的意见。；缺证明其为町屋日常陈设器的使用语境资料，以及江户青铜香炉的质量与稀缺性比较。；缺可靠的来源和入藏记录，但当前没有特殊来源价值的主张。,basic_identification=partial date_period=partial maker_culture=partial historical_significance=partial artistic_significance=partial rarity_uniqueness=partial institutional_identity=partial category_representativeness=partial cultural_educational=partial provenance_acquisition=none visual_experiential=none relational_spatial=na
125,Edo period iron tea‑kettle tetsubin,江户铁茶壶铁瓶,B,5.762,41.7,low,C–B,2.07,是,对象身份和“铸造良好”的核心质量判断均无可核验资料，可能影响当前Tier。,,与PEM登录记录对应的身份及铸造质量证据。,PEM馆藏系统中哪一铁瓶对应此描述，其款识、年代、铸造者和保存状况是否支持“江户优质日用铁瓶”的判断？,缺对应的PEM登录号及准确年代、尺寸、重量和铸造者等官方编目资料。；缺壶身纹样、款识、提梁、壶嘴和内部状况图像，以及铸造质量与保存状况评估。；缺江户铁瓶的同类质量与稀缺性比较，以及支持其为商人阶层日用品的资料。；缺可靠的来源和入藏经过，但当前定级不依赖特殊来源。,basic_identification=partial date_period=partial maker_culture=partial historical_significance=partial artistic_significance=partial rarity_uniqueness=partial institutional_identity=partial category_representativeness=partial cultural_educational=partial provenance_acquisition=none visual_experiential=none relational_spatial=na
126,"Ukiyo‑e beauty print, minor artist",二流浮世绘美人版画,B,6.229,41.7,low,C–A,4.38,是,作者层级是当前Tier的主要依据，但作者本人及作品身份尚未确认。,,画师、题名、系列和目录编号等作品身份。,PEM哪一登录记录对应这件美人画，其画师、题名、系列、版元和目录编号能否在权威浮世绘目录中确认？,缺对应的PEM登录号及画师姓名、作品题名、系列、年代、版元、印章和目录编号。；缺版次、版态、印刷质量、色彩保存和修复状况的专业记录。；缺权威浮世绘目录对该画师地位、该版存世情况及同类美人画质量的比较。；缺来源、入藏和轮换展出记录，但轮换频率本身不决定Tier。,basic_identification=partial date_period=partial maker_culture=partial historical_significance=partial artistic_significance=partial rarity_uniqueness=partial institutional_identity=partial category_representativeness=partial cultural_educational=partial provenance_acquisition=none visual_experiential=none relational_spatial=na
127,Katsushika Hokusai miscellaneous sketch print,葛饰北斋杂画小版画,B,6.469,40.1,low,C–A,4.49,是,北斋归属和作品身份均属定级核心论断，现有资料无法核实。,,可验证北斋归属的题名、系列和目录编号。,PEM馆藏系统中哪一版画对应此描述，其题名、系列和目录编号能否在北斋权威目录中核对，并确认版次与版态？,缺可对应PEM登录号的确切题名、系列名称、目录编号及北斋归属依据。；缺年代、版元、版次、版态、印刷质量、色彩和保存状况资料。；缺该版在北斋创作生涯及相应系列中的位置、存世印本数量和PEM同类比较。；缺来源、入藏及展览出版记录，但目前没有证据显示这些记录本身会改变Tier。,basic_identification=partial date_period=none maker_culture=partial historical_significance=partial artistic_significance=partial rarity_uniqueness=partial institutional_identity=partial category_representativeness=partial cultural_educational=partial provenance_acquisition=none visual_experiential=none relational_spatial=na
128,"Hiroshige, miscellaneous station print",歌川广重普通站点版画,B,6.893,40.1,low,C–A,4.49,是,系列身份和印本版态直接影响作品地位，但目前连具体站点都无法确认。,,具体站名、系列版本及可核验的目录编号。,PEM哪一登录号对应这张广重版画，它是《东海道五十三次》的哪一站、哪一版本和版态，并与馆内其他《东海道》作品有何重复？,缺对应的PEM登录号、具体站名、完整系列版本、正式题名、目录编号及广重归属依据。；缺版元、年代、版次、版态、印刷质量、色彩和保存状况记录。；缺该站点不同版本的存世与稀缺性资料，以及与PEM其他《东海道》藏品的质量和重复性比较。；缺来源、入藏和展览出版记录，但当前Tier并不依赖特殊来源。,basic_identification=partial date_period=none maker_culture=partial historical_significance=partial artistic_significance=partial rarity_uniqueness=partial institutional_identity=partial category_representativeness=partial cultural_educational=partial provenance_acquisition=none visual_experiential=none relational_spatial=na
129,Joseon dynasty white porcelain bottle,朝鲜王朝白瓷瓶,B,6.452,41.7,low,C–A,4.38,是,断代、窑口和品质判断共同支撑当前Tier，但三者都没有可核验来源。,,精确断代、窑口及“地方窑”判断依据。,PEM哪一登录记录对应这件白瓷瓶，其器形、断代和窑口如何编目，“地方窑产品”的判断依据是什么？,缺对应的PEM登录号、正式器形名称、尺寸和精确断代。；缺窑口或生产区域证据，以及将其判断为“地方窑产品”的编目、技术或学术依据。；缺胎釉、造型、保存状况的专业评估，以及与重要朝鲜白瓷瓶和PEM同类藏品的比较。；缺可靠的来源和入藏记录，但具体来源地目前不是其定级核心依据。,basic_identification=partial date_period=partial maker_culture=partial historical_significance=partial artistic_significance=partial rarity_uniqueness=partial institutional_identity=partial category_representativeness=partial cultural_educational=partial provenance_acquisition=none visual_experiential=none relational_spatial=na
130,Joseon celadon small bowl,朝鲜青瓷小碗,B,5.914,41.7,low,C–B,1.84,是,时期与技术分类本身尚未确认；不同鉴定结果可能改变当前Tier。,,确认朝鲜断代与青瓷技术分类的检测和编目资料。,PEM哪一登录记录对应此小碗，其胎釉和烧造特征是否支持朝鲜王朝青瓷的编目，并如何区别于高丽或后世制品？,缺对应的PEM登录号、尺寸、精确年代、窑口和正式编目器名。；缺胎釉检测和烧造特征资料，以确认其青瓷技术分类及朝鲜王朝归属。；缺高清图像、保存状况及朝鲜时期青瓷碗的质量、存世和稀缺性比较。；缺来源和入藏记录，但目前没有特殊来源构成定级依据。,basic_identification=partial date_period=partial maker_culture=partial historical_significance=partial artistic_significance=partial rarity_uniqueness=partial institutional_identity=partial category_representativeness=partial cultural_educational=partial provenance_acquisition=none visual_experiential=none relational_spatial=na
131,Joseon embroidered floral rank badge fragment,朝鲜刺绣补子残片,C,4.857,41.7,low,C–B,1.84,是,“官阶补子残片”这一核心身份尚未证实；若分类不同，当前Tier依据会改变。,,证明其确为官阶补子并确定原官阶的图像学依据。,PEM哪一登录记录对应这件刺绣残片，其完整图像和纹样能否由韩国服饰专家确认为官阶补子并判定原官阶？,缺对应的PEM登录号、尺寸、材质、针法和精确年代等官方编目资料。；缺高清图像和服饰图像学分析，以证明该花卉纹残片确为官阶补子并确定原官阶。；缺残缺范围、原貌复原及与完整朝鲜补子和其他残片的质量、稀缺性比较。；缺来源和入藏记录，但在无特殊历史人物关联主张时不直接决定Tier。,basic_identification=partial date_period=partial maker_culture=partial historical_significance=partial artistic_significance=partial rarity_uniqueness=partial institutional_identity=partial category_representativeness=partial cultural_educational=partial provenance_acquisition=none visual_experiential=none relational_spatial=na
132,Joseon bronze hand‑mirror,朝鲜青铜手镜,B,5.678,41.7,low,C–B,2.25,是,具体对象、断代和类型均未确认，而常见性正是当前Tier的主要依据之一。,,可确认年代与类型的镜背纹样、铭文和登录记录。,PEM哪一登录记录对应这面手镜，其镜背纹样、铭文和铸造特征在朝鲜青铜镜类型学中属于哪一类，存世是否常见？,缺对应的PEM登录号、尺寸、合金成分和精确断代等官方编目资料。；缺镜背纹样、铭文、铸造痕迹和保存状况图像，以及据此作出的类型学鉴定。；缺朝鲜青铜手镜纹样分类、存世数量、质量区间和稀缺性的馆藏比较。；缺原使用者、考古来源和入藏记录，但当前没有特殊人物或遗址关联主张。,basic_identification=partial date_period=partial maker_culture=partial historical_significance=partial artistic_significance=partial rarity_uniqueness=partial institutional_identity=partial category_representativeness=partial cultural_educational=partial provenance_acquisition=none visual_experiential=none relational_spatial=na
133,Nam June Paik small TV‑object study,白南准小型电视媒介习作,B,5.881,32.3,low,C–A,5.08,是,白南准归属及习作版本身份均无权威记录，核验结果可能改变Tier。,,缺PEM登记记录确认馆藏号、正式题名、年代、媒材及白南准归属,PEM登记簿能否确认这件对象为白南准作品，其馆藏号、正式题名和年代为何，白南准遗产机构或作品总录又如何界定其版本关系？,缺PEM登记记录确认馆藏号、正式题名、年代、媒材及白南准归属；缺白南准作品总录或遗产机构对该习作版本关系及创作阶段的确认；缺该作展览出版记录及PEM是否将其列为代表作的官方说明；缺可靠的来源及入藏经过,basic_identification=partial date_period=none maker_culture=partial historical_significance=partial artistic_significance=partial rarity_uniqueness=none institutional_identity=partial category_representativeness=partial cultural_educational=partial provenance_acquisition=none visual_experiential=none relational_spatial=na
134,Hawaiian carved wooden bowl,夏威夷木雕食用碗,B,5.582,32.3,medium,C–B,2.85,是,“夏威夷食用碗”和“非王室等级”均为未核验的核心分类，答案可能改变Tier。,,缺权威类型学或民族志资料确认其食用功能及“非王室等级”,PEM登记记录如何命名和断代这件碗，夏威夷木器类型学是否支持其“食用碗”及“非王室等级”的分类？,缺PEM登记记录确认馆藏号、年代、岛屿或社群、木材及正式器名；缺权威类型学或民族志资料确认其食用功能及“非王室等级”；缺有年代依据的夏威夷木碗比较，以判断该件是否确属常见类型；缺采集者、采集地点和入藏经过,basic_identification=partial date_period=none maker_culture=partial historical_significance=partial artistic_significance=partial rarity_uniqueness=none institutional_identity=partial category_representativeness=partial cultural_educational=partial provenance_acquisition=none visual_experiential=none relational_spatial=na
135,Hawaiian stone fishing sinker set,夏威夷石制渔坠组,B,5.694,32.3,medium,C–B,2.57,是,是否为夏威夷渔坠及是否构成原始组合尚未确认，核验结果可能改变Tier。,,缺采集或考古语境以判断这些石件是原始组合还是后期拼组,PEM登记与采集记录能否确认这组石件的数量、组合完整性和夏威夷来源，已出版渔具类型学又将其对应于哪种渔法？,缺PEM记录确认馆藏号、渔坠数量、组合完整性、石材、尺寸及夏威夷归属；缺采集或考古语境以判断这些石件是原始组合还是后期拼组；缺权威形制研究把这些石件与具体传统渔法对应起来；缺同类夏威夷渔坠的精确存世数量,basic_identification=partial date_period=none maker_culture=partial historical_significance=partial artistic_significance=partial rarity_uniqueness=none institutional_identity=partial category_representativeness=partial cultural_educational=partial provenance_acquisition=none visual_experiential=none relational_spatial=na
136,Hawaii woven mat fragment,夏威夷编织席残片,B,5.940,41.7,low,C–A,4.38,是,前接触期年代既未测定也无来源链证明，而它直接支撑当前Tier。,,缺科学测年或连续早期采集链以验证“前接触期”,PEM的登记或保育档案是否包含放射性碳测年或可追溯至早期采集的连续记录，足以验证这件席残片的前接触期年代？,缺PEM登记记录确认馆藏号、正式名称、文化归属、材料及残片身份；缺科学测年或连续早期采集链以验证“前接触期”；缺纤维和编织技法鉴定及经可靠断代的夏威夷席比较；缺原始尺寸、完整度及保育状态记录,basic_identification=partial date_period=partial maker_culture=partial historical_significance=partial artistic_significance=partial rarity_uniqueness=partial institutional_identity=partial category_representativeness=partial cultural_educational=partial provenance_acquisition=none visual_experiential=none relational_spatial=na
137,Māori wooden food storage box,毛利木质食物储存盒,B,6.169,32.3,low,C–A,5.08,是,器物类型与用途尚未确认，不同分类可能显著改变Tier。,,缺PEM登记记录确认馆藏号、毛利语器名、年代、用途及社群归属,PEM登记记录给出的毛利语器名和用途是什么，该件在已出版类型学中属于普通储食容器、waka huia还是其他雕花盒类？,缺PEM登记记录确认馆藏号、毛利语器名、年代、用途及社群归属；缺与已出版waka huia及普通实用容器的类型学比较；缺纹样释读与雕刻特征研究，以判断其社会功能和制作等级；缺制作者、采集者及入藏经过,basic_identification=partial date_period=none maker_culture=partial historical_significance=partial artistic_significance=partial rarity_uniqueness=none institutional_identity=partial category_representativeness=partial cultural_educational=partial provenance_acquisition=none visual_experiential=none relational_spatial=na
138,Māori stone adze implement,毛利石锛工具,B,6.155,32.3,low,C–A,5.08,是,软玉材质和工作或仪式用途均未确认，核验结果可能显著改变Tier。,,缺PEM登记记录与矿物学检测确认馆藏号、年代、产地及软玉材质,PEM是否保存该石锛的矿物检测和登记记录，其材质是否确为软玉，使用痕迹与装柄特征又支持工作用途还是仪式用途？,缺PEM登记记录与矿物学检测确认馆藏号、年代、产地及软玉材质；缺使用痕迹与装柄研究以区分普通工作锛和仪式性器物；缺与已出版毛利石锛类型的比较，以确认器形等级和文化归属；缺采集者、来源链及入藏经过,basic_identification=partial date_period=none maker_culture=partial historical_significance=partial artistic_significance=partial rarity_uniqueness=none institutional_identity=partial category_representativeness=partial cultural_educational=partial provenance_acquisition=none visual_experiential=none relational_spatial=na
139,Marquesan small ancestor carving,马克萨斯小型祖先木雕,B,6.572,32.3,low,C–A,5.08,是,祖先像身份及早期仪式品或晚期市场品的区别未定，答案可能显著改变Tier。,,缺早期采集链或制作语境，以区分仪式使用品与较晚市场制品,PEM登记和早期采集档案能否确定这件小像的岛屿、年代与离开原属地时间，已出版马克萨斯图像学是否将其识别为祖先像？,缺PEM登记记录确认馆藏号、具体岛屿、年代、木材和正式器名；缺权威图像学或民族志资料确认人物为祖先并说明其仪式功能；缺早期采集链或制作语境，以区分仪式使用品与较晚市场制品；缺同类马克萨斯tiki的可靠存世比较,basic_identification=partial date_period=none maker_culture=partial historical_significance=partial artistic_significance=partial rarity_uniqueness=none institutional_identity=partial category_representativeness=partial cultural_educational=partial provenance_acquisition=none visual_experiential=none relational_spatial=na
140,Fijian carved wooden bowl,斐济雕花仪式木碗,B,6.657,32.3,low,C–A,5.08,是,卡瓦用途和社会等级均未核验，而两者直接支撑当前Tier。,,缺权威类型学或民族志资料确认其卡瓦用途及“次级酋长等级”,PEM登记记录如何命名这件木碗，斐济器物类型学依据哪些形制或使用痕迹认定其为卡瓦碗并判断所谓“次级酋长等级”？,缺PEM登记记录确认馆藏号、正式器名、年代、产地、木材及尺寸；缺权威类型学或民族志资料确认其卡瓦用途及“次级酋长等级”；缺与斐济及汤加卡瓦碗的比较，以判断形制、等级和稀缺性；缺采集者、所有权流转及入藏经过,basic_identification=partial date_period=none maker_culture=partial historical_significance=partial artistic_significance=partial rarity_uniqueness=none institutional_identity=partial category_representativeness=partial cultural_educational=partial provenance_acquisition=none visual_experiential=none relational_spatial=na
141,Tongan woven basket,汤加编织储物篮,B,5.951,32.3,medium,C–B,2.13,是,汤加归属和仪式用途均未获证实，核验结果可能使Tier上下移动一级。,,缺民族志或图录资料判定其为日常储物篮、仪式篮或兼具两者,PEM登记记录给出的汤加器名、材料和用途是什么，已出版民族志是否支持该篮兼有储物与仪式用途？,缺PEM登记记录确认馆藏号、正式器名、年代、岛屿或社群及纤维材料；缺民族志或图录资料判定其为日常储物篮、仪式篮或兼具两者；缺编织技法、纹样含义及保存状况分析；缺采集地点、采集者和入藏经过,basic_identification=partial date_period=none maker_culture=partial historical_significance=partial artistic_significance=partial rarity_uniqueness=none institutional_identity=partial category_representativeness=partial cultural_educational=partial provenance_acquisition=none visual_experiential=none relational_spatial=na
142,New Hebrides spirit mask fragment,新赫布里底神灵面具残件,B,5.537,32.3,low,C–A,5.08,是,对象是否确为特定传统的神灵面具残件尚未确认，答案可能显著改变Tier。,,缺保育与技术检查确认它确为面具残件并重建其原始形态,PEM登记和保育档案能否确认该残件来自哪个岛屿及面具传统，并通过断口、颜料和结构判断它在原面具中的位置？,缺PEM登记记录确认馆藏号、具体岛屿、社群、面具传统、正式名称和年代；缺保育与技术检查确认它确为面具残件并重建其原始形态；缺权威民族志或图像学资料确认神灵身份与仪式功能；缺采集者、来源链与入藏经过,basic_identification=partial date_period=none maker_culture=partial historical_significance=partial artistic_significance=partial rarity_uniqueness=none institutional_identity=partial category_representativeness=partial cultural_educational=partial provenance_acquisition=none visual_experiential=none relational_spatial=na
143,Rapa Nui carved wooden statuette,复活节岛小木雕像,B,6.304,33.9,low,C–A,4.96,是,接触后年代及仪式或市场生产性质均未确认，答案可能显著改变Tier。,,缺木材鉴定、科学测年或连续历史记录以验证“接触后时期”,PEM登记与保育档案如何命名和断代这件拉帕努伊木像，木材检测、采集日期及类型学能否证实其为接触后作品并判断其仪式或市场生产语境？,缺PEM登记记录确认馆藏号、本地类型名称、图像身份、年代及原始用途；缺木材鉴定、科学测年或连续历史记录以验证“接触后时期”；缺生产与使用语境，以区分仪式品、交换品和市场制品；缺采集者、离岛时间及所有权流转记录,basic_identification=partial date_period=partial maker_culture=partial historical_significance=partial artistic_significance=partial rarity_uniqueness=none institutional_identity=partial category_representativeness=partial cultural_educational=partial provenance_acquisition=none visual_experiential=none relational_spatial=na
144,"Scrimshaw whale tooth, sailing‑ship motif",捕鲸骨雕帆船主题鲸牙,B,6.921,32.3,low,C–A,5.08,是,真实性、年代及塞勒姆航海关联均未核验，而这些事实可能显著改变Tier。,,缺PEM登记记录确认馆藏号、年代、尺寸、材质或鲸种、铭文及真实性,PEM登记与海事档案能否确认该鲸牙雕刻的年代、铭文、制作者及相关捕鲸船或航次，并说明它在馆内同类scrimshaw中的地位？,缺PEM登记记录确认馆藏号、年代、尺寸、材质或鲸种、铭文及真实性；缺制作者、捕鲸船、航次或港口记录，以核实其与塞勒姆海事史的具体关联；缺与PEM其他帆船题材scrimshaw的年代、工艺、稀缺性及展览地位比较；缺保存处理史及完整状况报告,basic_identification=partial date_period=none maker_culture=partial historical_significance=partial artistic_significance=partial rarity_uniqueness=none institutional_identity=partial category_representativeness=partial cultural_educational=partial provenance_acquisition=none visual_experiential=none relational_spatial=na
145,Scrimshaw walrus tusk small piece,小型海象牙骨雕,B,5.564,33.9,low,C–B,2.82,是,对象身份无法用登录号核验，且历史关联与实际稀缺性会影响当前Tier。,,缺PEM登录号及官方馆藏记录，以确认该对象及其材质、尺寸和刻纹。,PEM旧版藏品页面、海事展签或馆藏档案中，哪一登录号对应这件小型海象牙刻，其编目年代、纹样、铭文、船名和航次为何？,缺PEM登录号及官方馆藏记录，以确认该对象及其材质、尺寸和刻纹。；缺可核的船名、航次、制作者或铭文，无法判断是否具有特殊历史关联。；缺PEM及馆外同类海象牙刻的数量与质量比较。；缺捐赠者、入藏时间及此前所有权记录。,basic_identification=partial date_period=none maker_culture=none historical_significance=partial artistic_significance=partial rarity_uniqueness=none institutional_identity=partial category_representativeness=partial cultural_educational=partial provenance_acquisition=none visual_experiential=partial relational_spatial=na
146,Whalebone bus‑k corset stay,鲸鱼骨束腰撑片,B,5.600,26.6,low,C–B,3.04,是,器物类型和材质均未确认，而两者正是当前Tier叙事的基础。,,缺PEM登录号与编目照片，不能确认它是束腰busk、stay还是其他鲸须制件。,PEM馆藏档案或海事展签中，哪一登录号对应这件制件，馆方将其编为busk、stay还是其他构件，并如何鉴定鲸骨或鲸须材质？,缺PEM登录号与编目照片，不能确认它是束腰busk、stay还是其他鲸须制件。；缺材质鉴定及年代、产地、制造者和尺寸，无法确认其是否属于所述捕鲸产业语境。；缺原使用者、收藏者、捐赠者和入藏日期。；缺PEM展签对其如何解释鲸须进入服饰消费的原文。,basic_identification=partial date_period=none maker_culture=none historical_significance=partial artistic_significance=none rarity_uniqueness=none institutional_identity=partial category_representativeness=partial cultural_educational=partial provenance_acquisition=none visual_experiential=none relational_spatial=na
147,Brass ship compass working example,黄铜船用罗盘实物,B,6.151,34.1,low,C–B,2.08,是,年代、船用属性和工作状态均未经核实，可能改变其作为代表性航海仪器的判断。,,缺PEM登录号及制造商、型号、年代、产地和刻印的官方编目记录。,PEM馆藏档案中哪一登录号对应这件罗盘，其制造商、型号、年代、刻印及工作状态如何记录？,缺PEM登录号及制造商、型号、年代、产地和刻印的官方编目记录。；缺检测或编目记录，无法核实“可工作”及19世纪船用属性。；缺曾配属商船、使用者及从船上到PEM的来源链。；缺同型号罗盘的产量、存世量和专业仪器目录比较。,basic_identification=partial date_period=partial maker_culture=none historical_significance=partial artistic_significance=na rarity_uniqueness=none institutional_identity=partial category_representativeness=partial cultural_educational=partial provenance_acquisition=none visual_experiential=partial relational_spatial=na
148,Lead ship’s sounding weight,铅制测水深铅锤,B,5.549,30.7,low,C–B,3.00,是,支撑当前Tier的塞勒姆船舶关联没有船名或档案依据，且器物类型本身也待核。,,缺PEM登录号、船名及航海日志或船具清单，以证实它曾用于所称塞勒姆双桅船。,哪一PEM登录号对应该铅锤，相关船具清单或航海日志是否记载其所属塞勒姆双桅船的船名、航期和测深用途？,缺PEM登录号、船名及航海日志或船具清单，以证实它曾用于所称塞勒姆双桅船。；缺重量、规格、刻印和结构记录，以确认它是航海测深锤而非普通铅坠。；缺从船舶使用到收藏及PEM入藏的连续来源链。；缺与PEM其他测深器具及馆外存世实例的比较。,basic_identification=partial date_period=none maker_culture=partial historical_significance=partial artistic_significance=na rarity_uniqueness=none institutional_identity=partial category_representativeness=partial cultural_educational=partial provenance_acquisition=none visual_experiential=none relational_spatial=na
149,Ship‑carpenter’s folding rule,船木匠折叠木尺,C,4.980,29.0,low,C–B,2.24,是,连其是否属于船木匠专用工具都未确认，该答案可能改变当前Tier。,,缺PEM登录号和编目记录，以确认它是船木匠专用折尺而非普通工匠折尺。,PEM馆藏档案中哪一登录号对应这把折尺，其刻度、刻印或来源记录能否证明它由船木匠、船厂或具体船舶使用？,缺PEM登录号和编目记录，以确认它是船木匠专用折尺而非普通工匠折尺。；缺量制刻度、铰链结构、刻印、制造者和年代，以核定其海事专业性。；缺原船木匠、船厂或所属船舶的可核身份记录。；缺收藏者、捐赠者、入藏时间及此前所有权记录。,basic_identification=partial date_period=none maker_culture=none historical_significance=partial artistic_significance=na rarity_uniqueness=none institutional_identity=partial category_representativeness=partial cultural_educational=partial provenance_acquisition=none visual_experiential=none relational_spatial=na
150,Water‑colour ship portrait of minor Salem brig,塞勒姆普通双桅船水彩肖像,B,5.987,32.3,low,C–A,5.08,是,作品、船舶和作者身份均未核实，而这些事实会直接影响当前Tier。,,缺PEM登录号、确切题名、画中船名、作者、创作年代和题识。,PEM海事绘画目录或旧版藏品记录中，哪一登录号对应这幅水彩，画中双桅船、作者和年代为何，该船在塞勒姆船舶档案中有何记录？,缺PEM登录号、确切题名、画中船名、作者、创作年代和题识。；缺该船的船东、航线、货运和事件档案，无法判断其在塞勒姆贸易史中的地位。；缺作品图像及与PEM其他塞勒姆船像的艺术质量比较。；缺委托人、早期收藏者、捐赠者和入藏日期。,basic_identification=partial date_period=none maker_culture=partial historical_significance=partial artistic_significance=partial rarity_uniqueness=none institutional_identity=partial category_representativeness=partial cultural_educational=partial provenance_acquisition=none visual_experiential=none relational_spatial=na
151,Model of small coastal schooner,沿海小纵帆船船模,B,5.934,33.9,low,C–B,2.08,是,模型性质、制作质量和对象身份均未核定，可能改变当前Tier。,,缺该模型对应具体纵帆船、船厂设计还是一般船型示范的核定。,PEM馆藏记录把这件船模认定为哪一登录号和何种模型：具体船舶、船厂模型还是通用船型示范？其比例、制作者和制作年代为何？,缺PEM登录号及制作者、年代、比例、尺寸、材料和结构的官方编目。；缺该模型对应具体纵帆船、船厂设计还是一般船型示范的核定。；缺实物图像及制作精度、保存状态和展示尺度记录。；缺原所有者、收藏者、捐赠者及入藏时间。,basic_identification=partial date_period=none maker_culture=none historical_significance=partial artistic_significance=partial rarity_uniqueness=none institutional_identity=partial category_representativeness=partial cultural_educational=partial provenance_acquisition=none visual_experiential=partial relational_spatial=na
152,19th‑century whale‑oil lantern,19世纪鲸油手提灯,B,5.964,34.1,low,C–B,2.08,是,鲸油燃料和船上用途均未证实，而这两项是当前Tier的核心依据。,,缺燃料结构、检测或同期记录，以确认其使用鲸油并专供船上甲板照明。,PEM编目和实物结构记录能否证明该登录号灯具以鲸油为燃料并用于船上甲板，而非其他燃料或一般家用照明？,缺PEM登录号及制造者、年代、刻印、尺寸和燃烧结构的官方编目。；缺燃料结构、检测或同期记录，以确认其使用鲸油并专供船上甲板照明。；缺所属船舶、原使用者、收藏者及PEM入藏记录。；缺与PEM其他船用或家用鲸油灯的实物比较。,basic_identification=partial date_period=partial maker_culture=none historical_significance=partial artistic_significance=na rarity_uniqueness=none institutional_identity=partial category_representativeness=partial cultural_educational=partial provenance_acquisition=none visual_experiential=partial relational_spatial=na
153,Salem customs‑house manuscript fragment,塞勒姆海关手稿残页,B,5.631,30.7,low,C–A,5.20,是,文书身份和实际内容均无法核验，而这两项直接决定其史料重要性及当前Tier。,,缺菲利普斯图书馆档号、全宗、文书日期及制文海关机构。,菲利普斯图书馆哪一档号和全宗对应该残页，其日期、制文海关机构及释文中的船名、货物、商人和港口为何？,缺菲利普斯图书馆档号、全宗、文书日期及制文海关机构。；缺手稿释文及其中船名、货物、港口、商人和航期信息。；缺该残页与完整账册或档案系列的关系及完整文书保存状况。；缺所有权、捐赠者、入藏时间及展陈记录。,basic_identification=partial date_period=none maker_culture=partial historical_significance=partial artistic_significance=na rarity_uniqueness=none institutional_identity=partial category_representativeness=partial cultural_educational=partial provenance_acquisition=none visual_experiential=none relational_spatial=na
154,Ship captain’s personal journal fragment,船长私人航海日志残页,B,5.572,30.7,low,C–A,5.20,是,作者、船舶、航次和内容都是影响史料地位的核心事实，目前均未确认。,,缺菲利普斯图书馆档号、全宗、船长姓名、船名、航次和日期。,菲利普斯图书馆哪一档号对应该日志残页，船长、船名、航次和日期为何，该页在完整日志中的前后文是什么？,缺菲利普斯图书馆档号、全宗、船长姓名、船名、航次和日期。；缺残页释文及其中航线、事件、货物、船员或港口信息。；缺该页与完整日志的关系、完整日志保存状况及相关出版记录。；缺船长家族、收藏者、捐赠者及PEM入藏记录。,basic_identification=partial date_period=none maker_culture=partial historical_significance=partial artistic_significance=na rarity_uniqueness=none institutional_identity=partial category_representativeness=partial cultural_educational=partial provenance_acquisition=none visual_experiential=none relational_spatial=na
155,Felix Beato landscape photograph,费利斯·比托风景原版照片,B,6.256,26.0,low,C–A,5.55,是,作者归属与印本年代均未确认，答案不同可能显著改变当前Tier。,,缺PEM登录号、确切题名、拍摄地点、日期及费利斯·比托归属依据。,PEM摄影档案中哪一登录号对应此照片，其地点、日期和比托归属依据为何；权威比托摄影目录是否收录同底片图像及其他印本？,缺PEM登录号、确切题名、拍摄地点、日期及费利斯·比托归属依据。；缺工艺与底片关系记录，无法确认是同期蛋白印本、后期印本还是复制品。；缺同底片存世印本、出版记录及其在比托创作生涯中的位置。；缺原相册、早期收藏者、交易或捐赠及PEM入藏记录。,basic_identification=partial date_period=partial maker_culture=partial historical_significance=partial artistic_significance=partial rarity_uniqueness=none institutional_identity=none category_representativeness=partial cultural_educational=partial provenance_acquisition=none visual_experiential=none relational_spatial=na
156,John Thomson street‑scene photograph,约翰·汤姆森街景原版照片,B,6.781,33.9,low,C–A,4.96,是,作者、场景和印本年代均未确认，而这些事实直接决定其摄影史地位及当前Tier。,,缺PEM登录号、确切题名、城市街道、拍摄日期、系列编号及汤姆森归属依据。,PEM摄影档案中哪一登录号对应该街景，其城市、街道、日期和系列编号为何；权威汤姆森中国摄影目录是否收录同图及其他同期印本？,缺PEM登录号、确切题名、城市街道、拍摄日期、系列编号及汤姆森归属依据。；缺工艺与底片关系记录，无法确认是同期蛋白印本、后期印本还是复制品。；缺同图存世印本、出版记录及其在汤姆森中国系列中的位置。；缺原相册、早期收藏者、捐赠者及PEM入藏记录。,basic_identification=partial date_period=partial maker_culture=partial historical_significance=partial artistic_significance=partial rarity_uniqueness=none institutional_identity=partial category_representativeness=partial cultural_educational=partial provenance_acquisition=none visual_experiential=none relational_spatial=na
157,19th‑century travel album page,19世纪旅行相册单页,B,5.693,26.5,low,C–A,5.51,是,对象身份及支撑B级的塞勒姆旅行关联均未核验，答案不同可能改变Tier。,,缺可核验的PEM登录记录及原相册身份。,PEM登记档案或展签中，哪一登录号对应这张混合纪念照相册页，其原相册、编册者和旅行路线分别是什么？,缺PEM登记或展签记录，以确认该页的登录号、官方题名及是否确由塞勒姆旅行者编排。；缺原相册身份、编册者、旅行路线、所摄地点、原始题注和摄影者资料；这些信息决定其与PEM核心叙事的关联强度。；缺PEM对该页在馆内旅行相册收藏中的代表性说明或可靠的同类比较。；缺完整的常规入藏、捐赠与所有权记录。,basic_identification=partial date_period=partial maker_culture=partial historical_significance=partial artistic_significance=none rarity_uniqueness=none institutional_identity=partial category_representativeness=none cultural_educational=partial provenance_acquisition=none visual_experiential=partial relational_spatial=none
158,Persian Safavid small ceramic bowl,萨法维波斯陶小碗,C,4.942,31.8,medium,C–B,2.15,是,对象身份和萨法维归属未核验，确认结果可能使当前C级上下移动。,,缺可核验的PEM登录记录及萨法维归属依据。,PEM登记档案中是否有一件符合“小型几何纹釉陶碗”的萨法维器物，其登录号、年代、产地及胎釉鉴定结果是什么？,缺PEM登录记录，以确认该碗的身份、官方题名、尺寸、年代和文化归属。；缺胎、釉、纹饰与制作工艺分析，以检验萨法维归属并判断是否属于稀见产区或类型。；缺已出版萨法维小碗及PEM馆内同类器的质量、数量和稀缺性比较。；缺常规所有权与入藏链条。,basic_identification=partial date_period=partial maker_culture=partial historical_significance=partial artistic_significance=partial rarity_uniqueness=none institutional_identity=partial category_representativeness=none cultural_educational=partial provenance_acquisition=none visual_experiential=partial relational_spatial=na
159,Persian Qajar painted tile fragment,卡扎尔波斯彩绘瓷砖残件,C,4.663,30.5,low,C–A,5.21,是,对象及原建筑语境未核验，而该语境可能使普通残件转为重要建筑遗存。,,缺原建筑身份及该残件的可核验登录记录。,PEM登记档案中哪一件卡扎尔人物釉面陶砖与此描述相符，记录是否注明原建筑、安装位置和图像主题？,缺PEM登录或展签记录，以确认残件身份、官方题名、年代、材质及卡扎尔归属。；缺原建筑名称、原始安装位置及人物图像释读；这些信息可能显著改变其历史地位。；缺高清图、尺寸、残存比例及胎釉和风格分析，以判断制作质量和生产中心。；缺与定级无直接关系的常规入藏手续记录。,basic_identification=partial date_period=partial maker_culture=partial historical_significance=partial artistic_significance=partial rarity_uniqueness=none institutional_identity=partial category_representativeness=none cultural_educational=partial provenance_acquisition=none visual_experiential=partial relational_spatial=none
160,Mamluk brass inlaid small tray,马穆鲁克嵌饰黄铜小托盘,B,5.606,31.8,low,C–A,5.12,是,支撑当前B级的马穆鲁克归属和工艺质量均无可靠证据，核验结果可能改变Tier。,,缺可核验的马穆鲁克归属及铭文、嵌饰分析。,PEM登记档案中哪一件小型嵌饰黄铜托盘与此描述相符，其铭文、嵌饰材料、年代及生产中心如何记录？,缺PEM登录记录，以确认托盘身份、官方题名、尺寸、年代及马穆鲁克归属。；缺嵌饰材料、纹样和铭文的高清记录与释读，以及生产中心或作坊归属。；缺与已出版马穆鲁克托盘的工艺质量、类型和稀缺性比较。；缺常规所有权及入藏链条。,basic_identification=partial date_period=partial maker_culture=partial historical_significance=partial artistic_significance=partial rarity_uniqueness=none institutional_identity=partial category_representativeness=none cultural_educational=partial provenance_acquisition=none visual_experiential=partial relational_spatial=na
161,Ottoman calligraphic tile fragment,奥斯曼书法瓷砖残件,C,4.915,30.5,low,C–A,5.21,是,铭文性质、奥斯曼归属和原建筑均未核验，答案可能使其Tier显著变化。,,缺可读铭文资料及原建筑身份。,PEM档案中哪件奥斯曼书法釉砖与此描述相符，其高清图所示文字如何转写翻译，原建筑和安装位置是否有记录？,缺PEM登录或展签记录，以确认残砖身份、年代、材质及奥斯曼归属。；缺高清图、阿拉伯文字转写和翻译，以判断其究竟是可读铭文还是装饰性书法纹样。；缺原建筑、安装位置、作坊和生产中心资料。；缺常规所有权与入藏链条。,basic_identification=partial date_period=partial maker_culture=partial historical_significance=partial artistic_significance=partial rarity_uniqueness=none institutional_identity=partial category_representativeness=none cultural_educational=partial provenance_acquisition=none visual_experiential=partial relational_spatial=none
162,Ottoman embroidered towel fragment,奥斯曼刺绣织物残片,C,4.517,31.8,medium,C–B,2.15,是,对象及奥斯曼归属未核验，工艺和完整度资料可能使当前C级上移。,,缺登录记录及刺绣工艺与年代鉴定。,PEM登记档案中是否有符合“奥斯曼花卉刺绣毛巾残片”的对象，其登录号、纤维、针法、年代、产地和原物残存比例是什么？,缺PEM登录记录，以确认残片身份、官方题名、尺寸、年代及奥斯曼归属。；缺纤维、针法、染料、生产中心和年代分析，以判断其工艺质量及文化归属。；缺原毛巾形制、残存比例及与已出版奥斯曼刺绣的质量和稀缺性比较。；缺常规所有权和入藏记录。,basic_identification=partial date_period=partial maker_culture=partial historical_significance=partial artistic_significance=partial rarity_uniqueness=none institutional_identity=partial category_representativeness=none cultural_educational=partial provenance_acquisition=none visual_experiential=partial relational_spatial=na
163,Greek black‑figure kylix cup fragment,古希腊黑绘浅酒杯残件,C,5.111,31.8,low,C–A,5.12,是,对象身份、画家归属和神话场景均未核验，答案可能使当前C级显著上移。,,缺黑绘浅杯身份及画家、场景鉴定。,PEM档案中哪件黑绘浅酒杯残件与此描述相符，古希腊陶器专家能否据图确认年代、产地、画家圈及神话场景？,缺PEM登录记录及专业鉴定，以确认残件身份、黑绘技法、器形、产地和年代。；缺画家或作坊归属，以及神话人物、场景和原构图的辨识。；缺高清图、尺寸、原杯残存比例和绘画质量评估。；缺可靠考古来源和常规入藏记录。,basic_identification=partial date_period=partial maker_culture=partial historical_significance=partial artistic_significance=partial rarity_uniqueness=none institutional_identity=partial category_representativeness=none cultural_educational=partial provenance_acquisition=none visual_experiential=partial relational_spatial=na
164,Greek red‑figure amphora neck fragment,古希腊红绘双耳罐颈部残件,C,4.938,31.8,low,C–A,5.12,是,阿提卡归属、器形和画家信息均未核验，可能改变当前C级判断。,,缺阿提卡红绘归属及画家、图像鉴定。,PEM档案中哪件红绘双耳罐颈部残件与此描述相符，专家能否据图确认阿提卡产地、器形、年代、画家圈和图像内容？,缺PEM登录记录及专业鉴定，以确认对象身份、阿提卡产地、红绘技法、器形和年代。；缺画家或作坊归属及颈部图像内容辨识。；缺高清图、尺寸、保存状态、原器残存比例和绘画质量评估。；缺可靠考古来源与常规入藏记录。,basic_identification=partial date_period=partial maker_culture=partial historical_significance=partial artistic_significance=partial rarity_uniqueness=none institutional_identity=partial category_representativeness=none cultural_educational=partial provenance_acquisition=none visual_experiential=partial relational_spatial=na
165,Roman marble portrait bust fragment,罗马大理石胸像残件,C,5.061,31.8,low,C–A,5.12,是,人物类型与对象身份未核验，而皇室、私人或后世仿作等不同答案可能显著改变Tier。,,缺人物或肖像类型鉴定及可核验登录记录。,PEM登记档案中哪件罗马大理石胸像残件与此描述相符，专家能否据多角度图确认人物或肖像类型、年代和作坊？,缺PEM登录记录及材质、文化归属鉴定，以确认该胸像残件的身份。；缺人物身份或肖像类型、精确年代、仿作关系及作坊归属研究。；缺多角度高清图、尺寸、状态报告及雕刻质量分析。；缺可靠考古来源与常规入藏记录。,basic_identification=partial date_period=partial maker_culture=partial historical_significance=partial artistic_significance=partial rarity_uniqueness=none institutional_identity=partial category_representativeness=none cultural_educational=partial provenance_acquisition=none visual_experiential=partial relational_spatial=na
166,Roman glass perfume bottle,罗马玻璃香水瓶,C,4.953,31.8,medium,C–B,2.15,是,对象和器型未核验；若属稀见玻璃类型而非普通香膏瓶，当前C级可能变化。,,缺器型鉴定及可核验的PEM登录记录。,PEM登记档案中是否有符合“小型罗马吹制香膏瓶”的对象，其登录号、器型、年代、产地、颜色和制作痕迹是什么？,缺PEM登录记录，以确认玻璃瓶身份、官方题名、尺寸、年代和罗马归属。；缺器型分类、产地及吹制或模制痕迹分析，以判断它是否属于常见香膏瓶或稀见类型。；缺图像、颜色、虹彩、保存状态和修复记录，以评估其视觉与工艺质量。；缺具体墓葬来源及常规入藏链条。,basic_identification=partial date_period=partial maker_culture=partial historical_significance=partial artistic_significance=partial rarity_uniqueness=none institutional_identity=partial category_representativeness=none cultural_educational=partial provenance_acquisition=none visual_experiential=partial relational_spatial=na
167,Egyptian faience amulet figurine,埃及费昂斯护身符小造像,C,5.221,31.8,medium,C–B,2.39,是,对象及护身符类型未核验；若属稀见神祇或特殊铭文类型，当前C级可能变化。,,缺神祇类型鉴定及可核验登录记录。,PEM登记档案中哪件埃及费昂斯护身符与此描述相符，其神祇或类型、铭文、年代及同类存世数量是什么？,缺PEM登录记录，以确认对象身份、材质、尺寸、年代和埃及归属。；缺神祇或护身符类型、姿态、属性物和铭文辨识。；缺材质检测、制作工艺和已出版同类护身符的数量及稀缺性比较。；缺具体墓葬来源和常规入藏记录。,basic_identification=partial date_period=partial maker_culture=partial historical_significance=partial artistic_significance=partial rarity_uniqueness=none institutional_identity=partial category_representativeness=none cultural_educational=partial provenance_acquisition=none visual_experiential=partial relational_spatial=na
168,Etruscan bronze fibula safety‑pin brooch,伊特鲁里亚青铜别针胸针,C,4.900,31.8,medium,C–B,2.15,是,对象及类型学分类未核验；若鉴定为稀见或高质量类型，当前C级可能变化。,,缺类型学鉴定及可核验的PEM登录记录。,PEM登记档案中是否有符合“伊特鲁里亚青铜别针胸针”的对象，其登录号、类型学分类、年代、区域产地及纹饰是什么？,缺PEM登录记录，以确认胸针身份、材质、尺寸、年代和伊特鲁里亚归属。；缺胸针类型学分类、区域产地及与可断代墓葬组合的比较。；缺高清图、纹饰、铸造与锻造痕迹、腐蚀状态及同类型稀缺性比较。；缺具体出土地点及常规入藏记录。,basic_identification=partial date_period=partial maker_culture=partial historical_significance=partial artistic_significance=partial rarity_uniqueness=none institutional_identity=partial category_representativeness=none cultural_educational=partial provenance_acquisition=none visual_experiential=partial relational_spatial=na
169,"Italian maiolica plate, 16th‑century",16世纪意大利马约里卡陶盘,C,5.277,37.0,medium,C–B,2.33,是,「普通工坊制品」是当前判断的核心却无权威来源，作坊或品质结论不同可能改变Tier。,,PEM登记或权威编目对对象身份、年代及作坊性质的确认,PEM登记档案能否用「16世纪意大利马约里卡陶盘」及欧洲装饰艺术展厅定位出登录号，并据款记或编目确认其产区、作坊与品质等级？,缺PEM登记或权威编目对该盘登录号、准确年代、产区、作坊及「普通工坊制品」性质的确认；缺出版比较以判定其绘画质量、作坊归属及在16世纪马约里卡中的典型或突出程度；缺可靠的历次所有权与PEM入藏记录；缺正反面高清图、尺寸及状况报告,basic_identification=partial date_period=partial maker_culture=partial historical_significance=partial artistic_significance=partial rarity_uniqueness=none institutional_identity=partial category_representativeness=partial cultural_educational=partial provenance_acquisition=none visual_experiential=partial relational_spatial=na
170,Renaissance bronze small plaquette religious theme,文艺复兴宗教主题青铜小浮雕牌,C,4.839,35.4,low,C–A,4.84,是,作者、作坊和图像学均未确认，「次要」定位可能因归属结果不同而失效。,,登录号、年代、地区及作者或作坊的权威确认,PEM登记档案能否识别这件宗教青铜小浮雕牌，并由专业图录或馆藏比较确认其年代、地区、作者或作坊及具体图像？,缺PEM登记或权威编目确认登录号、准确年代、制作地区、作者或作坊；缺对所表现圣徒或宗教场景、原型来源及私人礼拜用途的权威识别；缺出版比较以判定其铸造品质、归属及在文艺复兴小浮雕牌中的地位；缺历次所有权与PEM入藏记录,basic_identification=partial date_period=partial maker_culture=none historical_significance=partial artistic_significance=partial rarity_uniqueness=none institutional_identity=partial category_representativeness=partial cultural_educational=partial provenance_acquisition=none visual_experiential=partial relational_spatial=na
171,Baroque pewter drinking mug,巴洛克白镴饮酒杯,C,4.479,32.8,medium,C–B,2.12,是,「常见实用器」的核心判断缺少款记与类型学证据，若识别出少见制作者或类型，Tier可能改变。,,款记释读及据此确定的制作者、产地与年代,PEM登记或实物检查能否记录这只白镴酒杯底部、把手和盖上的全部款记，并与欧洲白镴器标志目录比对出制作者、产地和年代？,缺PEM登记记录及底部、把手或盖上款记的释读，以确认登录号、产地、制作者与年代；缺同地区白镴酒杯的类型学和馆藏比较，以确认其确属常见实例而非少见制作者或类型；缺历次所有权、使用者及PEM入藏经过；缺尺寸、重量、高清图像与状况记录,basic_identification=partial date_period=partial maker_culture=partial historical_significance=partial artistic_significance=none rarity_uniqueness=none institutional_identity=partial category_representativeness=partial cultural_educational=partial provenance_acquisition=none visual_experiential=partial relational_spatial=na
172,Gothic stained‑glass floral fragment,哥特彩色玻璃花卉残片,C,4.771,36.0,low,C–A,4.80,是,原建筑语境完全未核；若来自重要教堂或可归属重要工坊，其当前Tier依据会显著变化。,,残片原属教堂、窗户及窗格位置的可核记录,PEM登记档案或旧藏目录是否记录这块花卉彩玻的原教堂、窗户位置、离开建筑的经过及准确年代，相关信息能否与哥体彩窗资料库对应？,缺原属教堂、具体窗户与窗格位置，以及离开建筑后的连续记录；缺准确年代、制作地区、工坊及玻璃和彩绘工艺的权威鉴定；缺PEM登录号和登记描述以确认现有描述确指同一件馆藏；缺透射光与反射光高清图、尺寸及修复报告,basic_identification=partial date_period=partial maker_culture=none historical_significance=partial artistic_significance=partial rarity_uniqueness=none institutional_identity=partial category_representativeness=partial cultural_educational=partial provenance_acquisition=none visual_experiential=partial relational_spatial=partial
173,Dutch delft blue‑and‑white tile group,代尔夫特蓝白瓷砖组,B,5.949,36.0,low,C–A,4.80,是,「成组」是当前Tier的重要依据，但原配关系、数量和排列均未确认；答案不同可能改变其类别地位。,,各砖是否原配成组及其原始墙面排列的证据,PEM登记档案记载该组共有多少砖、哪些登录号、背面有何标记，并能否证明它们原属同一套墙面而非后配组合？,缺瓷砖数量及证据确认各砖是否原配成组、原始排列为何、是否来自同一建筑；缺背面标记、准确年代、窑场或工厂归属，以及同窑同题材成组实例的比较；缺PEM登记或策展记录确认该组是否被视为跨文化蓝白叙事的代表对象；缺原所有者、拆卸流传过程及PEM入藏记录,basic_identification=partial date_period=none maker_culture=partial historical_significance=partial artistic_significance=partial rarity_uniqueness=none institutional_identity=partial category_representativeness=partial cultural_educational=partial provenance_acquisition=none visual_experiential=partial relational_spatial=partial
174,Japanese contemporary ceramic tea cup,日本当代陶艺茶杯,C,5.319,29.2,low,C–A,5.31,是,作者身份和作品状态均未知，而这两项足以改变其在日本当代陶艺中的重要性判断。,,艺术家、确切题名、年份与登录号的权威确认,PEM登记档案能否根据艺术与自然中心的展陈位置识别这只日本茶杯的艺术家、确切题名、年份和登录号，并说明它是唯一件、系列件还是常规产品？,缺艺术家姓名、确切题名、制作年份、登录号及PEM权威编目确认；缺该茶杯在艺术家创作生涯、系列和日本当代陶艺中的位置，以及唯一件、系列件或常规产品的状态；缺胎土、釉料、烧成方法、签款、尺寸及高清图像；缺历次所有权与PEM入藏经过,basic_identification=partial date_period=partial maker_culture=partial historical_significance=none artistic_significance=partial rarity_uniqueness=none institutional_identity=partial category_representativeness=partial cultural_educational=partial provenance_acquisition=none visual_experiential=partial relational_spatial=na
175,Small Josh Simpson planet marble,乔希·辛普森小型星球玻璃弹珠,B,6.116,36.0,low,C–A,4.80,是,当前Tier依赖与大型星球作品的呼应，但该关系及作品身份均未核实。,,该件与「Mega Megaplanet」的确切关系及作品状态,PEM登记档案与Josh Simpson工作室档案如何命名这颗小型星球玻璃，其年代、登录号及与「Mega Megaplanet」的习作、原型或独立作品关系为何？,缺PEM权威记录确认登录号、确切题名、年代及乔希·辛普森归属；缺其与「Mega Megaplanet」的确切关系，以及它是习作、原型、配套件还是独立作品的记录；缺该件在辛普森星球系列中的唯一性、生产状态与创作生涯位置；缺PEM入藏记录、尺寸、高清图像与状况资料,basic_identification=partial date_period=none maker_culture=partial historical_significance=none artistic_significance=partial rarity_uniqueness=partial institutional_identity=partial category_representativeness=partial cultural_educational=partial provenance_acquisition=none visual_experiential=partial relational_spatial=partial
176,Contemporary mixed‑media shell assemblage artwork,当代贝壳混合媒介装置小品,C,4.828,27.6,low,C–A,5.43,是,基本作品身份及艺术家地位均无法确认，答案不同可能使其重要性判断大幅变化。,,艺术家、确切题名、年份与登录号的权威确认,PEM登记档案能否根据艺术与自然中心的展陈位置识别这件贝壳装置的艺术家、题名、年份和登录号，并确认其是否属于重要系列或委托项目？,缺艺术家姓名、确切题名、制作年份、登录号及PEM编目记录；缺该作在艺术家生涯和相关系列中的位置，以及唯一件、版本件或委托作品状态；缺贝壳种类、其他材料、制作方法、尺寸与完整视觉记录；缺历次所有权与PEM入藏经过,basic_identification=partial date_period=partial maker_culture=none historical_significance=none artistic_significance=partial rarity_uniqueness=none institutional_identity=partial category_representativeness=partial cultural_educational=partial provenance_acquisition=none visual_experiential=partial relational_spatial=na
177,Hank Willis Thomas small print work,汉克·威利斯·托马斯小幅版画,B,6.243,37.0,low,C–A,4.73,是,当前Tier依赖艺术家及种族议题，但具体作品和版次未识别，可能从普通版次变为重要系列作品，或反之。,,确切题名、图像、系列、技法与版次的权威确认,PEM登记档案能否确认这件汉克·威利斯·托马斯版画的题名、年份、技法、版次和登录号，艺术家作品目录又如何界定其系列与种族议题地位？,缺确切题名、制作年份、版画技法、版次、印数、登录号及作者归属的权威记录；缺具体图像与文字内容，以及该作所属系列和种族议题的作品级解释；缺艺术家作品目录或学术出版对该版画在汉克·威利斯·托马斯创作生涯中位置的说明；缺历次所有权、PEM入藏经过及版权记录,basic_identification=partial date_period=partial maker_culture=partial historical_significance=partial artistic_significance=partial rarity_uniqueness=none institutional_identity=partial category_representativeness=partial cultural_educational=partial provenance_acquisition=none visual_experiential=partial relational_spatial=na
178,Valerie Hagerty small cabinet study,瓦莱丽·哈格蒂小型柜子习作,C,5.123,30.0,low,C–B,2.20,是,作者姓名可能误拼，且「习作」及与大型作品的关系未核；这些事实直接影响当前Tier依据。,,艺术家姓名及其与大型沉船立柜关系的权威确认,PEM登记档案中的艺术家究竟记作Valerie Hagerty还是其他拼写，该小柜的正式题名、年份及其与大型沉船立柜的习作、模型或独立作品关系为何？,缺PEM权威记录核对艺术家姓名拼写、确切题名、年份、登录号与作者归属；缺其与所谓大型沉船立柜的关系，以及它究竟是习作、模型、原型还是独立作品的记录；缺具体材料、制作方法、尺寸、高清图像与状况记录；缺创作、委托、历次所有权及PEM入藏经过,basic_identification=partial date_period=partial maker_culture=partial historical_significance=none artistic_significance=partial rarity_uniqueness=none institutional_identity=partial category_representativeness=partial cultural_educational=partial provenance_acquisition=none visual_experiential=partial relational_spatial=partial
179,Salem witch‑trial era brass thimble,塞勒姆猎巫时代黄铜顶针,B,6.081,33.5,low,C–A,4.99,是,猎巫时代考古语境是当前Tier的主要依据，却没有任何可核发掘记录；若关联不成立，判断会明显改变。,,发掘地点、地层、报告和保管链对猎巫时代关联的证明,哪一份塞勒姆考古发掘报告记录了这枚黄铜顶针，其探方、地层号、出土日期和保管链是什么，PEM登记文本是否明确把它与猎巫人物或遗址相连？,缺具体发掘地点、探方、地层号、出土日期、发掘报告与保管链，以及其与猎巫人物或遗址的可靠关联；缺顶针类型学断代和材质分析，以验证其确属17世纪晚期；缺PEM登录记录和展陈文本对「猎巫时代」关联的明确表述；缺塞勒姆同期出土顶针的数量、分布及馆藏比较,basic_identification=partial date_period=partial maker_culture=partial historical_significance=partial artistic_significance=none rarity_uniqueness=none institutional_identity=partial category_representativeness=partial cultural_educational=partial provenance_acquisition=none visual_experiential=partial relational_spatial=partial
180,18th‑century shoe buckle silver,18世纪银鞋扣,B,5.503,37.0,medium,C–B,2.83,是,当前处于等级边界附近，而款记、制作者及同类比较均缺；若为普通件或少见名匠作品，Tier可能不同。,,款记、制作者、制作地点与准确年代的权威确认,PEM登记或实物检查能否记录这枚银鞋扣的全部款记、登录号及成对状态，并与殖民时期银匠名录比对出制作者、地点和准确年代？,缺PEM登录号、款记释读、制作者、制作地点及准确年代的权威确认；缺与同期殖民地银鞋扣的工匠产品和馆藏比较，以判定其为普通实例还是较突出作品；缺原所有者、使用地点、历次流传及PEM入藏经过；缺材质检测、尺寸、装饰高清图、状况及是否原为成对的记录,basic_identification=partial date_period=partial maker_culture=partial historical_significance=partial artistic_significance=partial rarity_uniqueness=none institutional_identity=partial category_representativeness=partial cultural_educational=partial provenance_acquisition=none visual_experiential=partial relational_spatial=na
181,Carved walnut snuff box,雕花胡桃木鼻烟盒,C,4.447,40.1,low,C–A,4.49,是,对象身份无法核验，且署名、年代或历史关联的不同答案可能改变当前Tier依据。,,缺PEM登记册中可与该描述匹配的馆藏号、正式题名、年代、产地与制作者记录。,PEM登记册或旧版Explore Art存档中，哪一馆藏号对应这件雕花胡桃木鼻烟盒，其正式题名、年代、产地、制作者及历史关联为何？,缺PEM登记册中可与该描述匹配的馆藏号、正式题名、年代、产地与制作者记录。；缺判断其是普通鼻烟盒，还是带署名、纪年或历史人物关联之物的实物与档案证据。；缺该件与PEM及已发表美国胡桃木鼻烟盒的质量和稀缺性比较。；缺正反面图像、尺寸、保存状况与修复记录。,basic_identification=partial date_period=none maker_culture=partial historical_significance=partial artistic_significance=partial rarity_uniqueness=partial institutional_identity=partial category_representativeness=partial cultural_educational=partial provenance_acquisition=none visual_experiential=none relational_spatial=na
182,Chinese export bamboo folding fan,外销竹骨折扇,B,5.854,40.1,low,C–A,4.49,是,当前Tier依赖未经证实的西方市场外销属性；若正式编目否定或强化该属性，Tier可能改变。,,缺证明该扇专为西方市场制作，而非中国内销或其他用途产品的目录、图像或交易证据。,PEM正式目录或入藏档案如何编目这件竹骨折扇，哪些扇面题材、结构或交易记录证明它是面向西方市场的中国外销品？,缺与该描述对应的PEM馆藏号及记载年代、产地、作坊、扇面材料的正式编目记录。；缺证明该扇专为西方市场制作，而非中国内销或其他用途产品的目录、图像或交易证据。；缺其与PEM其他竹骨、象牙骨外销扇及已发表同类品的工艺、质量和稀缺性比较。；缺完整前藏与PEM入藏经过。；缺扇面、竹骨细部图像及保存状况记录。,basic_identification=partial date_period=none maker_culture=partial historical_significance=partial artistic_significance=partial rarity_uniqueness=partial institutional_identity=partial category_representativeness=partial cultural_educational=partial provenance_acquisition=none visual_experiential=none relational_spatial=na
183,Japanese wood tea caddy,日本木制茶罐,C,5.497,40.1,low,C–A,4.49,是,对象身份和町人日用储茶功能均未证实，不同的正式器型或等级认定可能改变Tier。,,缺证明其为町人阶层日用储茶器，而非其他等级或用途茶器的类型学与文献依据。,PEM登记记录将这件日本木器定为何种正式器名和用途，其年代、产地、铭文及社会使用阶层有哪些可核验依据？,缺与该描述对应的PEM馆藏号，以及正式器名、年代、产地、制作者和铭文记录。；缺证明其为町人阶层日用储茶器，而非其他等级或用途茶器的类型学与文献依据。；缺其与有铭款日本木质或漆艺茶器及PEM同类生活木器的质量比较。；缺可靠的前藏与PEM入藏记录。；缺彩绘层、尺寸、保存状况及多角度图像。,basic_identification=partial date_period=none maker_culture=partial historical_significance=partial artistic_significance=partial rarity_uniqueness=partial institutional_identity=partial category_representativeness=partial cultural_educational=partial provenance_acquisition=none visual_experiential=none relational_spatial=na
184,Korean iron pot for home cooking,朝鲜家用铁锅,C,5.492,40.1,low,C–A,4.49,是,当前Tier依赖未经证实的家用炊具认定；若实际为其他时期或用途的铁器，历史与代表性依据会改变。,,缺证明该器物为家庭烹饪锅，而非礼仪、农业或工业器具的类型学或原使用环境证据。,PEM登记册如何命名和断代这件朝鲜铁器，哪些器形比较、使用痕迹或采集记录证明其用途是家庭烹饪？,缺与该描述对应的PEM馆藏号，以及年代、地区、尺寸、材质和铸造方式的正式记录。；缺证明该器物为家庭烹饪锅，而非礼仪、农业或工业器具的类型学或原使用环境证据。；缺朝鲜或韩国同类铁锅的年代序列、存世情况和质量比较。；缺采集者、原使用者及PEM入藏经过。；缺整体与铸造细部图像、保存和修复记录。,basic_identification=partial date_period=none maker_culture=partial historical_significance=partial artistic_significance=partial rarity_uniqueness=partial institutional_identity=partial category_representativeness=partial cultural_educational=partial provenance_acquisition=none visual_experiential=none relational_spatial=na
185,Polynesian shell neck ornament,波利尼西亚贝壳颈饰,B,6.094,40.1,low,C–A,4.49,是,具体文化归属、佩戴等级和早期航海来源均可能改变其在PEM大洋洲核心收藏中的Tier依据。,,缺与该描述对应的PEM馆藏号，以及具体岛群、社群、原生名称、年代和文化归属。,PEM登记册和早期航海采集档案将这件贝壳颈饰归于哪个岛群与社群，是否记录其原生名称、佩戴等级、采集航次和日期？,缺与该描述对应的PEM馆藏号，以及具体岛群、社群、原生名称、年代和文化归属。；缺证明其为普通等级个人饰物，而非仪式、身份或交换用途颈饰的民族志或社群证据。；缺采集者、航次、采集地点和日期；早期塞勒姆航海关联与否亦未核实。；缺其与PEM及其他机构同岛群贝壳颈饰的存世量、质量和馆藏地位比较。；缺贝壳物种、纤维材料、制作技术及佩戴方式记录。,basic_identification=partial date_period=none maker_culture=partial historical_significance=partial artistic_significance=partial rarity_uniqueness=partial institutional_identity=partial category_representativeness=partial cultural_educational=partial provenance_acquisition=none visual_experiential=none relational_spatial=na
186,Whaling‑ship carved wooden utensil,捕鲸船自制木雕餐具,B,6.481,32.3,low,C–A,5.08,是,船上制作使用是当前Tier的主要依据，但尚无同期或馆方记录证实，答案不同会直接改变其海事重要性。,,缺航海日志、船员档案或同期题记证明该餐具确在捕鲸船上制作和使用。,PEM登记册、捕鲸航海日志或捐赠档案能否指明这件木餐具所属船只、航次与船员，并直接证明其在船上制作和使用？,缺与该描述对应的PEM馆藏号，以及船名、航次、制作年代和船员制作者记录。；缺航海日志、船员档案或同期题记证明该餐具确在捕鲸船上制作和使用。；缺其与有明确船只来源的船员餐具、scrimshaw及PEM捕鲸器物的稀缺性和重要性比较。；缺PEM海事策展或出版物对该件是否为代表性对象的说明。；缺木材、工具痕迹、尺寸、功能磨损和保存状况资料。,basic_identification=partial date_period=none maker_culture=partial historical_significance=partial artistic_significance=partial rarity_uniqueness=none institutional_identity=partial category_representativeness=partial cultural_educational=partial provenance_acquisition=none visual_experiential=none relational_spatial=na
187,Hand‑colored lithograph of Salem harbor,手工上色塞勒姆港石版画,B,6.345,41.7,low,C–A,4.38,是,对象身份和版次无法核验，且历史视图识别与存世稀缺性可能改变当前Tier。,,缺与该描述对应的PEM馆藏号、原题、作者、出版者、确切年代、版次和尺寸。,PEM版画登记册中哪件作品对应这幅塞勒姆港景，其原题、作者、出版者、年代与版次是什么，馆方是否曾将其作为塞勒姆港历史图像使用？,缺与该描述对应的PEM馆藏号、原题、作者、出版者、确切年代、版次和尺寸。；缺对画面视点、建筑、船只和港区年代的历史识别，以确认其确切记录价值。；缺该版印量、手工上色版本差异及同版存世数量资料。；缺PEM是否曾将该图用于常设展、出版或塞勒姆港叙事的记录。；缺可靠前藏、入藏记录、纸张状况和修复资料。,basic_identification=partial date_period=partial maker_culture=partial historical_significance=partial artistic_significance=partial rarity_uniqueness=partial institutional_identity=partial category_representativeness=partial cultural_educational=partial provenance_acquisition=none visual_experiential=none relational_spatial=na
188,Safavid textile fragment floral pattern,萨法维花卉织物残片,B,5.626,33.9,low,C–A,4.96,是,萨法维断代与产地归属未经专家资料证实，而这些正是当前Tier历史意义的主要依据。,,缺与该描述对应的PEM馆藏号及纺织专家对萨法维断代、制作中心和归属依据的记录。,PEM登记册、纺织检测报告或专业图录以哪些织法、纤维、染料和纹样比较将该残片断为萨法维时期，并归于何制作中心？,缺与该描述对应的PEM馆藏号及纺织专家对萨法维断代、制作中心和归属依据的记录。；缺织物组织、纤维、染料、金属线检测及其对断代和真伪的结论。；缺原织物用途、可复原构图及其与已发表萨法维丝织物的质量和稀缺性比较。；缺残片尺寸、边缘、保存状况及高清正反面图像。；缺可靠前藏与PEM入藏记录。,basic_identification=partial date_period=partial maker_culture=partial historical_significance=partial artistic_significance=partial rarity_uniqueness=none institutional_identity=partial category_representativeness=partial cultural_educational=partial provenance_acquisition=none visual_experiential=none relational_spatial=na
189,Etruscan terracotta votive figurine,伊特鲁里亚陶制还愿小造像,B,5.536,41.7,low,C–A,4.38,是,古代真伪、文化归属与还愿功能都是tier-sensitive核心认定，目前均无权威证据。,,缺与该描述对应的PEM馆藏号，以及专家对古代真伪、伊特鲁里亚断代、地区和类型的鉴定记录。,PEM登记册或古代地中海专业鉴定记录如何确认该陶像的古代真伪、伊特鲁里亚地区与年代，并依据何种出土或类型比较认定其为神庙还愿物？,缺与该描述对应的PEM馆藏号，以及专家对古代真伪、伊特鲁里亚断代、地区和类型的鉴定记录。；缺出土环境或类型学比较证明其为神庙还愿物，而非墓葬、家居或现代装饰造像。；缺所表现人物或神祇的识别，以及其图像类型是否罕见的比较。；缺与已发表伊特鲁里亚还愿陶像的尺寸、模制质量、颜料和保存状况比较。；缺出土地、旧藏、出口和PEM入藏记录。,basic_identification=partial date_period=partial maker_culture=partial historical_significance=partial artistic_significance=partial rarity_uniqueness=partial institutional_identity=partial category_representativeness=partial cultural_educational=partial provenance_acquisition=none visual_experiential=none relational_spatial=na
190,"Venetian glass drinking goblet, 17th‑century",17世纪威尼斯玻璃高脚杯,B,5.608,41.7,low,C–A,4.38,是,年代、威尼斯归属和原配程度均未经核验，任何一项的不同结论都可能改变当前Tier。,,缺与该描述对应的PEM馆藏号及玻璃专家确认十七世纪威尼斯或穆拉诺归属的鉴定依据。,PEM登记记录或玻璃鉴定报告依据哪些器型、吹制痕迹和成分特征，将该杯归为十七世纪威尼斯或穆拉诺制品，并如何评估其原配程度？,缺与该描述对应的PEM馆藏号及玻璃专家确认十七世纪威尼斯或穆拉诺归属的鉴定依据。；缺器型、吹制技法、玻璃成分和工具痕迹与有可靠断代威尼斯高脚杯的比较。；缺其工艺质量、存世数量及与主要馆藏同类杯的等级比较。；缺确认杯身、杯梗和杯足是否原配，以及后补和修复比例的记录。；缺可靠前藏与PEM入藏记录。,basic_identification=partial date_period=partial maker_culture=partial historical_significance=partial artistic_significance=partial rarity_uniqueness=partial institutional_identity=partial category_representativeness=partial cultural_educational=partial provenance_acquisition=none visual_experiential=none relational_spatial=na
191,American folk carved animal figure,美国民间木雕小动物,C,5.187,40.1,low,C–A,4.49,是,对象类型和原始功能未明；若为有特定用途或作者归属的民间艺术品，当前Tier依据可能改变。,,缺证明其原始功能为装饰摆件，而非玩具、招牌、诱鸟器或其他实用器物的证据。,PEM登记册将这件彩绘动物木雕认定为何种动物和器物类型，其年代、地区、作者及原始功能有哪些实物或档案依据？,缺与该描述对应的PEM馆藏号，以及动物种类、年代、地区、制作者和正式器物名称。；缺证明其原始功能为装饰摆件，而非玩具、招牌、诱鸟器或其他实用器物的证据。；缺作者归属及其与已发表美国民间动物木雕和PEM同类品的质量、稀缺性比较。；缺前藏家、收藏体系与PEM入藏经过。；缺多角度图像、尺寸、木材、彩绘层和修复记录。,basic_identification=partial date_period=none maker_culture=partial historical_significance=partial artistic_significance=partial rarity_uniqueness=partial institutional_identity=partial category_representativeness=partial cultural_educational=partial provenance_acquisition=none visual_experiential=none relational_spatial=na
192,Chinese Qing‑dynasty scholar’s rock miniature,清代文人小供石,B,6.209,33.9,low,C–A,4.96,是,当前Tier主要依赖未经证实的清代供石与西方外销属性，这些核心结论不同会直接改变其馆藏相关性。,,缺交易、出口或收藏档案证明该供石专为西方收藏者流通，而非中国本土文房或普通石饰件。,PEM正式目录和入藏档案依据什么将这件石饰断为清代文人供石，并有哪些原藏家、出口或交易记录证明其面向西方收藏者流通？,缺与该描述对应的PEM馆藏号，以及确认清代断代和文人供石类型的正式编目或专家意见。；缺交易、出口或收藏档案证明该供石专为西方收藏者流通，而非中国本土文房或普通石饰件。；缺石种、天然或人工加工方式、底座年代和铭文释读对其品质与真伪的判断。；缺其与PEM其他文房清供、赏石和外销陈设品的质量及馆藏地位比较。；缺原藏家、完整前藏与PEM入藏经过。,basic_identification=partial date_period=partial maker_culture=partial historical_significance=partial artistic_significance=partial rarity_uniqueness=none institutional_identity=partial category_representativeness=partial cultural_educational=partial provenance_acquisition=none visual_experiential=none relational_spatial=na
193,Japanese bamboo flower vase,日本竹制花入,B,6.058,32.3,low,C–A,5.08,是,对象身份及作者、年代均无法由PEM记录核验，而这些事实可能实质改变其馆藏地位。,,缺可将该描述性名称对应到PEM具体馆藏的馆藏号、图像及权威编目记录。,检索PEM日本艺术编目、展签和展览出版物：能否以图像或馆藏号匹配该竹花入，并确认其年代、作者或工坊及馆方定位？,缺可将该描述性名称对应到PEM具体馆藏的馆藏号、图像及权威编目记录。；缺准确年代、款识及作者或工坊归属。；缺与权威馆藏中同类日本竹花入的年代、技法和存世量比较。；缺该件的可靠来源与入藏记录。；缺PEM展览、出版物或藏品导览是否将其列为日本艺术代表作的记录。,basic_identification=partial date_period=none maker_culture=partial historical_significance=partial artistic_significance=partial rarity_uniqueness=none institutional_identity=partial category_representativeness=partial cultural_educational=partial provenance_acquisition=none visual_experiential=none relational_spatial=na
194,Māori woven basket,毛利编织储物篮,B,5.974,32.3,low,C–A,5.08,是,毛利归属、具体年代与采集史均未核验，而这些事实直接支撑当前的文化及机构意义判断。,,缺可将该描述性名称对应到PEM具体馆藏的馆藏号、图像及权威编目记录。,检索PEM大洋洲藏品编目与入藏簿：能否以图像或馆藏号匹配此篮，并确认毛利语器名、编织者或iwi、年代及采集史？,缺可将该描述性名称对应到PEM具体馆藏的馆藏号、图像及权威编目记录。；缺毛利语器名、编织者、iwi或地区归属及传统用途的权威记录。；缺采集者、采集地点、相关航行及入藏日期构成的来源链。；缺与PEM及其他权威馆藏中毛利篮具的年代、工艺和存世数量比较。；缺PEM是否将其用于大洋洲代表性陈列、展览或出版的记录。,basic_identification=partial date_period=none maker_culture=partial historical_significance=partial artistic_significance=partial rarity_uniqueness=none institutional_identity=partial category_representativeness=partial cultural_educational=partial provenance_acquisition=none visual_experiential=none relational_spatial=na
195,Salem ship‑captain’s brass seal stamp,塞勒姆船长黄铜私章,B,6.271,32.3,low,C–A,5.08,是,“塞勒姆船长私章”这一核心身份尚未证实；若船长或船舶关联不成立，当前主要定级依据将失去支撑。,,缺私章原属船长、关联船舶、航线或历史事件及完整铭文的可核验记录。,检索PEM海事藏品编目、入藏簿及印蜕记录：该私章的馆藏号、完整铭文、原属船长、关联船舶和入藏日期分别是什么？,缺可将该描述性名称对应到PEM具体馆藏的馆藏号、图像及权威编目记录。；缺私章原属船长、关联船舶、航线或历史事件及完整铭文的可核验记录。；缺制作年代、制作者及实际钤印或印蜕记录。；缺历任持有人、捐赠者或购藏来源，以及其是否属于PEM早期馆藏的记录。；缺塞勒姆船长私章及航海文书印章的存世数量与同类比较。,basic_identification=partial date_period=none maker_culture=partial historical_significance=partial artistic_significance=partial rarity_uniqueness=none institutional_identity=partial category_representativeness=partial cultural_educational=partial provenance_acquisition=none visual_experiential=none relational_spatial=na
196,Miniature watercolor of Yin Yu Tang courtyard,荫余堂庭院微型水彩稿,B,5.874,31.5,low,C–A,5.14,是,该水彩与荫余堂迁建项目的关系未获档案证实；若它只是后制示意图而非项目原始记录，当前核心依据可能改变。,,缺其是否产生于荫余堂测绘、拆解、运输或重建阶段的项目档案证据。,检索PEM荫余堂迁建项目档案：能否找到这幅水彩的图像或项目编号，并确认作者、日期、制作阶段及其所据测绘资料？,缺可将该题名对应到PEM馆藏或荫余堂项目档案的馆藏号、项目编号及图像。；缺其是否产生于荫余堂测绘、拆解、运输或重建阶段的项目档案证据。；缺作者、创作日期、委托背景及其所据测量、照片或建筑图纸的记录。；缺作品的保管、移交及正式入藏经过。；缺其在全部荫余堂迁建图档中的数量稀缺性、解释作用及PEM正式定位。,basic_identification=partial date_period=none maker_culture=none historical_significance=partial artistic_significance=partial rarity_uniqueness=none institutional_identity=partial category_representativeness=partial cultural_educational=partial provenance_acquisition=none visual_experiential=none relational_spatial=partial
