key,seq
t:1,1
t:2,2
t:3,3
t:4,4
t:5,5
t:6,6
t:7,7
t:8,8
t:9,9
t:10,10
t:11,11
t:12,12
t:13,13
t:20,14
t:21,15
t:22,16
t:24,17
d:0155915064424195aa27da83ec51f196,18
d:05e656c104b044c29617aeab95a8e151,19
d:0714119324144c4e88d2c9418a271255,20
d:1195072d4f3e4cbe87a15b1fe660b83d,21
d:1af06e38695945fda242cdaa2f4669fd,22
d:1bb2523fa3b642088c56eae759083697,23
d:1e8102fbf6144f21b50fd77e1de57b42,24
d:1e94ced4699c4e79972bb2f54d9169e8,25
d:1f9d493b3d74420d9c9f028684df6cda,26
d:21fbe0063dfc4e2c8c1683d4e480ec8a,27
d:2364bf52c56c43b09d0743c90dfa59df,28
d:2b6c7f9126b348c2b3e7dacab05a697c,29
d:2ece230b4ab34b89a5926a8d1fd2bef3,30
d:2f4d1f46b0264b598003ddf2f6e2b53e,31
d:308e36102dd446a1bdc8368dc2ccd3ea,32
d:317eadf8a55b4377b434eb486afc33d2,33
d:3277f1bb0b6541e6b3f03bf6e8af9fb9,34
d:32aaf52431784f24ab25f80fd911db63,35
d:3322c56ea2ea4b4ea5ee170098010e9a,36
d:353dc2271d0049c6896bbb9b8fc8e16e,37
d:359b6e8625994bdf91bca757ba6d5f01,38
d:38e8716b4d544fdeb534fae6edd8c66f,39
d:3d5782b75b854c62b08c05af7c2b1b66,40
d:41ac7a0ee6934ea987fb3fbbe9a21d59,41
d:41baf25aa3e14ad98bb8e0a8762a3a1b,42
d:42226b0eaf8340ba8c6fb007c6cea631,43
d:48a2c79bcc6741ebbf8a8d318b56569d,44
d:4a3fc1d172434e31b0cde294a802c98f,45
d:59c61778843d4274a8f4cb5c011d2d53,46
d:5c11591cb2f948bd955f235f8a85dcdb,47
d:5d7e930b816d427681d87df747579ce0,48
d:66f8c4e1ad474014bde4468528e8aff8,49
d:685d477942e74f42a067dd430b0e35f4,50
d:6f068459c4674e198233678f533ba191,51
d:7132b61d541444c1a44f1dda7b273d6a,52
d:72b473c957df42ca875d4f60afdeba54,53
d:758f846423c9465382f5a76b2bedf95f,54
d:75fb0fec87ac4b1eb7ffd22be9bb0c30,55
d:763785c6bd7945308ef61dea557f59c3,56
d:782017047d8843f3b48643a9b957d612,57
d:7b70f45dd551405ea49a2dba85a4b653,58
d:802ed50ca37d4f58a93d440751423f76,59
d:80e45f5110d1490180c30e89ea5d8dc5,60
d:86fc114d2e6941788579ac4f28247fbe,61
d:8793016dd483404eb432ef2e2c04dd35,62
d:87d718d99ed14059bf50a1d858681822,63
d:8c6baabfd1134ba888c4a20ea0581fea,64
d:93c673caa4b3433c852ce7221388fcd3,65
d:95efede0b8d243d5b73e13ebb63d677d,66
d:965f455487044adc9a4cb764a460e358,67
d:98bf0054bf8e4bd88f0c825db74bc41b,68
d:9f8c7324d3e54d7f97afb429fe0e5b82,69
d:a3743317e52f492997f6a5403e48b2d1,70
d:a67e4918cece4028882d96a75af70778,71
d:abd0b2113c41492195f5310b375c8a91,72
d:acf02f1dcaa74fa0ac8bcbfc6aa10d9b,73
d:b01a59807e04441399f4bfd19beba442,74
d:b0c66dc1598d42ffa123b0eaf2e585ac,75
d:b20f708a70154a23a51fcee2fc4f4b75,76
d:b33e91c8cc444acc9bde55c18f50f171,77
d:b5b3a29a69404c7182c9ccc7f9d63649,78
d:b68b7e8caaf448829785461f9a2b898d,79
d:b897a80e1581472b991873afd29578fa,80
d:b932d164e4f3495396ca31db34bca534,81
d:be7649cb83654dfe8b038b356b874a08,82
d:c4d1721f9911451da5bb968fcbe88c74,83
d:c557e2aa00fa4c918a654b3d486cc35a,84
d:c738bca1f02e40c09aa02baa455ff661,85
d:cf15c0d0b744471aa26baf0b6f37fdac,86
d:d2796bc83a1d485cbdd0e0e906456048,87
d:d70365a8ea0e4e009897783477e483e2,88
d:dc332c84efec48dd8f24b750a2059c58,89
d:e6773d3313154ea986e4c2dd47f448e7,90
d:edaa1fd59db64c2aade03aa9d31740cc,91
d:efe0ef6ff9d3406e8adc435d2559217a,92
d:f35ee3751783476aa040d58675ba83f5,93
d:f3f4f8363d0d4fdfa49f532739aa027d,94
d:f7bf56687f6b447b92acc22a98058a04,95
d:fa691cf025594c7fba046d8fb550ca91,96
d:fd3404ae19414603b11165c2f4027bff,97
d:ffecd14d49f542d4b07f453112494107,98
d:ffeceffba38541cf94427fa35369fbcd,99
x:299,100
x:1288,101
x:1313,102
x:1317,103
x:1318,104
x:1319,105
x:1320,106
x:1322,107
d:0005a6f581604ac6a229db124fb1a941,108
d:000c9155900d4e4a80ce8ea609a4056c,109
d:000d55cff2e944a6ac12c89cd813e7cd,110
d:000e051646504b25bafd05edbb2d7be2,111
d:000f0e9f4db6426eb75e3171b6a79c50,112
d:00104916ef004f23bdaf9efab291adce,113
d:0010fd3e63594d8993b6151ede32cd3e,114
d:0011fe9a28c44293bbdf7dee335bb68d,115
d:001416ff8feb4e2384ae9387932efa99,116
d:00144aeabe6340fc95b5bb4a377ede52,117
d:0015268c4df94416b92f07cbe9c4d73e,118
d:002b805496b6401f9c023fc6c19b4546,119
d:002d40b62cd349a5bd0bd60b273ae950,120
d:0032d491b5ec4dfeb230ab6dd95709d5,121
d:0039d215e1fd4d5b9b868c1d6ab1ea59,122
d:003d29329eb54f8592cdc99a4cd823da,123
d:003f40870e184d509af7585863aff702,124
d:003fa14cbe564700a59fc65251aa8015,125
d:0040ce9733884c7180f654a9f335e7e6,126
d:0050dcaac71e440c923e659798209e41,127
d:00523d41d54c413085453b5aba3ec62a,128
d:005418f88f1f4ffeb0cb8d2ddff51043,129
d:005602ac50a04bc68e23315ac4d4dc18,130
d:005a9378c3454e058aeef684b857b4de,131
d:005c3ca8cf0f48e3b7173e75e7e8dcf1,132
d:00658859472148479730f0c1644474a7,133
d:0066710c390f4a698d49efce5edd32aa,134
d:006a8b2633524c43b4fdb1547485add5,135
d:0072d042e3824250b96443ea7a7e96fd,136
d:00730e39d3844559867b044c7a03cd55,137
d:007494624d2a4f2099c1fa2490dd9e6e,138
d:0075ab3808cc4b1fadb8a3aab51db7c8,139
d:00778a7520fa4ff894a72c3d0fc48645,140
d:007a91185b354589b8b6c7f38eea9bea,141
d:008200dded4046e2bcaedd916748dd49,142
d:008522349a924b66a3a1711a370d8f48,143
d:008c86d7fc03490ba653725e719d9854,144
d:008d6b6f509c41089edd5ba2ab031427,145
d:0094e56aecff40479a1bde9031b174c2,146
d:00980084c59e4d5faca115d7f50f0924,147
d:0099bf5ea7974926abd0d9eeb7665a07,148
d:009c64f948fa473998bfbb3d8248547b,149
d:009d0e0538bd455f88a75c6aa10467fe,150
d:00a2fab89b4c41f3ab43658a1f79d7b4,151
d:00a5dec9c57c479db3e7f0c8c78c8d99,152
d:00a74e95b2004671b66294465b1c83b5,153
d:00a8d7d2ea574b1999713498fd77fe0e,154
d:00aa7a2ccbc0487ba080e180fe744d8b,155
d:00b00e2a325c4717949240099a6b748d,156
d:00b01f7f72f64f17b40d23afddd003ae,157
d:00b1b24625a6477c92e9a5847c12fdc1,158
d:00b2e23f4b784f6e9ee93c7fd811ed14,159
d:00b52cee98114d37a8780071f506fcab,160
d:00b83a29fb69456ebb2f726cae500813,161
d:00bcb70f5c35420c8149b35b7fe0bb9b,162
d:00c497686e8544e1805cbbe33fec4ad6,163
d:00c52498f48a476ba42d7b3e20df8272,164
d:00c7825b134547179e2ab019e760bc7b,165
d:00cb9d65bfb84635988d8d3badb0064b,166
d:00cd7f8f0f2d48afa8d7e82e807f9052,167
d:00cf250858394761b113d2e92cef68f2,168
d:00d4cbd597d649a2bc77cc75a48c6b43,169
d:00d6d4e79c3a45029c8259396938d4f2,170
d:00d78c1e183d42dc8652bd7a26536990,171
d:00dcd0b9db2a48f5a72ae902c763c23c,172
d:00dceefb24654fe8b7dca4e8c4eea14e,173
d:00e3b9a7d77c4d79be6c2384d21ab6f0,174
d:00e9b47543fc425fb00ca6ef9855776d,175
d:00ed0907ee11433a97b983e5be916553,176
d:00eda676218847b4a969ba4331b84a85,177
d:00fb8d0e48a343e98cb451241b77ff6e,178
d:0105d413247649bc97b00af339ff41a4,179
d:010a5e8a925e449d9de49d82d3097242,180
d:010c79f2d62e4c8780674631c3d83b50,181
d:01115fddb6a04c68bc3dee524d1e73d5,182
d:0114a3da06354c48a1c53a5e9253722b,183
d:011634cd32b8422ea55f2b86774139b4,184
d:011f72ca94ce4f5f979c8777d3e093dd,185
d:01229a04a8374bb6a68b7fd038949868,186
d:0125c285f4784df8b2d0af87390494bb,187
d:01270643a1c2486280df967a872329b2,188
d:012a9012b8d44ad89d0677100d75332d,189
d:012c4f9cb72e4eda92762c5aba63e6e0,190
d:012d1e93d3ba44a7a64eb02fb1316c0c,191
d:0131e6386a3c4d749ac120a1d3734740,192
d:01334c12e42f41c7a19371e59ac7d782,193
d:0133f109c54a41faaf88f91618ca2b33,194
d:013438033c934cd591e27e897c90a3e2,195
d:0139eae4773e4d95991df791bb9d5822,196
d:013a50d0730f4f60afc95bfdd62a703c,197
d:013c0f87c08244fca781d9c256d28562,198
d:013c5e263f6040a08be6590b34fb00d8,199
d:013c6d8d3278438292d0092be9b45411,200
d:013dbbae73ba48d392d04a4b832bb7dd,201
d:013e57cab0244fba8f8ed959b996f4d5,202
d:01443e648040458c943f3d21861851d5,203
d:014fe50a1bb14a789a748a057821f26d,204
d:0150228120da4e0da98a2dac2692fe79,205
d:01579a1d5be74d1b9c045a9149ccf221,206
d:0158f25c5e4f4173a275bdbe105eece8,207
d:015fdfd4bea547dcad1ff8fffdc20f5a,208
d:0163aff8e81546cab853b425f7536898,209
d:0167a9092a3d4a25a1964da75cb602dd,210
d:016f57d4fd4d47929ef2a13ed0e15b89,211
d:0171ca79d3164ec5bb3a1972b1f89fbd,212
d:01722aac15a34fb892e71c69006e36c8,213
d:0172854293ad4e969aef0f7f2fe65961,214
d:018301950f8d41158ecfaa0338cbc44d,215
d:018727dd5d174bf79dd2a752dcdf25c8,216
d:0187de5d421443ba842d4cef50cce283,217
d:018b19d30935462eaf1f75798ce077f5,218
d:0190c023b8ca4ac496d7fd6b421dd8ac,219
d:019101051f09463aa71ef4b2a603a242,220
d:01994ef342a8478eb9a0717bb18f9319,221
d:01a1fcbaf6ea4e1ba05f257b8b453187,222
d:01a2188b47a043c1840a940c31763ea9,223
d:01a5a22466ed459d972f6d7a25b4c202,224
d:01a959d052c34f9da0b53d9d08988a8d,225
d:01ac1c6129a948c097bf6a1c969d64ef,226
d:01b503685032488a97e7528ec3a80b32,227
d:01ba7104a2ec468282aa4db0c95fa278,228
d:01bcf409c11f4697af52e827e06dcd88,229
d:01c097116b9f4c8680cffbe789be20d3,230
d:01c1376f61b94aa0ae5496c9d0222876,231
d:01c16ae9717247b28e6d7bb8ad09ee16,232
d:01c4269b14904df9a00176e5a84b8c0a,233
d:01c85aa0e12044d2a82b2717192afcec,234
d:01c94efadad74cd9acaf193abd9b9e75,235
d:01cbae2dfcca4c8484a8587370b87029,236
d:01cd5d77c8d34f33a4e39069d1b329f0,237
d:01d155cdb8c0436ea3a9d0a58c35b045,238
d:01d61f369cdd41e0ac227d33db6c589b,239
d:01d7bc8847b44cd0b8f42974743456fd,240
d:01ddac32ce19482e98d0e80abd1d4a5c,241
d:01de904bba154c26a833e37442b11634,242
d:01de9da2c247493396e707aa0f1a224b,243
d:01df2bc566ea4d3ba38b382e1adef9e8,244
d:01e0988d8b3e46b3a2e611cc5be03e46,245
d:01e680255f9944059708b2f6cab39429,246
d:01eb93370ee84a7896e77ff2016bbf92,247
d:01edab3ba79e4bf7ac9a1ab46208ab51,248
d:01f266ec6c464ea5a995c5f7a49260a9,249
d:01f379728fa041a0bfd23d46e57790b3,250
d:01f8780fa3ed42afa7c96921e1cf95a1,251
d:01fbe7b2c0e943289ebcd7a5b8ee5504,252
d:01fe1727595848658a7692296e052e6b,253
d:020576b72dbb485aae661cd90192af08,254
d:021258ce7a964f89aacb1be73da26b2f,255
d:02135aca4d8c4345a294598c780a2532,256
d:021656e702c04d8fb15e8de14287a9b2,257
d:0219fc90e7e6415b9c9bbee73b312cf4,258
d:021bb73891714abab2e85ef1423efe65,259
d:021d49b2c6e449f1bcde36b937fc2b3e,260
d:0226460fd25943a883dd0a41c8bad793,261
d:0229a8f5d1b842f784887aee03da8978,262
d:022d9c53094248c880ee8b36f4d464ff,263
d:022e10eb66f042e195a362024c993eff,264
d:0231039f542042e78c85159e23aaa5ea,265
d:0231f0b5f6db4c27bc15aadd6493929f,266
d:0233dfc8db8d434e82827e4588140dcd,267
d:0233eada7924410ca96f6f4a48e624bc,268
d:02360a8d5d754158b331fbb9bcf1716d,269
d:023718795a424bbebfc234433767c62d,270
d:023a1569b36c4438997480b69acfc4d3,271
d:023cf9d419c34ef0b1940c17c97d9f92,272
d:0244bb3a03be42b2b73136b64766ecaf,273
d:0245bd5feaa84334be2648741ddad2f4,274
d:024e2f5ab44147c9b7769b5b2239b59a,275
d:024e5165214c43cd8c26fd01b1252dcb,276
d:02554085a9454fa088cc832d3df84251,277
d:025c2b4be99b4dccb8663d7ea8c3cad1,278
d:025f8f15af974ef3845ca6a01aecce6b,279
d:02630e4d8253403e9f1831f7aef7ac8d,280
d:026c3c4f5323432ebafae243ba8e4dce,281
d:0277b5b9dbee497db8483ea9b920831b,282
d:028046e50fc24e0584ca607789350826,283
d:0283d72092bd4cf0acd0ba95fdacfcd4,284
d:02873f1d396e4296a453c943fbce7ded,285
d:028ac3cee4f6430d9f3b590d3267ea75,286
d:0291d464baac409984c5bb88740713d1,287
d:02945d9e68534664afbf037a02abcd72,288
d:0299c95cfc8b450ea3a8df896c64bb63,289
d:029e1f2113e5408bb33aa48bebb291fe,290
d:02a2e7cea7274232805f021860be60d8,291
d:02a45703675b461ea26c30ee538d05c7,292
d:02aa1d70df414e83bd9fd77ef5247cd0,293
d:02b0418c1f3d43a3bd54fbcb0283d9df,294
d:02b40ea91fde4c4c90fabcb70bcb8f48,295
d:02b6592e74ef441aacbdd0b9fd5fed60,296
d:02b7bc26cba945a3a79f4ef3a514a6af,297
d:02ba65cd851746f7b9562acf8d863e4b,298
d:02bc604720124bb1a746cb36274b18c7,299
d:02bce203d1d545ff8a013880a047c577,300
d:02be2ca8e6234dad9fa678e73041ec7a,301
d:02c2bbfb421c45f3888bcf930984532f,302
d:02c797dd42a94bc09e6be7458922464a,303
d:02c927b5cf9142c891f7cc63c1d0af91,304
d:02caa427c70d4bf4bc5774d26cfe52d6,305
d:02cc794fa6c8400480f931dbe67f492d,306
d:02cdb778d84a4385904e5416edefb385,307
d:02d309bb07cf4c899454f87435e9183e,308
d:02d37781f6bb4ae2841a64520232b32c,309
d:02d808f801b4494d8a30abe3c8d380c4,310
d:02dda6bf0ead4f55b30ed0708a5fc61f,311
d:02df6f9090674784807586ad6999444c,312
d:02e0714a3670439b8f15e8cb06bc1fc7,313
d:02e3eb5654114a36867bf34a13d95700,314
d:02e434fcd6ec4169b26a098f63160b0f,315
d:02e6c1c81f7040d1a178f14dc6e401e4,316
d:02f071c62f6f460aa0f4e53ef94493bf,317
d:02f491d954f94f47b5297685062f48fb,318
d:02f4d262dbcf4cacafdf81fda00229a2,319
d:02f5fa2f1b0d4e1fa2b718ed773fbace,320
d:0304fdb508d64cb3a79bf20e310ea91f,321
d:030c2372872e423eb2f843b4bdb5947d,322
d:030c30a48ec042478144ea4ec06caaed,323
d:030fd2304dc049889bdd7a0633639459,324
d:03124dcc563f4bfd8c1d4b342b75d2d3,325
d:0315e41e28c34b03a9986cc43b9e736d,326
d:0317faf9cd674a2f9fd98e98d68d5681,327
d:031803c2cdbb4b6c83f51a99874fea2b,328
d:0322dfae7f824b68b497d8b3c9f88347,329
d:0323da8309da4affbd75e8b9f60595a1,330
d:03244a7db7664073a2b6311b31a4552b,331
d:0326485509134021ab6f9d64e543f016,332
d:0329460749584e11a5e3c4c46fd4a605,333
d:032b406314994f918586aff1b22aa488,334
d:032cc64125fd46428a9e73a58d763c54,335
d:032f0e1a7fe544d7821126ec36f6124f,336
d:033c1dc10c394d5ba925c051e6b45959,337
d:0346b4cf72f24f65b18dbf58d4745ed8,338
d:03480586fecb4f03b1a3a88de6209514,339
d:03544914cd6f44ce9e35c17644bf8293,340
d:03547496783f4c1188370da31cccfe21,341
d:0355d5d3fe8e4869bdb469642cc8ea4d,342
d:03560ee115334e728f77da3f072168ce,343
d:035c1f8cad8d4324a11a1ac6bef5a0f4,344
d:036c1a34be2d4f96aac13997e1af97e1,345
d:036dbbd8534544768f1c830dcac6bc96,346
d:0375cd7ae26648869d74ff84f8a329f1,347
d:037b68f27eaf44f1baf30da8b8a6a357,348
d:037b98c4fcd648ac9fbf4f1422529615,349
d:037f5b66d98b4d36b3df4a778476f674,350
d:03839918a175412e9eab408bfaecf0b8,351
d:0385275b59a14ee880fecc959aecb7c8,352
d:03855d84228f49cc9fd55fba140bae3e,353
d:038733e8fc4144b4bf7cbad6eaa481bb,354
d:038993648e89458e9eeff82a78b88666,355
d:03904e62aca54db8b44d8bdde22bcba6,356
d:039137440ca841bab12dfa0b4c7b3f94,357
d:03937399eab04d3896f2f081c5a07bbc,358
d:03976c3ca72a43f79e5305839b19d56b,359
d:0397e8a7850546508359bd9510f80b77,360
d:0398c13c89da4f7c9fa076708c6311c6,361
d:0398f1e2b2aa45ddae6683d82f7ab1d3,362
d:03aa79336c3648e8934fb9be8293fc14,363
d:03b0552c55384b3897b9a3143df662ab,364
d:03b05f25fa414e0cb8dd886e7d6e7868,365
d:03b645336a5a46738dc9af4f0d492198,366
d:03b83890c3e541418a1cc7271f9450c7,367
d:03c7831f9b9d44a3ae4bbac505a2b0c7,368
d:03ca2f8432704f3cbaf762a96ae80471,369
d:03cc46064e6c413386d3d54124436f6b,370
d:03d4699830ad4b5ca1864fd4e880e7ab,371
d:03d7b11ce17a43c7b3d06839e625cd04,372
d:03da7dfb97984e9a9db6a298e52d4dac,373
d:03da855874714aa3b3cd8eda5e2956a0,374
d:03dd284e6f314424942e6ee5a60b1d5b,375
d:03e02d2a0fbc48d6a3b81959a024dc47,376
d:03e7084c3b3f43daa7fa5df6a28a76a1,377
d:03e95f59bfab4de1b31006cb3bfaaa5d,378
d:03ec94ae932f425eb4fce4bc52c7c61f,379
d:03f47d73b1a64384bb22e924824464dc,380
d:03f5035c3b724c3985dda384a94bfd50,381
d:03fbdeeae4294f298096dfb179d92e1c,382
d:03fbe7c0fa014b73b998abf479da4cf9,383
d:03fe6ce19fab4a05a55eae004e6d3aad,384
d:0406b28753e541409f678b7534fe46b6,385
d:040a9a60e1684dc695ad1ebad7d8316b,386
d:0410ebf05d7c417f8fc8abca6c0da687,387
d:0411ee4474294a62b1ebb36623a7bc4d,388
d:0412b5df2fb04966b0156ef8ce49fa3a,389
d:041e6a37c8274797b5ff90a58b9daef1,390
d:042683bdb24b448d93921299448a0ac6,391
d:04282e70cee54033934ba84be883a2ab,392
d:04288c9aa40d4e25b5d79bf644928eb8,393
d:042a601111cc445db685d534d28ede6e,394
d:042bf272c59c4844b4e5dafbdebf1c95,395
d:043c39649c7c412282cc3dccbe093933,396
d:043e440c98bb4b288b2a7cdaeaf77957,397
d:044113d43c1344d6a83f5d2c15396e99,398
d:0441f70205154ca3b60c4b4be4b46d46,399
d:044251fd0e3141c4874107d837365787,400
d:04430acf55f24afc9b5a5b14c5f590bd,401
d:04446402f6b9402c9892c92371f46004,402
d:0447b342704a432d97633c2bb831275b,403
d:0448591250f14510921cfaa898417d86,404
d:0454791afe694086983711704546281b,405
d:04567d663602433caaf91bf427061eb3,406
d:04568ec48d5a423fb802ebbfeaec7631,407
d:045cb69724f246dcbadc093ef7e651b2,408
d:045d9b41c94d4712aa05cbf7aae3f8ad,409
d:0463e7ee366941d8ae5156a908d38bda,410
d:0470ad1866fe4020996a6743cdf279ba,411
d:04771f12fcd24ea18ef5a1f400f13958,412
d:047c1686da5043478edf6ed0ba7ac78d,413
d:047c274ea2664b61aad19c221003579f,414
d:048568568db840e08c9de12634b7efa6,415
d:048af9515111486690d2852d305b7d43,416
d:0491ff12617341708b73475283c32368,417
d:04921264dff545319934e25e15ce5940,418
d:049a20c4d4634e2eaca895128ea27c00,419
d:04a4df69ef7a477d90e01ec5e652ed71,420
d:04a61425d8e54478b49bef4476055d37,421
d:04a68ac9a7ef4ef8a9003905259fd30b,422
d:04a6e089539c45dabb6eb53d5b7ab36f,423
d:04add1e995234f1d91ff39b6ff047e8b,424
d:04b058f8e6e845b6a375d532c61eebd1,425
d:04b41554fb914784b2fa84818e641cbb,426
d:04ba6a2f4ef74d5c96e12881846b560b,427
d:04c1d7b87ba447e3aa8d3cf17e569b1b,428
d:04c4d02d513f4ae48183c5412744055d,429
d:04c4fcdf86ca41bba149eed60da5c43b,430
d:04c7ffd5e1d54cf2aef5865d3766ed25,431
d:04c86f5fd56848acb6c1b19bdb907885,432
d:04c8c891c1a145249f4f8cd33a5070cc,433
d:04cf87df92074e91bc1c1869c7b1d5d1,434
d:04d6512d508c4b86b2ca33944e426fee,435
d:04dc2af0f62447aaae007f6e61bd44c4,436
d:04df280bb7ce48dcbf4dad7ffe1f3a3b,437
d:04e16cba34c740bf9bc4442e8f48881a,438
d:04e8e00c74a44a8db49d43aefb9df5af,439
d:04e99471ccd3416d95e7b9432d5a3b40,440
d:04eebeae86e64930817b79cba7dae3d7,441
d:04f74bf09a46410abfdbae4bb4aaff19,442
d:04f904cdae5748a58c8f88c541e81ec8,443
d:04f997746b134dca90c672c6cb28f228,444
d:04faac3d622d43918c2811707d8ca63a,445
d:04ff27eeca4c4bb48177f353a94d6c72,446
d:04ff83dc7eb14940953675f0b1aa01d7,447
d:0504d7ee5a0c444d8a7462c14ac13398,448
d:0506143de83d476192a0e336f3f14f6c,449
d:0509b61c98934062a37f47231bc8bb35,450
d:050fadb3332b4986a226df03cdb24df7,451
d:0519fb38ac644197aa1b2e9732609a18,452
d:05221eec7e6d46d39e1d2761e7381ec0,453
d:05223f7f47794280b76ef3d1567dfbc0,454
d:0523c25d84784289812be533f1355c4d,455
d:05243f5310994380a59b4010954d7d3d,456
d:052fdbd47dbe4423a27583746ad87c40,457
d:053120dd580444588fbac56c0741cb43,458
d:053185d45e224d8dadc7d53032b93a09,459
d:053664fc42ed4e37a5ed0f7550f97b38,460
d:0545b4a4251e488db2d381e6954dcb55,461
d:0548a9d86fd44d6496d46115a06276d3,462
d:054ad9a4bb3e4bb09a96803541c716fc,463
d:054b79c8ae364767994572c75d55e803,464
d:0550b350397d47fa8349894889a301ec,465
d:0556275c375a4eeabc63ec46a921820d,466
d:056387cc60b14ac49fd2d57eab76a92a,467
d:056cb1660a29469fb416838bf9deab7c,468
d:057258c2b69347e7893267ffd31a5233,469
d:0582c92437e7465d901d171bfcbd496d,470
d:0582d6902d41450da1910a3b817dee3d,471
d:0585cef892664533855613d1c009ed28,472
d:058ee8c284d847319367bb808b63922c,473
d:05a14ece6cff4921ac59e49aa69ba2fe,474
d:05a21e120ef246d7a7247791d1ea6bc0,475
d:05a2e99518b043b8b754f4109e2db105,476
d:05a560ba839949c5a93e7b2ff1f3af9e,477
d:05a5f5d72e944ef796c7477f8ab6ea6b,478
d:05a67eb7000d4fada5f21372a05bcd75,479
d:05b3394457af4f179cb472015963fc47,480
d:05b59fe1f447453b947ffe6f998fac52,481
d:05bae2a6136b4d10ac6e0551810c7cc1,482
d:05c568029a2f4879bf8b4993b7a8c4ac,483
d:05c7cb85cdf340b3bd958a7822eef663,484
d:05ce0554c3514b958805be2e000af786,485
d:05ce4cc4db1449308de5486642ae2d11,486
d:05d0a22a40c54243b46c9e470c1073df,487
d:05d2c7bf913f40f89d84d43008e1ae58,488
d:05d4fc66cd7c43419089ebef3afcee75,489
d:05d9ab867e6a4364a39b2803b9905c2e,490
d:05db7bf088ff400d893d3911d94d0ce9,491
d:05e4bf8bd3494fa18d9e785cea2cf1ab,492
d:05e4f657b6d648c080a0cb9258aeabcf,493
d:05e67af78f494570bdeb9e1ff77cf140,494
d:05ed481d38534df8bf676ebff6b7e8ac,495
d:05ee7eed88104aaca67d862aa2fb8957,496
d:05f503f4f6084f00bae9b47151519cf2,497
d:05fd43ae6f22401f9b24857f345ea0af,498
d:0602716102c34cfaa09f213acddebe9d,499
d:06058f6f98cd477d8f3c82a9aaff27bc,500
d:0606b8d0543a44caab292abe30c51be7,501
d:0609baeeb5aa48fc960a9b424996bb30,502
d:060debc3c47143e290e0731d9bf16936,503
d:060df671d7344fe79a7f5737c2d4f2f3,504
d:060e98bc6e604f80ae7d184a888b404c,505
d:06160d68a5004e12800d9e810867c885,506
d:0620ca3ded184f468afa4822875351d9,507
d:062205807cb44086b4a95aa51b3d2551,508
d:062551072ea54af69eb4a02d87e7b79e,509
d:06293248344b41e3891c462689c66143,510
d:06299fa706b34974beaf0752e4cae564,511
d:062d12d180384fe5aa6ef5e72fd4e4c3,512
d:062d4c94a65649b38ac09f3e53518813,513
d:062d848473bc432d8a5467124bb63877,514
d:063183fabc2c4fd2a578a2398e55f9c0,515
d:063706f657514a10933ab4b6a8037aeb,516
d:0641a119208b457d93ed751bf39359d2,517
d:0642f160fde94104b632e12e08103a68,518
d:064a313a4387482f927f63d1a4518bb3,519
d:064ba1e75be4437b8f45a043dcce042c,520
d:0656d87a134947a49836f50ec0814a1f,521
d:0656fbcaaa084276bb5cc883971bbf07,522
d:06587d15337948a09ac85cfc9565140f,523
d:06589ee16f06401cb4aa66a7c6904e05,524
d:065a7f3906ca4a149d2503f184a8c776,525
d:065d4c42a6c4466fb8134e024247b8cc,526
d:065f327a6bf7441abf67593f956f0d36,527
d:0662f65904184139843c5c0844f55d50,528
d:066798b73bdd4a4aa1ad0543188a32da,529
d:06691b556ae94c6682dac567b1603c74,530
d:066bbd06adfa4617a2b349246b26b1a1,531
d:066d95f9be3f4b719285fef7955d46cb,532
d:066de90188bc4012a6304f963702fbdb,533
d:066fa3406e4d4c6dab79a6851ec6421f,534
d:0675751359484ce0aa2d94f3ddebf9ee,535
d:0676686f90d142688807569a16a4fb8d,536
d:0677fc13fcd14f42a9532e1a6f4040af,537
d:067eec494df3438c9cf1bc9880bbe8fc,538
d:0681641e0bbf41a5a355f2cef93fe9c0,539
d:0686348dfbca42c78aeb698df1e889f9,540
d:0688076b335344acac4f9de511e7d7bb,541
d:068d61d90be442a6bd91efec9db51fe7,542
d:0692e9b05cca454fbf4aec96bef4aeaa,543
d:06a4dbdafa4a480182432b8230e294d4,544
d:06ab67acb26849bab44535be6f78780f,545
d:06abd50fdd9d49368e0847be51f13984,546
d:06b10360b916438fa00922cdfb9c14b1,547
d:06b31a7753e544d38ec43aff74d46889,548
d:06b39dfb93694993a25cb2ec9a769b53,549
d:06b93cfaf0e54acf94150122c85bdba7,550
d:06bc1856e7194b958c30111c54cd304f,551
d:06c01329aa9541f7b516e28f42546ade,552
d:06cf18e3fd4b43098e559d7d9a652acc,553
d:06cf26ec89f643a48983551425cf9148,554
d:06d00126a329462fafd44d40bb51acd5,555
d:06d30ef6dab745fcb9ea76a4d10d8b70,556
d:06d495ad05704767a325591c78a7b55d,557
d:06db74eaec1c4d0b8ea989fb1990e042,558
d:06df4af1fd634f958fdaaba45d06cbf9,559
d:06e06d97881d44d4bfc47672e7d04270,560
d:06e0ac8bba084c508e216bbcbe660009,561
d:06e27382b39d408897694957e90d80e3,562
d:06e3843618ed4cd191db2771f441e354,563
d:06e46113ae614e3091b6a4225a69e75d,564
d:06ec0a92419744b6a92cea51b8f22cab,565
d:06ee89bfdaeb48b5821a35a88b723892,566
d:06f10204f22e4ffc8f09ad777f157ab4,567
d:06f83bcf9f1b4521a804903e486072c0,568
d:06fa3a165bd243cdae39135d88d2bfc7,569
d:06fb98e87a664d48b7b8c97bafc81de3,570
d:070102a771ad425490718e3ce29ddabe,571
d:07046889fefa45018563b6cef03ac8ac,572
d:0705c4dae54249b6884046e6e82d7657,573
d:0706ba799a3c4a459371c3b92618e216,574
d:070aa9d97d19417fbc8fd7b6bdef6b09,575
d:070e071344e5481491d85eda35b99605,576
d:07115958ab004802886e14a258a73cd9,577
d:071488dac0cf44b08e3602d51dadfdd6,578
d:0716ba3550b547b99c4073f339f669bf,579
d:07186b4c140a4a3da6d46eb7fd5a00ba,580
d:0718b64cc72a4684bdcddcfed9605991,581
d:071ad2061bdc4c808ce351fa83f3820b,582
d:072316796a624355b0eacb023828ddcd,583
d:07258f6c7d804e8ebeba9adcdcfe79f4,584
d:072c1d0d0866449480fe238b04315cad,585
d:072e273144d64159aba74bc3bbb84603,586
d:073043e46e704b35ad821516a0e5d01d,587
d:073e84d7328d4f82bf9298ed595b42e4,588
d:0743a7567cba47658210026b00e03886,589
d:07446f244f2947fa8b90b85e188b4110,590
d:0745abaa7ac9454c98ea44e248a3bf8e,591
d:0746a04b32e54559b1ad8c5f97098585,592
d:074c12793e334663bfb8b5d9a6cd473c,593
d:075a7f58e82f4d44b03fef133a1f25a2,594
d:075f2e59fe82441fac6bfe8c72980907,595
d:077107e261da4e939c331246fa1fd5d2,596
d:0771c0fe745d493eab68a42414f72a3e,597
d:0773867464774fafaaa46218ab6cc1a7,598
d:077b586883d84a378f4a4f1f88f47a06,599
d:077f3177a7234045b6672aab24bf94db,600
d:07876cb446284747bd03fb34ee1f56df,601
d:078d76cd5639419fb5556a0129e84192,602
d:078dc675f74449fa9fcd630d53a4a46e,603
d:079f336c02374994b2bcc4c0233a0c3f,604
d:07a9fe47c1344adcb4a9e53bafc26470,605
d:07aa159d9e91429b8e50018ec1fa44bd,606
d:07abee2d389840859a70704ad1deceb6,607
d:07ac269c333349a7b8646729142274c9,608
d:07bb6ba32a284583af7a9f4747334657,609
d:07bea22ee46b450a874e93d7503b8707,610
d:07bf2b252f2646849766525844056f54,611
d:07ca0ca5b5344808a3d2977058cfc4f1,612
d:07cc9d40ec0d46988a8bff944a3fca33,613
d:07d3b7fb06a945df9a8cfb2fe33d7a49,614
d:07db3af5ba9a4961bca93f41c0b89b08,615
d:07e33de513e04fb296dc48235613cb31,616
d:07e90c0d76a642b281bf5a4d03a0c81f,617
d:07ec99d10f3948069723d1bfd8cf4e9e,618
d:07f1ae646f4a4c32a5734b5f479af669,619
d:07f7e883492c4b64a79cd3c40434fafe,620
d:07fb6881f0eb420ebafacbca94449593,621
d:07fe394aae664c6ebd7a97f3c588ad78,622
d:07ff211cd5084ffbbf570ddc4cfd9e31,623
d:08011ddea9b24c11b9e571b99f8134b7,624
d:0801cd8b96ab4caead4883ccfdddfdaa,625
d:0802a882d4644f1dae5bd06a1e1fea5f,626
d:08044afa82864b079c81ac73c2f97776,627
d:08048f2da2214e8f90344f4300ddca1e,628
d:0804f3a78a83429d9a5575f033fe7162,629
d:080d3c7d4a474655b5ba3f943d890e69,630
d:080d566bc9fd492d80accaa2d04e04e6,631
d:080ea5b4e2b949eebfa84d31a72c9904,632
d:0818fcc6aa2944a4af6de82181d7999f,633
d:082195d0aa3c4e66af560b1110dafcce,634
d:0825afddaefb4bb9bb55f64fab50c1b9,635
d:082722abf7414150b6245f74797ca77b,636
d:0828f3fef89a4efc98976fa5fa7099b0,637
d:0829fda251734bbb824d0557b9c5c94f,638
d:082f80fad52745ffb8ab1ec94fcff378,639
d:08330217c1414dca88ae6d4b8c2a04ba,640
d:0833a2fde098409a8de5847e83bfc068,641
d:0837bf86024f4675b663312b76251b15,642
d:083d4b2d12e04a22b890034f94632b5f,643
d:083fc5a837f7472eacebc5d39b9ed13f,644
d:08426c2dca3d4676869c5fc1594d67dd,645
d:08432694a7694ac09994d071c4946e4d,646
d:084b539bd01c4920bd0ab4b0cfd65414,647
d:084ce74cfca548309f4b0bc6e447da5c,648
d:084d0830973648648deace6e6246a06a,649
d:0853e356d6ce4a159ed1b492421493b3,650
d:08546a0928714b9d8d8a169fb701efec,651
d:0858fd5880ee40f5819bdf96dda11f15,652
d:0859fae800414135ad1caf4598245997,653
d:085c2db2b1b04d24a78ad66875594290,654
d:085d4fe73d5e4836a765eb5e0bbcceda,655
d:085fab3efc3c4fc5af92c4c45c5ba021,656
d:085fb280231e44edafa7cf370131c5cc,657
d:08624ae2905540df8ecdbf81a4c31a9c,658
d:086934fb6895440cad8405f32aadb8f9,659
d:086ec1e84a5f41bb87967b79fbc4e18c,660
d:087457c9303f44ad91b50e8f408804b6,661
d:0876211a78c2479aaea6099ae0bc29eb,662
d:087c5e011cd04f0b870dd5d1d1bfedd9,663
d:087f9337fac1498ca08da896cc422eac,664
d:08855aba2cf34a4d94ea14adc747cc76,665
d:0891fc8d4c4d4546aae07bbe5aa2be00,666
d:089782fd9f6d4af1854c6373a771f0b2,667
d:0898403802574a0384a603a2e9c1c489,668
d:089e75b05df840e588c1973ef1d37c81,669
d:08a680ccad7f4c50b342243327074ae0,670
d:08a843b8e66d4de3b670a31497cdcc98,671
d:08a9f90aecb9424cb4416f671692019e,672
d:08ab2bccecf14fdfa03be73ebd35fe0a,673
d:08af9cf57b8a44d7a3bc20aaf4f40664,674
d:08afc829369644b3ad5854b171deade5,675
d:08b51dca409844788a56b507c1b1b37c,676
d:08baa66b152f4fee9854790a21094f3b,677
d:08bd57e4cdb44ad1b950d5aa7f78b0b9,678
d:08c438eff34d4faf82c1fd10df1a0a01,679
d:08cadbb75ace4592a2c20a800d205544,680
d:08d0497b063e4abeb706367eaefd1972,681
d:08d04ce030a54a2e8929d9d8961ed5ad,682
d:08d192a0db534dd889b737cc54f27ca9,683
d:08d8e4c46f7f422b98ff9f8f16609d7a,684
d:08ddf277577a46efbf161bbfb07a6950,685
d:08e6aef365b34f608b8fd9263b01ea8b,686
d:08e711f06e114c169e4e20de32e33824,687
d:08eab19d4a4943b89e4bbcb41b3ea7a7,688
d:08ebe08f67c04a20b4cc2696373cd81d,689
d:08f760e9aa734298bcecb1f79752ecd8,690
d:08f9d7d2053c47f18ffb2f8d36f48fbb,691
d:090168dfe07e43eba3718a733ace2348,692
d:0901f2f41d53461aaaf97ada874817b3,693
d:090b6330b9b7465db5a4ecb8b025bd58,694
d:090ca52ac43c49ac81c87e85679b13fc,695
d:090f423666564d61979746b096b5d285,696
d:0910585c296c441eadd2096d25bad334,697
d:0912dd63b7b747a98e32a1ab6473594d,698
d:0913ce249bf6421f932e3c3bb63d978d,699
d:0916f8612f574ae890e966441735136c,700
d:09198023251945f0bef424519afc1f81,701
d:09220e8ade0f452e8875c2157d525a68,702
d:0924585659b8403e841a4ecb8906d328,703
d:0929fb11b39443be9940bf31970cc077,704
d:092b61242e404390b3fec7e3c5feec77,705
d:092ec21fc5284c9ab50098c1bbf07505,706
d:092f6ba143a24e2da8032bda8b28f452,707
d:0930d69d799546f2b315513cbb712858,708
d:09340c1deaeb4ca18796679af65b6d6d,709
d:09415f57abed4a0dbf930107e932cfca,710
d:0948364f4adf49339a53de7d6578c374,711
d:094872ac514d482fbc0006e5bd2c81cc,712
d:094ee34e8f194ac7aea18f8443f959b7,713
d:095239037eb7437cbea276fd96c44acc,714
d:0952417fd65a4f7ebca7dc0e305669f0,715
d:0952a47f2ab740178df180be9ef2b555,716
d:0953ba3036b04b8ca1ea62a4a3f7d963,717
d:0957b4cb1f1a4cd89c10c7749b6e2cc8,718
d:095a17140d9a442e96b1aebc0dc4678e,719
d:095a83f27ad94ca6a3bc72e18adf6e96,720
d:095c70c251cb4b74a5ae9be999377fd2,721
d:095e8c22ef01489ea89b6c0a94a34d43,722
d:09600b96aa7f416c98207dcd363efc21,723
d:09664c61bab14943b360625c04f9964d,724
d:096954031e4044b2b6cc2f48d93f559b,725
d:096a91ac4df2494fb27545e64ecc6e45,726
d:096d67c34bc24809879256a8ce75f2a7,727
d:09715b2af0084ef38d17f9f5d487b3f5,728
d:0972052f07a142e5bd68cbe32cdaa018,729
d:0973f4ae14a84af5bb62ba03fe5d9dc2,730
d:0979d8f861a74e04b69c47162964c342,731
d:097b969f5d4642a9867b8ae28a12195a,732
d:097eb9c8fafb41b894ab0731bf005404,733
d:0983bdf46883498ea70b01a91a0e32e7,734
d:098552a9abb84514b8a242d4ed6a1e72,735
d:09878966bcab42fcafa8ccf9ae2baa3c,736
d:09882381e6b4476cbd4fec5bcfd5da8b,737
d:09889ffde1494259b1e71c7c37263ff7,738
d:0989d1c4f11d43a78f7f9d95a27be179,739
d:098c4bd6ecd245c08fc95444ac96060f,740
d:09938a4cdb6c4c0e889158aa05fac876,741
d:0996a0210a084a9f893aa67af8d97911,742
d:09972048f04e45c7a59709242a1327c5,743
d:0998d41255e34234901d41238d1b9cb5,744
d:099c7f89129b40d19e00b1e8eed647df,745
d:099d0493265449c8935c369f9debed27,746
d:09a64a5dd925485a8124aa8893b11129,747
d:09ae51b8f632479ab4bf697f5a2c4412,748
d:09bb38f435b74be9906be80198140571,749
d:09bbaa35d47b4333bc0284d4e6b3bee0,750
d:09bf8ff0d60e4b35b059a61b26374417,751
d:09c5a25dddda4806849bc09ced9b5eab,752
d:09c9ce73d4004461acf30edb9a1cc1e3,753
d:09c9e84373ee47d0b43cc15b96882a0c,754
d:09cc9a312ebf49c483b7d7b7dfe3073e,755
d:09d0f22f4a8c4ac9819bf7070bb34549,756
d:09d14a0d6fee41a9a98821dfbd605d1c,757
d:09d8ec43a2e14333a7d2e29f6e332a68,758
d:09da068ef32e487d849df7a9f876f42c,759
d:09da1328469745b883b26359a55f2fef,760
d:09e22e1ad8b1441189a29149fa98857c,761
d:09e7f3c6f0a54e98a9b94150034124ba,762
d:09eb0f1bfe664abdb50c490d7b3fee92,763
d:09eb4ed1a8814c779f58d6f06609a842,764
d:09ec67b4a17f4767bb327f13f1b70cb9,765
d:09f0db4d277348acb040620773cb1e9c,766
d:09f3647762074368b869f3ac9089e684,767
d:0a00fdf252db44c486e81fb380b8d81e,768
d:0a06a06ed2574897b1fd3cb076e2bba0,769
d:0a06c7448da64c2c8fdcc938e72b1f86,770
d:0a08232231b149ad9539ab80836bfde0,771
d:0a0a768422084bb29e906b5fa63f9850,772
d:0a0c0aa08a0849c58b2787b6d64b97c3,773
d:0a0f1502d36e48c193472ffda54262cd,774
d:0a0fd30aa5ff496ea181c8c94a667c40,775
d:0a1db8ef03cf4fdcab29c4d642ff1683,776
d:0a1dbeae71424a8a8484abba7faff4b6,777
d:0a233fb47835405c9f03ad0547276196,778
d:0a282b4708204b5384d4f28bc54215b2,779
d:0a2adfb267a5422c8641ab8136691e61,780
d:0a2bb0618c0c41bea15641f22c56f542,781
d:0a30a36042984ad4bc5b1c2eeb6fedfa,782
d:0a3370f1e07d49b6aeab2e5f31242cca,783
d:0a33b0a1f4f242c4b418fe542d30f9ed,784
d:0a3806fda73b4cc58f35a5c7f30a94a3,785
d:0a39aea9dc4540f2802876c84afb4ad0,786
d:0a443682ed07497fb4bf7f5025daf745,787
d:0a4a0c5d367c4a0cbc7e54abf3e59d0c,788
d:0a4d29a5ea6646c9a5919fca3e6494ae,789
d:0a50b7c33db0418a901c69fb50720e0a,790
d:0a5643e4325e466f9f71217c40264a4d,791
d:0a686fa89cf349cb996e02a0d836fd03,792
d:0a6cd903dadb45ffb3e2e340e6bd58ff,793
d:0a730c57805c40b5b4f1111d818fbcef,794
d:0a73af2b1aaf489cac6d242670991bad,795
d:0a7a9710464f4be9be6bc5aeecb72955,796
d:0a7f27820acf488d83c70854266e336d,797
d:0a82453ceaea41fa832479bd119a44ca,798
d:0a83f7cad81047fc9c39d51ccc4fd3ed,799
d:0a8f9ebd451645e1b7ff32dce5e7b408,800
d:0a93d803db8c4dac908f0a1b7d537b11,801
d:0a9e0c9415f3437da5b06663885b00e5,802
d:0aa19a30bbea4c088e7c18d82940ba24,803
d:0aa1c9fba1904970926010363a23f7f8,804
d:0aa3935b4e1a4fdda5e7b2ae0788d01a,805
d:0aad0edaaf2742398486a15715920bf6,806
d:0aafbcf232a84ea99c0be58c56f4aa8d,807
d:0ab7111399054a08bd355ca8f3894a84,808
d:0abf9e8d2355435b949ef1faac497aad,809
d:0ac740bbfc1f466b898d23f6736514e2,810
d:0ac75d42ada74e519ef02b91efa04d5e,811
d:0ac954931d4e46a784d357db9d91686c,812
d:0acd17645cf34b00ab909f3576557fdd,813
d:0acdf7d746d84896afc89dfd370c5190,814
d:0ad8252a72754c4abec516b4c796ef07,815
d:0ad8fcd10ea142ff80bec418f4efa8de,816
d:0adb547429884d9b9ddfcb7a991a7336,817
d:0adca9653a474086ba83f15d77a5d15d,818
d:0adf5902b5c7402a864d9132bda1da6f,819
d:0ae0d06317b2482095a1ab28639c044b,820
d:0ae2b9f26bbb4581841e71574a8eae9f,821
d:0ae586460daf4cc4a3e0c059e11c32ff,822
d:0ae79940865444439ebb89e92960455e,823
d:0ae94622923a4039af1f5295400402fe,824
d:0aec5ac2829c422cb987d17963de4976,825
d:0aed22e4c0aa4f7ea4bd1113d48387b4,826
d:0aeedf301b044ca3b93ac1644a4b5cf6,827
d:0af5b91516ed4e3bbba6df6e5c78f0ec,828
d:0af6edc28a3e4bfd96a0a8e41258ed1f,829
d:0afd162a85b446aa8f1b251651a72c4d,830
d:0b002acb066b43a5b2e7d789a82ed24f,831
d:0b051559e7ed46dd911336adb98ef66d,832
d:0b077124d7d949bc97f7208f2a0f5578,833
d:0b077b345cbe46ec962b64fd1d2fa827,834
d:0b0ddf1f424144cf9a68322b6b150cfb,835
d:0b103a877c9940b1ab8645fc0f68853a,836
d:0b172b360efb4cea87d87f2e0d07d093,837
d:0b1811ef15b149d08914da9af1c19bba,838
d:0b1bfc6e28c241e8b8758a9a73e16e9e,839
d:0b1d6a862e704caab6e4e882b06801d6,840
d:0b225da7103347ce87efa5c59e75a060,841
d:0b24ca80943241deb5af4542d1f39c01,842
d:0b25762e5d6b4eb5a18822dce28f00d1,843
d:0b2ddc89be3747cfa759df3eec981725,844
d:0b346e6ddc26472a932c2f084aa7eb3e,845
d:0b3c607795804ca3889ecaa1604e8f64,846
d:0b3eb6a34c834a008367300570784d1d,847
d:0b44028b8bba45648907d8bfa655aaff,848
d:0b4de50a1bdd484284c32249983f7c33,849
d:0b50509b07054f6185c9a228b3b901e7,850
d:0b59c44e941f457e95553b50867305c9,851
d:0b5a0e621a4a4285a861923830f2c574,852
d:0b5a128640db48d7ad29f1822332d8e1,853
d:0b5ea71c2223421682feb7983d85a9e2,854
d:0b5f3617711c4f62afd06dd3809eab89,855
d:0b62098cbfe54b6ea6bb7193cdf1a8fe,856
d:0b6452f3ffc34cff8812dc2dcea4a25d,857
d:0b66b1a177b74011b5b0b6f255f512ac,858
d:0b67540df2114a1ea03754dea7b6488b,859
d:0b6df184bb0241759313c071dde6b068,860
d:0b6e67b82f804ead9b9b6beec87e9d36,861
d:0b7bd8badc954f6ba7162bac02803bae,862
d:0b814779f0ea4868b16e07e100173036,863
d:0b83e6bc1a6a41fc9edfc0abdc575d29,864
d:0b8541e0999f47d9a6893ddb05a3c50c,865
d:0b87787022be49bfa93729ae74f4c1bd,866
d:0b8d3b926a7344248f8a7c2f9dd76522,867
d:0b8d56dbdb954b5d88816ad4c6db0203,868
d:0b92bc32c86e458ca375ae994df6d08f,869
d:0ba8cdbb54aa4c3eaed31a2291d506dc,870
d:0baa32cbb3a54936a16c651e93c13c88,871
d:0bac88fe47cb455097eae22a3599b28c,872
d:0bad87bcdf3c48d699da28144984a857,873
d:0bb376c479a54c5997ccc8e01b862b64,874
d:0bb78cec2a294c91915e04520ce49f4e,875
d:0bba0f8419234301a417b366a152089d,876
d:0bc05d5a63de4da698a73c4ba1edb938,877
d:0bc52b984a9945678bb6cc58ee5d3fc5,878
d:0bc7151d718a40e38c2f241bac4bf52d,879
d:0bcef7585ea04871a6222267b722570c,880
d:0bd1a7bcb8914f8c9b5d6e11637b2c20,881
d:0bd2e349d63344e58e634de1af8e0988,882
d:0bd52b5476164459bad78b163a49ef4b,883
d:0bdc89b2724e4a0c878ddaa713b5f3ce,884
d:0be10340fc4e45e1878fcc4fb940ebe4,885
d:0be1a92388354f55b3e2698d7d989d19,886
d:0be7f61164734c7abc12f76d280b1fd7,887
d:0be8cdfe58994b7ab5e3140142dda578,888
d:0bea1a4ff1fc4779b76efff02b0e85b6,889
d:0beaf07945ef4234be712c037d252ac4,890
d:0bf12050c4ab4822a64600539b8edb3b,891
d:0bf1340c4f5a4c14bc97151da526d07f,892
d:0bf2deaa62664b40bebeced6f6239dc6,893
d:0bfb28acf1684ba68dd112f0afb5b63d,894
d:0c03fd80f99c4ac5b16e8ebb0b6bc6b5,895
d:0c051566160345b3a9917f61b5f28a6a,896
d:0c052a45c25b4e18b7be050f250ed2e9,897
d:0c05755485d2404da256d7679c00ab37,898
d:0c09dda275894f1a9f8b2049f3398405,899
d:0c0ba6029eed4693a1110af6490d30c4,900
d:0c0f11cd086d42cea41a31735db95d27,901
d:0c0f720e83df4dc5b5f1d0339165b012,902
d:0c0fee2dd0ff4aa2959bd017bca5b823,903
d:0c129396a6f54bd584203e8908b5f8d5,904
d:0c12c02eb4624577b42a4714dd59ac87,905
d:0c15f8665af74334843da85b561124f9,906
d:0c18a207173c4d599254063455421063,907
d:0c206061f8a64577b9c1de885e05c968,908
d:0c206db485ef4e69a0b70568af429ee1,909
d:0c20aa735513405eb7e9cbeee9ad9f57,910
d:0c2786e78c004a08b19060196f1889fc,911
d:0c2c795636e4452eb5b06c1ed9210294,912
d:0c2f629d55254781bb42028cf1135e8f,913
d:0c2fda0767fc4c4da2fb65946377e7dc,914
d:0c3e5d4bc60b409d8dd180f39e15a69b,915
d:0c3ee06323114b7ca472e5dc38ce7b46,916
d:0c41dcd4be73451d993bccb33e6153ea,917
d:0c4bfda7bbd848d0ad30e46dda907173,918
d:0c535e2ba7f34765b6d45a55dfd7f1c8,919
d:0c59a2c2f6c34d989c1277cb9c63bc54,920
d:0c5a000fd76f4d77a83ffb80ca68b426,921
d:0c5c823226314cacb4d3ecdf288f5332,922
d:0c62b821c8b540419e20acaefff07515,923
d:0c66350103364986940eb17fc08809ee,924
d:0c6683754b35475ba75146a77e9e9419,925
d:0c7039ef465141c49c42b3597dce245c,926
d:0c738669649e4b0aa3afd43bdd3985af,927
d:0c73add23f1c4f89ab577e600d5a22a4,928
d:0c786a72daec460c97487005eecda4e6,929
d:0c80453743c043e397f88ca30d629cef,930
d:0c80a120294d4f7b81a0e8ef372c40e4,931
d:0c89069ab232442aac6c6eeb8bdddd6b,932
d:0c8ce616277146fbb1da9eb8ed34199c,933
d:0c9b529accc846f8aa61533cba49f2a0,934
d:0c9e80ae2b03499e9291fe333faff380,935
d:0ca0b2ff27654e7a8e37261298a91f52,936
d:0ca13a3151aa4c849c300d0fe768bedb,937
d:0ca78410c9094427b1e849c497053612,938
d:0ca846a122144a3b9f56b7d991cff19a,939
d:0cb55949ae76472bac1568bc95b494d6,940
d:0cb78db12fc04017b6b756352bdc48be,941
d:0cb81b7f49ae40aba186b2ae436f1d51,942
d:0cbc2c22eea244ac97e6c8d29192d139,943
d:0cbda7190edc41a8994f2c7b1fabc5fa,944
d:0cbe04cf409542de9e021750bde3503a,945
d:0cc5e6371fea49b79fc0c798678cc77a,946
d:0ccdd5ae817c4f70ac76b230c2269979,947
d:0ce0eb5b5caa409d9ed32934b85cc3bb,948
d:0cf0265071474b1cbd76f3511a605049,949
d:0cf1ac53ad2d43debe65c4055da64ace,950
d:0cf44661cdc040b89e5ad55943ff33a7,951
d:0cf5ee2d47ea4df5896e0279ab92ba9c,952
d:0cf7a812f47241fca97d831d05f839be,953
d:0d06384c5ce94c56904c2dc850dc687f,954
d:0d176b8d19f445ed82ded74354fdf8ff,955
d:0d268da655b947b2aa3bae90180ba402,956
d:0d2b6dafd8b1426d902d9607696e2d5d,957
d:0d2bdd8e0c27453a94fc7be7b88d3725,958
d:0d2d6938691a4699ad96b52235b0b331,959
d:0d3359b7de6446ed8dc1689c61a7c0d0,960
d:0d33fe06530642ea9aae90511f552dfb,961
d:0d344b3364d1454bbf86dc2c8de07d5c,962
d:0d372a4339534c6e87d39605ff849d50,963
d:0d390c994a15458ba49918704ea653c7,964
d:0d3cf23975d742e9b3f4603a7da86ff1,965
d:0d3d9aa65c7c485db5c54e4ac502c80c,966
d:0d42834307cc45ffa1ccd077f9b61db3,967
d:0d499f1f1d5c47e8ac8a3f01abf60e3b,968
d:0d4bfaecdff84714bfeda20f4ec9c67a,969
d:0d4e056db2994455aa23a0be7489f2ac,970
d:0d4ebc0d14e44fd69e549f1e074befdb,971
d:0d524f42cb81445fa8e8e0520d563546,972
d:0d52b4289efe4c98809f5c0f41fa8d7f,973
d:0d52f556210d43228823e7a2a36ec7e2,974
d:0d57e721438a4696831863fdd7a9eec2,975
d:0d5964f8f41c4db688629f95422981a7,976
d:0d5ed568f8794fef89a7818302427dcc,977
d:0d5f7fa43a6a4b56aaba7774750bcd40,978
d:0d60da1f4c6c4456aab385200d7e77ef,979
d:0d636a1b43bb4b469f05463f6f601308,980
d:0d643270cf0e4cd19648bf5ce24fc50e,981
d:0d6452deb490463391e0da5c608ef424,982
d:0d656fe1b0284443a7f42572fb797e3d,983
d:0d6d01d42d6443b1a125ab47177dc3f8,984
d:0d6d3603e32042979bd8b590ab00f51a,985
d:0d7410522e0e477cb05fed319159499d,986
d:0d74d5a408f14ccf80c0ad66651ff2c5,987
d:0d7646ee15e34e7e81335c609103d2e5,988
d:0d77704564db4bc4ba8f9ff3024eb412,989
d:0d7f3394a4a441d7b6ea1c0762152a18,990
d:0d8097293d0b409285fbfb0485952394,991
d:0d80a12869a041acb29eaf6a38021bb4,992
d:0d8211b6ba564627ab8546dc4bf828b5,993
d:0d83c58bca274b1894c031651fed812e,994
d:0d89df75388e47459493ad1a6e4cb4a2,995
d:0d980576a3814840ab64eb1fc6d3909b,996
d:0d99a2c7e34446b397ce977b53a86820,997
d:0d9c64ca376e4b1a853c96d145ecad55,998
d:0da52dd08389417a8ef1789fa9a0711b,999
d:0da7e4dac7a943a78fffceca0e2594fc,1000
d:0da9cf747feb4995a7ae96fe1a0d9a9a,1001
d:0dade4740f3a42f48022176f337951f1,1002
d:0db502ed89d74009b1be847bc932a000,1003
d:0db58d19975b499b925c16404344c9df,1004
d:0dbc6d3bca0e414c8afdee7c18af3e6d,1005
d:0dbcf5744ab5478584ef4baa9ecfe022,1006
d:0dbffb31dff3428682c88290d192c0d3,1007
d:0dc1e5c1277a4e3492ba031130ae453c,1008
d:0dc3970e874346ddb36760e8223694d5,1009
d:0dc6c69f9c854db8be9b965d880fb14c,1010
d:0dccace688de46ceb0069c6d94702c75,1011
d:0dcf84ea69684e8e89f64a6dacf4402a,1012
d:0dcfe28d8d29445fba8cfe28acbb1189,1013
d:0dd108ab38ab4a64ae1bed61a8442e31,1014
d:0dd3c878caee4ab5abb42571e2f62262,1015
d:0dd813b1eb6942e9a34b5637a48cb4f3,1016
d:0dd9e2e170d641fb85559e5355aacbfe,1017
d:0ddd7966ad29474a96183cb9c5f848ac,1018
d:0de1988e482f4ec18366558765a040c0,1019
d:0de2a4a1b9b04e539195d16bb9dea957,1020
d:0de33918a5d94f16a54c8fc6b9f227c8,1021
d:0de5712409594c13aa9cb7f379d71205,1022
d:0de59eb6a23a4739a5a2bc6d5d9d769d,1023
d:0de80dd8ee52477f98c7e9cbdea68d46,1024
d:0df320aa5f7d4391853803b741e8b881,1025
d:0df6027f442b4ee28f034809d14e8b57,1026
d:0df87aeff8a84e35b33e8f14cc76db3e,1027
d:0df8b4b564fc4a0a87b3cb773952de28,1028
d:0dfc5e97c82642cd833ab01abeccc9e5,1029
d:0e0fe9fa1d3b4982bfea96075d1306b6,1030
d:0e1c934ad7de438d8e09440fea1540c9,1031
d:0e23afa7d15d474188f55afe864e94ba,1032
d:0e2469caa1f34c2f8b2b50ccac7306d0,1033
d:0e2553d582fe4345875be074da5f2e21,1034
d:0e28fb5e969b4939b9008d6f595e701b,1035
d:0e2b1a139c3a4383be637045d63ea8a0,1036
d:0e301f61b03d49499105497cc32c569c,1037
d:0e30fc025e714d74b627ec81d2fd5aca,1038
d:0e369dbde0c14f5499ce1eecc2b9d246,1039
d:0e3b0ee28a1947b5b1d081935fec5451,1040
d:0e450ee78cf14b10affc225b9de56081,1041
d:0e45b29d416443e286eccd9aaebf0ac4,1042
d:0e4662fe721e4ec29e42117d52f70df2,1043
d:0e46753eca1c47ddb2cd8d3b08f5f6b8,1044
d:0e49b6fa1eaf4bae81300c5513ac051f,1045
d:0e4bf9f5d65f473c80489d8e09e6e35b,1046
d:0e4e4aa3d28f40659918060fc62ef622,1047
d:0e5043cb673940ee8f0d8102c3f02be7,1048
d:0e53feb5b7ec4cada718db1143046ebe,1049
d:0e54c205d37149ce8d5f5e369d810e33,1050
d:0e5bc52ccdc6473cb21d2e32bf15de5d,1051
d:0e5d4c38369a4f3eaf7830917ca63fad,1052
d:0e60d6b417f846a9a1512753ab0b9e8a,1053
d:0e62f148e6414254a0cdc8ef50824f10,1054
d:0e6569410206422f9e2762e9b5ce5240,1055
d:0e6b643599fe497db3ad23246bf2020a,1056
d:0e6d472f83074499b752b34b112ecd23,1057
d:0e7198e2be3e401d85fde444735fec19,1058
d:0e729fb433124997a2aaaab02a263d5f,1059
d:0e7ab51239dd4bcaa06a78ad22949abd,1060
d:0e7cca4c901440469e760b175b8fc256,1061
d:0e7f077b295348338ed53cfff8372e68,1062
d:0e7f8871db85437f86a88f8c04ac08e6,1063
d:0e888832df2f48c984ffd1e4489b6736,1064
d:0e893f51e9054d7989c6633467b1641c,1065
d:0e8aeb7845a8430ca2a175673e390f1b,1066
d:0e8c029f87214f558e91325bb5fc45a3,1067
d:0e97ce8ff5774e908141167907394b60,1068
d:0e99cffa139d4277bf90fbe74a7bd291,1069
d:0e9bad92e4204494946f00e972d675e3,1070
d:0e9cee25b38f4ee6aeab814cf09b67c6,1071
d:0e9d9cc74973442aaefa3926ebc18f9d,1072
d:0e9fc9edaa784199a44f86e7ae91f3d7,1073
d:0ea091036766488fa07219a87c9ac242,1074
d:0ea28728c835461abb2d9d2572db9562,1075
d:0ea2c81ccb8847cbb0094c1f3293e600,1076
d:0ea513e7118f48718c554a7510fad43b,1077
d:0ea57635ad934e119b4472e2679eb840,1078
d:0ead94df0a7e418391cf182172b5e779,1079
d:0eaf3e90751143d58b7dd55b3958b119,1080
d:0eaf88d11ff146e78ef80ebe372b5808,1081
d:0ebaed9c6a1f4afabc2933fe6674178a,1082
d:0ebe81c5ac374819b923ad895bce87a4,1083
d:0ec016643a5444679818978d456363d5,1084
d:0ec0828feccb48a0ba71462f6233cb6d,1085
d:0ec2a005fcea422a9e1570204b77795f,1086
d:0ec2ca91a639481c8e4267feaac8d280,1087
d:0ec31915b1854c5fa6e895813cac9ea4,1088
d:0ec33ec7899a4c5c8861b4b6f91ae74d,1089
d:0ec672cbdab04d91a3cf856bf0e636c1,1090
d:0ec7cead51894ddcbfbc6298327f32b0,1091
d:0ec8d8b5fe8e4ecca864d17a8b210ad4,1092
d:0eca0e76888b463e8ae2a095dc87b7d2,1093
d:0ecb8df1ea4b46f3a2a50a193364f536,1094
d:0ed1f27abeb7431bb1b3f15630ef6364,1095
d:0ed4e6a3517448faa4e7bac3a8a28983,1096
d:0ed554ca972c49db9963812604277649,1097
d:0ed88855e54a4d129697f7fdc420fb1a,1098
d:0ed949f0dcc946d0bb96023eda39c41f,1099
d:0edca7c3eba34fe7b52a4679437db6f2,1100
d:0eded088ee5e45d1b50d4f4516544531,1101
d:0edf8c9ab12e4dbcabf4adc297ac2661,1102
d:0ee40b061070456c8e6dee031f1ea0ec,1103
d:0ee789913a85454e9c4a0ba618bacee7,1104
d:0ee863b59668442f94714c989c191314,1105
d:0ef0d42878d14960be9b09cc491d57d1,1106
d:0ef487892cff40aea1886b3336c3a072,1107
d:0ef976ade278432fa42e51d0bd4a87d4,1108
d:0efb0f23fd16436b90d344ed2e8fd063,1109
d:0f011d49d168427b99b908d985292de8,1110
d:0f02298eb6e146c783aee131d2b8b134,1111
d:0f0388ffd58642f5a98a302622a9649b,1112
d:0f05d3d69adc4004bebc1191fad2ac63,1113
d:0f06cb7df48943f3831fb40aa2155111,1114
d:0f0806ebd59a438e9157665b6e6b0456,1115
d:0f0a34275ef04ee6976c73a0127d1fc8,1116
d:0f134e3c46c14f77aa6918c932337d38,1117
d:0f16b0ff54d744e389df4e1c48280cd1,1118
d:0f1bc3e00e084f63a86770b354795c02,1119
d:0f20a9ccd951427bbf692f0f8ee4a71c,1120
d:0f22933522dd468c8115d570842da67f,1121
d:0f268876b1ca46da86c4db8569e9495c,1122
d:0f2acc5f5c8549c080f93c467be2fd3d,1123
d:0f335d390c354164aaa4a528b793ae0d,1124
d:0f346e5e0aa6496b9b29f264f12154d9,1125
d:0f34cc5a87b84b71921229e758575033,1126
d:0f35a19a60fb4bde8b867c4fefd38732,1127
d:0f3b95b67e4140f8a23bdbd0f98ef34e,1128
d:0f3bc89839fe4726a0932359c443ad21,1129
d:0f425f30ed064a1c9b9804dba804d862,1130
d:0f44379589c645d7a16b1fbfd3a7319e,1131
d:0f483bc9245845bfac5fee78dfde7097,1132
d:0f4b59c1a8a5479781ca2c3b21378bdf,1133
d:0f4fe8de3bdb4797b872de0d30252aee,1134
d:0f59c1a1220e4c3c863c95e81bab6e93,1135
d:0f5b908e886c4f8bb96aff0890336fec,1136
d:0f667268746549f2ba8b677a8c6bf302,1137
d:0f6c86935a264865a8522791ce921699,1138
d:0f6c8f84b8a349f2a3452cf90ebd42ab,1139
d:0f7066a632464a8ea4c03d4d48639b11,1140
d:0f7773f29f1d420fbbcc96d94c0c7443,1141
d:0f7821f8630246199026a143d9f00d41,1142
d:0f7a5c57d15946fca27255e6d559b5c3,1143
d:0f847e2b94a54ee4947f689f655d5289,1144
d:0f87a426949943119e6f2c344e6ce616,1145
d:0f891d6306984c88ade93d326ac3f73c,1146
d:0f8fb0b10a6643aca91700cefb71e52d,1147
d:0f918a47337d46c7a3dd220b74052554,1148
d:0f9372f75a344f21be24ab3d691dad25,1149
d:0f94dcb316d84c27bb2c09ba2d8e39d1,1150
d:0f98c7bb32784e5e8a625ab48f40ddfe,1151
d:0f9b673ce3874acbb01b38ba11bf1b14,1152
d:0f9f1f775d5f47c596b5a1382bcd7491,1153
d:0fa183390a9a44c7b3952cdd1a654af4,1154
d:0fa1e643da61486e82e84dc5a994b4f5,1155
d:0fa2995cbe974a089261302f90c7aff9,1156
d:0fa35a61c04945aaaa3e754c3421c6f0,1157
d:0fa4ebe10eca4e769d175d27ba74fbb0,1158
d:0fa56a17cbde414386ac4751fdb96972,1159
d:0fa76c57d7bf4280b5f88fa6bb7c49b0,1160
d:0fa836bcb8c540a985543fe482514c1d,1161
d:0faab0d4722e416e92e3f76eb3d074f5,1162
d:0fafd66d259c43b2917b36c74f1205c6,1163
d:0fb4fb495b7c4db29e6835ea8877d2a0,1164
d:0fb6f4fadd6941aab1436758cec57436,1165
d:0fb84b1416df4c57b06b1841193ab1a4,1166
d:0fbd29de3f624bcba26f037a7c812da2,1167
d:0fbf7d00c4724e739160b738c2e7d8a6,1168
d:0fc3df1ec2cd40b4a021afdc054afcb7,1169
d:0fc98a6fe7324836998a77d08622acbe,1170
d:0fd04989bab847279423d548c5c549c4,1171
d:0fd05dc9128947beae8e1fc97c0f4109,1172
d:0fd3436ef9eb4bdbb371010360c65292,1173
d:0fd3c56fddfb46728b9fe9d4f935c8a5,1174
d:0fd7ba1d359047908248b855780759ce,1175
d:0fd88e6dfb5a4605aa1e39f9b7b62543,1176
d:0fdab509610a448fa20537e36b01dacd,1177
d:0fdba972210f4e5ca9170ca81492b6ec,1178
d:0fdf9d7905b6490995e3c6f39033bd82,1179
d:0fe05722ff8a4c5eb19c6d5a4d241e03,1180
d:0ff1c73dc2da4ace8faa067e61da5bfe,1181
d:0ff25d2a6d9947209ae2e63023bf7bbc,1182
d:0ff4b65653184828a7f1190415cf91b0,1183
d:0ffbb4022a2b40d3bfc6ef2bb2872fcd,1184
d:0ffe61d2044849b48b84fafbf62b755c,1185
d:0ffed88b3b6f4c21ab4d08ac1a6c6e2c,1186
d:0fff6ed08b55458aa83218b383b1819b,1187
d:0fffc3ee6a60422992893e819ed98762,1188
d:1001afa243f14b4789efc7a8af3759ce,1189
d:100a78f9c9614fa397a1e4620e3fe09e,1190
d:100e1cefa06749cdb7318e44ea8f3165,1191
d:100ea0293d15471c94154dca240cee3b,1192
d:1013f6c0ac9b47f5a422cbee48e1a9c8,1193
d:10182776a42743cd89d6ae1caa79bd8c,1194
d:101ffed58c1d4609b77aab39df5aa3cb,1195
d:10283fd82bf744ecbbae452e50a70242,1196
d:102aa3100e1f4fafaebe15151663e037,1197
d:102dcfc9c9964f2b95c82215f92e21e1,1198
d:103862d3eaa3453ea6b5f14632066eb1,1199
d:1038c851bfda414792c7c47e931984cd,1200
d:1039aa1ad7c74262886d0e81623d3572,1201
d:103aab2890684ab7be72997c72a861a4,1202
d:103d1c4164ed403d8fde30ac2608e696,1203
d:103faf31076d4ecc99b68e2f9d043e01,1204
d:1043a983128047f9bdcb0189096378f4,1205
d:104698f2041d47ffb025681315c6de3d,1206
d:104972b5ef7442a18a4981e1116ba6b5,1207
d:104b2be6e4344971868c7b23e599b965,1208
d:104b7f8a0fff4c43884406414cf61507,1209
d:104ce7efd7d34363b78a6b15bafebf06,1210
d:104d3045e0f34846b50dbbf9ca557588,1211
d:10522e01d4b043f699eeeb1422ae19ec,1212
d:10582edd9c6e49a5a498df9bef9ea894,1213
d:105c2541478e4fcc9c0ed1d47393cb47,1214
d:1063a7ce934a4fb5ac40d57877fa9b86,1215
d:1066a739d101420ca31c9084d8a533a7,1216
d:106b119c41284c37827e531703e066c2,1217
d:1077e59d99154460b1eb9c855e127d41,1218
d:107f33e41dd449ee91ffac2c768fcc8f,1219
d:108198d104bc4e24816988453d76b5d7,1220
d:108217b28515496a82e6a33e52421156,1221
d:10881ea62d5a49618e4a9a77cb23b82d,1222
d:108a8e037ad74d6e8174e6a3afbff3ce,1223
d:108b5e484b9a46528e1dbacc1a936431,1224
d:1098cfdb64514479a053e6449a4ffd8f,1225
d:109c0336d2f94cc59419385d08d363c1,1226
d:109fde259c384523aa57e25854ea782f,1227
d:109ff4e4b1794e90beb57685bcc3b06d,1228
d:10a071a2c2414b31a1d8cb5e9f576d94,1229
d:10a1abfb97884d2dbce7eda1cf783e6c,1230
d:10a3a2a76b964bca9f56e28777bb2d2c,1231
d:10a5cfabecb349c983f1173cc3f07f6f,1232
d:10a797df18e14bf6b2046d122a89e074,1233
d:10a9d58af9884cc6849aac2009648a64,1234
d:10aa6f1163de46609c5d44fc6808298e,1235
d:10ad6517b3924d918e1216940165f28b,1236
d:10ad7e2cfb9d4298a413b35ed9cdd3c0,1237
d:10af4c1ed1634df892447b9669a68f07,1238
d:10b51991907c4fbabfb3b9d9bc91725f,1239
d:10b7ea93d59741dc80baaaefac473239,1240
d:10bc4aafc92e47a0bfed5bb04d18e6f0,1241
d:10bd7570972a4b1796bb987326d7bd7c,1242
d:10becef5afad45d08b26f66638227efe,1243
d:10c00f4e35634cf6b97c59f2bf2729cd,1244
d:10c2ea7e9c3f4bbc9ccb53fa7c85b10c,1245
d:10cc84c7d59b4365ae2038271bcc2c9c,1246
d:10cebe9cc04144288e45ac6e8e0ade1b,1247
d:10cfe1af54e443818ea5998a904c5d53,1248
d:10d712f288774962b758229d23fc4604,1249
d:10de46c9b5a143fea9b9ba1ea3da6f37,1250
d:10e1dbe05d1e49a8baef16c52eafed6c,1251
d:10e2bceb810d481398aeef28cf1fce12,1252
d:10e30c7936fd4d969c66f739ffdb77b2,1253
d:10e6f0a671124dc18b38a3d6c4da7253,1254
d:10eada3d53bd4e2897ee55bdcfaf811d,1255
d:10f0e873dc8843569a1609ad2a500fbd,1256
d:10f99108ef7c4014b5794218bba3f687,1257
d:10faa0053955416ebd1c62f45e30803f,1258
d:10fb358be89b4fdaa20dd0f56ab4c1db,1259
d:11007c1bfca14a3f95aed082fae8150d,1260
d:1104e0722ff04c1485efb78690e439be,1261
d:110696ba30d64458a04c670e3c1bbf0b,1262
d:1108906d7e6e44479fc9bef8c81ae2a4,1263
d:11157194d48a4fcf8259d6251096f364,1264
d:11158637da3c46a98f18b28ca9e584e2,1265
d:111b968cc2814b51907d4e1fb9dbc484,1266
d:112404666fd44f78949719082b013bfe,1267
d:11275483ce264ae4998703ada23981b5,1268
d:112890b2e0af4e0c94749ee129457985,1269
d:112b5c0938c64d9a895223d1d93d9071,1270
d:112d7be616154d32b5683ad47227a92a,1271
d:112fa161ac6b477db7a3f37cd704ee2f,1272
d:11328516cb164b42b02cc1a39587eee6,1273
d:113627fa09dd4ead9897efc2fbc8ff4d,1274
d:113c4a4607784b99a340ed2bf7cbbdd6,1275
d:113f0c0d360443f9afd69ce7d991e818,1276
d:113f21d43e2a41fa863df37dc6c4b9eb,1277
d:11445e5a2a60473b97049694f72e2a5c,1278
d:114834b045074e709af5c6d6ee88af96,1279
d:114d2621a65947048f8980737f7952b8,1280
d:114d34afbc6a44ff80a45fad72ea1928,1281
d:115355aad9c248eda8aec8f18bb2d9e5,1282
d:11547a68acf440ed8f3f1400ce6e5c3f,1283
d:115bc1c59f6548178fd23a471ba9a70e,1284
d:1164c02b2c9445528e8d80e6af275e7a,1285
d:116a81c097264bb6b359c94d95f1dbc8,1286
d:116c97cf1f99472eb24fd3941c4be533,1287
d:116de027a19d4cbaaf04f98b8c2a7d8e,1288
d:1172bfe65c5b470c97e616254ab40539,1289
d:1176e19f72de47aa918446fe9abd3a58,1290
d:117b4121c6ff4a889ae77a1636433151,1291
d:11803010bb2c4ba0a886f44caba67f3b,1292
d:1181d817178b4bd98c9d104579182a3c,1293
d:11882dbf997846b3aeb0656246a98e30,1294
d:1189ac926a4f4aac9f9175de91f5c1f6,1295
d:118c3d1c26da4484af88f1c5c8de4ecf,1296
d:118e3256f8204c34ad061d0774d8944e,1297
d:1190d736218a406cbfd5f1eb79af648f,1298
d:119308cbca2e48cb9b9d438d9da25609,1299
d:11938274b64e4f7ab2893b480b5f5820,1300
d:119730345ade42c3920658d76750de98,1301
d:1197daa40f734dd6b06505557253c2bd,1302
d:1199300177c145269db62152c19dd3e4,1303
d:119acd04c6d4438e8a398f5f144cd66a,1304
d:119c9bb59e294ba48530574bffaf6ee5,1305
d:119cb13f697f4c86834972b1a4a222b4,1306
d:119edabf1d154c3abe37b6de5e410744,1307
d:11a0142510e94f348fb57366558817db,1308
d:11a105bb546b4ee781edc5bc1a924cb4,1309
d:11a30a7ab1944077a4ea758691c5aea4,1310
d:11a3dc0edbc14fb5ad5c6414a6d43a42,1311
d:11a9a421881a4027b5d4d015a099b34f,1312
d:11aa83aab8f64da8bca16c05a52a2c5b,1313
d:11ac8150b8f9452bb44f3f0b9be448c7,1314
d:11b36d44e1b744b19f7714183a07810e,1315
d:11b56d355cba42739b04c2ea24d67ec5,1316
d:11bc8c115f4541919aeae14310c80523,1317
d:11bdd7135a0b4708a18c2d276ff20fe6,1318
d:11bde63bec844a88947b51167800dd3e,1319
d:11c1ea8914374d6fb8427f8c4eac6a01,1320
d:11c41d08d1d4434c958c1c7b36d82310,1321
d:11c5dc4954a744c49e8e1396fb4460ca,1322
d:11d56097cd724a8eb9b4b13dbe6d7087,1323
d:11d5bb9191b04e0a89329e3d21d1575a,1324
d:11d76d16f28c4d9e8fa40871f6031922,1325
d:11d98841a299402dbf7321e157ac3359,1326
d:11eacd77a7bb4004b8f6964cf37eacb3,1327
d:11ebc94344d747ae899d25e64d2b0bb6,1328
d:11f268ba5afb405ca4eba8d846ff861a,1329
d:11f7040cd4df4d0891398243404d1da5,1330
d:11f89d0a612f487c976b986ebf4a5fc6,1331
d:11fa4bdfca9d4a3381430e126beaa4c1,1332
d:11fd185f793741fa961bf5af00c9cfd4,1333
d:11fd6cd80c8a462a860b3376e007cfa0,1334
d:120013de315e43cc95df80b377b83466,1335
d:1202864ea8874b3a8e7fe1dea83af98c,1336
d:120a4f2cd0e24cc79822dccb4176c437,1337
d:120b64413f08468b930e534cf36427ab,1338
d:1210178c7fb844149895e04ba891fe6d,1339
d:12113ca6921f444cb6a3f145a9170a76,1340
d:12151cc33fff4ee9a785db996ca90b0f,1341
d:12170fefcd3c4870932c285ee02d7c61,1342
d:121ba42774114c35bc0045f9fd4195d5,1343
d:121f711d26f344ce931c1baf9138fe40,1344
d:121f9641ab0141358f81bd565a05026f,1345
d:121fe2f37a724f738e7378c105c65757,1346
d:1225ee9409004fcab5591ff27224271e,1347
d:12276376eff84b89b46be62f910d2baa,1348
d:1227bd11bd4944f39a0f93801c9e92ba,1349
d:122aef18e69b4814a14929dba6b2be42,1350
d:122b01308e70479a9aa95eb15a9933d1,1351
d:122c697213d84513b609e6edc8a91eb4,1352
d:123ccbed34ab45f4ae585063fb280d75,1353
d:123ddc2ec8dd446197305f1dd3a298e7,1354
d:124a79ce6a30468997c4f6f368795542,1355
d:124f95b9c3eb4e6bac9c32338949071b,1356
d:12519cb3097541a68b13781a64443d1c,1357
d:1252d507c6dc472ab37b2204ce87f702,1358
d:1252d508c1244fcea9cee6643957e6b1,1359
d:12546edb189f42c282fe7bfdc23c0781,1360
d:1256b91316e241868bf9db5767ab493d,1361
d:125c21de6193412bb3c8e167874f36a3,1362
d:125f5185b4f746468b4b5c458ee9b35f,1363
d:1261ace136d844f69b7df4b5409d762c,1364
d:12639b76ebfa4ad5888dc23116f01e90,1365
d:12657c27b35a4d188d8f326d46167e24,1366
d:126810df021d457c91aa20ac4b8f6e1f,1367
d:126931b328964f959acd8d9f104203c3,1368
d:126caa843ce946a1889142bf6b088a59,1369
d:126d07f17653418ba8d7ed3102a7dc48,1370
d:1279a044f2244e5499b27337a2760e64,1371
d:127b42a818c4412fa430e5d348e489e9,1372
d:127e0374469e46d8aa686b3810326c01,1373
d:12807904560a4360ac39c4eb335a358a,1374
d:12808530c9eb4481b222153b9069da77,1375
d:1281ac83ed7b414ea8b72a2af5a400e9,1376
d:128a01dad8e943589a20f794babb4fe4,1377
d:128dcfe0e1684abfbc95812bb6dff2a0,1378
d:12930df828664e3cacafd351a0d367d5,1379
d:12935c66ac0942a0b0d02b551983724a,1380
d:129cca230ed14fc8b24d6f998a680772,1381
d:129f4a4d7dd04806b29a7a74b17fd742,1382
d:12a269edfd6a4a148aed5977a6e9f738,1383
d:12a2ca1ac99046d89fc7b63ee5c616cb,1384
d:12a44a930f1047c1a8fb20ef758cdb20,1385
d:12a585f3665b411fa8946c55bf0694be,1386
d:12acd1d5c9984468acc451c48ed351ad,1387
d:12ae03e32fff474a8c429bed43f7c2c6,1388
d:12b6442f8ba34ca7bb8e72f0b8ce2e4b,1389
d:12bb3be92bbb4552a2c895027f68498c,1390
d:12bd832352bb479a97e992ef5d54aee8,1391
d:12c2543e919a46b68e8549a8deb045d4,1392
d:12c2adfd6a6d41f9ae29868f805847a5,1393
d:12c40c9c31c5435d974c9d43309c0bbe,1394
d:12d0d067e93549b7a2fbddcc82b7d9d3,1395
d:12d237f2df594b69a11e0e6917fa6bda,1396
d:12de440875034a158fdafd0a92233944,1397
d:12e6ac636f37404dbeb55c7f1fca8a3e,1398
d:12e8359da1da41aabfcf07952ff600fa,1399
d:12ea4595a0024b6ba2406b1836933d87,1400
d:12eaed3396804d6e93362dcdca06ba5f,1401
d:12ed8f84868f4da29a37643107acc9eb,1402
d:12ee097753a34f33832ee24ddf1ee03a,1403
d:12eeba59c72d47b28ac9e3aa39560986,1404
d:12f97df1eb824a00a57188b10f47d015,1405
d:12feda6ce59a4ee5a72e7613e014ef93,1406
d:13038bcc4cdd4a0fa0e484ba50018f1e,1407
d:130d94c0ebd54109955e819f57b4a7e3,1408
d:130df46abe0e40a797f52e6467ad12c2,1409
d:1311074f8b5a4b37be3200b854162194,1410
d:1317b3f1b8424899a38ab4d8ea82ab50,1411
d:131954c2346d4cca90482308ab0c5fd0,1412
d:131a024464be4f28b54e1bef367c6812,1413
d:131be98f5fbc4d72b5a0bc4baacef398,1414
d:131fc0a8c1be4c5fbead5cefc52a6bdd,1415
d:13248a2a4dba49ecb6b03134c751d47b,1416
d:1324aa2419ca4192a25d0744a3fb2637,1417
d:1327132b176c4eb6add0c523d312e767,1418
d:1328d55e467b43dd8f73381c98def389,1419
d:132bde8b1ed1483da5288c45aa26c7ca,1420
d:132bf84a3cd14d33bc58a074c2f11ab0,1421
d:132e64fb131046ac820ddf4ca3e914c7,1422
d:133a9cd375ae42ebae1ed4c8e36dbeab,1423
d:133fbc8b133d42da849389fe2baabfe2,1424
d:134bf8e05c6a4e7da4a742b92a559043,1425
d:1351066c3c464d42a20869610d7acf81,1426
d:13526944874c43929d5e5c60e1309fba,1427
d:1352b570dbeb4398ae781cbbd426e9e1,1428
d:1353604c0d57423c89cdbb36e5bceef4,1429
d:135d07c04b264f3186444c92a04266b7,1430
d:135eb8028946463497603bbd0da14a87,1431
d:1362384a76e941dcb953897701ee666e,1432
d:13674f39fa3d4eb1a34ceeba550f8bae,1433
d:136d27b03def47ca88fe788d891b5f2b,1434
d:1371712ca7734ed9a5195a3086057eb3,1435
d:13741bd4058e4d7884771959e3a9aa59,1436
d:13782cd9104f43e1a507fa0dacbcb970,1437
d:13799c92ee2845848bdf939a16b9686b,1438
d:13850fbdc81f42fa8fb7320afe7d9b87,1439
d:1386807df67b4d1988c55dd6236b476e,1440
d:13895baec0d24c1589d4d6407c063197,1441
d:138a1873373943449f2283cb5613beeb,1442
d:139062f5eec34b79941a472c12df108d,1443
d:1393b363490a4cb9b4b95c7967d9fe73,1444
d:13959e6fdb06405a8a5fd6ebc9e7335c,1445
d:1395d1a8b89643dc82f900d03e72eb11,1446
d:139a45fad970497a8cb1513827943899,1447
d:139b4583e6c54e228618ba61c15b47ee,1448
d:139d2b1f0a5f417a95d1e3f7b6b28dff,1449
d:139d364afa084b4a9644320cba6accdd,1450
d:139f96fce8cb497dbd55a95faa87ca5d,1451
d:13a1f4455a9744a59525c518f0a8c9af,1452
d:13a4e2ae11dd48ab91b07f31f3e6d284,1453
d:13a65c486c244065bef55af3f702bf76,1454
d:13a660d8579c4c9abc53d99ca6fe57d1,1455
d:13a9df7f60384a9081c4dc05d760b766,1456
d:13aa4af189a744369396a4fdd6e90464,1457
d:13afd95eceea4c8a9a37c6ea5746c049,1458
d:13b727258ca74985b82f99ee32d92297,1459
d:13b7f24ea3fb4ddaa499238e7e04df13,1460
d:13ba0d24457749e39b555ae6b4d3a57c,1461
d:13beca0fb1db42b6af2e094de2fc5f3c,1462
d:13c37df2e4684f8480518a241d1c0fe8,1463
d:13c62fd7b9354d80a8604a58980696ed,1464
d:13cf4236ad8440c2a81183b1b096f0d9,1465
d:13d12803390c4bd2b18ebff2e7f2dce2,1466
d:13d18fc046064ba7bd2edf38baa83a73,1467
d:13d19a454cf84c9eb6240ed68aea7d43,1468
d:13d1e1ba0ae4472d81758d56120238d2,1469
d:13d222d9111b4bafa02d80b88f65b5de,1470
d:13d27b65f6024652ac8e42b18f69e07d,1471
d:13d95ebce0d04341a3a62e23f280a0f6,1472
d:13dbf2949e164609ac639dc1e2a4c81f,1473
d:13dc59ce2238454dad426086118cf6de,1474
d:13dcf70861a341d19862440bf6410419,1475
d:13dfa2fbec484a038ed7cb6d12909cba,1476
d:13e49bf3dc7f46378cb704168604d2a4,1477
d:13e55b6ccd4e444b8a45e0757627ee59,1478
d:13e9189097574549b5da83798c55a7d7,1479
d:13e92b7da1f947059ab6d12730b182ae,1480
d:13ea59c7c487419788cf9d7a81c3047e,1481
d:13eba40634ae43c0888528280b7cc935,1482
d:13eee7e6022e4c2082d1cef7ab3ef9ba,1483
d:13f1b60033224a809e69964e90bd7f28,1484
d:13f22b8026b04521b8e5029b3bf800f0,1485
d:13f3b75b4dfd4d1a89a99d8d68c5f52b,1486
d:13fbbab8bb2d42b287a11a67519cd831,1487
d:14059729feb44ebb8c4370cbc101c632,1488
d:14065e2bb77c40308b2d040ec26a15e5,1489
d:1409ce1cdabd4fe18a6fb3f80c403f51,1490
d:140a97c7277d4fff88237a930cad0e8f,1491
d:140af888e2d3494a8726714c9017120a,1492
d:140c2b06b10f45a188f85587ecb5939c,1493
d:140c7098b8794a56b4cb082db53f0474,1494
d:141363098bb9453b9cf23fa59c1c1ae1,1495
d:141c4934b0ec4bcbab82047ccef97086,1496
d:14284ca3fffd486695754ba6c9a44cac,1497
d:142f29dc94894a0ebd40afb146816c50,1498
d:14302dcf2f5f4702bd54e4d4c02653cc,1499
d:1430e05bf28e417394e6edd78c7cd55c,1500
d:1430ee5400154942abae7e562ee843fe,1501
d:1433b04a895344e8a256279b817a615d,1502
d:143a47e8998b42468b08e4e7558c4356,1503
d:143edc5ea6ac4a69af178fed7608b3c3,1504
d:143f9a891f1e40d5be647d4c28ee6358,1505
d:143fac3c2d1144ff9f888b9ae49c1005,1506
d:144955738b6f40119359a6f30eb242c2,1507
d:144bea5588f44b1a8b9beea53da32a6b,1508
d:144ed68c49234a8f81001f76a337c3a3,1509
d:1450595f7d474f79bb4a579065444d6f,1510
d:145108b477534b32aed1fe323d7915a1,1511
d:145270a3a8df4db587b8fa68562e1ad0,1512
d:1455671a01774dcf91cbdeb9b40f0ec9,1513
d:1458af66699c416dbfe0548e1a1d00f8,1514
d:1465901ce1814cb78950cad4469b9a49,1515
d:146b8fd052fd4221b5fd83daed2b57e3,1516
d:146ef44b7f1649d49fef4e43f7a88c66,1517
d:1472549363444123ad8583f1d6e99c68,1518
d:14796b955cfe4908ba65d191a8ff0b48,1519
d:147cc8bda3ca4b8fb8837aa87135f680,1520
d:147f9a19823c4ea695de0f5f09333eff,1521
d:148159ba262f4a0181b700486a33a03d,1522
d:1484405780914528b3a48c5da74ca1c7,1523
d:1488abe06d764b7bb3bbaaa5cef0ae17,1524
d:148993bbd2d4414e812adf367e9523e4,1525
d:148b7a88dc3845f0b258948d18c07e31,1526
d:148f6ae709734d6499a50f0f8fee861b,1527
d:1491565707e8410ab8d4a2feb984536b,1528
d:1494ffe5601e4ceeb963822a596db212,1529
d:149667ded7474c5e85442f660a4bad54,1530
d:14a0e5a3b4c74911893bab389c5dead0,1531
d:14a54c4993b440f091c73a63f56f8bd8,1532
d:14a5cf9888204b748422deb378db04aa,1533
d:14a7716f2a7645d0a66610374fe90979,1534
d:14a8607877be4c0ba7b793018ee7c838,1535
d:14a9f34ded6c4495adc7e91b461dd72e,1536
d:14ad5e0cb555463cbd353156f1be821b,1537
d:14b314f265754acb9c347137e8bd06ce,1538
d:14bcd5371f6446d7a9c68dc8a9c21202,1539
d:14c5a42b29184d188fd94af734f503cc,1540
d:14ccb617498b4f79a84c6525187450cf,1541
d:14cfaa6fe42349f4b0cc86030a96b1f7,1542
d:14d1e5db907942fbbd0354ceb7a497b0,1543
d:14d225afdee64e2690e4ab5eace6ad67,1544
d:14d3d9db1fe741d49fe2f6efaa945771,1545
d:14d47771a5a948d8ab0b72e603bf64c1,1546
d:14d7767a58be4f409addeb884b8501ca,1547
d:14d95c394fd94f76b7cc9d7e46445ca8,1548
d:14df4d68469d46bd9d84530a67043518,1549
d:14e0133440ff4c97ae465e6b5ba27cd0,1550
d:14e278a3fbec44c6bb8be9476643f7a0,1551
d:14e31c8baeb44538b00d57e8c0e91676,1552
d:14e45e881a5449bd9774eb5b4304687a,1553
d:14e4697302d84394958e16a4ac6639fc,1554
d:14e567781e5844e8a13cf54a6def68a0,1555
d:14e684df53c44a499a0c6e125105d181,1556
d:14e74f13136248f095ac14789cb8ccdd,1557
d:14e8b3c3262e4ed295437da2c75ae02a,1558
d:14ea5c8933014290899872df64e5c313,1559
d:14edd42b175f4b59a709086fda545c61,1560
d:14edfc7d4d1345f0aa6ff98a243ae3bc,1561
d:14ee26f42f234128b55a0b51020ce93e,1562
d:14ef0690a775486e8ff52d6769dcb8e2,1563
d:14ef2ac53775402b93f26e8da433bd44,1564
d:14f04682e9e148b58a081ec8cd87146e,1565
d:14f31916d5404a61882b5b56f2813a78,1566
d:1503ad5f709c49ca85c72bfa4a638e57,1567
d:1508d57302514447a96b21fee581982c,1568
d:150d5070a28643239653328866dc36c9,1569
d:150d625e78a24b219dfc91892ec1bcb1,1570
d:1511edbcdd594b1e81049507972033ff,1571
d:1514b4ac34f14ce98f13b686bac75f32,1572
d:1515cf37b66c4660beb0e36951487c05,1573
d:15164b9153d6456f96ee562fbdcde658,1574
d:151eed82b4b9495b9d712c78f492a3b5,1575
d:15214c17f366483893c6f433e97e335a,1576
d:1523bccef39140c0b5c9b5c3fda41a7a,1577
d:1534467014b54129a0b39893e64f1f32,1578
d:1537a2d064314735ad534d41fb9ddba2,1579
d:1539501b99274fbaa87f1ce06f30f312,1580
d:153d656b75dd48b89d890709962eea88,1581
d:153da3b83618449283a07d8cb57e07a1,1582
d:153dddda319a43caaa66203724651244,1583
d:153e531e7f85426189e2b2be46c6c904,1584
d:153eea6c58b24ccf9b23280fccba1e06,1585
d:15424bde0c9344399dff187fe49e41be,1586
d:154991a00cfb410c94fcbe754dd46364,1587
d:154c506037c544d3b1b1d7e85beaf85a,1588
d:154e084f0c4840708eb68f8a40cfbdfb,1589
d:15524635284948f4969d94da923ee71c,1590
d:1552e52f0b014f50979a53d10475a263,1591
d:155445d5399744cebd42ef29879b8b5c,1592
d:15595f0ca5444890ba683b93e1c4afeb,1593
d:155a81ec432b4cfea767a7c33a753c37,1594
d:15690318ee3c477493fd900e9d5d06f8,1595
d:156b5ad1d1b2410da540f4c99abe203b,1596
d:1575819bc89e43ee9e2d09faff86d171,1597
d:1577222835a44017925d20c55c8d8540,1598
d:157cf5db534443c481e1bc473d068466,1599
d:157d7fc6512248b1944838cdbf47912b,1600
d:15815a4762a84d99ab0859eb43759d5b,1601
d:15857c32e68949e7b2f8eaff62e55d32,1602
d:15872221b0074d8abb5228ab3dce7bec,1603
d:1591c8c444254aa6aab7a489604de70f,1604
d:159c083fe95e4971b7673d91f4d024f2,1605
d:159dfed5910b4d53af3c0d4e778662ac,1606
d:15a079b3e02a47e1ba82fbca36b13dd1,1607
d:15a7226c4f2340d7aecdd8a8c665f4a4,1608
d:15a9c5e5b46f4c4eb9dee43bea369d7e,1609
d:15aad09c030c4a8b8c90bf4769439fbf,1610
d:15b9c2b06f08422abe6eb91054aac49a,1611
d:15bb121b5fa44ef897cc00800db4ea13,1612
d:15bb5ed432d94244a4becc08d7c24ea1,1613
d:15cbab92023c425680ef9a3f45a4c10d,1614
d:15cc8a1c7cf0487eacf95026d0480031,1615
d:15cebbcf89914bb4b423e7597e82afe3,1616
d:15d3078992f346f89a849de63bc3e9f5,1617
d:15d466900e2a4a85b71151fa07699d6a,1618
d:15d6b517b35d4552a04619fc25e0dbd4,1619
d:15d6dbe6a05e4950b37a49fd1d2c0ed1,1620
d:15e44439b9054b3c90fcae8476511c6c,1621
d:15e6689c562a4718b0a894b538e0bd91,1622
d:15e87ee498fc4f20a71628fe45a4c4cd,1623
d:15ea69baf6684eae9a8374af8a96feed,1624
d:15f1c45240a7402ab70a6fffe18358d2,1625
d:15f260e79f1548d3886a9641cf2b804e,1626
d:15fc5782cbd8493698174f76bd05af08,1627
d:15fe2328c5a548c5a3dfcfeef860feea,1628
d:16030b71a7624f46ba2cb08c8c98cdad,1629
d:1606997ea2e64c308336e3b5fbca4ba7,1630
d:1608215d93ae43d2963abb10dd15ee97,1631
d:160c90c694f9444d9d56b5be24ea2524,1632
d:1619e73cb3174ed5a9885141aa2067e2,1633
d:161c1f26c317478f9480254611d9cbcb,1634
d:162156c99258435294aafa8fcf4dcb56,1635
d:16245d0085884e9b84a27801c599c8ce,1636
d:1628bc46e5924b00a8bf93513e30776e,1637
d:162932743124453ab112350bad4a678c,1638
d:162a62275cfd41f7a1ca459d93e85a50,1639
d:162f83c1d8e945d3abe40bd7101e15b0,1640
d:163592d1307145fabb816e8b0c78728a,1641
d:16392fcd21ee456eb5c08aef7d1cc2d7,1642
d:163e9fdf8c4d4a79bb50ec492677dc75,1643
d:1641edbcda73406ab6db892e6c6bf04a,1644
d:1642354d42c649c49bc336178d1a691e,1645
d:1645e9ee85be4fbe873354a941a16545,1646
d:16476525b8a14c85a89eb956cccade71,1647
d:164b21e510e64f2c91382de0afb6768d,1648
d:164bb478c25644d8b9a6f4b773b27b43,1649
d:164c31b782464fb7939d14de67091835,1650
d:164fe19414ff4186977f3e3b392ad4fc,1651
d:16520efae87f412080d2dc1bb9d1c2fa,1652
d:1654aa652d05477287347d812ccf868a,1653
d:165f576eaeb54fe4a34e52692381d787,1654
d:166179e84b214929a06882dcfb1f89a0,1655
d:166324138cfb401e8ba8d142bb6f5753,1656
d:1665904f30e34a09ad05819dd7f119fe,1657
d:1666d3387f87451997d2632eeab0f5bc,1658
d:1667ed281c814f288727e7ac1a011d46,1659
d:16740b535ca04d5f816b6278f7fa5989,1660
d:167463fac676446cbaaa063fc2303eaf,1661
d:1678322eb17b4891a6c763641fbfd2ab,1662
d:167a28ff0f464d5a8ab85dba24c633c1,1663
d:167c06a9a2c647de9925be23fb46b634,1664
d:167c62847bb743429ec1cd4b732239bd,1665
d:167cd64bdc8346a09251ee529d80691a,1666
d:167d3d4432b44f82a3fd578b63c9ab6f,1667
d:168d5fe9675e406aaf1a7c2d7b3a6055,1668
d:1691d2cfec4d4bab987810954f7d5721,1669
d:169569a53841455f90116b084eaebd00,1670
d:16976f2fa02c4d5baa30b4db5f4bb691,1671
d:1699e87d5a5f4195adad431fc6b114f0,1672
d:169bf817918e4f85953f712340935a30,1673
d:16a1002b597f4980a96ca61e83188431,1674
d:16a3076173d940aaa689d18ab1aa3cab,1675
d:16ac08b781544d908220e331f6f5f147,1676
d:16aeb0771f2d423abd76ead0bede99a9,1677
d:16b798a7875d455d83d6dbc3ba539bfc,1678
d:16baec0c7f6d4b3f97de3d58e2cb45f5,1679
d:16c430ea39d047a1a656e27f96a7768d,1680
d:16caf4abda7a4be2b8f28a82a066fcc4,1681
d:16cc19045f8c414589afdc51b5519c6d,1682
d:16d36a245b9c4a9094d17fdd29046b92,1683
d:16d385a6353c4a53be681fd842798b56,1684
d:16d8620ed4d747998a433ff99d1cfce5,1685
d:16dc3a714e5741de82576e4f9c06f0cc,1686
d:16e6e7cb3562462f98c2f6332a983f58,1687
d:16eb9e05e6ef49dd80c706e48486819a,1688
d:16ebd6da7a324c44a4977eecda47a801,1689
d:16ef1062f68e4eea88d26d11fe936ae9,1690
d:16f1ec701090416d883ec1648283bde2,1691
d:16f71cd66d6348fa86b0f2bdf14392bf,1692
d:16f882e2e30649079c1cdc9cea23dcef,1693
d:16f9aea5f36940c781afeb5b5f827b9c,1694
d:16f9c4d675694522abe4f09ebf3b6340,1695
d:1704701dff734e15863346beb3247c32,1696
d:170b6e0c574841f29de5b343b115641d,1697
d:170f2636878a41ac9e1da972e7f43b34,1698
d:170fd11463954b92825558c3566851d8,1699
d:1711ec81c8844114bf6a9723b5f1c69d,1700
d:171ab680aae34feb90d8486a21599a13,1701
d:171cb042ecd1426dbe316d9e3a386b7d,1702
d:171ddf57b2984c199ab6b3c404f8be31,1703
d:1721e0f660b749afba03357e629f4c31,1704
d:1729cd3817f449e787d490f920c485ea,1705
d:172d0a1f404c45199ebc6a663c1ce3ac,1706
d:17320e86ac154b958a84cda65808c248,1707
d:173413646af84e1f8f5d9f12bf1e0d4b,1708
d:173448405d3c4cedb4869741c60946b3,1709
d:173545af2e034f26ba3d3cd743614552,1710
d:173f2fd4fc6e46c3b86ec382a1d4ca20,1711
d:17496f11e6774b359baca40f22b4da73,1712
d:17550975bf14408cae26b68d0059f3b3,1713
d:17607919eefe4e31b0c63dc07eef8e1a,1714
d:176a3f4cc99f4b119c2af65fb08f6e3a,1715
d:176bb0915f4747cf84f6f939c9a8b6c5,1716
d:176c3470678a416b936567df05a20f1d,1717
d:1770645bc87f404584020121711a09aa,1718
d:1774f5dd507847838166f42844807f25,1719
d:17750cd7bb794cc8a1b5d659542316ef,1720
d:1775d71eebe1496784dd3ad5235c748b,1721
d:1778b51dac194409be220280e83f4567,1722
d:177ae6e6235f4ec991986e9e08b31af8,1723
d:177b5d2aac464274bbbbe017faf5077d,1724
d:177cea8128104b519cc2fae41e0b8095,1725
d:177e7844d79d4707bc02e4f6906e5465,1726
d:1781bc23b7144638b0df98ffeb6c15e2,1727
d:17826db1a2fa49869520270945ed39e4,1728
d:17829871eeef4415aeb2b7de1a844817,1729
d:178655e3bf5143adad1a9eb0dc46a6e2,1730
d:178f4d077e5746cf986f0e9516532a4b,1731
d:178f73a3956d46d3af584073dbdec496,1732
d:179138a9b80c4ffb93b9615989ca9841,1733
d:17924b72d7764c37911ae7374f0f541d,1734
d:1798d1b401f745b1be9e391adf42d3a1,1735
d:179bc911e9884ddba7b47991cf10a46f,1736
d:17a79db642634e7689762876a676881d,1737
d:17a99dcb01344425a8202c9fa74d6110,1738
d:17aaed1bfcb34d6da67f6d12426d28ba,1739
d:17ab100d5f064dbb819543db4d2169ac,1740
d:17ac9a81a2d84ed4b60d3c33cbc52694,1741
d:17ae5e1c7e354ee5b7dfc5ccce47ddf2,1742
d:17b7c1a7a4bc40e69d8bf220722d931f,1743
d:17ba1a8cb85b4c7e8420bf9f6e642afa,1744
d:17bfc569b23545ffab9c6003c3f0c1bf,1745
d:17c3331e696e45b7a196b70ceb540ff8,1746
d:17ca706772a5403cb75f78e830f66cce,1747
d:17cbcb2e248642b3a3d28a530013412b,1748
d:17cc6a5a08d8411ebc70bedb0ae3cfa8,1749
d:17cd0319f5a94e85b1fff81535c9da84,1750
d:17d737e7421d400ca9d8fd8262691913,1751
d:17d7726b3f0c45b48d6120cabc508b5c,1752
d:17d900cafa0b48db9b615df53898d997,1753
d:17d9904b6bde41ca9d162c1d229c1600,1754
d:17da2dc8d1764e0b9c2380e2a8bb16d2,1755
d:17e2b4928b404412afbf186e17decc5b,1756
d:17ed932016764571a9605405e0524713,1757
d:17ef919dbc284dda9efedcdb39e0e541,1758
d:17f202de17784a089594f1fa24df7d88,1759
d:17fb0c32a0ab4a18a2e61d74d58340b2,1760
d:17fddb9eeb254974a933f78ffff8218f,1761
d:17fe673a86a74f64bb1f31ddd261004d,1762
d:17fe7be2fb834228bf5b359351036a18,1763
d:180298cf36514c7cb3f8bd18d697f21f,1764
d:180bec84b8164d058341ed66d6d7f799,1765
d:180c6f0607654d409201edc2b7c03de8,1766
d:18120dc6ffa244d7aaee9edad5bb0120,1767
d:18150329017848d393a7e8fb75ef4816,1768
d:1819f465ffcb459f8b77fa952a32bcc6,1769
d:181ae4bd841d4e11a1b63f9bf9efa692,1770
d:181b54cbdbad4b64815c5dcb9fd2bcfb,1771
d:181c143120334befae9da9a3a379fb3e,1772
d:18220d4c0e9542aab3154015a420bb3e,1773
d:18221562d47e4977a10ed61de5f5719c,1774
d:18290c27397646859c3535cd49dcab6d,1775
d:182bfb08ec7f4defb88135bc096b4506,1776
d:1832f647ee6140a0b5194a6b13b6d0e7,1777
d:1837e737ddd748afb211d98bb3d8f394,1778
d:18387640b6f048e28f82027deb69099c,1779
d:183c453ea64f40fcb9ff518bb99e6cd8,1780
d:184046fd782a41dc89a2112149165e92,1781
d:1842a7bb75204092be7f95ce221c2ce9,1782
d:1842e1c2669a486eb4e9cb8fab80e10c,1783
d:1842ef40c764427f8ea9c949be905260,1784
d:184861e8057246a5be3a934eabc3e59f,1785
d:1848e35805d74944b61de24e1e2237b6,1786
d:18491c21445c49588bbdf5390a5ea8f5,1787
d:18493e1460fd44dda59bf7e19c6b93ec,1788
d:184c77776bc942cc80d30bf3bb59d8ec,1789
d:184f35995dd5497f9ed9fb026d6d89e0,1790
d:18557b45e1f34208b2f0cb1750d27314,1791
d:1855a06b07f74da5bc181fbd2d102623,1792
d:1856760da2a74c7582d248292261911f,1793
d:185edc5460dc4f6b8bce015ab3a31cce,1794
d:185f842e7707437db85106cd955175f0,1795
d:1862068b735e49818afd90f09d8e10f8,1796
d:1865c21f62c44560b02b2d546dac926b,1797
d:18675cecf16543038471a9612bdd2f02,1798
d:18695bc8cdd441589ed7c5f0d3881011,1799
d:1869e95814a44e4abf4b4556f14f1484,1800
d:186e27558cf848438cd0c67795ee99b7,1801
d:18729cd05cde4fff8ad7ef847cc5bf77,1802
d:187834d2fcaa4d8d93cf382588d86cb2,1803
d:187a2f8cd4ee4f5d84e87df2ba853b1b,1804
d:1880ce5e56084393bd445c14a5386217,1805
d:188830508f484ea2919df26204042689,1806
d:188959c7a5d847d186ef6e5617b29425,1807
d:188cacd194ae41e9b1d7294acdd69be0,1808
d:188fc29b5a7a4ce68bd4282c2db799a0,1809
d:18938779b88a4987bfb7dfc917673173,1810
d:1895dea026b842fdae1075aa84373f5c,1811
d:18986e33ecab487391c9c5b8eb7d5c92,1812
d:18997ae7cb5043d094491d81a84a8d39,1813
d:189b18cb52ed4f9881dc9f33cd521fbd,1814
d:18a01a3b8fa3460ea34798d38a1b2f08,1815
d:18a323ab1a304410944faa8074c227f5,1816
d:18a37568ed9c4562b428738036c4bf5f,1817
d:18a533d638834b65aa1e4b87a2f56ae2,1818
d:18a558cf81274d46b2cc3efc64bb77ac,1819
d:18a7e678799d44418ef89803fbe1ae36,1820
d:18b504ba13f2458aad5f034bceb5cee6,1821
d:18b5bca869ce466494bc8d63f4724b3c,1822
d:18be96eac1c648a98564fc7c67b05b2d,1823
d:18bfdd7ca7114b4294c168fc4d46d7ba,1824
d:18c2d665c325436d80f57e894eccd1f5,1825
d:18c6cb67db4949f39d9d91020fec14fe,1826
d:18c8987f3f344b79b3237bd130904b76,1827
d:18ca5b1963354c3a891215467f4a3917,1828
d:18ca5e6ffc0b4abf80f10bd12e73cdc5,1829
d:18ce2600f3924797be1c2710987aa3b8,1830
d:18cf9060004e494bb0e2f8ce665961d4,1831
d:18d30bf6ec9f464ea191f35ef2d1d7b6,1832
d:18d48e5856ad49a1b063f141dcbbfd3d,1833
d:18dc11eea3d04f2383b1f64916d83fc8,1834
d:18e167ed5ce24e199adeaefa42ae5b7d,1835
d:18e281a64dc94405b2966f1c45e682e1,1836
d:18e73e9210ab4f0fbe0a90338a4a5202,1837
d:18ec9833ba1741f5975f3e45a75fb610,1838
d:18ef2044afcb49b493ad78e4c6aeff77,1839
d:18f33a27f0c64fe4a88cfa6109f3a1aa,1840
d:18f5daa9803d466b8820e189e38c1d42,1841
d:18f6e26d4c2f466fbfb53a15ddbeeb0f,1842
d:18f82cdd8abe471abf12fcf8dfae84f7,1843
d:18f9f48a184149f2980ac212a8b2a2d8,1844
d:18face12ea424da3a3a26eed0c4418c0,1845
d:18fe827d093740bd9dc3464ad0178190,1846
d:18ff54f50ad74a9fb82d1bcc173f9245,1847
d:18ffea424b6d4595b35119e0fd85d655,1848
d:190686b7a14a45bf906643c6296329c5,1849
d:190733557884436db154a7c452857d0f,1850
d:190b38fd012a4ea39009f72286bf5923,1851
d:190cedc032de434695b921543b5e16da,1852
d:190e50ce6d7144de9466ad84074e3dca,1853
d:190ffbb78793486abc0451a7212c7c5d,1854
d:1911bd63d31e41e5b722dc7005b47282,1855
d:191aadb69dc44c4695b375c6b8d8bfb8,1856
d:191bbf0cce784c8e8ebb6c6163b2b0be,1857
d:191ca4b9b65a485db64cb320bee6613a,1858
d:191cab2571e3469c827fbf5c7b292335,1859
d:192071b1d6bb4dd38717da8e444e78d9,1860
d:19248dab49604a73805a611e300f8d85,1861
d:1927218ee627436cb19d6a3c23d1e814,1862
d:192a351943d64fd79daf61f0490a07c8,1863
d:192e94d307484b14aca68bc01f101661,1864
d:1930c591196b428b92301b7ef3355e90,1865
d:1932e082f50241cca0f2a3c974204ee7,1866
d:193bfdd083314354823060ffc31eab56,1867
d:193c2b2ef05047e9af32ca72c12afa4a,1868
d:194005aaba8542ea9196f65d7a075c60,1869
d:19444b0927344a83bfc85c4d31207b54,1870
d:1945248a19414eaeb8c2e68215cc4e2d,1871
d:194574885d984dbf9ec90e8b43a090d0,1872
d:195aef1fa006489e94e233536127fca5,1873
d:19603a24198a4f419c41b72242a359bb,1874
d:1964ce90dbaa423d81a869f5adc8da64,1875
d:19668d95da524e8da86d5769bf0abf55,1876
d:1966d557a6b443e5a526cc8288d8909a,1877
d:1970a7a1db884fcf8e850287f80229c8,1878
d:1977f31b80c546b9a10209a0fad6c45b,1879
d:1978223ccba04c3493009f889f4ddba5,1880
d:19792c2e3cb14e10be54cce5a4d1a814,1881
d:1979e4b438234a6ea030e5bef6db2c8c,1882
d:197c7bac86ab4832b57d94449244cc11,1883
d:1985ab4b1fc1422dabfae013dfa136a8,1884
d:19870112d894415e9afbb477dd8687c4,1885
d:198a4781f1464290955301718baf30ce,1886
d:198ae098cce44fa29557f21657a2d604,1887
d:198b8e7bdd7c4405b18e6ad9728f1887,1888
d:198c24f10b1b4298bb70a2aa8d7ba5a2,1889
d:198e31eb9c5d4baca80204b35aeb0427,1890
d:19910477914a4191b1d8089de80fe0ba,1891
d:1992405b2ff24ffab736bd79265c549e,1892
d:1994e2c578384b9ebf8445be40814d69,1893
d:19982b8503034323a5d373dca2f41161,1894
d:1998f12602284af99b0144a64aca5334,1895
d:19a188becd6d4c94881cc2aedec66475,1896
d:19a8c70bc5f348d2950ba299c12add89,1897
d:19ab673b4c184f0a98ab13680fe8fff7,1898
d:19ababeeee86403d81b971104728fd76,1899
d:19afe9df1d664c0cb973a346432c852d,1900
d:19b140c66e7a42aeb0232d6d22427dee,1901
d:19b17389cc514d2cac76273f88e2d84a,1902
d:19b293351362472e8d8f220b0bb3b931,1903
d:19b5748e0567415a81159b1dc92eeb71,1904
d:19b875c8fe7b45df899460aea0b8baf2,1905
d:19bc75d1b67e441db80ecc3d93ad7096,1906
d:19bdc8ec1eff461fb1bf2643bed05f97,1907
d:19c32629db5e432bbc4fab6849d5c44a,1908
d:19c3fae4f2874e80bde9722b9a3fd621,1909
d:19c6d82fb64e4bd0827956bb8141a534,1910
d:19cfbcd41f5749b49930e8b8d162559f,1911
d:19d2c1d730ab487b908513450cc6d1a9,1912
d:19d6932f6c7549a6866463126581a056,1913
d:19dbdb8a7d3b4602a2bed33762ed12c2,1914
d:19dc0145c17042ff8d4e56b2693c1ffb,1915
d:19dcf1cc995146a9a60a0c996a4accc9,1916
d:19e1d22e9d8b491c8f7f31764393e677,1917
d:19e3df36bee946769b8eaa1b3d1a8797,1918
d:19e9b97f515b4d81bf7969e141e1bace,1919
d:19ea1cade4844279aa3e5c4203f4cf1e,1920
d:19eb33b88e2c43879e976c27af464b30,1921
d:19efd05c8499410888d32f7174169a93,1922
d:19f35e3b81df4acd92d5c569c98d7a56,1923
d:19f4a225f0e84ff3819cbe47833e1a0c,1924
d:19f5143870fd448a8a24037a4595acf1,1925
d:19f530f8a8af47da8ebe911afd523e2c,1926
d:19f9b052956040ad819e09969cdc87d6,1927
d:19fa3809ef5842a093bfbd1014cf0243,1928
d:19fca91882e24481b852bb197ae354ce,1929
d:19fe0a7ed1694c7a8b3130309422d29c,1930
d:1a011a800f48468eaf39bad920659e16,1931
d:1a09e8a7268249f3a0940e1039369316,1932
d:1a0ff6044f6a41179abb531beb3a4912,1933
d:1a19045b629e4e9ca89fe9e16a3af335,1934
d:1a1baa6d16f24c4985575b8a074ebead,1935
d:1a202dc7131b43b28a193cda9a0ff491,1936
d:1a2037ad9f98468ba4154f500984e6b5,1937
d:1a27373146e24db482aa82f6ecf3bf40,1938
d:1a28acd3a425455391a5191233e274e6,1939
d:1a295e3c96cc4b9aa654527e262d44bc,1940
d:1a2b3c11ecdd4689a7afa789746df133,1941
d:1a2da1e79d0c4d8badb0916ee6b353f4,1942
d:1a2e91ab5193443383ff84ee52207e01,1943
d:1a3155ea147b475381d441e72c99c77e,1944
d:1a34d48f112d4ef59b3339767a56a5b6,1945
d:1a3575bda20f4e66a8ad4338d8e73b9d,1946
d:1a39d06677834a70b96961d7e295d78a,1947
d:1a3c6321ad7b4c7ebe5c43ef91c586b7,1948
d:1a3cdd307e7b4055a6b1ed1d9ac162a8,1949
d:1a3d849a98ab4f8691b7f8daca25634f,1950
d:1a439e4f0de34412ad553e392eafe2c3,1951
d:1a4d625e8fd3448f8fe7a8200c77800c,1952
d:1a507a8a493b456889d1b13da4eb89f8,1953
d:1a51a1d8a84e4180857b07720d99feea,1954
d:1a53c9f6148b4d049dc29598f017461f,1955
d:1a556a71007646df972b5a2c166f1974,1956
d:1a5bc667dd6f476f8d20c0eb97b69a00,1957
d:1a62d5d7e2e0466a9bdde0260306a4c9,1958
d:1a62ffd6fee043c9910b60e5723b8846,1959
d:1a63fb05cf1448519ec6fa125508ac72,1960
d:1a67267723704b9fb23192c597512d41,1961
d:1a6d43212ecb43059030fcca472e15e9,1962
d:1a6f3d16e9f44a34907898147b9d77c5,1963
d:1a6f5b3f149c45f8b92706b13c584eec,1964
d:1a71e691cc31428ab806ba3d6164f66c,1965
d:1a76edeeda324ea39dffaf9a17230d33,1966
d:1a77303d7670440fab5ad770cdd81b66,1967
d:1a7a2766eb65418c80d454f102500aaa,1968
d:1a7d3f97eb524eb897e1cc95841d08a3,1969
d:1a805b8a9ab348a897b57fdaef552be5,1970
d:1a8d29fbbe7c44518f0ad978f1a310cf,1971
d:1a91577f8e6441238a67e033a9928aad,1972
d:1a936dac170b4e3d8effeaa4abc836b8,1973
d:1a95beeb72604e48bb8efa44eaa4ef6f,1974
d:1a964b99ef924c46afec713d18f19df0,1975
d:1a98b2af986343a9ae45ae1fe215c345,1976
d:1aa2084982124aa8a81d7d232dbe1b1c,1977
d:1ab12ccd70b14aa5b7f7fe9cfa80a6b7,1978
d:1ab7b2daa45645adb973d24df0a89d79,1979
d:1ac00e5b2a3b4f228c9a9fb4a323893c,1980
d:1ac00ede3c6d4ea6a2f366008fc8603d,1981
d:1ac130b94ef747ad80b436ab9f3fe3ce,1982
d:1ac5f7823c224e2a9166e610ab60347f,1983
d:1acbdf329aea49e486b2bfdd50fa2a25,1984
d:1acc69dc18a74845980e977667ccb33c,1985
d:1acf38a428b1478395b6967883bc6a05,1986
d:1ad0118134b54c96bf48c53033739406,1987
d:1ad115c3851d4c37ba4a5d43800d7968,1988
d:1ad1853620df43e2afad968cf5465145,1989
d:1ad3b5dfb3804798a11383f32ba8c1f4,1990
d:1ad43c915b154648a0fd07266f4a5ded,1991
d:1ad5f7377293454da8b6f91016896754,1992
d:1ad8285bba934b9eb35cdf6a92d176ed,1993
d:1ae7afe96cd24ed98911e5920ba45e9d,1994
d:1ae9c879878946a098e56d5e58216753,1995
d:1ae9ce72b7474bcfb995669b4e8a44ba,1996
d:1af14e6512704a38b1f8142d0c98f4b0,1997
d:1af3b7958cd4411f962bab0614f814c8,1998
d:1af51008f81a4b4087c752f859414ed3,1999
d:1af5b54db8634cfba9a212e9d66197a5,2000
d:1afb27180bde4fa7be8c0563ec4380e1,2001
d:1afbb87635864aeeaca353206bc182dd,2002
d:1b027f592b004e8196442dbbe749e5b1,2003
d:1b0581f1d7664eefa893fb4209867439,2004
d:1b06c13410f34e63a6fa86dbadaa8987,2005
d:1b1405f6b81c4f20bd476f3e8f020419,2006
d:1b1532532e244d01b81cd4fd814324ad,2007
d:1b17bce93b4c4193b606a16f2a54e33f,2008
d:1b19de095ceb4651ad26ffd66e52d072,2009
d:1b22c9159f3048ab8aab9d63a65c7e59,2010
d:1b22f1f417eb40d994c3303ccfdb9a41,2011
d:1b262d8bf4e44b9cb334ba8444111804,2012
d:1b282d4c58b2402bb3ca5abc52072b1a,2013
d:1b2e139c721c4a3689f184ae770b2f66,2014
d:1b2f66f728c644e78be47aa876c4385a,2015
d:1b3056b2cb884defa5fc153778b2ae42,2016
d:1b33d8451fff4ce89d4356154f9e1e14,2017
d:1b421883e0284228bfbedcb5ff9031cf,2018
d:1b475b9836814a29a8a295b27b20b625,2019
d:1b59867852ec4a53927db42d129745c2,2020
d:1b5a431bfa4645deaebf11681593a825,2021
d:1b5a86a0e09a4bbf8b0fe6d482f95112,2022
d:1b5ee665d0e84765b458f540c484b841,2023
d:1b5eef4907d54d989d2be40f1944067e,2024
d:1b6257b7475f4069911bbfe9e0270c2a,2025
d:1b634a51fdf94a0db05361afbfb0505d,2026
d:1b641356bbb542dea08b1843dbb84e5b,2027
d:1b6496b1302a4934a30fdc37b1eac021,2028
d:1b66a1560f4c458a973efe7298a73e8d,2029
d:1b68b0fd457247689570ac6ff2969966,2030
d:1b69880deaa541519c5e55aff18656ab,2031
d:1b6aa5f06cdc45808386156541141fb1,2032
d:1b6de0e7a86b45bca8c9262b085abcfc,2033
d:1b73a1ce48024e639bbe30bd0d54b608,2034
d:1b774daa5ff24f7885b4dc833218ba5c,2035
d:1b799776f5b747b19a66895e56255946,2036
d:1b7cc7fbbc73427b8a1d98b46e06a789,2037
d:1b839be1abf94418a4339a751eec1b57,2038
d:1b88461ca00d48ffbc0202406b185c2f,2039
d:1b8a6e74cbf54619886207132c66b77e,2040
d:1b93028439e84d6ba95fc8af11853dd5,2041
d:1b9520f78e924a67af52d45d3c7fed95,2042
d:1b9be24e9a144780b1dc8765d769008e,2043
d:1b9f707c8dc94f6c90119cd1c425df10,2044
d:1ba044074d88441a8cf792beefe5c94a,2045
d:1ba0c871ebbb4ed6a54124b9965a7e98,2046
d:1ba40aac265148498157ea21881e617b,2047
d:1baf7bf768ba43938c0247d2c3bde7a8,2048
d:1bb9e9998bc6417db57c32536b1048a0,2049
d:1bbc2498d2c1410bb1bd6b27e9c6300d,2050
d:1bc4170942b54258a2b415385c03931a,2051
d:1bc6c031c6f94869a7fcd2fb5a33f4d3,2052
d:1bcba927959843d0a2df4551f1fcfbc1,2053
d:1bce52ed2b4b408292089ca1f17fbf83,2054
d:1bd296e296484143a5b2dc99b32bc994,2055
d:1bd303317b5f4a61978495931f7d3d9a,2056
d:1bd83b6d65724b0ba024eb260af69ef5,2057
d:1bd8eecb0ab14c15a6ab5ff796c787ab,2058
d:1bd97d0725a44bb4b4de9449ccd84986,2059
d:1bdb76f78ac348f786fa7c31f45079fd,2060
d:1bde630471264ae9ba30a50d57d2bc06,2061
d:1be2e700696a4816940748c9bc7688f8,2062
d:1be85c61c14e440dba137dd425b6b77c,2063
d:1bee843655a44bda85ef0fae9a418697,2064
d:1bf0825cfb8e45dca733dbe9d353a7b9,2065
d:1bf12fce93ff4ad79ad894ee512519b1,2066
d:1bf77a628e9a4d72ba86ac14564e2a84,2067
d:1c0116d2f00f4318b2b3c510b8bf5b36,2068
d:1c066b927b73444db773734cf14d5c2c,2069
d:1c06ba6fedcd4c34b55f602daaa255a8,2070
d:1c0b46ac333245aba50c06c7e7efc771,2071
d:1c0c33c5642e44729c0f0805202ffff6,2072
d:1c0cc933e4f54cc5a042134ffa62d4b6,2073
d:1c0e3afd89254e9caa9563dfe54dbee0,2074
d:1c10889fad954e40bc5c7bc2354d6df5,2075
d:1c17390670244b7db9ae390711249e51,2076
d:1c17dcf4340a437f8e4c7ce245ef004c,2077
d:1c1b07e3523044898fe63a55b139a931,2078
d:1c1ce7a5c6104859b820a552d1aab740,2079
d:1c227bcee53f4d3abfeba379cc76fe19,2080
d:1c2511757fb54dbe9281e5a407ee0b19,2081
d:1c2a9b28643743b9bd0e7f61b588aa9e,2082
d:1c2da6312c304e428c5fb7c2893739a3,2083
d:1c2fc91469984cc4b1c346e1545414ed,2084
d:1c3646f58dee49fa8bf826fbd2347a6f,2085
d:1c3780528bf644ad94a1a5be15a82f03,2086
d:1c3da1cd81ce472cb598e16ae5d7a544,2087
d:1c449e23e2724526b61885932ac800e1,2088
d:1c533a22c6014f44830f80eb57229b80,2089
d:1c554598b7ee4d64879dd8cab220404f,2090
d:1c556ce46c2e4975a2a7391e1b7a0b6c,2091
d:1c584c3cf8f6457ea16c012fcf9ddd9d,2092
d:1c59e9d484e046319e9dabeb6ff1b625,2093
d:1c5e2654047444729393e851b3c3f96b,2094
d:1c5f8567fb2e495eab7a9b91e0045adb,2095
d:1c6032301f314cee8335f85514baa010,2096
d:1c678ceed45a43a1a66285c30da1ef9f,2097
d:1c691020ee884e83ae517c676abbbe8d,2098
d:1c6e55d303dc4f089228a3b44966a4bb,2099
d:1c7333836dbe410c84895071578220d8,2100
d:1c7462828d1642248183c90301209dd8,2101
d:1c7e15224b404c2cb8b4e304d8d56dc8,2102
d:1c84b48f3b5a4960ad797eb971e57884,2103
d:1c8a9ad0ae914abc9f1e66d521594783,2104
d:1c8bfcbeebbd4cd082784a101aee29d8,2105
d:1c8ed30c3f854d1189692b4fd97ecddd,2106
d:1c9479eb49b74ad9af3656bca207ea7c,2107
d:1c9825fb84bc4d3fbd3082c99a98fc4b,2108
d:1c9b53ddbd7644198e300c19bac8535d,2109
d:1ca010f4802e4ddcb358fb982cec1b60,2110
d:1ca600c342e94e0684fd493883442a72,2111
d:1ca7cb50baa3469baa813937c054a978,2112
d:1ca8dc335bb94250865253ee3093b3ae,2113
d:1ca8e7338f284226b4cdcd5ac651a0fa,2114
d:1cb1aaaf05f740a0815b6d778a3a1baf,2115
d:1cb2198254314be9aedf4f5ca140e08c,2116
d:1cb219886a864027a5f6917a196e6931,2117
d:1cb7053db9e14c52a623339770eed75e,2118
d:1cb8509a251842ab89f292893809ebd7,2119
d:1cb858fd269347cb85705b61d29cfc6b,2120
d:1cb9858a95d249e9b5332f5b23d3481a,2121
d:1cb98702da9244869c7fbd534f5acac1,2122
d:1cbb184e733f4d1b99f915965379e4a8,2123
d:1cc12939828f41eb85b1de75c9cbcef3,2124
d:1cc2630b866f4b62b67fc19bc834fd06,2125
d:1cc73d36cd7140ef85522cfa26810660,2126
d:1ccd359b3def4f5b8eab2c3497b8cf9b,2127
d:1cd0108f2e8c472dbf71b930da44a6ac,2128
d:1cd7435ce6ff4e85a72a19771a753f6a,2129
d:1ce2667ef4d24c9ab06acdbcbda9915e,2130
d:1ce6aae6568c4af794be98fc2205ecf3,2131
d:1ce717a59e1f4b488336b57dd182affa,2132
d:1ce8a99bf6334307976be12e33a84ab0,2133
d:1ce8e26f54d84afd8a902f3cb1aa60e3,2134
d:1ceaa70fb1d74c11b52005078591a19f,2135
d:1cebcf8549c84c86890319f686dee22a,2136
d:1cee5876d63b4a70b3616ec14b021972,2137
d:1cef31df46ce4bc7a9453da62e61db3e,2138
d:1cf0146caa334e94b7cbd8e31a19cc32,2139
d:1cf0e4354e594a44bfc88fdb0f46635c,2140
d:1cf1936860dc4d48ae8f276fdc389c55,2141
d:1cf1dc6fc44d4eecb114ee0bd74230c6,2142
d:1cf922eb83f04b67b6eddc634a4bcc57,2143
d:1cfa61cd03064a9691d89b60e812f4a6,2144
d:1cfc2dd941ee47bcad21157540251128,2145
d:1d0089b80450409798a71884c60e3e74,2146
d:1d07d9e068034379a798945b9f2cbf90,2147
d:1d08f46ff66b44c8ac54b9a49861793d,2148
d:1d122d43101e43069903c3b5648d598c,2149
d:1d13e1b6b21a4193942281e009cf6411,2150
d:1d1c1bee32244577b89ffc9fe417358b,2151
d:1d237ea9cc36421d8eaa89e9868e6e55,2152
d:1d2510ac1ed341488ef2f9f2145b5965,2153
d:1d258e3e498c4181b04106c2fe224179,2154
d:1d2876500ef74431b6447d09bbb3d080,2155
d:1d2b2235551840ecb5e9e4a552276a85,2156
d:1d2cd012883d4df4bbdb7bc4598de579,2157
d:1d31b2563cc8407c9b74f7a9e0354096,2158
d:1d338043529f430585d1f398780252fe,2159
d:1d37521469154eb989b6baa47893eb44,2160
d:1d38465b4d7d4a3e9321c2494093fc7d,2161
d:1d3e789a767a460c9cd73217c040176e,2162
d:1d46144d32be4e1caf0f368cf4936029,2163
d:1d470dfc5a89435b88afae1eac17149d,2164
d:1d4c0f6a7f054bd482420a907ea2a7c6,2165
d:1d5576e21ce543c1b50b5f5e80e77971,2166
d:1d5c4d050c624e4da7d6ab635cac7d2c,2167
d:1d660f229af44a8da0393a2f89980650,2168
d:1d6bbd4940154689bdb9da55099e84ea,2169
d:1d7403eab4aa4299b80f1fc39d03052f,2170
d:1d792d1c8c3d41da9da725ddf5c42f68,2171
d:1d798ab4c0ab4c01aeca652a1ad9966c,2172
d:1d7cd34605804eda8a3a5b49bf2142fd,2173
d:1d82dc7277fe4bbd8d57a285fce21449,2174
d:1d83af95cc034e9b9fa6e48c41785e1c,2175
d:1d89d2fdf4b44f2a8e818a31b54800a9,2176
d:1d8f8e9d21a74686b04b33e7a5dc9524,2177
d:1d914e66d4f841c4a1944c2ea890dc94,2178
d:1d973578dea14065aa6d9b86e287ba64,2179
d:1d9867bb3af24f16bdd7bac536efbf23,2180
d:1da5f7f4c2dc4b5ba02bebda17f50f9a,2181
d:1da80735dd0349dcb932ba5c72dd2d2c,2182
d:1da8a66174d244d48a5b8534d989a3f0,2183
d:1da8e74db68c447081ca1bc2d8c38ede,2184
d:1da9da6bf36f4e96839f9428e4afda4c,2185
d:1daab79035d44fffbd117ee503cfc670,2186
d:1db8dc287fb3449d9bfaa076da6cceab,2187
d:1dc247279b154ab298d4b3964569a6b8,2188
d:1dc2b490f8a3455b932e87104800f3cc,2189
d:1dc31f455bda4d39b0ffc8c43344773a,2190
d:1dc41cbadacd42b1b363a5065b3a56af,2191
d:1dc81f72a06a4f2495a7cc2410be892b,2192
d:1dcc8c27ef3246f5910a1a8efdecc52f,2193
d:1dce2e8bced34b5f913a963f9d846ca0,2194
d:1dd07f057e9a4624876d04ab20ba3ede,2195
d:1dd162e801b5458696d53e86fc2d4cff,2196
d:1dd295928c3f4a94af29409049c8baf4,2197
d:1ddf6f790ea54af0a6a23a7ce6cc3a8a,2198
d:1de56daa04fb47d7bed5cdf099048e4c,2199
d:1de8a1c64a0b429cad7def0dea35fc6b,2200
d:1deb6a24caab4092bf8b8974cda982b6,2201
d:1dec3178f9f54365a10e2ddf6512a643,2202
d:1dec493a5d9847be934a69885646b100,2203
d:1df299dd9ac94a3eac4f9bae14e0e852,2204
d:1df72653b5d149d28b9bf09eac7708c2,2205
d:1df756075fb449618cd19ccf002d5d34,2206
d:1df9306f2ba94e29957ec4e618fb297d,2207
d:1df9a7f66e2f4553b31859f30a3d5a6d,2208
d:1dfde4ce3a2044ddbd19ac09308a0507,2209
d:1dff933f3dbb4a5686eb31ea3d4f7653,2210
d:1e04a8dfb11948738c21aa1e287ffd44,2211
d:1e052c1998dd40f9b6498c0578e7bfdf,2212
d:1e058b0d08a444b6a14bd32e2fb61c27,2213
d:1e0689a0448c4cbd915d88ae7f4902d0,2214
d:1e0c26d09ba34a96af4de5799502b5d3,2215
d:1e1077987f2249cd9b9479846d6f14cd,2216
d:1e145615f94b4b6a98c50f0d54dfa9e8,2217
d:1e14dc678105450b9857c994efb73930,2218
d:1e2722647eed4c9aba3692ee7d14bdc5,2219
d:1e2ff878d1aa499694d8ec2359d275d0,2220
d:1e34af514f03481f8014b9ab23c1d3bc,2221
d:1e3a9d8562f54ab39220b8af4b76df0a,2222
d:1e3cd323f04a44e8ae5c4bd3e791e207,2223
d:1e3e88fdee1a4e23bfccaf7c45db0651,2224
d:1e41e933c35c4c10a97aed45d7eebeb9,2225
d:1e430007f207423593fa77cd0d90dd5f,2226
d:1e44b29eb2524e2d823f3c63aed97f8e,2227
d:1e45e78635264eb8bc8b169dbc8b3358,2228
d:1e4b1218af1049d186640d2a576802f4,2229
d:1e4db166411847dda0159c4ec6f9217c,2230
d:1e528787787441f6bd939f86a648707b,2231
d:1e6756dbe8b74c5ba93dc732aab8fe01,2232
d:1e70040e89bd4d9f9dc51005516b5926,2233
d:1e70d47f30014b8d8d40ef0c4531d82a,2234
d:1e71918096a642ec87e2f828215e839c,2235
d:1e7462b891ab4af98efc6988a734cfae,2236
d:1e7657e68b454103b0a62b7b9aa6b414,2237
d:1e7bb049b92a419db5003603cc897fed,2238
d:1e8605b4bbe04559845b2375bd0a0248,2239
d:1e8951bbc60c4bfabf352a3daa17ee7c,2240
d:1e8a7777ef794660b764a5ca9c174677,2241
d:1e8d4b7b961d402aacbc6281c4149a14,2242
d:1e8ff3f111284b1f8fd6fb4a08f60979,2243
d:1e91b99e884741b9ae7bd73d83f17f71,2244
d:1e9335f3b7a545c99d1be8e913bc4186,2245
d:1e939a0773e04508b044071501ce032a,2246
d:1e9dbcb135b2440187b7f3edf71523d7,2247
d:1ea05f6a797c493e87dbf1c39843cf8f,2248
d:1ea439a52e914f25b978f8218252e0f5,2249
d:1ea7e9e12ac0494fac387444dd746862,2250
d:1eac372e31d04f6582c2ba8b8625c726,2251
d:1ead3951f9b0486389f2ec8b88582030,2252
d:1eb125cdad08412c998ce79f4c505109,2253
d:1eb2a2f241604711824262beb273ec98,2254
d:1eb468cda74a41d0b58a5f52a12d98a9,2255
d:1eb5d55d05254eb3b716b2b892795f14,2256
d:1eb964058051426a94623935fdf5a31c,2257
d:1ebdb836a44d414a9b72bf0c51ff0b58,2258
d:1ec5dc66203c437f84e52dcacc4d9e28,2259
d:1ec60e78a55846fb9d69035f1924535c,2260
d:1ec65958d6fd4310a002b1042ca7f42a,2261
d:1eca04a8ce034ec585434816017a9849,2262
d:1edae894050c4ea0b2de722d10e0cbc6,2263
d:1edf6769bad14bb1baf3cdd57e0ef445,2264
d:1ee21751571e410ba758a97dcf6e6cf1,2265
d:1ee8523de39343ddb822964379abda13,2266
d:1eeafbf9cefe4813a8d0e7fa24f453d5,2267
d:1eedb627013947e1ba4e2718bc79cea0,2268
d:1ef326f565d24badb81aba98d5598940,2269
d:1ef7a652daa745dd82c276486f1e072c,2270
d:1ef98a5c7a1f4707bca57b2723f34482,2271
d:1efa575a4fe94ebd853dffc676cdfeec,2272
d:1efd98fc6a934e49b6ff5541e9d942a3,2273
d:1f05d0ed592b4a95a3fd1b56af824525,2274
d:1f0a32775b2c460288366a6aef87150b,2275
d:1f0ce5b500744202826a652a1403c214,2276
d:1f0e0ce2189c4e1bbe2be5f0d5933b6e,2277
d:1f0f479e0b424c83a2490a1b74cd69b9,2278
d:1f14a7d387ee4846932a2870c29e29c7,2279
d:1f168b27e14347818c5da16c1a4cc68d,2280
d:1f1c4932e09145bba1264dffa015da0c,2281
d:1f1f883e239447fb8a3ca8daac43284d,2282
d:1f216238b9904607aabc3c358681e7bb,2283
d:1f23b15a384641c3ab63fe00414e9dff,2284
d:1f26e454990049e89ece7c40e6d48724,2285
d:1f2d6065298b4954ba6c17ea08a54d05,2286
d:1f2ec004496648d5baf7604a4e106cd0,2287
d:1f33508b8a9c4ed68da5046be15857db,2288
d:1f33d55b7a1f4256b6e19d613f11936f,2289
d:1f3438d845a04198accc0acaf4022c48,2290
d:1f36ed3b266440398e434937a567a06e,2291
d:1f43f014371c43de944e7e4bffd65a7f,2292
d:1f48b3aaa99041798ec2a1dab75cd2d8,2293
d:1f4ba667daf54977974e874b54096e30,2294
d:1f4ca48300cf409e81906c2dbda2c8d8,2295
d:1f510000947c4ea6ace942791886c4a1,2296
d:1f54de32322d43d0b38ebe110e9a58b9,2297
d:1f55dde35f3249ee999e8fd4a03d87bd,2298
d:1f57afcb01754b938bfadee52d659b6f,2299
d:1f5a25701c764200ac1e5efd48578320,2300
d:1f607bb540ed408f99477febf67390a5,2301
d:1f64f8ecace74451b4f0a40b71915e34,2302
d:1f66ba8b8140456c943d5261d8077b20,2303
d:1f6b8f5c3f33420b8eca710a4f2cd5d2,2304
d:1f6fd26c43634ff4b354dc305cf48c37,2305
d:1f70f762bd284c9795aa2507862c4fdf,2306
d:1f7a306fddbb48bc9634eb16711e370b,2307
d:1f7a74a205f34d35a4445f215215a847,2308
d:1f7ec7ebdc9e4b7eb9f1f503c4764754,2309
d:1f7ed360d1dc4342adb138d5e2d591fd,2310
d:1f85888967bf4151bf90fbef18b33276,2311
d:1f85dc374ce3414a9b04860162a6ab9f,2312
d:1f8db9f75a7f49ef963d4e9a726be03f,2313
d:1f923ef9aa714ab1816d9679e39a43a4,2314
d:1f9282d3104f4db799255a74e47823d0,2315
d:1f94857079e546b1bb363b5acee5d943,2316
d:1f956978a1004ad9bbf61c43cb9fabde,2317
d:1f9ba5edf7a243128582d33eec4045f8,2318
d:1fa0b9bf4f6741bfa90d6ff3d9357d1e,2319
d:1fa0c2a71f834d73b4fd57e9468a7d06,2320
d:1fa2efcafb1c4c7383c06021c4870775,2321
d:1fa3fdc5aea54d0e8a49cadc32716e27,2322
d:1faa0eef9cd54e58aaa0d8dab3fe52ad,2323
d:1faacef0940b4a6bafafe7472a4f1b83,2324
d:1facf2d30b7f4e3b83844b0e3b2e1c33,2325
d:1fae219b29e847bd83e2517bb2893403,2326
d:1fb1af282e924879b20ef3e9a1d3700b,2327
d:1fb4c3389318415f898cfb9793a2e700,2328
d:1fb6ef07591245dfad36d333f2a85652,2329
d:1fbbcd6347c347b2bd68fddf352eb21d,2330
d:1fc07aea6f734a76b5ab67f3c2ef8e4f,2331
d:1fc36d84c334462b957fc44ce78aa4c0,2332
d:1fcb53321539453c8746037715159d13,2333
d:1fcced7d86a242ab8965a8faf734c1b1,2334
d:1fd1543cf9dd43439620a451a6cdc428,2335
d:1fd4dacdcb254d22b38a58ea836684fa,2336
d:1fd52b3b9aca4974ae49accd517a2bfb,2337
d:1fde301595bf41aa97278baa5cafed16,2338
d:1fdf15d0d2d246ba884bfe647a91d480,2339
d:1fe412665ae4414db13679d70f3886f6,2340
d:1fe64f27d77740d5a534bc293fefc4f1,2341
d:1fe845e4600d4c06baea374d230cfc18,2342
d:1fec43e2dd1e409e9aebfe75eccf64dd,2343
d:1ff014f9d3984ed29cd6d01289b4c03f,2344
d:1ff0babf5e784f7e997aa43af6e68b08,2345
d:1ff8b80893bd4980845ca0c24ed5b3ee,2346
d:1ffbd4872aa44df69c860113a0f4e964,2347
d:200020603e52491682a0962a6ef3e9d3,2348
d:20060da953d448e886517b3f229c3711,2349
d:2015762a0dc04702a854285777bb4543,2350
d:20184ce773dc41b8a024d2c4c81d40a1,2351
d:2020dcbe9250424abfeae8354466def0,2352
d:20227f6da8564d50adcda2bcfeb6d70d,2353
d:2024939143a44870baa183363e8da794,2354
d:20258a10d1014b129dc5b8b7cd78ae44,2355
d:202a29aeb6e844adae00af0707f13b58,2356
d:202e1c9ab0764c709dd8a94da973eaa8,2357
d:2031bc65f9504eb08fd4cc789a7453c0,2358
d:2032714a869347239f78e66b892dbaf6,2359
d:2033f9e57a714ce7856baf8448267efd,2360
d:203a6d2cbd3f42a4a7f8ceb9e210c4c7,2361
d:203c2aa68e744ae0a9fe8345d594ba06,2362
d:204679cbe32c46b6b14877ae90c5d455,2363
d:2047a55f93f74e2bbd5e17ec646f41e9,2364
d:204d4a9daafc41e88a99068309543ab6,2365
d:204e6f75b7e94ac097ee3d837a2f7aa5,2366
d:2053f713be7b4901b47b1f18d6e11b4f,2367
d:20594cf2cac04408bc600984290d6045,2368
d:20624145b7ce4cc4a2bac74e0d753a18,2369
d:206d73bdb37840f1afa46dc7a7f3325b,2370
d:20708ac84f6843fe96c7d89c5ee0a0b3,2371
d:2075a3af72204619be601514ea20b980,2372
d:20774327b69a4c3b884f6696c58720fa,2373
d:208318c53d404a0ebffe5c45078ed177,2374
d:2088749f36384c3c82c7c84c23f0953d,2375
d:2088b800ba7b4c6bb76d625e49d9d1e8,2376
d:208922d4445448168e87fd9f2f1387d5,2377
d:208e687a3cf340dcbb4ce000f82a9859,2378
d:2091e4a4664b4a78b591a7543fcbd393,2379
d:2095f090989d4c248a8f4642fbfdceef,2380
d:209627a95cb74b7cb5441914a0dc11d8,2381
d:20a2e0b780184fd380a9c2ecdacc6d91,2382
d:20a497b6f34a4bbebafde6a459974ea4,2383
d:20a6009510c74c11b84799e1f7ab1291,2384
d:20abeb766f1244e4b8ee4b6e3b16a097,2385
d:20b116d251b342d68da2d84f44511f24,2386
d:20b81451dbc6456793f21a3fc339cdcd,2387
d:20bb4c8156e241039b002b9e1bb02046,2388
d:20be4ed6202841d8929db5c0c4decf09,2389
d:20c0141649cd4a53bd58f5d4cb06b47e,2390
d:20c2a3cd9ac3457389692dbef85d5ee8,2391
d:20c6869ef6114fc486555dfed0996999,2392
d:20c68a6a893447c48ad88a957280eb66,2393
d:20c8c46351104035ba36e76d012a422b,2394
d:20cd1074c695474899ad8e28705913d7,2395
d:20d229b562564ebba6330a98d76d9540,2396
d:20d77d46efae4a1d98a22b20f9271be3,2397
d:20d7cf407ba048c28fd40f24d3951ab3,2398
d:20da2ea8d99441fca4c4327bd562230d,2399
d:20ddd00e4b4a41f596d41feda77034e7,2400
d:20e5e5bf212648918174e0b8e03aee6b,2401
d:20e759a934f749edb87cd6fd98014641,2402
d:20ee341207e74f0b8e88c0b99bc1262f,2403
d:20f1c858d09944ecbc651b5f656e1cd7,2404
d:20f320c7b28c425aad4784c364a2405e,2405
d:20f569242a9b4337984f97d19a070eb9,2406
d:210575aa09cc41579f877d882e1a684e,2407
d:21081a3b9f864d12be67d1768ca2d07a,2408
d:210c94f9b2a3495cbe2de4b395de7b4a,2409
d:21160736c5444fa8afd4590d008eff96,2410
d:21177ebcd5764938b3d9d2ab201fb53b,2411
d:211a34627a1b4d31a49a63134c99c70b,2412
d:211babf6bb4b4cf3bf730413bcf77908,2413
d:211e464fffb24426a7e843cd112cdf4e,2414
d:211fb275b35e4e41904e7794712dfa21,2415
d:2120c4becafc40ae8318c1de0cca252d,2416
d:2123dde164944d6aa59e0a27ea33c44e,2417
d:2123febf3bd54a7ca986f3bbfdc19cc7,2418
d:2124211aba7b42e689f2815fdf65bc6d,2419
d:21276cda025b409a97c73ff04ee3daec,2420
d:212a2db717ae478eb54bef1ffaae31d9,2421
d:212e5bdf7184470291198609bb5429af,2422
d:2131af97345047058775afa294fd97dd,2423
d:213b88dd2ba04844bc1cd0e6bbcd8cb9,2424
d:213bf5b696924d89add9b91d8018ed01,2425
d:2140d3713c414dd5a346e0abcb3a5ea5,2426
d:214118885aae4573b2f3becad39d02ce,2427
d:2149f479c0d044c180b000f2367c0846,2428
d:214ac8ae85d14281921c64b94f638226,2429
d:214d6508eb4e499ba5fb6c703e8380ca,2430
d:214d9208923442808c7eadde6f4a4ec9,2431
d:214f15d8cd7346909db5584f14de574b,2432
d:2155f3cf77344cfebc1d97a593a68b44,2433
d:2156e93cdf1f4ef49e5ac87148e8141b,2434
d:2157227ee73749eba44268f0494c75c1,2435
d:215999f328ba4ee6814f6b9d783c3761,2436
d:2161068950844dbe8a486f8de7a9fbf3,2437
d:2161551f4a0b43bba66d791313e27021,2438
d:21616d9c9eed40f3b6522ce8c86b13ef,2439
d:2161ba8222cf445780ccbfbf2c68d7dc,2440
d:21632a0547e540e59bd8ae106a48c3f6,2441
d:21647c8656814d6690ed83ad3b9ddb30,2442
d:216a08d60e3e4827aa8eff5af5ca7b17,2443
d:216acfb1fb3141a0850c5c9d5a2f2db8,2444
d:2173fd55266a46eb8d4561f25d293b91,2445
d:21780d07b0134aa9814eac2dcf2942ff,2446
d:217a40d80b7a4cdcacc4f8f89978e698,2447
d:218ffb10091542649a58d0a7aa057226,2448
d:219403dca50448fd91369c25e2a26ee0,2449
d:2195056a78124451a81aabce1edce88f,2450
d:21985287cf6b4783abbedb1091469f01,2451
d:2198da15ca3d4523ab5ddc49f009a052,2452
d:21995e0559e147f5abd01981fbbb85d1,2453
d:219d0191785a42ab81fbf95fe1dffdd0,2454
d:21a30b47463f46d492754697fee3f3e5,2455
d:21a5cf9930464466816cf104cb4ea7c8,2456
d:21af9d7693e14be4822a0bd159aefa80,2457
d:21bab13229d4497bb2021cd737119ff9,2458
d:21be220648a84bc5a7317aae94c20e4b,2459
d:21c02c0edca24eb88e3196662871108e,2460
d:21c0ff8a2db14e959f8c71e6c0b94678,2461
d:21c4cc5fc5774e809c8437246d549713,2462
d:21cd995086c54a2e8299d200d85e3ffe,2463
d:21d0ea3aa5b143c69913a80d1cecc5e0,2464
d:21d145aa4a014e6ab6de41b40841e9c3,2465
d:21d191d962e94645ae57fa8e1c6f3d41,2466
d:21d1dc25a5e1423db23ee4acceac394a,2467
d:21d1e08a93194ce680a273dd73d47a6d,2468
d:21d23e107b9c445283eb93383f9cdcd2,2469
d:21d2ef9ecf16495eb5909190d439b09e,2470
d:21d7e8800efc4d648baed577e8d88578,2471
d:21d8387529fa4a799931bdb83a719bd6,2472
d:21d84ecce2e6462180c33917bf9ff80f,2473
d:21d8c33787174aa9b3913913c869efaf,2474
d:21db0a2104794746ac64459e289bf8ab,2475
d:21e012ea6cf049a2ae84e3e83a32dd11,2476
d:21e01e0961fa4d4dabf0b01a4eab04ed,2477
d:21e30b3ca6a248feae31bca67f423ad2,2478
d:21e5bee1e48a481bb3e947a55ceb020b,2479
d:21e822975a2e4032983e1c6ecee884b6,2480
d:21f1fdef38ad43dba81371a4c4615ced,2481
d:21f69ee9b1654a99aa9599fb0fceef4d,2482
d:21f70616f7fc47b58435418fac56842e,2483
d:21f9492b5d024a589d03ef237c245be5,2484
d:21fc52cb981d4c98a17789b31d952f82,2485
d:21fd7a039d1a4f988fbf94386dc55828,2486
d:2200001af14241018686bec272141ae0,2487
d:22086b5002e94272bba6e549d2be4737,2488
d:2212886e32c34439a4cb90190e061f8e,2489
d:2216e6c26ac64176817abe4318d6a470,2490
d:221ccbd817e043e38b71f664445b2dc3,2491
d:221dfd4dd8cf4c2fa95035b902677eb5,2492
d:2221ed6b574d4ce19255ce2f80dde4c4,2493
d:2223001abd034c17bf77c512add4ef20,2494
d:222463cab5df480a971a955ceb2fefd7,2495
d:22299ee05f744227b2ba87c9fe34cb2f,2496
d:222bcb99aa5a45868596ebcbb1e41f81,2497
d:22313838435944d1b747b0160a140d42,2498
d:2236ce1016bc474ab406d9446c9c7344,2499
d:22373c8acdd9489291d4586143c6be50,2500
d:22448c56cd6944d59910c0ad99bc5a5f,2501
d:224c7ad7a9974ba0828ffc2dfa196b99,2502
d:22513f12281b4d588a5f0bd6953a771e,2503
d:2258e70bfa11489f94cd31daa2892a8a,2504
d:225972daeaca4f10b37953267f7cb243,2505
d:2264d2ccc5bb492aaceadb8b17c4621e,2506
d:226793020453441a865f6eb5e3119041,2507
d:2270b9964ee8428e93c62ce4754ed8da,2508
d:2270c06ef89c4985906f45852091d8bf,2509
d:2272813d11c9464f82543bce74c8222c,2510
d:22782009513c4708b66b7af07ae95473,2511
d:227eebd4155746e0b7d6facac5add479,2512
d:227f7cedfed346fbbca5759428e384c5,2513
d:2280fa3eb603462686268685664adaf1,2514
d:2281edf9735b406da4769ed804f365f0,2515
d:22834dced70541949f414b4a8aab472d,2516
d:2283cd903c38471db4173abdbe16b25f,2517
d:22850a4c625441399bf5d979b2771154,2518
d:2289de78f1d747bc8efc9eb108dfb0a5,2519
d:228a873090a0442c9b7e054e0eb1f72c,2520
d:22911c0f6cf74a098fb483e182b4ce3a,2521
d:229292c0a2f24642bbd0914c82ce1e7b,2522
d:2296a33cfdaf4b62a29472f22cd6445e,2523
d:22994990cc1043c2a40a37592fbb4600,2524
d:22997415eb054a2cb9c1383131e6eaa7,2525
d:229a8a69f48b4b5b9d4e2ebaf37abf67,2526
d:22aa4dbaf38e4e3d88c953de29149b90,2527
d:22adac8de29947a0a887bf2f58a4a1e0,2528
d:22b18acc545344b796ae4a47c233a8f3,2529
d:22b608c923f844118f503d67f9d6f2f5,2530
d:22be5a110eff4d60abc31bd969fd86dc,2531
d:22c353f4ce634d639b27d63cc32e8dc9,2532
d:22c6d29642e047688b688508597534ff,2533
d:22c7afb4354742b8b1626d0aabbe9b24,2534
d:22c8813d79e3453c89dba7c5176941cc,2535
d:22cc33c1b1664ebe8ef580d9ff0e151c,2536
d:22d04c6a556b4563908aaf023218ef93,2537
d:22de90d1e03247f2874569f8a50496ea,2538
d:22def6ba6acf4e198dcf5d672f383aa4,2539
d:22e3bc2b4e074525bfde96af53ac6342,2540
d:22e5753f228d4904b5f38e0b5b214782,2541
d:22f10fd02948435585e33ab6fae5a001,2542
d:22f29204ce4b43c3b5cd1697e20a7124,2543
d:22f346460fb64c00b86ca14cce71cd2a,2544
d:22f43299bdc14b8ca70dfb68f5c3c314,2545
d:22fa06e50f6e4d308496552ae1cf00bf,2546
d:2304337ac0d140678085ad05e6b75855,2547
d:23065410816d47f69772c0729dde5f52,2548
d:2307342e3b064c9bab0b23878fbdbf0e,2549
d:2309376f57d94574b7a9d461ef93b774,2550
d:23111ef3a30f436fa699b1789c6fb909,2551
d:23184735a7914bc890119afa6e0cc20f,2552
d:2319d6503ecd48cea9a4982f730b8cc7,2553
d:231a354a99064e37bfb975fe6bb4a9dd,2554
d:23229e8628d04ea6a0fa38c21c620ab1,2555
d:232404b05911458ab07a068c967e7e70,2556
d:2328f1b9869542e9b353d5dc0f1b0721,2557
d:232ac84478c942f4be02dc35cc2d6dfb,2558
d:233732d408f34dd08e276262ad81c664,2559
d:233a714b77114ec0a587582593976d40,2560
d:233bc978d1c6474a93e03c42accf2d4c,2561
d:23430c034c8e4b409ee25bc9315bfb94,2562
d:23486e90a4aa4e3db68839f0902d5674,2563
d:234e6816e3eb400aaf3c0e3bfe7ced24,2564
d:23582f3ad9504baaa86e8e533ab07726,2565
d:2359f1ee6d4646af83f65bdf11e49e1c,2566
d:2362663f2144478ba6cc7e67c5f2b7c2,2567
d:23641fc68a1049fe9eae907b63dd3f8d,2568
d:236e43cac1b142189942fd5a228bc7d7,2569
d:236edb8f4d814e2c99121212a63c8fde,2570
d:23784ef32f95410db73e69f98c2e03c8,2571
d:237e06497ab54fe9ad9056e35c28a0a7,2572
d:237f4dca2ddf487c87dabde391837fe5,2573
d:238947c8f4894895a11fe3977c48a1b0,2574
d:238fbc02e2914c588c8b2ff1d673f734,2575
d:2390658f262248cc9c41e30c0030e12a,2576
d:2397aac4dd604372837bf8cde365065c,2577
d:2398f0fac9f7498aa1a9eaabcb369ed3,2578
d:239aa2613c784086b42a6f9ce82c9310,2579
d:23a7c002871a45e288d565fe5ab8116a,2580
d:23a9119ca56f4961a443057c636a24ba,2581
d:23b177b1b2ad4dceb83094600ce297c0,2582
d:23b3b8fa2887447a93e9d973a578914f,2583
d:23b52ee0b25940f9bcadcbbd71fab002,2584
d:23b592de3eb946b48fbeef0c5e6e40c1,2585
d:23bb5404b7ae43b5980909f59d74fa51,2586
d:23bdb7f7f47049e0b1df94f9ae2573c6,2587
d:23be6d597e3848de8532c6fd1a47890f,2588
d:23c6ee892c424ca4a757991e06597f15,2589
d:23c6f324a24c4dc8bd3a3e95f3054e39,2590
d:23cd48b02af74f5187fa6532fe1fe278,2591
d:23ce0ea3be63493280874ec0d08bcced,2592
d:23ced2f888424c169911c2b3279fc9b0,2593
d:23db0d0a737c40fb878a26c9d6c7f4ec,2594
d:23dc5e8e847d47568928a0a30b677b90,2595
d:23df208095c947358b1eb7bc4257d956,2596
d:23e011655b274494be9fa788675702c6,2597
d:23e051cd081a4076b729af0b30424707,2598
d:23e634740a674f44af9dcd2ec40461c2,2599
d:23ea17a20f5b4ef6907cbecfabeeebe0,2600
d:23ed677ce8c245a08fa2dc0935c1b8cc,2601
d:23f1d259eb934a4387c53fa23a53b8d9,2602
d:23f8e96fcff745f987bbe38b6b244649,2603
d:240aa67a593349adaaac604750496b32,2604
d:240b3931791e4c11b71dba85ecb185b5,2605
d:240b4f43593c41918f1112250ed3c8d0,2606
d:240c849de1d140a6b833c46bd07793d8,2607
d:2411ffcd3a394a5d8c37bf515050de9d,2608
d:24128b9eb0e84772b3a0d706409971ea,2609
d:2413503a20ab4e4cad222933701d4c60,2610
d:24146b9624914b4291d4edc3dc06b29e,2611
d:241680b6fbf243ff804a7a64d8739a06,2612
d:241747bfe93f4da88ea023182185ea35,2613
d:2417baa8713f4834970846fde60603a6,2614
d:241ccd58fb924bf7aefe01abdc20036c,2615
d:2422f687e41649329a99063eaa5e49c0,2616
d:2426f8e6cc014da38c4f0d0b11efb161,2617
d:24271b0fe23e43d381e36130a972cc6f,2618
d:242d3d25d62d4611b6788cc7f158ff0b,2619
d:242f7c5356844635a221c641bfcb7ed0,2620
d:243162809e494621b2e0bca67e3a80cc,2621
d:243556354f3f44d38efe08ae525ca01f,2622
d:243d90ee24184c549bbcc7a7c21f5cf5,2623
d:243e35fcc3f84e37a782cdd8b068ffab,2624
d:24408b4a11f949bc8fb72f055b957b2e,2625
d:244b63fcc8b24e39befdf922a362426d,2626
d:244b7caf396f46e799c122a756d16357,2627
d:2453f4e8671d4797babeb8f44fb7bc68,2628
d:24555de37f804d998fa3a913ee8f6657,2629
d:24562e7ad9d948df9e221fb9b4bf3a2b,2630
d:245c812791e34608b96caea9ed5f1c25,2631
d:24603df348a040e0a88261cc1e4cb6c0,2632
d:2460417cfa4c479181adc1c4b78a295f,2633
d:24616224349744ed915cf0382dc5dfd6,2634
d:2467cee50d3342229c68f14912c53ac9,2635
d:246ab576b35746a8bd934d87ff517021,2636
d:246e404a677e4920b2dbd45509f4e7a7,2637
d:2479baa429f442d1b4b17e3929e0f91f,2638
d:247add4e22e44f1a89043695819e9262,2639
d:247e4a085ef447fe8ecddca02f33a3ef,2640
d:248bcb8173764f4aa7bd0d755860d8fa,2641
d:248e23c27d024dfbbc002aa5dc8f313f,2642
d:249787ac38da4ebb9f85c255fc952f05,2643
d:249a1d02a9934393bca9fb4b7a7c0cb0,2644
d:249ba2e399fb4b169170b20e4699296e,2645
d:24ace26817dd46019d385ce272e1d7fb,2646
d:24b43c0215c94937a1eb9077b700342a,2647
d:24bee2bd7f7d4e7184431a217a87a820,2648
d:24c0ad7f9e90430783c209b0f0eb14c4,2649
d:24c1211dca634e4e93a77c59e13db7a5,2650
d:24c30dd3a3874e578b8d72c14cf08d79,2651
d:24c58072b9e24fd2a117c21c6f09a5ba,2652
d:24c642399e014d128805ee1baf2234eb,2653
d:24c7da7219594cebb19eab3ddd7f2db5,2654
d:24cb3b232dae4976958f65d5011050a9,2655
d:24cdf09c2e6243398fc6fac55e2f7e9e,2656
d:24d007a110d54e9dbf41c90535108e58,2657
d:24d0c4cebb3049689ff5dfbf11503e54,2658
d:24d44b4f38584594baae0686215e0e09,2659
d:24d737335db2475298af5467f9b9e508,2660
d:24dc61603fdf486bb02483e4ad6f6068,2661
d:24e917c160f3427e9c11913e897402a3,2662
d:24ea9418b7224810a90ee743256ebed0,2663
d:24eaefec60674b9f9febe5b14273f853,2664
d:24f16ff38e134cab8272fb2d363e523a,2665
d:24f3e00f38f3496898e72871bc34f536,2666
d:24f5aace63f84dce8cdeff98ac82a704,2667
d:24f8ead82ecf40858741bc143f1625c6,2668
d:24f8f077f9b6456eb3450d53f3038f7a,2669
d:24f983fd82174850a24128f9adfd882f,2670
d:24fbed24ce4d4826b6e95d80b13a1f3f,2671
d:24fdae7b59004d14a5c6b6cff3ba541a,2672
d:24fed0ba7eab46c2bad292ff6716dbfb,2673
d:24ffec851ef04b67af4af50865927e2f,2674
d:2506f0ef458e4014a0691ae88fe35294,2675
d:250c7fad9d6e48dba6ac257fd82f1308,2676
d:250fb57724054c94b1d1412f0fbe6b08,2677
d:2516d7983c66463dbedd25b25d8aaf4f,2678
d:2517136c95184b3c8500f5707170c834,2679
d:251abc5328d447e8b37ce9d2a6c544e4,2680
d:251d1669346a44a980868d0c2d40b8a0,2681
d:252dc8bf11b74448a9f6e5242b48e04c,2682
d:252dcde81ba54ab8aef32ad0f3bf4402,2683
d:25314de326494c0e9fe5eeaba6deb560,2684
d:2536e9e31c6e45d9bc81aa1a8bf584d6,2685
d:253a2fe65c4848d293ad82deac394841,2686
d:253b62541da34596af294c8283592367,2687
d:253ec6e7519f418ab475d09d005af823,2688
d:253fc794352d49c19353e5e8137b0025,2689
d:2544ebea825b48fa91c206f967590d21,2690
d:2544f194c5034ddc91e37f2d6344e8a5,2691
d:254d621a60de49a1aef796bc224a0e5f,2692
d:254ee84680ce494999508dbab842da65,2693
d:255018e252914fc8a963e8728d70c9a9,2694
d:25524a0f2f17467aba950c1cfbb6e906,2695
d:25549d7dc2264643a5009f7cf5a8ef68,2696
d:2555d6f0142a451b95bf26b054836ee4,2697
d:25592e58571840f5b731bd93c26d3c2e,2698
d:255c5af4b8674f0b9f4e27fc0f1fbd4d,2699
d:25656b35e5ef4c3ab97de89d5c20fd32,2700
d:256e9ae9e5134cb39aa3c2700cb6c6da,2701
d:2572c0cc68214cb59aff78318df6fb14,2702
d:2575c728d4b344efa49aa605d4cd04a4,2703
d:2576d41c17bb442f8d8cc8aa6376094e,2704
d:257a59253c964f75889668a4dd38c01e,2705
d:257eb2178115401ca35a58d9b0f58579,2706
d:257eb282e5d24ecb9ba11f474aabeef7,2707
d:2581b218db224de490f64a7df8150bc1,2708
d:258246a3d76d4968917de6331ff305ed,2709
d:25838094a1b7447ba55a368cb43c6b68,2710
d:258631fd6aaa493cab6aa6f042190f72,2711
d:2589c33bacc84aab8164e8f683a9cb3b,2712
d:258c9e6654124d01a89f5335d68e13c5,2713
d:258e104c45204bcf9792ed1a4ceb15f1,2714
d:258e9782cc1a4cfaa0b9da06c1da4be4,2715
d:259045aad56d46d4af2dd0b750a1dbde,2716
d:2593bcd1bff94dd0822d9287dc285a28,2717
d:259b8c77fb914a978a1a222398a8e584,2718
d:259c59551fe04637a2960af1a6cfb35a,2719
d:259dcf03ea6d4ba1b2df4cfaae2ba7b7,2720
d:25a4666aedb04e0d9d8aa3e54948c066,2721
d:25a488f6a6274095907935286f29af7e,2722
d:25a7522e2dcf4f83a2e1dc84746f22b0,2723
d:25aa5467cb75457195165a1b2ded005d,2724
d:25afb44405794f788148ee44e282c7ed,2725
d:25b341f68797415a856a324fd1902659,2726
d:25b68e6888f3432c9463ed609c1b3ae8,2727
d:25b69270c4d64bc6951de2da0a32fc48,2728
d:25b7f3314ce049748c1930a525b21f3f,2729
d:25b8d09409d840539d66d700114e2e0f,2730
d:25bf608cf025462683012034709f2088,2731
d:25c0b433e3d04825bcd0fc76f60e52b1,2732
d:25c0d738673e46ca8439bc094f92b385,2733
d:25c1b2c142a4446992154cff9ec3da1e,2734
d:25c2f4f0e33247318b6405d63e105eef,2735
d:25c766ed2d64464d92d9c900755abfe5,2736
d:25c80e7511ba42a396990c7d65e41db3,2737
d:25ce3bddbb90476a85a83f556153b728,2738
d:25cf309b975b49b29792404439048713,2739
d:25d1f6bf9e6e498aabef297c64f3e38c,2740
d:25da878f286b41d88960c28bd1c15ebd,2741
d:25db5813209e46ac887f173c6b902eda,2742
d:25df161605e94e7ba1752719ac53cdb2,2743
d:25e7042a25234ff18c2993c4ab0abc92,2744
d:25ed16a8fb36441fa0422d8e7ec59c41,2745
d:25edaaa2c5764f48bb1b51fe02a05674,2746
d:25f053176bcc4f139673c6624d55b012,2747
d:25f4e90f92124d63a208cd51591dac06,2748
d:25f5e059a2164bcab2945c8e1922548a,2749
d:25f6c2649ee84ec6acbe84e0bd8d994f,2750
d:25f74bdd812f4a85822681a8cd5a65f1,2751
d:25fa444e7d744a6788a20bb1053c9d8b,2752
d:25fcd587b193495d80829d0dc306934b,2753
d:2604f18ac8634c05b464ee1b33b18909,2754
d:260589aa499c4b92a8503f614b740419,2755
d:260787ba22e14decb08da59e10e8b944,2756
d:26082d163cb3460a9182365d733bd96e,2757
d:260d693e90be45feb24de5a3a4455601,2758
d:2610682f794949ed9b883bcd67dab511,2759
d:26122b727423434c88516ccbaad8e635,2760
d:2616abe2b77c47739152d5c3bcb41d0a,2761
d:2616f93cd78c419c9aa2db2b438f2740,2762
d:261e3181322743bf85fcd5a79c3bc86e,2763
d:2620b5ddf00049479ed1da85de339bed,2764
d:2624be54eaf44aa7962dee5ccb0aeaca,2765
d:2627614ef1864c9f865176728ecc0c78,2766
d:26295c7d1f724f6491663b77aece9c7b,2767
d:262ae349352540e2ae7a07c8beaeb4dc,2768
d:262b381323034fcbb940bffb50b30f5f,2769
d:26309e430ef64fe4aa3005b03b91d7e9,2770
d:2631106943e548eb8294d588a45671c9,2771
d:2631dcff8c274ebbbb4e5e20a1aaf193,2772
d:263365ba260b4f12b7c21de84962b139,2773
d:263730ec8d104750ac4bfb526830d4cc,2774
d:2637f82690ab4f95b8712abede5069da,2775
d:264acbd0939c416aa8f179f5a346ec7e,2776
d:264c07c3a0bf47f8a8802dfe7f84c93a,2777
d:264cf017b6834f0ab2e0d5275a78e123,2778
d:264e625ded8542ac960a12036e4e7f85,2779
d:265015cf97b54c7b99516c67d3deb5ef,2780
d:265134b4022e4393becf046346b3a9ff,2781
d:2657d8fbcee842e2aa139a4c58c7c680,2782
d:26592dbf43bc45eaa2168606a7d3846b,2783
d:26593edb03244fc181f4ec71ab4e5127,2784
d:265e3561251243d4824c3fa781ffd29a,2785
d:2663abecf48d49a59b0c744b4bbc897d,2786
d:266a79d1736b4d45882b159b3a9f281f,2787
d:267868a92bcb43c6ac98718dd951b4e7,2788
d:267c16e9fc814dde986b4a45a343d406,2789
d:267e911b874b47ddb2779322b009f54a,2790
d:26801859e4424fcf9639ba0311502e70,2791
d:268a887e00ca4b00b2d2d47b02e73dd4,2792
d:2693f1ffbeb94241b5e96463eb1ce7a8,2793
d:2696e5b1fc054af0bcfc5dc0617b6f31,2794
d:2696f29ddcb74862a70599b0544160c3,2795
d:26979173eb844dec9c46eff7455a1e14,2796
d:2698b7d6abf14575924df69f6cbdec42,2797
d:269ca9605a5240fdb7090c72cd40f5a6,2798
d:26a4a54fcb234878ab8102d74586f531,2799
d:26a7c5ea468e413892185d3bf2be41d3,2800
d:26a8493df65447178e81a5de9b77563d,2801
d:26a9357f42994f4aa1f863f3ff17251c,2802
d:26a9de693fc34c43ae4a6fa4a71a54b1,2803
d:26ab816fa52e437ba3269ff21d5396ff,2804
d:26ae08f6dbeb4bce9450f49317f64e02,2805
d:26b07c0c2bcc46b9abc4026910d5471e,2806
d:26b353a99d6d4212b88fa17e8c6d735a,2807
d:26bb39c764ea492494631fefb6393ee1,2808
d:26c19335f0ab46b28188ecf1fd23283f,2809
d:26c5243a54c64a9dabaecbe9d6c85757,2810
d:26c5990bab864b16b853ca88540d4541,2811
d:26c80646dd53431e9d614bbc3c571e7c,2812
d:26c9488692e640fabb8b864cab378b00,2813
d:26cc4de16d3948c9bfc0ec17bf52fc8c,2814
d:26cf8e2c3e5a4b6dac586b04de0f3448,2815
d:26d1362cd16c4b23a360f739953a4bb0,2816
d:26d14161dfea479ebf32638341e4962a,2817
d:26d16f031b54430db8beb249d7f3243c,2818
d:26d8f884081e4360a17137d23058cb33,2819
d:26d9f9cf8ca54c49977526ed7b0fb483,2820
d:26dfabd471b64550a0d1e66b242331c0,2821
d:26ea2459c5cb41398bd04560debbbe46,2822
d:26ed0166df6449abb5120a54ca15c96e,2823
d:26ed3679ec934e4399072293ffed2289,2824
d:26f37928a2c348ddaa3f7f00af686ad0,2825
d:26fb0e8054c14665b8ab6105b8d49b41,2826
d:26fb1e1bc29e4b4ca62ddb6b85be236e,2827
d:26fdfd9c2a114008805b12283405e51b,2828
d:2702b5c066414c9889f449dfee1d780e,2829
d:2703929607bb438c88daa63febfd8fb2,2830
d:2704d7f80d214f1fae531fd705284498,2831
d:2705500070ee420fb5454d575eb912dc,2832
d:270904bf056041049a544af3da2ae642,2833
d:270e10e9479347839ae6564f332af7e7,2834
d:270f3a463fdd474b8aefa3bf4a07dc32,2835
d:27171e3daeba40368a5798948258c674,2836
d:27172595c7754f4084d91c42c6ef0ac5,2837
d:2717b68958e14b3d901a85bd3b73c4aa,2838
d:271a4ece463d450d91074fe3dc66c16d,2839
d:271a5395b12746928b177cb1b4bc832b,2840
d:271dc653283b4964b2f3e0057fdfafa1,2841
d:27290d9d3b2446839578e19b660cd51d,2842
d:272ecc6587124bb4a33c9cf648c04681,2843
d:273d00f9796943b9bb293479f1457bdd,2844
d:273d09b15c7a4908859917755c907497,2845
d:274687a1dfbe41a38b6e38d81da887df,2846
d:274ac317a7344397b35aa5a968db1f8e,2847
d:274af303b14c41bfaed76297d05d624c,2848
d:274dfb65a9294495aa0c28d939988bc8,2849
d:274e75784a864bc2bf63019760b766e1,2850
d:2753feed9715406f86f43c0c2e823aef,2851
d:275a64afb995496b9a3bf8fa452427ae,2852
d:27624069375e4a98a28d925143c3ab75,2853
d:27642c062c8b4d639d3d0c23b3649b36,2854
d:27652d457f04436cb66e6e33062b0da8,2855
d:2767c2a5cf454f07b3608d430d8005f4,2856
d:276d4bd89b9d47f99a2f233977a04928,2857
d:276e8085d08446679070b1ea2a773be7,2858
d:2771d15f89bd4a5daa13749e6ca47d26,2859
d:2777d7159aab4f86a20a2754e5f2d2d0,2860
d:277c1c4a23ad4c20afacd79b3ce044b4,2861
d:277c56df1df64a4e995805774ef0df11,2862
d:2781c04d33d947c0b5846781ec1d4eb4,2863
d:278243bada234affa2f0868737442519,2864
d:278d0bb1008448e09ed1946df57df996,2865
d:278dc71c5f4d448a81fb639c0caecb4a,2866
d:279083c2816e40f8b8fd1ee381c291c7,2867
d:27951282f7ea42178a34fb7c694303c8,2868
d:279a06408c4e47e299951f1d5ade0796,2869
d:279d7af9b5d2443b9c64ee1969cc690a,2870
d:279e56de9f714a00af8b43ccecd9231b,2871
d:27a18ddd91d248c6be6da2c580252e66,2872
d:27a29084015c4ddf8a33358164dc45d1,2873
d:27a7225d03ed40779cd6723737510c88,2874
d:27a8f9561db34ae2ad9673fcbd605348,2875
d:27aaa31bcc4d4fa7a7b1bf7610cb21b4,2876
d:27ad1d152cb84f95a22649eb225e8b64,2877
d:27ad224d6396430885d6a9010c50f8bc,2878
d:27adc59c28604b009158ef8bdebeb28d,2879
d:27ae9870f0f54c59a43d4065cc4ced55,2880
d:27b1233e62b34da9bb736cb4a2563368,2881
d:27b365b52ce445018107cb7e365af0a0,2882
d:27b6ff4e0c364cfe9a4282e404303874,2883
d:27ba2de1dec0407da76b70fdab58dcce,2884
d:27bdc26205e8421aa4e3973a1923e280,2885
d:27c25a6335d94e10aa7006325addb758,2886
d:27ca54740f4747f6b94bc62f13d92a87,2887
d:27cbce5347bc4cb8ba5a191b1e238a82,2888
d:27d8032ccfa34da48dff47e06ef92d71,2889
d:27d9255130dc4895b145033574503192,2890
d:27de208971ed47a1b11908c28160bcc7,2891
d:27dfaff365cc4dacaae33be8ba42f43a,2892
d:27e52f2cfc774ec9b6a7cf4e758b1948,2893
d:27eaf3d369b0441a9630ab64740c38c6,2894
d:27f27ad0bf224737b32b4a47b16e06d1,2895
d:27fe04227de1414ba53c9b90e9c26565,2896
d:27ff948380a54f828eb9538f828b70eb,2897
d:2800b5cf825648398bf34f650356c787,2898
d:2804ef7414ed4da1aee1a57a086b680b,2899
d:28083dc061af4abb9630be1496bc7efd,2900
d:28088cdde7464c7e9b577efc13f8dffa,2901
d:280b1f57c9eb45028724666b9ee13da2,2902
d:28105df167754727806f9dba853d86b2,2903
d:2816aae3eef0438f873aa8bb1752b99c,2904
d:28200851c0d448179ad5b8fd723ff49d,2905
d:2820cd489a904e71b76e5d9b4176aad6,2906
d:28248416921a4810afc341a6784f6496,2907
d:282509c7141541408432cc4c5a48ba5a,2908
d:2826d02bc0bb47e482955d059745c8d8,2909
d:2828874b744741a99b3346859f3538d9,2910
d:282e2c68bedf4d05aa2b5bfa1b64a999,2911
d:283242c6511f4a5bbe4d78d6c347d1bc,2912
d:283af144a65d4ef89f0b8c5aa9a58aae,2913
d:283b535a0b5e45b4a229874d149c9334,2914
d:283e1e08f64a4cbca71f50fc5c40f856,2915
d:283f8602c06e465c90563285b40e2410,2916
d:2848259648294d0fbff7e143ca81d447,2917
d:2854bfc8febd4462a9e76823cb3dd0d5,2918
d:28562fed404c468b9f964b278eebe0e4,2919
d:2856b966a58141319915658592623962,2920
d:28575f860afc4c4f8d43b76cd94f8aef,2921
d:285a36681c0e4c29a21e80f630a84bb2,2922
d:285aa4bd95e2418da10c9c1c93f6916d,2923
d:285ab45cf9cf48b7bbc517083195636b,2924
d:286e5d4e33144f92aee2ab833da363cc,2925
d:2870e9349cd44258820001a393224c7d,2926
d:28738c5f816a443e92a8bdfde0f3efdf,2927
d:2874345827534767afb8e5774c6ac627,2928
d:287520021eaf4b1291c6ea56d77f92b1,2929
d:287b6731b1b04064b75ab532c9b37f9d,2930
d:287dac557b714e1e86ef001a53afee8d,2931
d:28825e57ca3e4ecd93d7192742e6bbf1,2932
d:2882798a8b014174aa5d8277156d3086,2933
d:2882c48676d440da9e80b13b6145305d,2934
d:2882cf5144224a609734e26fe000e345,2935
d:2884c6dc281d4f26bcbcd64b12b938ce,2936
d:2884d9e0a66245eb8fa73b0fda4bd8f9,2937
d:28895313536a45658c03071d74361ed0,2938
d:289204d7b0ec46c788aca2a5c0dbfdec,2939
d:28939999790145d2a08e56c532b4d95e,2940
d:289429f81d0d4c709bd79eed0e38fa44,2941
d:289803c33b1a498ea23beff8c792ac3f,2942
d:289efb16d00d42f39e939430ff7c705a,2943
d:28a396bb182e4d54b76c65dfcf4ed58e,2944
d:28a499f4cf6b41a89c179d7555374602,2945
d:28a59dbec166496c99c4be043390035e,2946
d:28a760e60d6d47eba734768cedc0fa02,2947
d:28a7dc96a36d4bbeaa607f706680723d,2948
d:28a801c8a4254a4ab5b7c2483e6d3b86,2949
d:28aa3e85dc59431fa4772af77dde8562,2950
d:28b07a7d69b3421b85c3f5ae00ee4074,2951
d:28b0e3a6ac0b4d62af0d62dfbeeb38ea,2952
d:28b4e737b6164707a5412e5aee2a076d,2953
d:28b504960c94400d972ddba5c16ed0f5,2954
d:28d1bc1c31dc4a1d93422ccc868436a6,2955
d:28d3e316969b47128c10e654e24a0f54,2956
d:28d98bd76301479588007bf5b9a8778d,2957
d:28e9a27042014d2cae9171cdef90c903,2958
d:28ea46786bc84070a6721a6320fa3af8,2959
d:28f96269fffa4d07a1b90e2b0a9d79ab,2960
d:28fa108991904fe4b510d65b48b0d9f1,2961
d:2906b8d90d2d4a369a383d5e184f2790,2962
d:2906c1e744cd45919061299678f2976e,2963
d:29079d19f7a54cfb91ea858e8e9e4f9b,2964
d:2910317568d149389dc7c369f82971d7,2965
d:2914fb0911374da1931cebc431a2de7d,2966
d:2919bb1687f84b0aacd8b364d6666ace,2967
d:291a9d4dbaca4b3c92da452064e0811d,2968
d:291f9ca91b264c3c8ea358e533cdb352,2969
d:29276f385a7d4ed3b3f75ec7eb24bc65,2970
d:292e60fa6bb64f78a5d8fc90eb707a65,2971
d:293119d2e8f149ccb42f4718ce004e9a,2972
d:293395c9668044f1b95e11a8bb5f88c1,2973
d:293b82c4d77c482d9eec5b7ab7279def,2974
d:293e40e7da2f4c708447e6d23346ad86,2975
d:2940904db83d4f249b5dfbde3cc6fa8c,2976
d:294099338660485ea10d638a0f4f5bda,2977
d:29468bb87b044085a3c7654c0873fc3a,2978
d:29526db70e2243bf9a7a609ddf5f2d6a,2979
d:295551f263d54e1ba92b7d17e1b1657e,2980
d:295e80447d724a35ae0552625cccc0db,2981
d:2960c10c92e44169b1ddf2c39ea64d48,2982
d:2960edc08d414062b98796f4ef54e24c,2983
d:296204eef395408a90096deff4e52bfa,2984
d:2963ddeb60764c9596910fa0603048c4,2985
d:296496b75a2a4ee391f5fe42fa3d2c4e,2986
d:296c422ee69d4ee89a097bf7bae19535,2987
d:296da7db76064274b30ba8c5c91b7337,2988
d:2973d68b1fc3403daf36ecbe1e90ccc9,2989
d:2973d9a329c44913b2143876e1d03ea5,2990
d:297910049b2345c48d922f7c1a1426bb,2991
d:297ab87366e9433d8dbe0070cd654319,2992
d:297c6e95e2094891beff98b05690a2e9,2993
d:297d89748aed4137a649f893dd929d2f,2994
d:297da138f24648fca40c96f3da87b60d,2995
d:298aa5752e0042fca72e64679f355bfb,2996
d:298d323f4d3d4d0eab0349ec6ddc0a6c,2997
d:29930684c81f440fbe79abb545003682,2998
d:2994b2dd0b0143c89c0510adddee5cbb,2999
d:2997449855e842ceb4c4ed9b520914de,3000
d:2999372a209c4769b65f4891fff2bc8d,3001
d:299e55967d0148e5a6415ff29eb887f3,3002
d:29a50909ccf745d7adbd0a8d05cdaaea,3003
d:29a8a87c945e4bbaae7bd9e215982980,3004
d:29b03e85f2c2486bafac3f2821a4e951,3005
d:29b5a113971a48be825ba9e46eb967db,3006
d:29ba588b3149477f98a137c493cc0704,3007
d:29bbe1fabcfa43ed9f3e61aa5156df3f,3008
d:29bc71395ea24520a13c39bf9f79b41f,3009
d:29be1e1f0f824b94a66ce0e5b0106377,3010
d:29be356431cc4e75b9ee6447196e7824,3011
d:29be5bf20f4d4018ae2668563dfba962,3012
d:29c1269c6ec6409a92e7892b31485c1b,3013
d:29ca7dc1640a4045b50c76a84d108093,3014
d:29cae474e35a4081ac1142c3decd9f79,3015
d:29cdc646ed6642aaba066b07faeb7dca,3016
d:29cf141f78284cdc89266a6456699716,3017
d:29d697b3a0f54350980f9e0dbc262744,3018
d:29dc8fc33b4242e4a60794eb76ef170d,3019
d:29e2d428f6d8495c8ec9b15dc04ceed2,3020
d:29e70a18f9084700bb7fa901fccf25da,3021
d:29e83f5ace964425bea06beb78703c2e,3022
d:29e84f5788f441b1bdc0c2e7e875e6d8,3023
d:29e8cc42d4004456a1481b24bc9205f5,3024
d:29eb15dc04c746308e1d9b588b1380e3,3025
d:29ef8de227e0405f94d6e00ba714e2be,3026
d:29f05bd716c0483c8448ad60f0fc8c74,3027
d:29f164c3a6c045728bece6e5b14d5ac2,3028
d:29f2fbbe540f408eba4367d47dd47049,3029
d:29f5522e3b09454d9539741f40dc7149,3030
d:29ff4a3a8a244512b860d326320fb1cf,3031
d:2a00435c480647109ba974c38967499d,3032
d:2a004b1bb8394387a4cd6e8555a23480,3033
d:2a0c68a5ac86431c9c9fb354084f4cf4,3034
d:2a0e80b58b4e49f190286102730f0e29,3035
d:2a134c0d7b3046d58f05aaa1ad8b2227,3036
d:2a1a809ce6be4237a61a823e527f5eaa,3037
d:2a2b2d5add9543e0b6f6761bfdd38046,3038
d:2a2d80c939414e26b66b217bcfdcbe2f,3039
d:2a2f2c0bdb154594945d08f5df8677aa,3040
d:2a32bd47faeb47c5ac7176724c731d44,3041
d:2a36c7e6358745e48a248616f3220ae1,3042
d:2a36f670c6994bea8bdda5df0c628076,3043
d:2a38cbe38115449a81be7737543b8f33,3044
d:2a3d3c6a9f33421bb3063b11c46503dd,3045
d:2a4170d033ea44689b2f77437d0c1426,3046
d:2a45ea18ac6c4b708efe0aa412703dc6,3047
d:2a4f8ceaf4244388b0d430145fa7592f,3048
d:2a630a4f76834f43a6709c2008fb622f,3049
d:2a6324e6280c47e6808a47097b8a7f92,3050
d:2a6603f8740147db9f0874659c032ac2,3051
d:2a678c2de0eb49b1af3a7606a2b77b00,3052
d:2a689ca4795f4f2d8bb9e551cd391549,3053
d:2a6c922ea55f4487a530cf26982c6795,3054
d:2a7d243611e54eff9ed71e1c6fac1cb5,3055
d:2a811b6c4d914cc7a6be71ea1afdb789,3056
d:2a8c9fa2fe2c403e94af5a28a8ae1708,3057
d:2a8d3fd25a0b43b991e94f332d9ac075,3058
d:2a97e4c5c3f44042ad2d22f6f9da96ed,3059
d:2a9b197daabb438fad3616656641fec4,3060
d:2a9dbfd74b3a4426b0d176be40b3e58b,3061
d:2a9f4dd31d4147eb9f058559d7aca57c,3062
d:2aa3ca40dcd7458d94c5a37cc1893b40,3063
d:2aa41f6bd7c84568b1d66a68a8d82eaa,3064
d:2aafa3213063425a811cd7b04857f111,3065
d:2ab09c73030b4827819ca6a2ff4992bc,3066
d:2ab2749a7b8543d2b9284b9f8aab4b7c,3067
d:2aba0206e0d145f38d2467b258165ae5,3068
d:2ac46d952baf4492af9f91ed77eeb8a3,3069
d:2ad151f5ea2849daacf4dbe19fe61269,3070
d:2ad4cd65908b4708a2c87ea42db423ae,3071
d:2ad69bf011b64ba69356bdd846656f66,3072
d:2adcac82c5ab4fe890f7154308c6e6eb,3073
d:2ae5116bb4b54da4ab6741886577b487,3074
d:2ae60f22b04f4581bcabcdfad26f1f7d,3075
d:2ae716cdd0a346e2be8f612c0a22d0ca,3076
d:2aea7dedb7304b0c890aa4a664d113bd,3077
d:2af096efc4804034b30228d27fecbeed,3078
d:2b02ee0c7cc84df89e4c25c8d34ff9f2,3079
d:2b03836656eb4fe28f7063683e8dc1eb,3080
d:2b03eaec75684a6dbcd5df5575c03163,3081
d:2b05368267b64abd8698b8857fbcac26,3082
d:2b12a3a6fbf245ee97cea005502af331,3083
d:2b284cfcbffb44778316581e7ef87c50,3084
d:2b28fde9e2374414be61a2f718d03ae0,3085
d:2b342e4414c144efb5c8533e71850cc5,3086
d:2b38ce6740464292b8487638cbfa9fee,3087
d:2b3ab5dd9cea420db279a56642baea6c,3088
d:2b3cfc1780a7479ab916732f48764ac8,3089
d:2b3defe0088748139ff7d1e57536b19e,3090
d:2b3e39965c9a4933a64ed468fe6aa617,3091
d:2b44a47033ff4e2684303a0edf20ac26,3092
d:2b455ab4d1d54051afaec85bc1a8d89c,3093
d:2b45d3622b2d404bab72fbb7591ac7fd,3094
d:2b50b292ce9c4ba4be9f48ef5bc15922,3095
d:2b54dcdd21eb46bf92c21c0c9e5cd8f2,3096
d:2b567d81e71545cb850bb8f69db61f78,3097
d:2b58aa08f3214f269e584aff17de99c5,3098
d:2b5ba99cef3e4579ae3bc42352045c6a,3099
d:2b5ddd5a3dd6474b80ee09b13439618d,3100
d:2b5ea5df15054af9838e1cb8d559e64d,3101
d:2b60476491c342839c5ccd693b108320,3102
d:2b62aaad825c4cc9843c0b8c730af32b,3103
d:2b635924a917454bbf90c924a2fe1b89,3104
d:2b635cc4a462426596daf99c70b9ddb0,3105
d:2b63d73a483840afb16760dc2fcd7ed0,3106
d:2b6423d1e61e422a8028e2b90dc75723,3107
d:2b67014ff661473e98754b326728fd8b,3108
d:2b6880ab00314a26b81cbf7665bcc460,3109
d:2b6d512e2f2841caa68584c798bc673d,3110
d:2b6e422e003340a1be0a0d8718ef23c7,3111
d:2b6ff2d4ae0048fdbd8bf8257abd93a3,3112
d:2b70beac5b6e44258c2f02c081871341,3113
d:2b7253a505a54f1a829128b00565e949,3114
d:2b74648dc6634949ba8b40ac2676a440,3115
d:2b7cab4ccce0475295452277743ca70f,3116
d:2b7daa13dad24aeca64f1f0099a4f31a,3117
d:2b7ff582111a4af88955310fdfe571df,3118
d:2b8c867403d74343911deb409ffbfed8,3119
d:2b9035a1217d44e9931d23094717401c,3120
d:2b938531b08e4056a97688db7626630f,3121
d:2b96085543844bd2a1c7b13bb585fca0,3122
d:2b97c37df67a480e96dadf63e2346390,3123
d:2b98526787ce4673b5497f376932ddb5,3124
d:2b9a08bba4c449768ef92c55206e2192,3125
d:2b9f97801bd9438582e4ebd372afc642,3126
d:2ba1bddb663149cda8f811840eaafa2c,3127
d:2ba329980b7e4aefbdf9f5c9e02db941,3128
d:2ba3bd3e371340e8ade5a8f9e5749008,3129
d:2ba7127cc30a43edac022658eb2477dc,3130
d:2bb4a7ad305b482c82f0ff3729c54cdc,3131
d:2bc1aa02f83f486faa967c359b60707e,3132
d:2bc1ac15376a46ac8ad347965593b767,3133
d:2bc593e2e189427a97c7e832c3ed3b21,3134
d:2bc894d5888846c8aa55af41a1c783b8,3135
d:2bc9d6bd298044188340a608254aacd9,3136
d:2bccc8fec0334736a9a41a905d829dcc,3137
d:2bd5723c21d7423a8ae4b10869ab68b5,3138
d:2bde6706783944eca8274f4792fce6fc,3139
d:2be843316ab54553a38c4fa718d2046d,3140
d:2bed007bba234e379b137f21c5a7346b,3141
d:2bee6fab91d049279d3ea252e9b8a6e3,3142
d:2bf1a6ccc3894431b11335f5ed7ff6bc,3143
d:2bf1d2a06a234bac9fe558d5989b23d1,3144
d:2bf5419310af4ec1b2890701653cc64c,3145
d:2bf676042f7e4ae5b0b07361166987fe,3146
d:2bf679c5e54144dc8e4853eb11651dac,3147
d:2bf6898904824b61807cfa617a06949c,3148
d:2bf730ab20ba457290265b708f410d9f,3149
d:2c0663eb0734403d805fce7ccfb2ce73,3150
d:2c07bb68d7cd4546b817118e461936bb,3151
d:2c09f8218f694d0abcdae1395edcce44,3152
d:2c0b990718dd446f9cfa9d33016232a0,3153
d:2c0e094f517242a2afbeb1b1cc3c5db5,3154
d:2c117d8f1d2e4ebfa49f72b9ead38fb6,3155
d:2c1c445eb41c4ee0b965dfad80fe4c87,3156
d:2c213d235970431f8e3eab0d1d9c3fbb,3157
d:2c26059dea414356bfed3cc2963b0452,3158
d:2c2d7e1af13e4294ad0ea5d5f94103c0,3159
d:2c2e9db151024c99b971a46c96fbe471,3160
d:2c3612950d0848f0a3658e0f5eaeed2c,3161
d:2c3763a05b834696a4e1917f74f55885,3162
d:2c3857a9284443658dd5e3af33c2fbc7,3163
d:2c3ae3516df24e509342603be6a885f5,3164
d:2c3c8d9f13794af184efd13a10d76ce5,3165
d:2c4133dd68c2481683d0880892704c8a,3166
d:2c4246a10fff41c595b5681e559b4994,3167
d:2c44e7da07c245c3a9191f9ab20789bd,3168
d:2c46b7d99db141c495b79bc084a5728f,3169
d:2c4f4c6588c54e439cd95fb9abe5dc89,3170
d:2c50f54a67ac40809f6c4a057959eca3,3171
d:2c54308fb26e4564b444392854123b04,3172
d:2c544071612245d9b693d7fd63f10e19,3173
d:2c57b43cabca496484d3d58466732099,3174
d:2c5e2953ea014daf8acddef9a4f9c908,3175
d:2c5ed4da39de402eb43741ba191ebc43,3176
d:2c5f73c151ef4dc69ec911c84d9660cb,3177
d:2c662a92ae7941c28b1615550658a0dc,3178
d:2c6e2fee003542b092989ebcdda27a52,3179
d:2c75d0edec2d49ee90b04a28572043c2,3180
d:2c762d8408b6427d94a19f557a85e01e,3181
d:2c7ca861187f4fe1b138cbd6216ab6ff,3182
d:2c83f3cbe0a24668a05181b98f894eab,3183
d:2c847c73a0c5414dba0fed89c98edc72,3184
d:2c8745ccfe0b4ae6a9cd6cf99349c800,3185
d:2c932ae3cf2548b2ae82aeae8ba5de94,3186
d:2c9b81afa8884811838971d5a257a994,3187
d:2c9c755d033a4c9ca5d2dde491f0db11,3188
d:2ca0559d3518460a8d9a1face09a23b4,3189
d:2ca06a80a40c4e529c2cf0b046c3127e,3190
d:2ca1168937ba4868bef980c82a0daa0a,3191
d:2ca22d11a2aa4d1191ebbb414d88afb8,3192
d:2ca8749e65a0448e94f3080946144c9a,3193
d:2caef1d4a8f74f76a2d8c323e3937033,3194
d:2cb4b44843a84a0bb3eb64f228157a63,3195
d:2cc04882efdf437190daf68b05e39f94,3196
d:2cc1df26c47342babc07836bb9420cdb,3197
d:2cc336a0db574e2981ee2bbd0342b2ad,3198
d:2cc51a75e2a34a4193dba8c0ea8e26a4,3199
d:2ccb13b66b3f4e15856a44f9725b4c17,3200
d:2cd48757fd58443392b5a01b77f19065,3201
d:2cd4ce6931384249a2d7761d446cc3ba,3202
d:2cd6979555bc422ebb0e934cf7875518,3203
d:2cd761a8981e4006ad4d6b189a858dcd,3204
d:2cd7678d83764b31ac7fa114c92ae84d,3205
d:2cd78fb499fb426db9ed7990015b9d6f,3206
d:2cd867d1be9a4d808573c0b3bd55361f,3207
d:2cd8837ad591444c82785f875804e57a,3208
d:2cd9d4795fc74e6cb7d524ad13208226,3209
d:2cda27247e8e4b8eb4829583490de71a,3210
d:2cdcc153f5ab4b0fb017b85194a703ce,3211
d:2cdde1957e4b4fabad14a98df872b354,3212
d:2ce9ce0946394b88ac752c3965289eaa,3213
d:2cec6e29310844e0bd56997bd202fe78,3214
d:2cee3be5bfff4945b844c14ff3ce50d9,3215
d:2cefcff88e0c40baad3b95893ff79b55,3216
d:2cf34c09d48a43449c065950fd6abb2a,3217
d:2cfa475e429b46d8838ba9e87876a2c1,3218
d:2cfcae74590d4013a76fb418fa055a48,3219
d:2cfccc2a5b784dd689391492d41c8cb0,3220
d:2d01509bb5534486950d650727575dec,3221
d:2d048d95ec7c428e9c70184144818632,3222
d:2d08001fb0da430491a4e7d7a9fed097,3223
d:2d0a029f1f634b81882e7350d1a9226a,3224
d:2d0ab38e2a51435eb5032382a29f8f79,3225
d:2d10135c36d74f3f8d8582b9c56e05b0,3226
d:2d162b47510941d1a4e30823dd70ebc1,3227
d:2d17466e7058439c828bf06b7abf29c8,3228
d:2d193dcf48a74aebbe87721b23d9ae2f,3229
d:2d1c3db0fe6d4f14af4b7a7f7cec3f6f,3230
d:2d1d272fd6174e70b2cdaea79f6a995e,3231
d:2d1dedcd23da451eb36433e6e51bc51b,3232
d:2d1f2b0d0e9f4a05bb58eaf43eab53fc,3233
d:2d2254e1d4394d4393a4d2529ec28616,3234
d:2d265235a73746aa921ea8588b41a66f,3235
d:2d31a62c7e0a4af6a1ba9746672159fe,3236
d:2d3201cd0faf40529a2199f88b374765,3237
d:2d36144cdd7249ba8432f3bcb66ad162,3238
d:2d3840fc42034f42b9e3cdd90a81f37a,3239
d:2d392b8424a647fcb81bafde37c32e23,3240
d:2d3c166124ff4b9bbb30c22a64450d44,3241
d:2d40f2e75cd6451c9d93d910b3670eba,3242
d:2d42a1630620425f992faf97faa2d941,3243
d:2d439b9d7f154ed3b4ea0ba8c909b414,3244
d:2d48646bec1d4c56a78591e320aa02b5,3245
d:2d4c9606c84344d796f92f71cff0a4a7,3246
d:2d4cd0b760a74a199c20023fcaa68382,3247
d:2d4f5ddd22a0463d9959f3a51d6ae79b,3248
d:2d531540412a46b8958c744a513c74f6,3249
d:2d5c000e4ed34369842d23a7924be1bf,3250
d:2d6054bee8ef4587908840e46bffd8f2,3251
d:2d653ac28b6b47d6ba894263ba63ad36,3252
d:2d69637f2ca9446f8ae08fb78089054d,3253
d:2d6afc0e0ae4418b9e211161a9f87ebf,3254
d:2d6c504969444c28bf27ca87b3bce54c,3255
d:2d70ae7312474438bbd2cd3380b429ba,3256
d:2d772653536e480ab2acc99f81709d7f,3257
d:2d7c8fef7f1345ae966150056350115c,3258
d:2d812ee5473e4eaca62be71c6cfc3368,3259
d:2d84fc943c574cc58c99b55c46be51e6,3260
d:2d851438b14f47ea9d168b63d0e40768,3261
d:2d852b8fca664380be32e28b95fd1b20,3262
d:2d85f460ba3f441bb18b38f9c2aab9a8,3263
d:2d864abb47e24a6187f128aa6a121fc8,3264
d:2d8819e2fd544a7db17afc0e9ca66b7c,3265
d:2d89b7f3003f4f06954c392247615a81,3266
d:2d90233301504b56b51e8d88e654243c,3267
d:2d92ee9a90764f0aaeb01f538531eec5,3268
d:2d99d1d50390429791bbd35ff437306d,3269
d:2d9c4745849b4ff9b46de50960a0ddf3,3270
d:2da167ce9a884653b1b47bcb5856f213,3271
d:2da638dbab8845aeae99b938acd9ac04,3272
d:2db790b88519483eb357e4d365da707d,3273
d:2dbd19fdc47640e886a3da32cd568e6d,3274
d:2dc32451bb6a41d492cacd0440606025,3275
d:2dc3f3d033f843a1a30efe9088e2a115,3276
d:2dc61877a4ca4b4e98fe44accebaf549,3277
d:2dd327500b314a60a87036d5c79df84a,3278
d:2dd938719f6645788fb9503dfea7d071,3279
d:2dd9ecb5078441fa978980b11ce690ba,3280
d:2ddbd041f77f41d09ac4f2149402b5b7,3281
d:2ddeba9d575d48b0994c130e52164c74,3282
d:2de804369aba4383ab45fb03e49d4979,3283
d:2deeeb38b7764987b579d4f5ea2afdc8,3284
d:2df20824e2fd4fc58a9808f1e93b0dcf,3285
d:2df41de39a964d1e83ad907c582928f2,3286
d:2df59a3e7b294aaaa0bc76c32577075e,3287
d:2df5af77366740a495896430e564a3ab,3288
d:2df6fac649ac4c0abde012dbd1e706ac,3289
d:2df7e8a7f45144899fbd9d73c1de3ca1,3290
d:2e02302c24734fe2954811e0ad7d8517,3291
d:2e023ab2c4e04033b2a718ff5fd9fe53,3292
d:2e08f502803646c1aa3bcaf68d94ec47,3293
d:2e095d7ac4954b2bbdc2147c7bff1175,3294
d:2e0ca2a75f73406f9287fd41b610c581,3295
d:2e1afe75b26444188c99f6457c9a6322,3296
d:2e2b2d330ae84275b0620affe12a3137,3297
d:2e33d59941f3416ea014b6cf4aa10644,3298
d:2e353b6a699c41238a79340ed5acb451,3299
d:2e3af27884be43cc968cb3dced6bb50b,3300
d:2e3f5bf85ea149948592e07c093788da,3301
d:2e3fcc29200242a4859d2efe032f4d8b,3302
d:2e427b34d5ea4ed6ace2794d559e51cd,3303
d:2e4373e39a454ca082f1d3da197d1050,3304
d:2e474ac8057c4280aa7246a835573921,3305
d:2e59e5bc61dd456aa7f99df44a02d9b1,3306
d:2e59f7a159364418ad4b0a82503a36b5,3307
d:2e642f3ba44b429ca3d8708697328f51,3308
d:2e646675931541fba306523463831b9d,3309
d:2e6afe88e18045b384b8ea2f22de8d58,3310
d:2e6d3540bfcc429aa4b39d99ee119294,3311
d:2e72a6bac6f84893935c5bbd63f49835,3312
d:2e73d2f3908f4870b6b9c7c507a02fb2,3313
d:2e7593dec940427fa6b0e053ced6e7c1,3314
d:2e7b3ff0f724405b964d586dc7f500a1,3315
d:2e7e69b09d394da7b78ad7b7f4ddf1d0,3316
d:2e8234c5c2c84cb0a6bd28bac2aee3b3,3317
d:2e86043d5bc949cab69f7872e2ca7bfe,3318
d:2e89d821da1c4ff9aa878c6b72977182,3319
d:2e8e663aff9d410f8a9255d231446e77,3320
d:2e975ac4f6804df195db3e27bdc377d4,3321
d:2e9b063678334e9c8bd78aedc683d586,3322
d:2ea392b110304172b84766526c20aa68,3323
d:2ea3b6408d7b472280d6fb485cfdd58d,3324
d:2eabbb4ebb4841559d32fdadb42be782,3325
d:2ead4a1c2f7f4eaeb0c43437c833447f,3326
d:2eb1322b48994626986f62f23e7a6503,3327
d:2eb5764164fd41c08dbdd7382f513d08,3328
d:2eb5e89026e34b218e20eb1dc46ff97c,3329
d:2eb7e27458d64d22baedbf3ccbd84e3c,3330
d:2ebabbd973a34fa4a9d53ad53266adb7,3331
d:2ebbc4e36f2145ea80814426f5d8a21b,3332
d:2ebc41321b804b428421c990300c54de,3333
d:2ebff1795489497ba6b1763aba7d51ed,3334
d:2ec63ec076204c2a9c66c0005788f608,3335
d:2eca810bd6b54cf2a387b4d2bc3d998f,3336
d:2eccf2eb988645a3a94be611a20d7ed6,3337
d:2ed35ec80d1f4f48a19f013a4a5e3558,3338
d:2ed6e3026c0c444794d53f639cf78848,3339
d:2ed73ff4076544558265273032b85082,3340
d:2ed98173360e459096556ce3d66c497d,3341
d:2edf440b2d8b4826a1a758f6081603ed,3342
d:2ee790470c984df7b89c3ad5602373d4,3343
d:2eefc81892934dc5b6fbf0980edc129e,3344
d:2ef208f3ea2642c3aa3d32698aa7896a,3345
d:2ef20c91a5244a6c97153874b19dc037,3346
d:2ef2def140fc4c20b34e725d6dfdfd24,3347
d:2ef3f26a8c2a4b3889e1761c0347dc69,3348
d:2ef85dbc0dae477f872a9b40aa263f94,3349
d:2efe715aa9d749f89531c9d606072e08,3350
d:2efff030843a407592811ddad89e962d,3351
d:2f032554ffb045bd8da79e234d816557,3352
d:2f0449d6a315434aab3fc93dbc1710e8,3353
d:2f05a0d904f44a95ac45649f52ca1e83,3354
d:2f0ecfd59a9d476bb6da2a6320bb47bb,3355
d:2f0fb19895774941939ed74121f43fab,3356
d:2f11e3772a89451e931383f17ebf652b,3357
d:2f126631f0de4f90bae5fc62ff892ec3,3358
d:2f16b6f7252141dd92cc880847be3510,3359
d:2f1c545651d74e2ab30cbe986a87e2c3,3360
d:2f1ee9a61f674d8da45bfeeee153a5ba,3361
d:2f20c332541942ddb8d4e572e0da5dc9,3362
d:2f23932729da430198db063edbce3025,3363
d:2f242057128b45c18718ad2756253029,3364
d:2f251d95a50747fb9b44e8def7369844,3365
d:2f2794b401d44dca8b6f3e074fec4420,3366
d:2f3328f00b3f4823b0acac82587341ce,3367
d:2f34194ac3434b80ad3ba4bf4ef87a6b,3368
d:2f473aef953143c9b4eb129b8cd86e7e,3369
d:2f478da240ac4a849476f5980873a7d5,3370
d:2f4b85db78b74841847a59f4d974a8c5,3371
d:2f5023edb21c425788d3fc15a8d2143e,3372
d:2f522b1df3ca483f9dd6eff126140e10,3373
d:2f5cec95a4bc4b84a7a75e76eac91b94,3374
d:2f600b49875b4880ba255e0b240706a4,3375
d:2f62a65cea5e4dbf8173e3465340e55a,3376
d:2f6d56ae7baa4e0d99c6ef59220209a5,3377
d:2f79ffd1fa5c4409987ecbed7a4ab6b7,3378
d:2f7c8b0238d44e0f9c647ed939ddc5cb,3379
d:2f7cf38354824e5ba566cdc7be79a8ef,3380
d:2f7dbd7a577a4130bbdaba69e441e5ca,3381
d:2f7eb32d02d64452ba419ac32776ae1f,3382
d:2f83ba085ee246d0b7a368659b0767cf,3383
d:2f8e8c9f89594a4a97d40693da78e35b,3384
d:2f91f22719e84fb3997bc3fb13ea3329,3385
d:2f9a669d5ef448609b65e53ab0ea4da8,3386
d:2f9d831c01344a9da4b196e7c2ff4394,3387
d:2f9ddb3fe85e4db9a389ba76622f2456,3388
d:2f9fcbcaa5d44c81aaa10b6aa94bbeb4,3389
d:2fa1c915aef1498b9899ae19f2de4691,3390
d:2fa98ff731f5426db832b034339f9b3b,3391
d:2fad549ce25c4ac6a61be3502b385542,3392
d:2fb233942fd04bc88c76e34ccf8ca707,3393
d:2fb32f9f618546b581aa31ef5d9ff567,3394
d:2fb6d347554546259e61cf4f5cf00cbf,3395
d:2fbb3b6a1f594173babe6f83c8e673ec,3396
d:2fbda0c1384f4b498721619cdced35a2,3397
d:2fc453b2e6f840f78cab8dd91fd06cfb,3398
d:2fd6ba61fcf843c4900b4204c5148cc9,3399
d:2fdacb8ea5944f2882c873c1451384c2,3400
d:2fdbe5219bc2424a804333227ef85f3a,3401
d:2fe2835a88c1424081602511b06e4bd5,3402
d:2fe4b1cdec884a479ca25fe6beeee74c,3403
d:2febd208c36044cabd7646e46d32c5cf,3404
d:2ff1ac2a27e64be3aaa07ea3d27f647a,3405
d:2ff47a42c5724754b60b12c4656779de,3406
d:2ff5b52b28f741c3997b6d645d373cd5,3407
d:2ff90d71abe34dbfbe855b9a85421e33,3408
d:2ff9c8aff91d499e94098d7760639f21,3409
d:2ffa3ac558474966ab3df589d5f35f8e,3410
d:300048e1bbd244cfb1bfdc484bc183cf,3411
d:300210020c5a4fffb426ac459e738a4c,3412
d:300505c26afc4029bc14727737295b77,3413
d:300914eb7bae4b0bb2b312c29eb41e9a,3414
d:300cb9e163e9430b8c97ad232dbed430,3415
d:300e26c53fda441a90127bc4c31f8d36,3416
d:300eea0b42d84a81a672c912bc3dfb7b,3417
d:30121eb17d2b443f9ce5256ae37c563c,3418
d:30125a9e1d2f4457ba3eb6c500da217a,3419
d:30137698d98e46b59ad3dfe4fb952b4c,3420
d:301a43c6fc5b4978bd3401456aded91d,3421
d:3020009248e94b92ab9bfb2ef207dbd5,3422
d:302314d6a39445a289cc9f38bb14c0ab,3423
d:302b8f4e67554124be6e6dee9ec2092f,3424
d:302ba1e609e24dcfae5cc32018a53c61,3425
d:302fcec04be247cb80f897f8d475be79,3426
d:30305fa11e024f75a034011b3e913574,3427
d:303293e681714540ac34f3a1542eeab8,3428
d:30385392f36b4a05abd1cc6bd7b0fa2e,3429
d:30390e93d5294befbce2f6699a001125,3430
d:303a214219d242bf9b938005caa3e996,3431
d:3040d274581244e992d30fa7b7218eb5,3432
d:3044914884bc402d8bb15d011ab5f399,3433
d:3046965e01694aa19638e154d2b610ca,3434
d:304da956da76416781c6bf8458231cfd,3435
d:3054290127e7417cb2e51804388fa56a,3436
d:3055d1836bf6462f9779bc30888a1f3c,3437
d:305f0bc17c1b4dd78487eba20384742b,3438
d:30603157a77b414cb2f6723800bffb67,3439
d:30677d45a7a446ef827e0508648287f9,3440
d:306afbe7e28c4223b42c824ab2189f45,3441
d:306d10ccf7de4ca882b0f03696671d4b,3442
d:307034b0c4c1457abd110b14462c6698,3443
d:30743b13dc824929b556e9b0a80feced,3444
d:3075e8618ba34f039a0c34ae435336f7,3445
d:3077c82a0cd14d608643c08f828631ed,3446
d:307bc5391a5c41d192af6800ab973ab6,3447
d:308a7a05c1b04dd98025d0c5b0e5c603,3448
d:308c24011712466d9f914dac9ec888ca,3449
d:3096a895be1e4107851c9ed384682434,3450
d:309bcd34754e4022aeba7fba80c2bb51,3451
d:30a91861c8eb4ad188fe5a166dcf8a31,3452
d:30ae2a73fd0e46208d0e084f88c6edd3,3453
d:30af91eef7d04a4f811149ee9b63a276,3454
d:30b49905f418494f87f0e926acd8d9fd,3455
d:30c13224899f44a79f276b6bd8adb253,3456
d:30c14381d20b4be593428186f308dc51,3457
d:30c2ff0bcdbd421995737a0dac57c80f,3458
d:30d08af39b704f4da0a18f9ea2369e2f,3459
d:30d0f15305274e03af4c725d58434fec,3460
d:30d43b8ce8234c5ead0d83536c9c5c4e,3461
d:30d7ec153016476e9389bf8b946821c2,3462
d:30d8959ab8ff44adaa694cfdafb9248d,3463
d:30db0e32725747ae896944daee3f662f,3464
d:30dfa6e07ab94b74bc3a747909822404,3465
d:30e03d0d0e254060aab3b86ee39f597d,3466
d:30e06c3be97e4c52bb6fa2549e666d10,3467
d:30e0861999ca432fb8e72216f1e4f7cf,3468
d:30e77cee2890404588803d159ae18f28,3469
d:30e9cac61dd94d45abb3a5c3f61edb25,3470
d:30eb244d9f47426cb452c3cf8a772bb4,3471
d:30f13c51871f42afabff9d8f13f7886e,3472
d:30f3da2eef6242feb9f23d03f11925f2,3473
d:30f705c383a64918b126ba3bd69be462,3474
d:30f98b80a98b458081fce477f23efb72,3475
d:30fd4a07ceff4f80a17249d2dd1ec47b,3476
d:30fd818fa8f04fec869ce208ba3ba683,3477
d:30feceb9b15e465a9d6450dd8312f288,3478
d:31026c84dd284c11bba57bdc4395c547,3479
d:31040bd511e44f74b3885326ee3b897d,3480
d:3104dec895134ad1a3fccc72a608ec49,3481
d:3107d336fa8c443bafff08026bfaa752,3482
d:31112080fa704502a52d8d7f5bb1129a,3483
d:3112d2e2165b4c5e837b921cfe6a0177,3484
d:311419687ab8496d9849719a65c0fcd2,3485
d:31147296430e4b93a8bef95ccf51d033,3486
d:311c32da7db14194839d22a8c4f8ae90,3487
d:311f130bd7dd4b3190ca53526e146555,3488
d:312068f6e8964894bcb497f9eaaca789,3489
d:3120de83d8a2457abd22da78988e4d8b,3490
d:31215971675f4df3937676ffa9222981,3491
d:31278923670540dcaeba3c9ded890502,3492
d:312b77387dbc44c68eb535b60a2a6aae,3493
d:312f7adda71346c6b32eb599b6bab300,3494
d:31400fe95a804cf09ed4525c1fae57be,3495
d:31452c58a13b49d4bb07c8b1e82486f7,3496
d:314bc33aa4f446bda0bfdd5fd5f5fad8,3497
d:314eb9bea9f646088fb4c4019d43dd63,3498
d:3155b8e25909431dbd31f2cf7bceacc0,3499
d:315fdc110b3745db80be2b7df0eb1b14,3500
d:3160c899dcc341e09a82e4dc07361706,3501
d:316e68bd4d634c9cacdabc03fb816a95,3502
d:3171510179594ab2b3b4dd0b69f509f6,3503
d:317762e783cc4143aedabdda0526de9b,3504
d:3178b4e4161149cba2c8b4d95f2032e3,3505
d:317a6ad745b349c6b1b31a586f94323b,3506
d:317fd461dd384c21899806a365c26cf7,3507
d:31827c4a8c7c4befa17c688395ba0197,3508
d:3186504e94e84147bb9d253af928f006,3509
d:31891344ff8d466782a394fa6f458f88,3510
d:3189e5205f5247afbb00888d698206ea,3511
d:318cf030988b4a27838910e73fe46f23,3512
d:3197804038dc41e18ef56dc6848f141d,3513
d:319c9d9f4ddf4318ac3ca43aaace8ed4,3514
d:31a1c0b2413f455bb6cf61dbf3e996f6,3515
d:31a1c86490904288a8e31a5577f06387,3516
d:31a8882dd34142c993d95e4e7f875d0a,3517
d:31aa69c81c2247e1a18dca8cfd879b08,3518
d:31ab89f9be104272a454639019d20f22,3519
d:31b0fc3e753a4ff6a8f473bb68a0c438,3520
d:31b768bf2a0140c1806f558883336e6c,3521
d:31bc7a2ab8e645b0b00e58c02e676f05,3522
d:31c12a3388584f12b057620e3743931f,3523
d:31c237a310f24a638d7b0fa99ee0447d,3524
d:31c2a1049ec44e38974796ecfe560105,3525
d:31ca5609b4d4479fafe4b0b0085ca4d3,3526
d:31cbd93eb74a4cbcabb51c93a024c270,3527
d:31cc98a7ad674155add744fc064d3cfa,3528
d:31d40932cd044a0db162185d9debdccb,3529
d:31d752ded2a84b42a9065d7964fd2e03,3530
d:31d7a94b41534c58a3a7806d7f1358c6,3531
d:31da1569435846069e023e235f74edf1,3532
d:31db6b780a7349f6b9013d27ec40b116,3533
d:31de4f83980b4e1289b3edf77255efe6,3534
d:31deb1a998924c80a7af9696f95c8978,3535
d:31e4edbdf8154f1bb6aba77800567dc3,3536
d:31e51c3855704071ad8030c62b41b0f4,3537
d:31eda721265b4c42834b3d6c4bafc67f,3538
d:31ef81870673474d8a5a83d1ef51ad19,3539
d:31efb7aa2cf942129500dc9cd93a446c,3540
d:31f54b814c9a44338b25957076cd2f07,3541
d:31f9e4e650a1482a885ced5b7a26d8df,3542
d:31fccf70882f4f41ac7f9e0f49563eb8,3543
d:32016128f1804020b8b348b5de2d7aa6,3544
d:3203b2567c2e43a5987621df489bed76,3545
d:3203b8d1cb97478ea8d619dc9e1ff027,3546
d:320abe13869b4b71b5d57daf1e74ea59,3547
d:3211a877a84149adbc47b2521705f42d,3548
d:32146e53fd2347e7aeea42662acac034,3549
d:32178d86bda3486f88c13cf421ed41f9,3550
d:3218cd6c1afa4d40bdaddee5993c1d2f,3551
d:321b68e09418405bb2ea54a6cdc35f8f,3552
d:3222cd482d9c4236bb7137e7fa361f7e,3553
d:32250d4c9adc40359bb2339cd6a3d823,3554
d:322c7788580d41c5aafce5216e6daf4c,3555
d:322f60da98434dcdb7e8e7e5fcb2b7ba,3556
d:32303ec4ec164afda63706e03969054b,3557
d:32333a6969054e84b79813a44e1673a3,3558
d:3236ec3baf09417bae53190e4d6e932e,3559
d:3240ec8329e945f096f676489bb7a428,3560
d:324146fd5aa840ef99f186dcdd668472,3561
d:3246849c4ffa43ea91359ab861411617,3562
d:324ce21bd97c4e47a992442471b2dbf4,3563
d:32566712eed647318a2ef9cc45829e63,3564
d:325788827ffc42cdab08f738bd14b077,3565
d:3257d73826c5477890e31a86c99a03d4,3566
d:325f48548df343aaa159e05f2b962056,3567
d:326211a058974ab99f3c2800c408cdad,3568
d:326281d0429d4db096e21c172564f98d,3569
d:32667f9594554ff3a781283f9ced9e80,3570
d:3271e918dff2465f9b01127b5f653706,3571
d:32776e944eb14127ab6c85b0cd88efd5,3572
d:327a831f52394a9b9dc8eea20273b782,3573
d:327ad6a8ce084a24a307fae9a0a366d2,3574
d:327d5e8fb2c44984b31798cb994329d8,3575
d:32835f28f3b04a28b7b39c37727c24e9,3576
d:328504f9620f4314943b0601d7177955,3577
d:32893c74b08d497aaa629892b55932c7,3578
d:328a099d3ca04f9ca7c4d835b51ee27f,3579
d:328ec2d3cd7245088aa072d5d1705d81,3580
d:328f0141f9b543459e177e0d6e5b8f84,3581
d:329a32c3cb824525ba871797453fde33,3582
d:32a4c546d68d40458afaece24ee8fefa,3583
d:32a4e81a89d84e5ca4bd80d4a848f281,3584
d:32a9a006951f4d1099607e414910c392,3585
d:32ad2e569a4443a9b6af3b43791a5670,3586
d:32afa568eaf0456bae6f92e51af1c702,3587
d:32aff995058c464b9986dbe7609c5fa3,3588
d:32b672e120cf4555834849960a8e89ec,3589
d:32b7794ac80743db958e70aae9ba6ccf,3590
d:32bdaf2769174d18ac7b8f09acf9d97f,3591
d:32c1d0d8739e403cb01070f76d2edef5,3592
d:32cf35a9ff524a86ba995da9e32c5a5d,3593
d:32d01be3c4fa43e093ec51418cbeda88,3594
d:32d4f0273df9442e9bde8354968c0334,3595
d:32d6be6e180642b18751c96a7c8a36d4,3596
d:32d835824e004e3690fae0c5f38336b3,3597
d:32ddd264a919403c9c16c60d0a609ee1,3598
d:32e1ad865abc491cb280765f573d95f1,3599
d:32e4c0370cbb452198f4aefe74445a1c,3600
d:32f3d7caa0924e218dda35ab49272a1f,3601
d:32f413fd749e4b1db8ef8189c6e0fb25,3602
d:32f429ebf52942568754bb17d4b57090,3603
d:32f765fe6ac04f5ea30c0fc60397b3bb,3604
d:32fb84c26ba44abfb3caab2998d4ec96,3605
d:32ffae770cad4b5bb845c66a3aa7ef03,3606
d:330262b83f514612b7f552a516394d05,3607
d:33049a91294340079afeba035204bb44,3608
d:3313beee8cf9405aa1b385beffab8505,3609
d:331af85375fa4cc696572c9faa82760d,3610
d:331b972e7aab4d5eaece2b50ca0203fe,3611
d:331c4a1638ed4cffbbef6489d9e0167e,3612
d:331ecf4511a54f66bfab0532ba94ba6e,3613
d:3325e85e9b4c4375833b901e0a0a7fbf,3614
d:33325c15cafb4b2b8d97ec3d3e5977fd,3615
d:3335dd12b97a40eb809265b4f3bb9986,3616
d:3335f4ef4df24ca78097d351b7cf8b82,3617
d:33371dd7db8f4239aba792e2afaf967d,3618
d:333770538046417297a290b587a8c119,3619
d:333a9d482e0e4b65bb6a197a101098d0,3620
d:333d80fe59654d92b4efdb23121c6e60,3621
d:333dc0a6542d4dfe8144873cac4f389e,3622
d:3341c25c459d4d9484cd47f7c9bff5d8,3623
d:33463b4dccdb4fa989a68a0a0b0d725a,3624
d:3348e173b1f2487c9f36ab7ee409d58a,3625
d:33494e574f364fd6bb9692da74dc525c,3626
d:334bb9447db143d798c6161f63addb6f,3627
d:334da7ab6ae447f28b2b8424c19b8e70,3628
d:33521c393a7c41da90384fea31f087f3,3629
d:335289a7ea27470db1739465bb120094,3630
d:3357a07abb7b4bd5aee04360e69a6a90,3631
d:335a4c0207f44cd99266b0a84b44aa41,3632
d:335bd47c62b246ab8b00041cc99534a9,3633
d:335c991d2d7d4276be3f576a42f92eec,3634
d:335d432e7f6e4e0294be1f270e569df1,3635
d:335dcae4202740109fb8ce514d5c33d1,3636
d:33628bde0f6348bda32cbad51091a681,3637
d:337501f1d2e34ecba9161344e435e8e4,3638
d:337b5ce4d1c34e52aa6501a2590ebfcb,3639
d:337e0a0dfe6c4fdd8f3c23dda87c84ad,3640
d:337e8dbfb1f84eb984ea261cd78a6e87,3641
d:337f6541e81147dda710be095864a264,3642
d:3380a5661ec74c0280ad04034f724095,3643
d:33862803d94443cfa1bf83b82bc58ec1,3644
d:3390115f51d84c95b4aa2f3f5f278208,3645
d:33927e575bbf452a96e568c57a5833ac,3646
d:3393bcc7026a40c3af292415a52a3b13,3647
d:33969381afa14d6ba9a715af5fcaf7df,3648
d:3399d38fde61497bae0384817c19f5e6,3649
d:339a1b5e48b745a8afe4864dd64508ba,3650
d:339dafbc62ea471f8ba8a75d45c6d5c2,3651
d:33a3b209d186441c87a092b2fcc1227a,3652
d:33a8df8f30ad4e0ea635c5b57e694013,3653
d:33ac14c9e8134fed978612c80c8b9824,3654
d:33ac20f5ee524caeba7f58e03b51ff31,3655
d:33ad38b96fb545b3aa50a80a61f8a247,3656
d:33afee786f0f4c56a889ba5a79cfc099,3657
d:33b13a8c60c2472eb38381a48c6883f1,3658
d:33b179fbb26145fbb1933344f619dc20,3659
d:33b2c1dcbead4d1799bd08be796437bb,3660
d:33b61bc14e0c4e3caf51d8c3da468c4b,3661
d:33b698d57a7c45ed9665ab329600cb46,3662
d:33c316093d934597afd91e7914aa68f2,3663
d:33ca75e2c2844bffa80c9ecd286487f4,3664
d:33cb851a26b4406889b0a5ad53ea8e6f,3665
d:33cfeeb534cf4e7e8b50577360b12422,3666
d:33d32738926f4899b6ee7c42074c0b36,3667
d:33d87f81c2b04663aa43bb0f79929628,3668
d:33dbdbe404e54f6ab83f7fb76ffb6111,3669
d:33de6c2d4f2f4662ab2e2a549e1bdf13,3670
d:33e1a264110045b79b01c47f65e46616,3671
d:33ed22a4ed01402dad9072b8996ea4e8,3672
d:33ee51ee40d44a2cbcb6e73c461fcf4a,3673
d:33efefe6356b45e4be0541ecb1271cac,3674
d:33f026151d034c58bec07a152b19ec4c,3675
d:33f3aad91c4c49bf91ad056cb4a0c670,3676
d:33f982726d704fa1862be1bc88c0c378,3677
d:33fbf66b69804b76bd50cd34bc18413e,3678
d:33fc3509fe4e4ccfa99543b9e4985341,3679
d:34024d74381e4415bf112bc7293a60d9,3680
d:340260c1cb484fc7b37ad883ec795151,3681
d:3402cfee50f04a3b8d44f7e4b9367a76,3682
d:3408d6934321415186d55b976c75b8d0,3683
d:340fcf4278f8419fb337ee46cc41ec73,3684
d:341134f0dab64595928ed1173543e23a,3685
d:3413ba961bf044b7b64b4acb42fe6878,3686
d:3416cf2386e04143a7f21f77ce1c8feb,3687
d:3417abba6b96480b9567ed1e2ac81cd9,3688
d:3417d4f42bbc46e0817a7ec78173ca5c,3689
d:341a5568026a4d00a17873b9c86d5a5f,3690
d:341f662941d74b9cb9f8cf9f5a8f32e8,3691
d:34240f1ceae84e8daf6ee0acdc8e28e0,3692
d:34295f3e13384fdfb47613a940249396,3693
d:342cff14988f42fc94fa90b68c3e230f,3694
d:342eac6cb15d422da37a349056f1a464,3695
d:342f5d7a236a4b6ca0bff67e3282d5b2,3696
d:3435032adb654030b60995b442d39f2b,3697
d:3444a2eb22e5426b9cd27e697259b090,3698
d:3446a32d718f4b55b3735cf7e5ebf6f5,3699
d:3446b7b3decb40b0b63ca16b468b4402,3700
d:34483b5d073c4a5faf2e46ffc883c811,3701
d:344c17e94ec54130a9da073bf3f7b50a,3702
d:344cc400c2b146e7b26d9e1bd5059832,3703
d:344e0ad377384654b97f0b045051b383,3704
d:34502bd20c8a4a2db544946e077c6d4e,3705
d:34519a21adc64b6e8ba48aaea82b9238,3706
d:3452a62cf3bc4d3bb0b6786eb580679d,3707
d:34576df29198467085015fcad141ba82,3708
d:345888f42caf489eb61aec85419a2d7b,3709
d:3459b4c19fb24f35984b628c7aeb775e,3710
d:345dbc355bda41da8d13872b56c6b8db,3711
d:34604e2fa8d84074bb9fd70779af54a0,3712
d:3463a387ecf34b8cac0d49aff5b3ca34,3713
d:34694309609f4cc5a9a26c1c1846ccbb,3714
d:346de83a31234a86bdbfaccd146db82d,3715
d:3471b779ded24ee38454a8d41b48e839,3716
d:3471ffddb7564ff0b593b3249edd3c27,3717
d:34723ad665664fd68138405070050b74,3718
d:347318548e6c4b6ea356ac34097113e7,3719
d:3476ed687af740e89a1eb78e410e9dc6,3720
d:347c09ad6b7b4969b95544629898d56c,3721
d:34876ab1fc1846be9b016d0c9f20fc7b,3722
d:348918ba30b04c64aa18bca5f5b08a0d,3723
d:34896704b6ef4088879152d1f4b682e2,3724
d:348c7b5ff7ac41a9a36bd42948da6a2b,3725
d:348ed37f554e4036ab7d513972a903e7,3726
d:34905e4c9af7424d8b07d6962ccc22a6,3727
d:3491c3082b72429081bede6b6fb4df50,3728
d:34968ef00a604ba3ae3e16c1c0915408,3729
d:3497bbc4d4da4beab5968d7b4b6b3bf0,3730
d:349c27f62db14867b572c28296744f7c,3731
d:34a03667d98b4f83ae20e2cc282ed1c3,3732
d:34a053334aa9481cae365ea0794b2fbe,3733
d:34a167a892644e278f204fc5f9d022df,3734
d:34b005d0dd79479eb07e53f2188a15ae,3735
d:34b36747269f469185b907eef1891768,3736
d:34b5ff2d839f4a4a88f2a1377c27968a,3737
d:34ba2bd1cce74c2486b4a033fc95ed84,3738
d:34ba71c06a29492eb175998f0d2a9a0b,3739
d:34c1a622dff547e389e988c6b4f667d3,3740
d:34ca8dc9f3e1442b8a824eb6710c4d83,3741
d:34cc4ae1281c47118dd2618d960cda11,3742
d:34cda4e1dec74b469cdaa6b032b0972a,3743
d:34d86a8fdca14535aaab7231141270ed,3744
d:34db999358f7419cbcb489a7864312b6,3745
d:34dc2c4eb3ad46ceb63d533bbb4d4f11,3746
d:34deeb9061b749eeac8479bc86bc1f62,3747
d:34e2d2ae556a4253944c2e4653f45f09,3748
d:34e74db60c5240dba6cf9030fd80bb97,3749
d:34ed3184bdf64c80b8acfcd2028ae0ee,3750
d:34efa2e0c1f045b6931426620a675806,3751
d:34f011deba2d41e1b1dfce5640a53095,3752
d:34f02a2e075a4dfab4366e949050c774,3753
d:34f0c57bd3d841c6b662c63ed9c5be3a,3754
d:34f3f9e9634845c0a973d052850cda66,3755
d:34f4d4b5faa5448cb46a4ae3ae81ef52,3756
d:34f8e0afb6d3464c96069dfe3006899e,3757
d:34fa177542f947ba9e109bf9ef64a6e3,3758
d:34fd4a4690cd4d48b407a85aad3a6189,3759
d:35017227a36046e58bc31a495d834da7,3760
d:350240edda6d49d89f2a744e7a99697a,3761
d:350504b44de64a17be822d31aba1375a,3762
d:3505c33b865a4382b3efbb797a4af676,3763
d:3507b71da7c44254bf00b037df275b6d,3764
d:3508df4474834108b38247300b626429,3765
d:350a9cb3a5434ecabb66a6f450693649,3766
d:350b3c0ddc824aa193bc704e8aa8d0f0,3767
d:3514def297a2443abd279e3f7522e4fc,3768
d:3516626875c94e40a3c47139d4a83cbe,3769
d:3523cb6b041941f1918162ac3afce408,3770
d:3523ece569d340638d30467c41ef8a9a,3771
d:352736d02dc74e90b7f7f145299b9b2d,3772
d:352823a9a11a4854a1b8cb7ef921e0d7,3773
d:352ca4e561cc410fbe5cf65adb74ce78,3774
d:352d8c3ae336451db4ec01e4e9662c7f,3775
d:352e2d4d97eb432b92339bb9bc2b67c9,3776
d:353050c377b64a5d9f7c7273292c1a83,3777
d:353398f6036a44918a174ae78700f3ba,3778
d:353459e4099e4e38a3e3d8890f420d1f,3779
d:35351273f13b4ba7a667277c31d660a8,3780
d:35359ecf6e1c43e0b0afa242b94af6f8,3781
d:3535f3d762eb4023b701e0a2ec1758ef,3782
d:3536f512351f4d51a027a9a6e262f572,3783
d:354135468cc347b9a62b7c63aa30d9fb,3784
d:354ba85123924220811ab28531c3d691,3785
d:354ddee185a64ffaae96be7569936b82,3786
d:354fc3ec3b0f45228757996ab7bc6bfe,3787
d:35510a1382224a7ebf180525f75bbcab,3788
d:35541e9f1bbb4518b895516e810d92f3,3789
d:355d2048255b47be95ce7dff77e43f3b,3790
d:355d6b6f939d422fb8a81354613e77b2,3791
d:3561b3f5ed3f4e998b84619dc1603d5a,3792
d:356795e205a746ffb75c226bed110a5d,3793
d:356839d222614b0b9400b7b48cde9a3b,3794
d:356b37c89c4140598b621fcbc6d3b52d,3795
d:356bbad8a91646ada2e746e542e3de46,3796
d:356ff77242124868a9bd0e2e00213d65,3797
d:35723319b749483c9a006c65b8d9275d,3798
d:35867c9d8ec2414f8106d9852ebd383c,3799
d:35869ecb93e04a4d937b0dacedb5d272,3800
d:3586e5b351574f2895d2123f339caba5,3801
d:358d76fa61664c1db960bdcf01b290ee,3802
d:358e4760623e4b0a8302cc76a5795eee,3803
d:358e7ac8ad434d069be6c6048e0e8c2b,3804
d:359312abb1fd40ca88ce9957a96a8e0c,3805
d:359ae02f724c4c41adbd245506b7f83d,3806
d:359db04ac14d454daadd27e55dc283e6,3807
d:35aa92371d0b42d1990f28461531b23c,3808
d:35b42f7f152e494d931f37bbb738470f,3809
d:35b5006f761d47609458002b84a6400e,3810
d:35b5d707560e489eaea8b3ab538fbf6e,3811
d:35b62aaaa8644f9fa370f2278cca9661,3812
d:35bbca4e74d6403e8d5c77a5c0c851b1,3813
d:35bd8dbee23649efa75860fd19a367ca,3814
d:35c01de477c546f1ae9539344d99ea36,3815
d:35c0824c45a04745abd87204b77dcef7,3816
d:35c23f8655b7467d936b1b086cf3e00d,3817
d:35c279c03b37409684298b73a9169153,3818
d:35cb3448c665422fb2254ff50d21f646,3819
d:35cdf0598aaa40e38f5ab341af8d6ab6,3820
d:35d602057a3e4fb8985c6ab5de4f04ce,3821
d:35e366d08e064f0f85c16dc1a129b37e,3822
d:35e48bba97bb4bf88937bcbfcce3114b,3823
d:35e51edd05414763b16f709f6d0dd216,3824
d:35ec841a5c56487b94e0f6a9ce26c6e9,3825
d:35fb1f81559a41edad18e77f45df64b4,3826
d:36060feb00f84dd69971b7af7b56af1c,3827
d:360a3bc4f51c4cd3a0148d11bee062e5,3828
d:360bcc02415f4c08a678fdafe9ca033d,3829
d:3613fea509c44d9495007ca3a2dc7baa,3830
d:36155bc9ebdd4a7595ba4a84e157cbcd,3831
d:3615c0271d63438b9d8f429638617bfe,3832
d:3617bc11532c492ea7de9688681c23bf,3833
d:361c34ed1ebb42ed90fc30a00ab50b02,3834
d:361d4e2c396e48a8abdf0ff74861264a,3835
d:361e1f1ed20c48a983a49c612106a410,3836
d:361eb9c9695d4855bc3169d08a3e46d3,3837
d:362202283fd74dd99298fa7c3a20a2b2,3838
d:3623b5960690461a8a5097916d44238f,3839
d:3624f7a29d1c4a34ba8a5ed564d325a3,3840
d:362d47a29f9b40d5b33536bb5ed37b60,3841
d:363dfa3733e848949fad1746348ae6b7,3842
d:3640c865e1484f20a58248de31abb166,3843
d:3645ee066ec14523af71e27dc3b7560d,3844
d:3646434702ae4c75a82c23528b7bb788,3845
d:36493f1702f54867bb94c3b848886d9e,3846
d:364aaf6698fd46729a0d24abdbb39f9c,3847
d:364da04e9c1b45f5ba57f2f3e598285c,3848
d:3651494e94dc48f5b21ca2727df930c3,3849
d:36541a3835404ae1951738b9d562070d,3850
d:3655480f3d2549f0a37b6391829d83e7,3851
d:365690f2923c4eeba698b5502c08cf24,3852
d:365ccbfeed134d49b57607bc097a303d,3853
d:366799fb69904584a67bce14943c58b8,3854
d:366a3e99edc040d6818cdc61a0bbb7be,3855
d:366f05789d2b4d3e85c0923b18f8f075,3856
d:36718057dd2a4e3d91d57e83dbb26216,3857
d:36735d1bf77a4255b52b503829e13a18,3858
d:3674c1ef72a042a4a5ca5b5a9e552862,3859
d:367b4b57258d4b429bbd434f1a6ac7c8,3860
d:367fac0b50b447fab32c325c766ca94a,3861
d:3684ed8099c54f72871e8ce7792ca15d,3862
d:369056ccc717415b8133ba28263ced97,3863
d:36925d0166df4a61a11f52dff59c2121,3864
d:36936a16c6974cdd92dec693fd2fe2ae,3865
d:36955192b165419084658efa4fc1ef02,3866
d:3695a6664f384923abd459defbca5092,3867
d:3698442c98774251842f6fe6f1a38516,3868
d:36989499e9d2484bbfb6fe6b94750d2f,3869
d:36a1d23e31ea4c8fab36060c1cb56255,3870
d:36a2cba26d9444eeac87b5275ea109bf,3871
d:36a5ae1b48bd4be9994232b253dca846,3872
d:36a7e29bfd644a6489643f841620671a,3873
d:36a8e64f0820499da75c1a36a078f37e,3874
d:36ab6caefb5e46588a6672a29243feca,3875
d:36adacea51b7401fb5e0d307c6e497f1,3876
d:36af75be51ed48fb91983bc2c192dca1,3877
d:36b24b60c938458c951985e96c761f59,3878
d:36b5fa4d6cc943e892f6da1579219a90,3879
d:36b655e31a924645aadefb57fc7e70fe,3880
d:36b7720218cf4f30b503381e23789ac9,3881
d:36bc8424bbb946e2aa347514f6f39c29,3882
d:36c49116216343ea935366cbe30dac8e,3883
d:36d09715975f4da0ad9b06c3461cd35c,3884
d:36d099278403460691ba95a7155861ae,3885
d:36d18852485b4a67bfd9bd6422f249cd,3886
d:36d66be1d8e54de29eb6754808b185d5,3887
d:36d9ee4f624b45be90675cc6ab281a92,3888
d:36ddbf9cd1804f39bb56074c16594bbf,3889
d:36e04f16acab457c9e9f6877c87ca726,3890
d:36e18d18f0b247bfa1dd02eadcff102c,3891
d:36e9c34f17bd4b6c84179f4eb637509c,3892
d:36edfde18e674ba38aa5d972c123ed33,3893
d:36f21e9667b94882959b3fcfbfa6c67d,3894
d:36fc0224dd3d43e4816264b6de86aa22,3895
d:36feaa5a7911485d87f3635eed14258e,3896
d:370355d0221f40f4963f96c0f5b7a9a9,3897
d:37125666d224417c8cbf4111c499cee3,3898
d:371a93def56c4985a781e5bb475eb422,3899
d:371f563831ab4e9197c36ed8ac582c01,3900
d:371fe619cd724e598f20a7d2bcc2c807,3901
d:372366d5d70f4a2d98ae6561a67e8db1,3902
d:372ff1e11dc349ef99fc5793c31618dc,3903
d:3730c5c08df546c3ba36cca6bf272722,3904
d:37312f37d1184fb6a5bbc61b1f10de58,3905
d:373447c6a369470bbf4a795b2acf2343,3906
d:37383bbbf01440528a1b3e1fced74acf,3907
d:373cddf0b90449b2aff99b8e247b712b,3908
d:374651e42cee4cbdace8edef37e83290,3909
d:37491eeb25774032819e4ac3494d4256,3910
d:37557fafc11f4423a94cc6565132eaaa,3911
d:375717aa7dfa4f2893803491dcf1cba5,3912
d:375770db2f424514b0ff256831ff5f7d,3913
d:375936b6699d4b4a80f222733fa55eb5,3914
d:3759db211d0b4a55943027664c1ba9a1,3915
d:375d0cef2a864ece984d67e6d8c62dc9,3916
d:375e505bbd3e42a2bfff1f05af83d2d0,3917
d:375eeb297e214a07a2f6cbb6e18055df,3918
d:3763164502e74918abe0919680e34680,3919
d:3763180f8bb34405ae3fb76a4f0ff7de,3920
d:3766b1e44207431181ae85af14cbb943,3921
d:376c513ebc674b7fa1987e3d06626c2f,3922
d:376c9731f866483a92fca27ee0bb2e8a,3923
d:376d091421a54dba86aa8cc57f99e582,3924
d:376e89b1ad404ea3bff0114857d630c4,3925
d:3779b18e775a46e1969167a7baf6d214,3926
d:3779cdc1edeb412eb9c00042fcfd1916,3927
d:377b83630cad4f62bbe7a6f450c420e8,3928
d:377bc8f4601f4ab59cf8293c41bb965c,3929
d:377e992bf5a445bfb4a0cfefd4c9c246,3930
d:377fd357dbcf47b78d659b82d026f674,3931
d:3788f668a9a94927a7e017bac752a223,3932
d:378e6f10bbb74249946547bd53b6b85e,3933
d:379545d74f6c4890a593d9f90aa4e3f4,3934
d:379769bb0c0149d48d0b9bcf73adba90,3935
d:37a7d2a1daff4e91bf5001a1e8d5f6ef,3936
d:37a800453ab94baa8b66b713f494be22,3937
d:37a92ea6f1184eaf8c4c3cd22da2ddee,3938
d:37aa10541e68486dbef5af4fcd1de069,3939
d:37afbed5bdac4d5b9f69de8f7ad34e8e,3940
d:37b44dc040a54c5588e3a685ed33ffca,3941
d:37b720fd1bc7405f8fe1b13d2fb14979,3942
d:37b7640b7c164511a00ccc3c34cdbf66,3943
d:37b7dfa9684742c689674710c8d5bf90,3944
d:37b8598ed06c43738cf0d3e007c3a96a,3945
d:37bd09569f9f48388ff95f3149999b45,3946
d:37c5074bf47d42ae9e569432f96c4b91,3947
d:37ce228d10c1445d9b002a44d9e385e9,3948
d:37d311b1ab89472da00e2ebb86a542be,3949
d:37d6ec58cd684b158ba62c9955cead1b,3950
d:37d86f216a7d4fd1b64df29625c6d0c4,3951
d:37d9e027bf9a47158301e9ee68898574,3952
d:37dab1ef51b541b7b7f27209c63631e9,3953
d:37ddf49d07f742daa44c5ad5af17c653,3954
d:37e07f6d1d4f4bd5819d652e1e9f03d0,3955
d:37e49598593f47948bafbdedd85e1088,3956
d:37e839da475a4589aad02235e4eafa0a,3957
d:37ebc1efa72247368d691fe52ceec86f,3958
d:37f0841046e24e18bc43fe1e9074e5c5,3959
d:37f12c89a36549c7b2b7e7e1eb77f7bc,3960
d:37f8fac2ab32475db60731ddeb797343,3961
d:37fce6b2d8444280acd0d25098cb9eea,3962
d:37ffc358d3f04337ac7f971bb9a44348,3963
d:380482e64be543538724b8fdb86dfb17,3964
d:380a538351c5476489f4abd966a43a2d,3965
d:380bea2a84554f78bdbf000d630fe5bf,3966
d:3816ca5bf1da4d94b970693c20f77cb4,3967
d:381c9a6bc65f46f9a13e1a8fb99c631e,3968
d:381e5cf5b5234679b12ed080ba70860e,3969
d:38218a5c54fa477e87a37187f6665bd1,3970
d:382457820fef4e71a8ac991226c9dd25,3971
d:3826d38ef16948ab847766355e2a47d9,3972
d:3828dfc5f9204aa08c26faab889c6984,3973
d:38294015a87742f889a20ee9aa92ea00,3974
d:3829b25e09034e75958aa359e3dee4f6,3975
d:3829b2c764d04245a819b863855b17f6,3976
d:382e5af0a9b148409cba5b45d9ba272a,3977
d:38344e426fbf44d2925f90dfb192eef3,3978
d:3834d7757bf642b1a24baef19de8f8fa,3979
d:383913cdfb5a4114a14a5904c1025754,3980
d:383d99c9c5524a788037410285dd6d92,3981
d:383ea0989f77490e90383772fa3c47b0,3982
d:38488cf4f187476b86801b3095b3f179,3983
d:384b3addda7145b98aa4ee79bdb3e0d5,3984
d:384d7548773e45a6952d82b6eeb9862a,3985
d:384e682e350c4b9f86d36e1636534a93,3986
d:38543d6541ef4669b5232bb4dd5e27e8,3987
d:3856fe31dac447a48066896c6f79507d,3988
d:38573b9df8c642949da425db362051dd,3989
d:38608fb8142e4bffb28657d704897488,3990
d:38694f75cec74cf09f5b02e244659d33,3991
d:3869e2c53d92426f96d6b3ad518a7fbb,3992
d:386fbd7c108d4af989db4a3229ceee81,3993
d:38734fcc8163407fade7509246271039,3994
d:38736e6a6faf41038dca9125053c168d,3995
d:387fe9d5f8a34904ac08283abc516902,3996
d:38834099672b4516bb4213e156ad86bc,3997
d:388439c7928b4df5a465335ebc7653f6,3998
d:388ccbbb46f247e7b63bd4c4c976c67f,3999
d:388e3bf67d1345eea379f021739a14cc,4000
d:388ead03d7d1419c90499404a5db4388,4001
d:38906a92b9994dcd8bf3fddecfca2b71,4002
d:38992363950c4ab0922263983a408de9,4003
d:389ddcd209d44df59cfee834d980bb4e,4004
d:38a05dffc9084038ba63390984362ea1,4005
d:38a56fdb819146f7afb8d599763fb746,4006
d:38a7b0110b724c1ba09aaa63a4c88d0d,4007
d:38a9132521e44ae0838751f7797cfa2f,4008
d:38b083ede94a4631b33f54fa6d2e2a21,4009
d:38b19efa088040b6953ea36f3a7e9c80,4010
d:38b327ff21484fae99f7caf04700a160,4011
d:38b9338565df4c428ab87fd7223b634b,4012
d:38bc2f3a28254c459d8f6e6958226a13,4013
d:38c0d2f826a346159d8ee5ae094b41d9,4014
d:38c1e973f64a49c8be8fde77122fc37c,4015
d:38c39519484b4ef891f63a3fd2dd5452,4016
d:38c7a3f3ea35484a99a1e190461280c2,4017
d:38c8be2a68a74e799056fe4c9ecf0328,4018
d:38c93d149c804060b04942030f74202f,4019
d:38cddc628f6c4670b93b14bc9e1593aa,4020
d:38cf5a2a8b9d41ba90041d11b7d2ac9a,4021
d:38cf7482b4044cd7b10814eb999b7952,4022
d:38d2ffd7bcab4f43970a430b2c048e9c,4023
d:38d3ba2302cc4dafafdc6bb83f446658,4024
d:38d5621c7ae6496c84591bdff9c680fc,4025
d:38d58bdb55754b4ba69281d45b9356d7,4026
d:38d90c4c487c449db922fe903b47f524,4027
d:38d9de1da9414fb19f49f81ebf7dfea1,4028
d:38dff9e6641a41fda17c8e07454fbe08,4029
d:38e5e25bbd2a4be790e40e368668ed28,4030
d:38e61765ada94fbdb7811f2c5eba783c,4031
d:38eb862d501945789a2eb20279d8f1db,4032
d:38ed082583694120a5fec0f0d02042ae,4033
d:38f98add141f428f80803e0af324e61c,4034
d:38ff1cdf692446e28efc97ffcbb20da4,4035
d:3900c258f0994bc4aba15ffce1d40eea,4036
d:3901cfbc5d784251ada772b893846b4c,4037
d:390ca476eb9b47a0b6dd5c5dd68710a9,4038
d:390d04c44c964702b5e915b2b6573255,4039
d:391168a0d17542ada7885bed79e2ef28,4040
d:3913912d8fa94610bafa8cbd6f689f3b,4041
d:3913c0891e184ab2829d59a3b9a6a20a,4042
d:391592d3b6a540c3b26a56e1c654c57b,4043
d:391a6044fa064423a20dfdf4f1666b15,4044
d:391c6c27e59c409d81f1bbbf3d9d4568,4045
d:392a80ffa76f42648c5da543e2501873,4046
d:392ad93ff7b44265b8b4e365b04aecf2,4047
d:393219beec224a98ad9531022c98a605,4048
d:393408cdcb8a4844be0ced5503721e53,4049
d:393a13ac9c1545aa9a50c54b36f04e58,4050
d:393a2c628bff4864b2dc3d3b5d08b94c,4051
d:393cfa2656004d48bb3484b831b4a998,4052
d:393dd40452914d009981aa31b9d89667,4053
d:393fc7ffa33440d3a92581220d230180,4054
d:3940fbfafaaa415e8e19e08477eb1573,4055
d:3941199ec5fa4d66a2c7d73f9f427584,4056
d:3942a86df98442b69c988e08fb1bd0e7,4057
d:394944574b934f80931d399fb4adaba5,4058
d:39499d1aacff4b91b21b6596d261a54f,4059
d:394a5e856f054528acc3fc32cfe207ae,4060
d:394bb543d6884384bcff50c3e6336f89,4061
d:394c1bc32ad548e98e06196e26959a39,4062
d:3950ba6573e944658613cf2b82c18d0a,4063
d:3952b004d87e45e09dad89d1f3bc7bad,4064
d:395f743d9c25467db16c8dafe7e47c48,4065
d:39609b3dbe87419e929108e9e3ac31d9,4066
d:396142afb2cd47848ec3a1ea4c36d82f,4067
d:3962ca5846184e13866dafd86ca5a481,4068
d:396ae9c78c144c1482e3f61d3c1a49ca,4069
d:396cf1803bcb4676a547303e5f9f9049,4070
d:396dd3bedc1448eb8f746c5f1aa48fe8,4071
d:396e2093da4d447bbefee91a282d436a,4072
d:396e34efcb47431e8afd7ae0e1e88731,4073
d:39725abe47624496a7f2b01ffdd47808,4074
d:3972dfde2d454818a6e4f9a8321dc826,4075
d:397ed48a97c44a3fb989c4338f2c9ead,4076
d:39826b293f0242aebb7834a9d032f732,4077
d:39882863d6f84042a093ad5623df881b,4078
d:398ab08da08049df9c7d5515d0a471f5,4079
d:39936492869646fd9fc05782ac5aa2e3,4080
d:39970406feca44f996e77913320ad4fc,4081
d:399a17c3cfc940b3a0d0535e3a652f92,4082
d:399b39670bb94f33a620c2da236b3cbd,4083
d:39a76a026da54ad6a2950707cfa3a72b,4084
d:39a7d1c201ca491e8718d305f716aa34,4085
d:39aac385f5ce46f3922ad214e8b89335,4086
d:39ac9f6a3f5948db9a9052379a187041,4087
d:39b0d9d2cd674ab2b79f16befbf8e849,4088
d:39b76b49fbe14fda9f5add536331da49,4089
d:39ba56cffd4f42a4a82f6c5f1d957163,4090
d:39bbc0096e0f4f6bb396913ab36d2d8d,4091
d:39bc973513f944efb758b0640085d689,4092
d:39c1527b9c274ac9ba76d6eef7d36e34,4093
d:39c1c4c5f51049049255798f04271b6d,4094
d:39c9650a5e7745d99919cccd5b4fce6a,4095
d:39c9bf81c8394b60a94b528e1b588b72,4096
d:39cce7dbeae74a1387257ede0eae82b8,4097
d:39d48fc4864846be886737d93cd40787,4098
d:39d7fd9a0bb2449eacb4d9943e87727b,4099
d:39dae6a8200d48dc8d6eb9209f6ec3fc,4100
d:39dfbda1b3c14d84a72a67d863401265,4101
d:39e39d6be47b49f2b5e0bb78c963481f,4102
d:39e6b039247d43d4a68f878fef253e43,4103
d:39ed2d65019d4d24baa5beb4e099bfe9,4104
d:39f3184ba4bc459bb65b5b7c6ccf3e88,4105
d:39f69351d03d459897cfa3ad4d516c9b,4106
d:39fb364e48a84b6ead5907e888d28832,4107
d:39fedb2ba69f4b0a9d5184167bb77810,4108
d:39ff037689e147aaad6460fd8986d72d,4109
d:3a023dddb45049efa773bfbfe57ea93c,4110
d:3a0ce5d4092a4b6a9a0fb97731966347,4111
d:3a0df8ddd3f844c28f3759c699a8f307,4112
d:3a14ef93859f44779b06a16d95592cc5,4113
d:3a1ceafec6fa4297bca84bd58d990ac5,4114
d:3a208e49a2614f18b1bc7c8ce99b46bc,4115
d:3a21b3162da74617aa424287c1c91424,4116
d:3a2a7312c42442f9b6b043822670f8e9,4117
d:3a2b9ad38311419497eb82dac9bc7a93,4118
d:3a33211c9c32453cbb84b1611666d0e8,4119
d:3a34b9dcced24e82bda89e08ea362bec,4120
d:3a3f6e3ae9c1408fa958056c82a8b073,4121
d:3a47ed8aff664f248a2196553049165e,4122
d:3a4935cdd1d94e8bb02491cca9bbdf86,4123
d:3a4d2cae6c724de1b4fb24c84b67e85f,4124
d:3a51c46278724dadbb4802397b97196d,4125
d:3a5427fa4f18401ba67b56f3195d66c3,4126
d:3a603046fe17497b8e235a3ffe56ad33,4127
d:3a60a33dafc34ccea59a28dcd8c7a2af,4128
d:3a61f681b8f74f07bef1135f3d130574,4129
d:3a63300a4f8e4116a3f05e85a945b561,4130
d:3a654a3efd7242378bfdeade44daae57,4131
d:3a6cf64ab6bf4a48b6621b34f95c6cb1,4132
d:3a6d921784b94ded905d079a72b4a3f8,4133
d:3a6e2381a330446ba7ae775c871a321d,4134
d:3a6f0ed68e494551829fd7248810e63a,4135
d:3a772800e18a4a5ca1d5616079bb3709,4136
d:3a78cccbb0c040b4af449e3dcc75c652,4137
d:3a7a26f589844a5bbad24bd7a855aa62,4138
d:3a7d25557b5f4e52ae33bf4672f1526c,4139
d:3a811a467f3d43e3b605c975242b5048,4140
d:3a81a4648efc48c88a5ff8e06dbe8076,4141
d:3a83024412384fc6ad06f2bb05af1c30,4142
d:3a900926d334440f9c964d182643f389,4143
d:3a9023a06e4e4f198f806e21fda647a7,4144
d:3a9180fb9716423ebc295f632b3b9c86,4145
d:3aa166cd1e7e4ca8b0794b41a0fd1d92,4146
d:3aa5559b3ccc4ecb8cdf05efc5be6f42,4147
d:3aa7fcfecf3d4475bab8b4e7231e0bad,4148
d:3aaa6249091c4be0b580efdb4e2d7cce,4149
d:3aaf84ff29a64a75b4d5c546ca3cc343,4150
d:3ab05e60f1284b8bb09aab0c5cf97bae,4151
d:3ab06d6e208e4318a4c9ff692c531451,4152
d:3ab0ec9237154e3783a105f9c6f3fc5b,4153
d:3ab359ae6f17454aa8f06879c9b01111,4154
d:3ab666ca656748ea96cf5f5528236f1d,4155
d:3abaf67fe6ad4e519e58ae6de8ba07ae,4156
d:3ac220fe62624bd98bcbeef184c715de,4157
d:3ac5e047c56a4af1bbf72a8dfeedd92a,4158
d:3ac66673ccc242f9a23b30d75dddcf59,4159
d:3ac90a0132fa459b9d18a3168faf9fa6,4160
d:3aca4b0483394239bed10690dbcbf36d,4161
d:3ad25c7ba10443208888333184c89819,4162
d:3ad4de02940445e4bf0c1a4c0de35f0f,4163
d:3ad8c8010ab34fcf94a9e1d852763808,4164
d:3ada0889662241f091acf7a72ad6056f,4165
d:3adbaa54d7f449ac9754597379b185da,4166
d:3ae1ef826c7d465c8832496d6048a9d7,4167
d:3ae7f04290ee43deb3165fd0b78883fa,4168
d:3ae8be508a424e348bc5414fdbf05c17,4169
d:3ae960b0fceb44658e107cee05c17e3c,4170
d:3aec8488fd614c7d812f1e6aa341be41,4171
d:3aee3d95aebe4bb3a1e8d5215c5ecc2a,4172
d:3af456d50a8e479a9c0275724ce8f5d6,4173
d:3af6b51753824a4c87ffc5c5be574c3d,4174
d:3af73ebf80b94795be6ebf357b9afe7e,4175
d:3af9e1f7d6724aef94f9b615828e5611,4176
d:3afa00feb9b44fa48d13bb96343e1205,4177
d:3afb46bc226b4a96b5fe2b20bd5ec4da,4178
d:3afe3946f9b949c29d0b4eb48e68d903,4179
d:3afe4139aa944c068688c772088a8e94,4180
d:3afefdc076ca45cd9aedd21c5ec925c8,4181
d:3b08c994a87b4fef95594d851f6f36e7,4182
d:3b12591136b742fc8f77862b58d975d8,4183
d:3b1aae69585d48a989d46162e53d1777,4184
d:3b26019c17fe4827828b4e6646f47d72,4185
d:3b28d7d032bc4dd2b9671b4edf85cd39,4186
d:3b293beec2ab4306985fc2bb63cc4777,4187
d:3b35ec3767224b17a081bcdf63b8a740,4188
d:3b38470630ff4d7fbd49b2de7562583c,4189
d:3b4162a0b32e4e678af19e178d774900,4190
d:3b44236f16ce451dbe60cbead5349f3c,4191
d:3b4cd3942960498cbad218ad1595576b,4192
d:3b5484a6097d478fae670e759d0efc1a,4193
d:3b5537ce704a481da771e20682755ce5,4194
d:3b6370b8ac4f4af7939123e574050db9,4195
d:3b6abf13ac7448a2bf33264a524f0608,4196
d:3b6ae8f6819b4080bba847df757db2d3,4197
d:3b6bf6d939464903a77aa3f30c27ed52,4198
d:3b6dbe6f2ed046788e331c98c7515789,4199
d:3b741b9e28e4444e9fe080a7b20a20d5,4200
d:3b76f1db4f0f44128592206ab49b30fe,4201
d:3b79e6f5f27d4ba8b4822aceade23b6d,4202
d:3b7a0a19c8df41c3ba5b39814613ed55,4203
d:3b7cb8bdae9c4896beddaf0589ad91e3,4204
d:3b7dab8132ef4a04b8e10435b942b1eb,4205
d:3b8113ef1674483a94b6685027c27aac,4206
d:3b83f4ad89dc4569952112443740567a,4207
d:3b8468b088b54713a3a1c796bbde3b09,4208
d:3b8afd957e834d90a27dda9573370c90,4209
d:3b8e8b0513264485b5780cbf4b8a4258,4210
d:3b8f794ed8b4494aa11db96898e5b2bd,4211
d:3b91bf7178124883b4001bd4aae0019e,4212
d:3b91df3651b94f3fb4f24c3f56deecb5,4213
d:3b91e23770fd46a8b850d055e19238fb,4214
d:3b964a8293f646879b0709def916c81c,4215
d:3b9880c869004b208d9c59d4e0376e0f,4216
d:3ba165e35e2a4c2a9d8ccf684e1f2d09,4217
d:3ba2846da9e249269852a5aad262b047,4218
d:3ba7001caa824f4285004147bf44d646,4219
d:3ba852c718b344e2878649effc312146,4220
d:3bafebba15f849ccb322361e96b667a8,4221
d:3bb0ff11f1894b06a4d3df8a36d0b76f,4222
d:3bb202df246f469f9d8eadb0097c14ba,4223
d:3bb31c33fe9f4543b7fe0adabef35452,4224
d:3bb62f462a194fda9ea23a0434e2c5df,4225
d:3bb77d488871440a9e2541e66553ac2d,4226
d:3bb77de24f994310b1ff2be72838b737,4227
d:3bb7c17d0a7d4e22a4256ebea6d79f40,4228
d:3bbc98c503be4dbeb8d2883ada9021de,4229
d:3bbf0cf4063c44678f8f81e4c01b4822,4230
d:3bbfc471777343538c34e361f7c653b6,4231
d:3bc0abf61a0648d3ad4d91b1b8b1a08d,4232
d:3bc3a832f6904dc6b82dd56f8d1af0fc,4233
d:3bcad8e9860344168d4c248d77843257,4234
d:3bd046e47c044dab9380b1044f85b5f5,4235
d:3bd095f70a1f4a319005ecb1a43c0168,4236
d:3bd619be753f40b48e4ba90ee5c261c2,4237
d:3bd8672aa96847ffbd926e672bd3ff0b,4238
d:3bda9364be94497588e50a2c3ef82389,4239
d:3bddd0490b3c4a54a9530aff4e637468,4240
d:3bde48b2ca224eb5a5d0f4af258a5225,4241
d:3be287138d294dccbdc3159d23ad27c8,4242
d:3bed7b0b64bb44c19a179b4fa332437f,4243
d:3bf12bf3926842f3926fcd056825af31,4244
d:3bf35fd4a48c4ea79790bb4cdbf5afb8,4245
d:3bf5b08c8fb249dfa85cd8098db9d562,4246
d:3bf6cac91a54402aa1667449359a461c,4247
d:3bf8af29cf4c4f62bf040556a43c5c44,4248
d:3bfc1f0dfd1349fca9b1a9d7fea6c6f9,4249
d:3bfd1b649fe443d1bc7a97dfb8141084,4250
d:3c00e43e05b94ed79501debec307fd38,4251
d:3c02237092024120ba8058e9b9c3bcdd,4252
d:3c05e4a210474e26809374712fe0f218,4253
d:3c07c21f3a504275af1ef55bb0c0a67f,4254
d:3c08c7d1500d4d5587dd7f4c11fb57ff,4255
d:3c0968e690b64960a139178582b95f9f,4256
d:3c096d683fb249fb90f7708ad8788f75,4257
d:3c12c8aa074f49f2b2e743c3941abd28,4258
d:3c1340793f26405d938a7d4de221aec7,4259
d:3c21982639b74ddca6903f1c4913d951,4260
d:3c24b9edf3f6423e80c2a679e6b78232,4261
d:3c26ccc1013d4e7ca6bb3aa1816c8e68,4262
d:3c2b0057e6484bdf8f068bfcbec4e012,4263
d:3c37c4dff75248a7bc2f81a74f4ae880,4264
d:3c3b995da40e46d4a30806e0b2f2fef2,4265
d:3c40a740abfa408aab510dc78b04f9a8,4266
d:3c41325b05fe49dd8f5b7f54802b74a4,4267
d:3c46a0dcf3c64c5cb1d87bdc1cdd8dce,4268
d:3c47bb994c0c46628769d25b90646a41,4269
d:3c499be091c84f70b55b6cf03d839a9a,4270
d:3c4a0386b514454d9ae94b5f35cc3a87,4271
d:3c4be2a515b144a6a21aa691583bc1b6,4272
d:3c5028aed0cf4f1480212d68bf7b3788,4273
d:3c51163af2b3461594d2b21b3cb6aaba,4274
d:3c5655618ec24bae81f9ff345ff8701d,4275
d:3c5a382fc0b744d1b3c4ad5aa6cb1e2a,4276
d:3c61b69f8bc54186b9b76c68f1ede7b8,4277
d:3c6294402989483198cd6b394d0abdae,4278
d:3c636c6cb98647c3926c5cacb7ba8720,4279
d:3c6dfdd0d41a4d679d12366bcc374ffc,4280
d:3c754eabea83421e8893095f395839e4,4281
d:3c7802e8372d46708128dd1872ce7c81,4282
d:3c7ddbc81568498c937dcf3b74828a3d,4283
d:3c7e9af6899e4ded82f2eb9f6cdd0d90,4284
d:3c8403a14e64427d80019b129847126a,4285
d:3c846d6fa7764938a42f2e9a4322e1b0,4286
d:3c855d5ed992425ebb5948427e8a7e0b,4287
d:3c89d256b9db48e5980d50f5316bac59,4288
d:3c8b7184d1c145599724ae4cf3736642,4289
d:3c985f714dca4396bd68972ae79c97bd,4290
d:3c9aaea33b9d45a0ba2a4cbf7b216a87,4291
d:3c9ec7c571c94a1682c728b3874e6f66,4292
d:3ca13d97a50541c1a3db88289be9ee93,4293
d:3ca2615920eb43e8b8097fdb08bb39b7,4294
d:3ca42f4c69e14aefa463fbdef99eb036,4295
d:3ca73d3ab600453083586f57894ca9a9,4296
d:3cacf6c353774c939dd9b1da92eb68fe,4297
d:3caf209fabb047838a7b8256f5c6cbb6,4298
d:3cb23e3e24d0402780f3daceb72dfcc7,4299
d:3cb53db7ed5940e7b97da1454ef69e1c,4300
d:3cb56d7cec4b455598295a7f2542fde2,4301
d:3cba33183ca343d283df1b46a0485232,4302
d:3cbbe3989c2d4effa2907939fba28b28,4303
d:3cbc16c5d52d42ca9c356153064e2cc2,4304
d:3cbc46a6df73456f90635bccb83425f0,4305
d:3cc1c75d9db34fb7811a1f1b0321010e,4306
d:3cc50a6c2d0b4d87a944854657d2b014,4307
d:3cc7845660934294a8b87bc725ab660b,4308
d:3cc9ac1265844f068c11378d2e8d4407,4309
d:3cd10515ef8141aab98ff719621aef36,4310
d:3cd1e564fe944fc0bf9ccc1653468f80,4311
d:3cd9ae1787d04556be69ea2abee21984,4312
d:3cdb306c2d334a08be6ad8b3744b54b0,4313
d:3cdeca1c7ec7431da261e316ab284ec0,4314
d:3ce17bcf74a24c0ba3712b20a243e337,4315
d:3cea782f934a40a0a519c57e6f8ab723,4316
d:3ceed8c1788246b182cf95fd5f744ac4,4317
d:3cf6bdb92dd34ce6b494e9102de3d123,4318
d:3cfe68759b0940f1a0f90021540b59e6,4319
d:3cfeb6f824da4539a911e97af8d31641,4320
d:3cff5dec952847f38fc04ad0dc05377f,4321
d:3cffbf71eca74f77b46b158e4b721615,4322
d:3cfff44128484153893f61e786c0274c,4323
d:3d001224fcf047dbae3b67e71538d654,4324
d:3d01f3ac24e845a08bba19d4d685cc4f,4325
d:3d03a1eb71fb4b459dcf0311753184d0,4326
d:3d056f7a2131439a96523f6e94a05745,4327
d:3d090cbbbf244066847f020514779f17,4328
d:3d0ad0b54ee94103abfe20bd14a46d68,4329
d:3d148f054a0b48ca8d0f1f01dd7bfa87,4330
d:3d1e14d0bb304ebcabd296cfa07acee2,4331
d:3d2042604d704e2787291c9634f4829c,4332
d:3d2094691b92491580c28909f2b8e0db,4333
d:3d23ee5f656443b4af64c4df2479c95d,4334
d:3d2b2bf0b6a44391a1cf67146dfc7da8,4335
d:3d3491c033ec41a48dc901bd5d9d63cf,4336
d:3d349457b42e4e67955a87a161d12ae3,4337
d:3d3b2e8f85224f8ca06653399ea78fcb,4338
d:3d41257895134849bce16531c597e9df,4339
d:3d4b1f0a23284a05970fe117fc8cb40d,4340
d:3d50c52308d64b88a6f57bea3a292f99,4341
d:3d52744bcf214164991e924a2d7c3f19,4342
d:3d63d3d6d0ea4403810fabb4875292af,4343
d:3d662ce35c384d3f8a1445551bbea1bd,4344
d:3d6660a374e84fcc898c016f282c7452,4345
d:3d67f3c8c38e4148a49c3faf1437615b,4346
d:3d69fb041e3f4616b7f025895fe67139,4347
d:3d6d77e357424081b3303532355519ed,4348
d:3d6f4654308b48be99599db58ad6ef70,4349
d:3d7763e8d6f14ec986d9d52a26c9b980,4350
d:3d79537e082146bba8c8ca09ef0f65fb,4351
d:3d7acc10afa7486bacacafae1fa2774d,4352
d:3d7bd7d6426d45da90e34f254387b796,4353
d:3d7fc1c633bb44ac8a020f0976c616af,4354
d:3d819bcee3914f03bab6707b94717621,4355
d:3d8855b8891f4794a00e0fb94217ca1f,4356
d:3d88f96f3f5c49998e727327bc95f563,4357
d:3d8adb839ff248078c5de478b5803075,4358
d:3d8b320e803847b3aafa9ae5857b4823,4359
d:3d90eedab316486784ac29b9a39433aa,4360
d:3d93303afb5d4443893b85ef7793950c,4361
d:3d954317d8ae4631a39feb1a289ec9e9,4362
d:3da063af4904478b941e89365006a36d,4363
d:3da3891b8bfa4c6c90ce663c8a6fe029,4364
d:3da894a41609437da82058831c3b5dc4,4365
d:3da8a776992f40ecac4576fb8291449e,4366
d:3da9de0720ce42fba80ff2e3c7b8e1b5,4367
d:3daa4904b3934cbd8dca818b5f1d05e3,4368
d:3daebe612ad24485bc7cc6e2ace53493,4369
d:3dc399e30a124db3b740cdab14365da2,4370
d:3dd04f94596b445ead82e4817e3e2c54,4371
d:3dd0bbc7e7f6498f9151539a9fd4b4fc,4372
d:3dd75c0be66d42b8a1262c1adc50f6a8,4373
d:3dd9c26554494c1d9801959b113bbc5b,4374
d:3dda350969994f939b20cd9e1ec55f8e,4375
d:3ddb15e838674c95a726a46e7a73af61,4376
d:3ddb7be9db704ee7b514b27c83d7a44c,4377
d:3de12978e6ab4aa1a48903ed4453d23f,4378
d:3de7fae523b04af4ac5ba86863aa4bd5,4379
d:3de9b1f0b8e240179995c973c85d1137,4380
d:3df6cae218884899a4b1260ed35bc6e6,4381
d:3df8e49413ae4c6da8f32664c2aba84a,4382
d:3dfc36e499a5463cbe0cc6a74f54848d,4383
d:3dfeef8ee4fd4d35bf54107c801794b0,4384
d:3e04aed20a2d447d89f7453577f9c23e,4385
d:3e0628b1f63b44dfa8c28845fc9977a4,4386
d:3e076cc3afe74eeea7793fa57fbcc75c,4387
d:3e09dcb1df184deda4ebdfaf4ead0c0b,4388
d:3e0ba694a2554026a45b4ebe6025f68d,4389
d:3e0ee0ca32dc4c1ca3c18fc2abdb6b75,4390
d:3e129e75c46143baa0f257c61d849aa6,4391
d:3e1cdb47d4784202a63e03e0e5a50ced,4392
d:3e1de1a3edea467a8f8e36a21b4cd7cd,4393
d:3e1e29a0b5874acc9baa11f1a4aa714b,4394
d:3e2230ff8bde478b8c7d65cfe21282a3,4395
d:3e27bccc597349608ab01a670bfacde3,4396
d:3e39eb2f2b454362acb36ec55cc90cf3,4397
d:3e3a60cfbcf14b03886a7fbeb57a8a37,4398
d:3e3f84446dea4c99851fc75b6d02bd75,4399
d:3e407abe51384b70b12e08a977a06e20,4400
d:3e44479bf3cc4a3d841a7e0f8b19851c,4401
d:3e45aec0e1164d858650d3378c31df72,4402
d:3e479723b97249c3b246a0dadfd7f7eb,4403
d:3e526789d7274641a436c73c15cf45f2,4404
d:3e547b2f07064751baa005e1d76b5294,4405
d:3e5a434c5fc44cffa9f4ef3bd30896af,4406
d:3e5ed17cb94b441d99f1e0826b30770c,4407
d:3e5f93658ae54c1ea3e5fbe87043b7ed,4408
d:3e6051ba914c49aa82466af875ba4f66,4409
d:3e6258fb1e6a45ae9ea91ad4ff61b1f8,4410
d:3e653806e3144af8bd958a663ad0a342,4411
d:3e689a05464c4bdba5cc69657691fde5,4412
d:3e6c77b706734fd0b56a58596fd3816d,4413
d:3e6eb806d6f64e89b25889b77377b667,4414
d:3e6f92895d524c7da3751e3fe959db25,4415
d:3e726551032e4109a8bce19fb693af02,4416
d:3e770d289222480a84ac426f1af26c64,4417
d:3e778e2584484346ae4a4d52142bfb50,4418
d:3e78f89b78a94f18b138d925120a4eec,4419
d:3e7971b572d242e58f32c1dce5604bcd,4420
d:3e7a2cbf09cd465b852a0ebf4d25a01f,4421
d:3e83cba17f084bccbd65e2d7c194d3b4,4422
d:3e868d17c94e45d0a73a893f53c35ff1,4423
d:3e872c66a74b43d7bea473f34098133f,4424
d:3e88677656e54a669a128fafc0e96c87,4425
d:3e8b35039c0d4982a0279ee01e4680fe,4426
d:3e8da1623afe459a9154cfbadc29f4d6,4427
d:3e8fa4b3097d47548fc53720bce72b97,4428
d:3e94edd877f94ebd93eb53b4af101835,4429
d:3e961c8e19d74a1da4768e888f82d19b,4430
d:3e96c02662a24e9581f488fff61fd045,4431
d:3e9843474df14784a4ee1f632a748c2c,4432
d:3e98bd807bb846f7a850f2ce9af71357,4433
d:3e9d0ad62c9e4ab4838c7e1c3b0d5217,4434
d:3ea17feee4ba4a2ebbb79f99dc5f8d70,4435
d:3ea25a45336f4a05a5edc1f2b7c662b0,4436
d:3ea400c296384db6b44ca0373e17c119,4437
d:3ea8fdcdd24d4129beeec680b3fcd203,4438
d:3ea959f814f945848e4e9c77f24a610e,4439
d:3ead3b9a44b64d7586598a43b35d45a4,4440
d:3eaf3684ba9b477384524d7309bd5bd0,4441
d:3eb018b2fde744d887a21346417be272,4442
d:3eb0e68597a8456586850f0487dfdf4e,4443
d:3eb3973e7fc145788e621b62fdfe89aa,4444
d:3eb60c1f7bdc49d1b1d515bff9fd254a,4445
d:3ebacd21694c4ff4968520b5f5e660fd,4446
d:3ebd8b816a6d4de7a965d3e133d44222,4447
d:3ebf29b1b1744232be859cddea7be122,4448
d:3ec2d687d02c468d93d250df8bd7d30f,4449
d:3ec51fbf82534caa88f8980ac57368f1,4450
d:3ec5248cac0a43428689bc3efb14f76a,4451
d:3ec897b1c94f43f5add17f96c13894cb,4452
d:3ec8b44f75784ce8989828919b2c8e99,4453
d:3ec9951faec8449f8862236e12d03079,4454
d:3ecd5fab893946a3a8266970f37bdccf,4455
d:3ecdc49578a64be6ab8c9c289c282673,4456
d:3ecdff0ffbe94937b50b6dc5490e1153,4457
d:3ed0caee2a244b5a9a4bd415033e4298,4458
d:3edc83ac9e32413cbc17bdb9636b53a5,4459
d:3ee8d5e9d6824e02aa476fe41cb2fc75,4460
d:3eea1c120ddb4749acf563bf7fed67b5,4461
d:3eeb116efb3340a0ad46ac04699e0e60,4462
d:3ef381da8992465bb9b4f3f2f88c5627,4463
d:3ef6bc329da04b71880c6a37a2e849dd,4464
d:3f062e8f072b40f7a76a63fafd03d378,4465
d:3f069f7f19a44ec1bd3f5aa06ebe3c47,4466
d:3f0bc0c91a2f43479ee5d925a1de431d,4467
d:3f10ead730254c34977954d62f91a1fd,4468
d:3f15b7681f9f4dfbbe82b09ad99c1239,4469
d:3f1686f0a09543a3b3092204b0928a8d,4470
d:3f1686f5192c4d18b7c9e2db8d78ab4f,4471
d:3f1bb2c725494e7cad6cdb0b481b3393,4472
d:3f1d45e32a0a483ca69ed06057c08775,4473
d:3f22a2c81a254d00a33c0dc2aa7dc88c,4474
d:3f2427f53a5a486e965348e6c4f9974d,4475
d:3f26301b26194366b23185dfceefaa88,4476
d:3f2f034cc24c48de8ca242ccf536eec0,4477
d:3f373af508654de98e43b5df95e8a417,4478
d:3f391d82a43a4c37963ffffaa020ca93,4479
d:3f3d464881784e54a97a94e9915780f9,4480
d:3f40ef39a707432b8a3d15c4c560529d,4481
d:3f41dbd2f4c24f79a42a3147238f1464,4482
d:3f47e322cdad461f8cc08393db764e90,4483
d:3f48338a29814714bb2c60cac08661f4,4484
d:3f4945bce09c455c85f9703318403238,4485
d:3f49e53c0df049c395bc663366c577ad,4486
d:3f4eac689e5e4d84b7a1465d69610c13,4487
d:3f504bc22fa042789c6441101d50da2a,4488
d:3f548c0168f14b2e9ef8fe4d12866ed2,4489
d:3f565a9a97044ab0bbcd8ec07d50706d,4490
d:3f566e95f5c94454949625d9f3d464cc,4491
d:3f596111a8174fdab33a6bcd929c0782,4492
d:3f5a28fb4be7490e925f9f766f18eb21,4493
d:3f5cf2ad68f848b7a2e569cb2e291151,4494
d:3f60ec04b56342b3819bbf4c0181aca2,4495
d:3f64f7cef6454a608709b1ece997d304,4496
d:3f6795c444a94bbaa7a81e45efa83c38,4497
d:3f68afa5c7ba4736b70cb1856d1ba0db,4498
d:3f6b0b774f674fcabae643b7881d2f81,4499
d:3f755b93e87a43d29e7b5febd07eccf1,4500
d:3f761b2d4db045af86589958ed4b7e74,4501
d:3f778e6d915645baa08b961aa10d8060,4502
d:3f79755ca2c9480ba1465fd5d7337f81,4503
d:3f7ee8ae9d884c01bd6292c75f5aaef6,4504
d:3f863889b2914e1d94103574e20891f4,4505
d:3f892a6a136746ffae602b19927ba024,4506
d:3f893f9cd8c84a1f94f12e24785535e8,4507
d:3fa4ea63fd134bf3a477087b84b895e6,4508
d:3fa9c31730764aaba3bba08587f6993a,4509
d:3fad462db177445db316172bd8f4fea8,4510
d:3fae0c261d3549e4a7da74bc9a27049c,4511
d:3fb1611d4c894d6ba207962b8d44dee0,4512
d:3fb3b4fc889a46bbbd9578a5531119c3,4513
d:3fb77b5d964940f5bef258df5ddead74,4514
d:3fbc6c899b8f4be19a115cf79d838222,4515
d:3fc0f85544df497dacbf1c16bbaf4100,4516
d:3fc16b712e114b5385baf01f6f1dd7fb,4517
d:3fc2259ff8404919b04eb2ec280736a9,4518
d:3fc511f62fb44b1993c7c1b095702991,4519
d:3fc8d482317f4511a4f8435dc13a7f4b,4520
d:3fcc31d2a2b4411fa78c3a76c3e8e551,4521
d:3fcf63b242ae4ea99de306c84a645f26,4522
d:3fd85e3e9d854b03aba4e23a5bc74fcb,4523
d:3fe2f1bfce94491499e697d30323f68d,4524
d:3fe3d5f55bac4cc8a2c9f8568f013d73,4525
d:3fe6419e8a8c491bb5c863e2c59c9bf6,4526
d:3fe78460b23140cc8f9dd015cdd787b9,4527
d:3fea529a8fe3453e99cc7eb00ecaea76,4528
d:3fed8c1654644922a2c51f188fbc4956,4529
d:3fefcf5f0667411e86de66df558fbd18,4530
d:3ff387c86fab48a2aa8f0cc69c1341f2,4531
d:3ff4114918cd4b1c98604c6fc0ee2740,4532
d:3ffd0555b9a14fc88c732041ac06a695,4533
d:3ffe7cfc7e1b44918bffd3c9e47a3395,4534
d:400017c023934f20ba5af528dcd6006d,4535
d:400135474c03483e99e5e957beb27d0b,4536
d:400521257bbc4308af871ce6b7cdfa89,4537
d:40054f3a77ad438e86d94f43c5e25323,4538
d:400c4965c6fd40e78c9e222be91d6fec,4539
d:400e0593fb924d3c976cbcbfeca1e6f9,4540
d:400ea3bcdc3b4783999d96adb1cc9b94,4541
d:40155753177a40298519928387543fcc,4542
d:401619e43af44191893353df287d8de7,4543
d:4016493c92fa41edaf4227d70273b550,4544
d:401667622e7244b1ae433e90e91ef69b,4545
d:401927932e564767a79782f94ae3c4c8,4546
d:401b999e31cc4553a5897d144647486a,4547
d:401ca5bf0c034d04b7fdf5158cc27f20,4548
d:401dcb2c78924ab4b2e068bc0ea7933c,4549
d:401e8a132ec84cfe8ac8b2d11d990640,4550
d:402b69e5b1c64688997dde159c20b794,4551
d:402fb8629d4f43e3b9299a2e7630e4af,4552
d:40338027e8aa4c7aabf4d142e4a76461,4553
d:4035f2e75c5f4d54817b6d2da12d6840,4554
d:40367ed072234e2aa58bc411019fe1a7,4555
d:403a9bc538514222876abc54f7d7a549,4556
d:403dcf887da241c08df740613623900d,4557
d:404073222cb148968df95d339874559b,4558
d:4048963486ad401cb8a27966493e5b9d,4559
d:4048d46cf5a246f0a60f71494877e120,4560
d:404b42ee909948f9b2f55fcd39441fb3,4561
d:4053d8a5757549f5a10857ab5bae9d9b,4562
d:4054fb583c8e44e3b89fdaaf08cfe770,4563
d:406b0f4ac3984f668b53b860d3f5b1f9,4564
d:406df3950d954c088038c6dbdea1280f,4565
d:4071094b3405422a8e226fd5229c13cd,4566
d:407176accb4b4a8b91733b833f083dc4,4567
d:4075b96fe9b34eda9f0bfefb2965b1e2,4568
d:4076f13c76c648aa8d19fb1f9a5abdbc,4569
d:407af058d5a14fd2af37bef6d9fb8f08,4570
d:407c9fdb9604404f8f810bbb54bb250c,4571
d:407cd9b182a24598baf7af21766c7370,4572
d:407f4ff9305d4acd9e340fdf9b81b88c,4573
d:40852f58836a4f2b85cc6c95d4ae3581,4574
d:40873e8c6eb040d28e6c6944cf95bdf5,4575
d:4087ea5a821b43549c5543ecb6778fa4,4576
d:4087f27f6da1406b95545578d5d2257e,4577
d:408865197cf04cc7ac8d1ad46b0e9058,4578
d:408ab8b04f3c4a958041c809593480af,4579
d:40910cc86fd44658a75087962a02a821,4580
d:409b0343cfe14cfea5fcd2f1196878f7,4581
d:409bc255eae04925ac619b68a2509b8f,4582
d:40a0c0fc54a34a8d9629eaa2e07fd5f4,4583
d:40a34ab32a7b4f708bb22bb127c98e95,4584
d:40a43fef80284204af79dfba9e4d8e59,4585
d:40a5a067ac7842ffb1f4e323c1ba147d,4586
d:40a948cf365f4821973e9bc90479c762,4587
d:40a97359024e410184d35cae2b1dbe4e,4588
d:40aa24e6350540fca71fe33fabcd4363,4589
d:40ab82ae839e439d85c681f8314351ab,4590
d:40ae5417f63243da8ca6a80fc6f90595,4591
d:40aedad5597f4d028005ed9defcbfc00,4592
d:40b1645c12f548baa63da062f63b1965,4593
d:40bd9cd421c0449880e4aadf7e62182f,4594
d:40be0c2481c7424c8fdc0caa8cb7dfc2,4595
d:40bebf7b9bfa45119756a42836c14102,4596
d:40c6dad923c747d6ad7c000f09e45e71,4597
d:40c9093546824d078607cd7bbedd4f1f,4598
d:40d509be68fa4867ad1274f1904d4097,4599
d:40de2b5e95f342639fef0cecc52f9e2a,4600
d:40e0834ac0f744508561dce5292562da,4601
d:40e3668c4e834d79a149c63e71867b9e,4602
d:40e3932c66fe47dcb8bddb4b07e7b24c,4603
d:40e526b6db7c45fd9b98144e2ea5f0af,4604
d:40e724114ef847bcadc934dc681abc2b,4605
d:40e794f8f9c84a44a862afe4444bb904,4606
d:40e814bd79024af1b7c51d03b8e06351,4607
d:40eb9afcdf984230a1222e6a90576671,4608
d:40ebf42aa67044e1b0f6ab60e3fbb120,4609
d:40f34cc39dbf467bb61c7b527d1d2688,4610
d:40f98724ffdd48abb73b8f8308cd8be1,4611
d:40fcb32b438448e1a327c8e77f5a5dc3,4612
d:40feb4ff09db4e33be6ab93bc6bdf94f,4613
d:41012f2587df43e5afc945504f5b36e7,4614
d:4101c0d6e9c143b38ab7c37dbe716801,4615
d:4102194ce96e4a2a84966726eb37cbae,4616
d:4108d93e4c59411899e388d5f7feaccb,4617
d:410b50b61eb14cb19328dca4a155f069,4618
d:411cdf8ec9d142e3bec93e61313e924a,4619
d:411faa4109e344d0b7f7403c4721f5fd,4620
d:41205152c8204f14b5661adf9d1328ac,4621
d:4120edb35d014d41bb4ff014795def93,4622
d:41216eb856d9467f972d26bcdde969d7,4623
d:4127ec92dacc4293926dbdb742231269,4624
d:41326f39b5214c45be3a8451ef1465de,4625
d:41350708dfcd4a5b93faeb2f1355a3c6,4626
d:4139c67404c041a3b2c482348cc7106f,4627
d:413b5228e1864552a21f7646b4b85779,4628
d:414869f6a01b49a9bfd334b67aed7b43,4629
d:415264e7ec68478daf567e3a309b1468,4630
d:415420f163e84ebcb603cf3ec6e7e3b5,4631
d:4160267d286d4df294afd18b5ef2ea22,4632
d:416b25534ef8436f8f1da40f346d9dd7,4633
d:416d76c6b8f54d2cbd195c39707aca44,4634
d:416ffd164cc34f90b8bfbba274cb3dbb,4635
d:4174e08ba189484aa910fbe2ef277710,4636
d:417be47935b04ac4b3bd496982a1d771,4637
d:417e9858e3f3496aa548495f10a916a0,4638
d:4182c77251e6443eaba0267bcf7863a7,4639
d:4182d888da5f4948843519b27350508f,4640
d:4189a55b2484438d98eab5912af22406,4641
d:418d0ce6101c4a52908a13c2eaeb7c55,4642
d:418d7546ee6742bf8616ca8143a77ffa,4643
d:41917ec58bf6454e8a00503cb1e6cbff,4644
d:41942c39f7c44b6996d5f88133810214,4645
d:41945a2d2aa74ce68d0b2f970bab0ca4,4646
d:4196774230884db89a17d643ba36e121,4647
d:41968fb285df4dd49ee7b7db198669c9,4648
d:4196c44af50d4e48a6db8bebbf2fcc0e,4649
d:419c5f8b3e424f9280c7bf1b0bf374aa,4650
d:419ccaf63e9a4eff8e9ab8c665240492,4651
d:41a1de67d32d4870856dba81c1ad67e6,4652
d:41a207ea31434d8d951d45d243d239b6,4653
d:41a26bf1c5454a3ebc66619b97a891d9,4654
d:41a65812dee8405388ae53eae5e39050,4655
d:41a7da6743274a49ad93dc9c464f3512,4656
d:41a89eef9a124d17ba92303144b0c9cf,4657
d:41abc4c035414dce83d021632c203610,4658
d:41abdc0719364b04b590e225d05f08ec,4659
d:41acbfead2fd46f4b7322c0be2d0e71a,4660
d:41ae29e83899409981a8e0e1a3db3841,4661
d:41b00906346a482bb7b8afa6903ca610,4662
d:41b16d7380e54081acdf5293e2a44cd2,4663
d:41b19af2c36b4f7b9f96505433c6479f,4664
d:41b3a76bba7648eaa57dfa1e9dc43e79,4665
d:41bdaa3e4d484fdfb31eff4e13337c42,4666
d:41c01a6156d642a28ab8b4b90438c3db,4667
d:41c0ec2af8aa48f9b1110c9b1e72f837,4668
d:41c5e37c6dea4e61836ee2cdb09cc118,4669
d:41ccdd846b3e4a1899eaa5fd29760fbc,4670
d:41d04ab604c24b76833efd6e010f0bc1,4671
d:41db2e405fda42caadb40865f5a29534,4672
d:41dc2b14d32b4e279c2fe158dd0415da,4673
d:41dcc8ec8aa84493a530f8b80de62e53,4674
d:41df764cc0574f0ab79e407fdd2eb585,4675
d:41e02048d13c4f9980cd106c87e00aaa,4676
d:41e36ba2664b410f8b83d647126edf77,4677
d:41ecbf1bc30842c085b05afdb6e318e8,4678
d:41f4844dadfd4368bc0b82dcccb8e47b,4679
d:41f5e026c7464c24946dc25db17d7c17,4680
d:41f690f805034aa2b957e2cba036bd0f,4681
d:41fd4e93cafa4e4b85ba8aaf4edf1276,4682
d:42049913e0394e9d9fd30a595001198f,4683
d:4208c561c14b4f64acbff8540344593d,4684
d:420c9148cb884339b12d92a52dc60c62,4685
d:4214002716e94efb8cf53322d5945b50,4686
d:42184879381146d7a985cce968c18e63,4687
d:421bab3649014d8295d9fb2e04262dab,4688
d:421ef84833eb47afb0fa2d069a54b928,4689
d:421ff9c2e9c647d788f486e219f8e114,4690
d:42271b18f6bf4360a6dae8493e0dca32,4691
d:42272910eacf4940b94bc0a01c5af30d,4692
d:4232531fc0bd4ac58ce8325a8b26f96a,4693
d:4235d6bcaaa74c2bae6b0234d1adcd3d,4694
d:4237fa71b0774d47bff6fbbde7d13784,4695
d:423d44bf46924b94aea0608e523db82c,4696
d:423f096623cc492cab977e9e70cb3bf3,4697
d:4245b0e8e74147ca9ae87472cc3c24db,4698
d:424655d4e643493486ed6620effdebd1,4699
d:4250069dae5c45e38c3fddbed19d4f01,4700
d:4253450ec9904453bf124441d130e75a,4701
d:4254088c60ee4f9b99e5f2ffc6fb916a,4702
d:425596c130f642c78263d63af6da533c,4703
d:425c56042eac49e6be3f960a948a9fc1,4704
d:42613495598643999f423746362cb90a,4705
d:4267f550a1a94fe5a229d6cb02134053,4706
d:4268ff21e04c4ca9b288e02d7806976c,4707
d:42745af53d964ee9b6edaf1d45b3fc5c,4708
d:427907a7929a46fa9f21a138472b80c7,4709
d:427acce98451494d98fbcdbd975af090,4710
d:427c51be46724f0bbf5f96a7cb402f1f,4711
d:427da4698e00446d94ab087a337e271d,4712
d:42847f4327ee415bb05976c2c5d9a5fc,4713
d:4284f024435d4c8baea847b9489cfddf,4714
d:428cc2cd7d5f4d14833044ed0d704abd,4715
d:428d94e4801b4dab80778a47ea0ce509,4716
d:428e86af270c4c6880cc9476acffe314,4717
d:428ec746db2843b3b7912e0ad3c8fde7,4718
d:429498a36fc1495ab6bc13cfad343a06,4719
d:42950ce451e140b098974aca70898528,4720
d:429ff9808cd74eb1a1df4fe73405dffb,4721
d:42a072ae76ec47c9a747ed566611d4f8,4722
d:42a074d168334022adb91109c487f98e,4723
d:42a140c14db348ebb676a45a7ce72466,4724
d:42a31033b7ef4368a9e71ebdb1855738,4725
d:42af75b677a64ef7b0ee56ca00f92580,4726
d:42b22d598fd64faca73914f2988e211a,4727
d:42b535916d004ff190aa1fbcf0e05af5,4728
d:42b96ad027fb4ba99a78959fded94667,4729
d:42bc654a1d424f1eb09b87845a56dab6,4730
d:42ce33747be8456d897aa979496bb53b,4731
d:42ce7ab368c742038ef50b0bf0ae1112,4732
d:42d40ebdb3dc44479855d7039846df8d,4733
d:42d475075d004dc987f407d149116095,4734
d:42d5c51b57d94fb9b1f013a272604357,4735
d:42d7a2245fe84901bafe9691e5263050,4736
d:42d8be445b884627bb6fee12733eeccd,4737
d:42d9a9c2f9ef4e3c8c77af28a973216f,4738
d:42da8879176d4afab84b02254b337806,4739
d:42de559999ec49bfaf62dfc73231c261,4740
d:42dfa6c6a0674326b2520f3880ba708d,4741
d:42dffbfec5f3498b9271cb6c84de7d02,4742
d:42eb38bf3ee849a6bece7e6097cc535e,4743
d:42ec027c047543a09b59d5cbabbf44f2,4744
d:42ede11a2b5a4f14878787bc7e7d9a7a,4745
d:42f58bb5a4834f09a95f5187ced7f025,4746
d:42f8f49ede324786bf6509d081d29663,4747
d:42fd98f78b7a477a829412a153568b4f,4748
d:43027bb369c6495b98390c58b1b6c8c3,4749
d:430334292ad34e71b3c60b2417ef255b,4750
d:4303c2dd167f40468b37a17eafb7c4a2,4751
d:4304a4de21dc46bfb63baf31f90a48e1,4752
d:43065744ebd84a22a335479144b09d10,4753
d:4308976dc3a248459108f588ba95539a,4754
d:4308f97e17fe45a28002cf711732e896,4755
d:430e8032034d489c849ea6a5567dc03b,4756
d:43112f0b8f8e46268802b215c0756b9d,4757
d:4317b242d78a4de7931ee9fdf0828c07,4758
d:43183d84869a4244b4897ce2dd09fe75,4759
d:431a86b01c0a4c8ba66d7a1fe0b841ff,4760
d:431b1656b4764814bbafc5e633d0ffa7,4761
d:431bf09abdc0497385415676a3915b14,4762
d:432192b0484b4177bd0a9a8e99fd34d1,4763
d:432798b9a841426d92b0f2c9875a0f39,4764
d:432849a0c21a41e1ae3bb92b4db43f31,4765
d:4329342c0b35432093d9268832ad145c,4766
d:432fc87645ee4d24b8655544a3b18eb3,4767
d:433094ae157743ba82c83e1d2fcd1124,4768
d:433a825e8b6740b7876e1e246ec0138f,4769
d:433d3c3cf45f49229bd0e5374d67ec7e,4770
d:433e5218a70b4173b293e7ae1bc6a4ef,4771
d:433eba1a225d47c3b4822c89a17115ea,4772
d:433f56e7d05e4379b6d9dad27cff5984,4773
d:4340bf8151414c16bf29a3f935f843b0,4774
d:4344badd7f8d4ef5813979ad7eaed978,4775
d:434aa9e40b2c4072815fae817dc7009a,4776
d:4350a43cf3be4291b5057297cf2716a1,4777
d:4350df1868e346fdb08cd839ae6d4f95,4778
d:435191b40194460c87382bcc917b8cd0,4779
d:435a29ceaea34bf985a9ee8031761ef7,4780
d:435d91e03a1f46f3b8b759e839bd1d65,4781
d:436224c0202d4602901d27575fede802,4782
d:436affe438fe480b8d462cb537601e0f,4783
d:436c94e3176d4e0ea919699fd8b3367a,4784
d:43745586bb3347179f5f9b61323fece9,4785
d:437f2f14a0ae4086aea53c14d2784f08,4786
d:4383083abfc54e2eb6749a752586fec7,4787
d:438e8c4dd9fc4b45901eae4879256364,4788
d:43903497d6a549c8a32966e386b025a0,4789
d:4391ce3f8419400ebfe4f7b90706c023,4790
d:43960404f4d149a284da0aa4af5b1399,4791
d:439ab44ff8e94c1c8497a9ee4e981c90,4792
d:439c97993d624b8a80e570f4206520e7,4793
d:439d67f242494558930f05dc71b9c20d,4794
d:43a54fdc453f4780b17a96c1709a6c4a,4795
d:43a8197cd0c94824bdc53a5188611c6d,4796
d:43aa37556d7048d3a8f2994d566b560c,4797
d:43adfdd097194573918fd498ebdfb81b,4798
d:43b77bc745af4bb0b867a3353c301b4d,4799
d:43be54b269de43cc8974910126b80587,4800
d:43bf5b03c4d44cd68bfe908f562196e8,4801
d:43bfe9b9d2cd4a4685b29cdbab08a9fa,4802
d:43c197cd916f4153b9f5b1a1391f3c07,4803
d:43c2250f25d44f28a66dfebe2dd2dfc1,4804
d:43c51c8560c0482b876deb29125ed573,4805
d:43c7d8f6478f4d37ab1d96ee9da11cc0,4806
d:43ca5f41d90d42ff8886ac841e851be4,4807
d:43cc52095f704004b3e9b45f88eed56d,4808
d:43cc9089b34b40658a01a02437f38353,4809
d:43d9a07b667548bbaecf2d1cbdb4cea0,4810
d:43dc33ce362f4f9a846d2e0af3b593b1,4811
d:43e65e28432f4395af4fd4c06cb3dce2,4812
d:43e9396e0a0a4a28a6cdd3464611b489,4813
d:43eb05ab46bb4355947e1ca7aad1ae9f,4814
d:43f424b3f16a436d913e740ce81318f4,4815
d:43fb7b1840ef49e184699570aa614586,4816
d:4405defe42e3449685a454934269e64e,4817
d:4409f58fd6024fc1a77055ceafb67ee4,4818
d:440f51c0cbc94fc8b098c02b3a4a7c77,4819
d:44112e6041904dc394830b517885717a,4820
d:441182fae43f42fbb620fb444f2bd42a,4821
d:441e74d7c6a845b6a47dd6b3a4e6922d,4822
d:442332acdab34be8bda2c1b342b15908,4823
d:442dd2f69fab41bfa27bbdcb350be623,4824
d:4430898c951c4147abc03f6b47a5605e,4825
d:443a29d22e2b4895adc876771f78522a,4826
d:443b03e96e3f49a8a76e05a0b2e91d26,4827
d:443b6e32f14549a784181357f1ac4487,4828
d:443f8115c9344652b397f4c084219a83,4829
d:44458b09ba4444bda29faee7626503ca,4830
d:4449dd5f15a842b8a93faaa6209e9c84,4831
d:444ac1507d8349b580e9243c5044357c,4832
d:444b17bda4784611832135f82deab06f,4833
d:444b4870f345429cab592a090f324daa,4834
d:444faf2b4eba489f85398b0d5bbd39cb,4835
d:445036fdb8274e138f361870495f4bfb,4836
d:44544ec41aee415b9c897e6ebaa3a84c,4837
d:4456e3e74c3f4292af710bf6b6ade735,4838
d:44587805b87f41989a06e4867bf54cf0,4839
d:445936fe173b4e39911ebab9aaffbd42,4840
d:4459b8bd060c4af5abfcb212f8233f20,4841
d:4464a4033c86497eacb3441d145ddadc,4842
d:44671328f2d94f9c9f1a9ae8a4a31c4a,4843
d:44688e7cb5cc45e08331dba788e34419,4844
d:446d815010714f13a47b6e60dd62b884,4845
d:446db3927b5542ceb9db6a04a475f177,4846
d:4479414b29304938a2a9ff2662aa0339,4847
d:447c7320846846d2832b4dc84e93ea78,4848
d:447ede80f9364438b2791d896baff377,4849
d:4487dd2ee61348c9a9cb0d2a5852aed3,4850
d:44889f611e5f4b56bd471de8bf98bb4e,4851
d:448cf0aab918467a98232f746dfc25a2,4852
d:448e5942011a42cfb707eebeae1adf99,4853
d:4492acda07f749ff9cd06bbdaa372e41,4854
d:4492eb399bce4218932856ffeb469fb1,4855
d:4495c9f1baf14b05b9b02333bb2186d9,4856
d:4495d7c17dcc44dfa4e9de450a02f3dc,4857
d:449ba70763f1478f90d4050e2f196141,4858
d:449df5143ed349e6abe95358ab9d3c80,4859
d:44a20862717b4ee3b908f057237ae9c3,4860
d:44a64852157442188db4908b976fa0d1,4861
d:44a9eba62fe44c018f874d31dd70138f,4862
d:44acd4f7f4b740e795ef189a308f05b0,4863
d:44ad0a4c018440f78be05582ffdb6fa6,4864
d:44b0fc639f044ffb8a8ad113b82a91ff,4865
d:44b2d8f6637e493389b43f2e0ed7800e,4866
d:44b9345978a146a98a5a8668e724db62,4867
d:44bfe191e3804097b7e8ba253446b301,4868
d:44c5f9461d374038a3348284cd30e726,4869
d:44c7e436981043859c0268dec713d14b,4870
d:44c8335da80042a5971a630250d8be03,4871
d:44c9583386dc4f6fba99dd86b5b27d42,4872
d:44ce4b78a2664427a588cb5881c12acb,4873
d:44d13ed4ebc846c7a6e6e6cdc201cb82,4874
d:44d20980ee594490baf4f6b9f1eb6598,4875
d:44dac492c143489ca695842701098142,4876
d:44ddb55dca28434298f8df152c02b740,4877
d:44e484a50243467ca0f004972e4166cf,4878
d:44e894d3eb144b51ad5ca0b8acbbd7af,4879
d:44ed2525cd1a47adb6a29ab6d4798c1e,4880
d:44f0233b32cc4ff9b311a574e6332fbc,4881
d:44f256eb3ed14379a7832657dfcb2a68,4882
d:44f288701a79443caa9af373292f9348,4883
d:44f45e528e114f8482893d6f1054f684,4884
d:44f49fa3bd344074ba2931cfeb5b0ec6,4885
d:44f4efefbf1e4ecd9257904c8ba1d3e5,4886
d:44f79afc020b40c59a0cbded8dc05fc2,4887
d:44fa5552c34f4cbb929a54330cfa2978,4888
d:44feceb1a0854964ab3934098e2ad8ef,4889
d:4500c6084ee6416b99e505374fc48961,4890
d:450a156d251a4d7f86c1a3fbf484128d,4891
d:450b4d9f9d0e42f089fbef7d86d7ad4d,4892
d:450de6e8c368414db8ba73de7434f9d5,4893
d:4512613814b943069ff9cb07a9bbef0e,4894
d:4516b47586d849df8eb157a5b6dc3ec3,4895
d:4519560554d1417ca61fe2a62287e481,4896
d:451e591e967548a499a0cf616ce09bb8,4897
d:451ed14ee7434043bd609338529fbee2,4898
d:4521a9cad5ff4eb3bb5a7a9355b25c8a,4899
d:45223f69f1d2475995370897e6534986,4900
d:4523cb53323845c398fc66a4c2cb4309,4901
d:452a70af2c024055831a9619a9e2366b,4902
d:452ed86e50a844c582298bd1b6b3dc0a,4903
d:4530124ac83f461db5d5c3619e155993,4904
d:4532aedad94b491e920e9a6756afa0e6,4905
d:4533796af0fc41a7b6a1cce30814cba2,4906
d:453576ab258d4d538344971b2d87a907,4907
d:45365e5573224d4298ae8ae6119dc2fc,4908
d:4537ab727ab54f8aa03cbd07bfada94c,4909
d:453800d611304e9daea61e216596a8dd,4910
d:45388b651fd74dc18a4d36e00721c46b,4911
d:4545e2dbe7564941adf86e841fdd1eea,4912
d:454cce0153ed4138a4c24b9b1c8b5bbf,4913
d:454d636e0d1d49b5a16d0efffa9ae9cc,4914
d:454d9608e5094f9d82f880e0d3d44809,4915
d:454df411db824d20bcfc2b6b4c99ae37,4916
d:4553be99168541779f12c65d6710d95d,4917
d:4553de4b3dfb41ee8dbf884af91efc26,4918
d:45576fc971424621b1cb55c2dbb0f961,4919
d:455b4f2be63d4596bab8a6fe3eb562ae,4920
d:4563531aceb747bb91b2d5c2697c8135,4921
d:4564ffdfe6494c9290f80dfb9ccade9a,4922
d:456b106be4a04f729a0cc2f1ccc3a9cb,4923
d:45767d1cfc9c4fba806c2fe685b21f23,4924
d:45770910d1374901a02b3810babface1,4925
d:457b5c720ac140b2963c8878f1be633a,4926
d:457f0c2d695f488d98b2fa676dedec8d,4927
d:458268322988472193837767f9530f19,4928
d:458296eb95084e519e2d318a16438f8d,4929
d:45847c847ce140d59096dfbb21119370,4930
d:458bff7d370744acab840ba1ab750e19,4931
d:458f2fd60af04398b100c75ece895156,4932
d:4591d6faa0f642c0a508e09ab9982c2d,4933
d:4596d4148e8f44b9a65423bcfaf25334,4934
d:459f7b7eef9e415ebc259d50d13c5014,4935
d:45a0d8497276491da7589ef6290ac84b,4936
d:45a0e54a5f1341998bf75cae1171dfa6,4937
d:45a16ef54eac456782d3d4315e2042ef,4938
d:45a4564112bc430fa94b3ab5a869cdc7,4939
d:45a86121a3424369b131ec628f3bee6d,4940
d:45a937059ae849dfb32a0763f0f3cd73,4941
d:45ac17c758e1446d8fbe78f8ca0c6ebc,4942
d:45aeea1fc738426fb79478fbfa7515b1,4943
d:45af16216e1e4d978955a0ad4d1b6750,4944
d:45af9601490540b3aab631e4b68aff39,4945
d:45b00d31419e4d1ba65a901a158c58a3,4946
d:45b87ef9102149ec97776b20b8801b3f,4947
d:45bcb22f2be14715a17019c729554523,4948
d:45bdfcdaa2534620a8ede97512f17d0a,4949
d:45c05d6320984cc7958fcc48dfe669fc,4950
d:45c22d3f5548453f8bce1de2ff23720d,4951
d:45c4296cf94647c3b9028de31a56df98,4952
d:45cc0208c2554122a10feffbe234c683,4953
d:45cf8b126b6a466a88d977e8b1cf78a1,4954
d:45d03617d4cb4027b688fa91f4c6f866,4955
d:45d2f7da78674cf0a70f91434149ecd3,4956
d:45d52428a5584317b78c6be7d25fc284,4957
d:45e31e08dade4171b800f286b973794f,4958
d:45eec2c4522f43fbb08ec7de6adc634c,4959
d:45f208c2a32a481cac6e4b9c64d0c753,4960
d:45f2ff6640924b9e995b0fc596bb30e0,4961
d:45f6e7085de84dbbbcea1a518b89b367,4962
d:45f6f6c2232640a89ca9ce448b0a9c57,4963
d:45f8d176bdd74a52a0b4816c83ce16fb,4964
d:45fc916b11974b0ea1921ad14fe19af2,4965
d:4609cc473fbf43519b0c92aee9412306,4966
d:46136019369048a19b5f93c7919a8708,4967
d:461371411b084f9daf8257f1a7d19de2,4968
d:46137e4b4ff543bb94cf3afac5690c07,4969
d:461403cedf014e5183ebd258a4aad70b,4970
d:461fbd1002714aa3b80a8501ac886dca,4971
d:4620aba02d224d37b12e5198a7af0c03,4972
d:4622155309214984884b8b2a9a06d622,4973
d:462a60268b574b5a88e6b8bfaa24553d,4974
d:462c524714b340e19e24d5691544947f,4975
d:463073bad4df4c41a50f0feb0c1a3b39,4976
d:4630debd7f91405b932255eec0ab5c64,4977
d:46376ddf2c76467bac5e2e34aa67838c,4978
d:46390ea957b142e0b792d15612cadfa6,4979
d:463e6902436b4d59896c327f1875de4f,4980
d:463ffa9580be4bb581802cee399e8fae,4981
d:4641ac9523ee41c08f3caca8a77be14a,4982
d:4642e32b1361471e918745cb89c11697,4983
d:46472de1671f40bf83a34ff35acba0c9,4984
d:46484adc2a6747e29f1b386313e8dfb2,4985
d:46492d56281f4d36aca64bcf35dffc0b,4986
d:4654659e91e246369034e8d27ad66ed3,4987
d:4656e567e96f41f99a817066f16da08b,4988
d:465a1164ec424406ba0026a7c2afc4aa,4989
d:465d958c81124d488fc2e4a71d066b78,4990
d:465dec39605646d1b79821bc4583f3a2,4991
d:4662a7260f734cb6aa48fe21e17b1f8a,4992
d:466809a3924d491f9411b9a7995a8e0e,4993
d:466a5ce4e92249c4842eca3b076634a9,4994
d:466cd540b636482ea57d691ca94771c5,4995
d:4670eac006d14994a6b1be67c621f0e0,4996
d:467384746c6b45f5b21c97a0467b5db9,4997
d:46782e7df10c4c8495ad6fec65c6a68b,4998
d:467d0bf6164046db89f3e4b1a02810ab,4999
d:467df0c7a0b44ab0ae5e5b9b687237f2,5000
d:46804a8698fe4f0b849003e32fb5dfe0,5001
d:46817782e90a4e97b004c1e33327c9ac,5002
d:468aee4c911648839dcf404a62c5191b,5003
d:468b07a8c5904093acacef087003de5c,5004
d:468e449f278248f093a2bb75f465c14c,5005
d:4694c8a3970648cba4ad7e9572217e76,5006
d:46968ac1d5f443b98de295c4b94a691a,5007
d:469d86f91a9c4b6ab31785716a839108,5008
d:46a87169b77f47299d5ed8534721b3ea,5009
d:46acee1a66494b22a9351b246831ea40,5010
d:46ad245f58a24eb3b2aa6fcdffba94d8,5011
d:46b1841d879f43c286118684ffe9a532,5012
d:46b800ca68f748eba0e6592c32e30aff,5013
d:46be231d56de44168ba4d71b7ea0d596,5014
d:46c2de99f1164b6491f6caf7c1bd883e,5015
d:46c60c11dfaa4b409a856177e41f47c1,5016
d:46c93912341e4703b926e29e681d77b1,5017
d:46c9b2250a4147a38cf795245ba3e210,5018
d:46cd01395aa54a9d8f4748e843e7ed0b,5019
d:46d22391276c4f5199368c0ce13a9d43,5020
d:46d6d38e49844ff7872adaedb140391c,5021
d:46da2be9391d40e48fb62b809d1e3367,5022
d:46db42965e33443488c074da16688bf8,5023
d:46e190bbfe0a47cd8adc1d90d616fb11,5024
d:46e39a64d71c440fb2b5cb5c330d675f,5025
d:46e5d006222f416bac64a82f1f29ed02,5026
d:46ebe447001a4929a458a6f3785a01b3,5027
d:46f35af00ec74cdd81eb1285ba653179,5028
d:46f47a5908084ea6b3cc900d6047cfd4,5029
d:46f85b67240d4d54a20a8aefb34e401f,5030
d:46f93ff1651149dd862525b5f682032e,5031
d:46fa0acbfba14eb59a3c82ac93674b01,5032
d:46fd5cd97f594126a16290b911ca4073,5033
d:46ff8e455cd6480393a7d97c0c878651,5034
d:4706bf28c0d449db8c6f8ee168598d3b,5035
d:470b22e723454f03a1665c718806d87a,5036
d:470c061d69c047739911fd594830f381,5037
d:471427c9f4064e5c8d38012b3d90373b,5038
d:47147f82d6d74fee96875c626b5546ee,5039
d:471fdc417ad94d1aac44941d42be1321,5040
d:47231138833d4c89a1ce73fef86cfff5,5041
d:4723a1870f49414fbb90361ce7bc465b,5042
d:47261031dee1471fa8e6adc4e60ac928,5043
d:472a9abe617f4f94ac23e5dff1536a8c,5044
d:472c10ecb4934c0dad32f0273ab54102,5045
d:472eb6d0575a46fe9f50ee5cdb1bb541,5046
d:472f6365ec524fe680d529fb68b684d8,5047
d:473270fc9fd4430ab496dc044bd816c6,5048
d:47333f574cd140c9a020ee8644246af6,5049
d:47360ade951c402ab317012235459938,5050
d:473842aac23c4c5189522ed171440677,5051
d:473bdda8d285491590651899db26bdc1,5052
d:473e8d2bbaf543d983f01be8ec99819d,5053
d:4744cdf6c04b4bba9c537d21c8fde2e2,5054
d:474527097a8f4095937965fcaaac3850,5055
d:474deea41b3f48118b73d732f4a8c08d,5056
d:4756b14316b14e68926690436f10498e,5057
d:475cd274ee9843249ce140b9f6843ebf,5058
d:475d355b7c7f44d480f95f5d29bec87c,5059
d:475e9b5f228e464d8354b6133f7549d3,5060
d:475eb94896d541509f3aeb7881c88a27,5061
d:47600868e3ae4f8f8fbec709d2138e2a,5062
d:4762390df53c429eb2bcbf3f80126cfa,5063
d:47630f274a90404cb600b46cac7e16a4,5064
d:4770c384e9824a87bdadd9cab7a8e129,5065
d:4773d64d34ec493d9dc48725ca51b53e,5066
d:47741de5a2544dd3aad820b78664c3f4,5067
d:4774b3dbb7294bc495cb930f606db76d,5068
d:47753fac870f4c959368dc707619d28d,5069
d:4777d7ff24ad4a50bf4276231bd8d9e9,5070
d:477aa366264d4805b4e2b8f3e3551225,5071
d:47834c0280d24e1aa31abbd7921a7ee2,5072
d:47896b6e7766482e9577a01e293f4e40,5073
d:478ca2c8b056476fa97698b5c63d98e5,5074
d:4790412579c1404b89a9004042547007,5075
d:47909c39b5cd4b2eb913878e8945cf22,5076
d:4790b8d981334168b4202f48aefdf049,5077
d:4794a0cd108d44c9a5b75a105b76ba7d,5078
d:4799a1f928f5401d96f541a5e87f791d,5079
d:4799b2752e4d432eaf199f0076333e97,5080
d:479dad2aab3b4258a681bf238e6ab6d6,5081
d:47a5ddda89c14aa7b3897ca7fdb2aec8,5082
d:47aa61eb9dd44221a16ed8b8b74feedb,5083
d:47acc18ce3994588a2a069eaa5c8fd2f,5084
d:47ae085edb604fb0814afca34d35419d,5085
d:47af858d5d9e4cd99677abf6d58219ae,5086
d:47afd4e9c910450aaa004cde7b1b9516,5087
d:47b7bd1ba8f348f0aacd541864c25fb9,5088
d:47b9b37bbf254d789151e8181ced394a,5089
d:47bcb30154934320a9f38f3281a0a5aa,5090
d:47be48107f064f0c92b3c6b20de70d18,5091
d:47c1cf0955a4482cb2abf45d9f2e6be6,5092
d:47c22ba49d984c3a9639adeabc27bfb5,5093
d:47ca3145aa904ef3bf20ada315bf77dc,5094
d:47cfafe7436c47ec9428637e5ab83432,5095
d:47d3bb9909804a779eea71e29a4b2b6c,5096
d:47d6c43f851749b8abcdaebdc4ce52a0,5097
d:47d967acd38f4af5b61da96910e888e4,5098
d:47e0073202444c46bcff2ce368b12fad,5099
d:47e047fd9e2f4df0984b3df2b5445be7,5100
d:47e1ad1497c04c4998f91e570bb93259,5101
d:47e2e5b9510546f7bffbdbb87a7b4dfa,5102
d:47e5e18c5a8b45869e5d4523b0dfb324,5103
d:47e62d57ea1246efae7bf8a2fd3adc13,5104
d:47e653afea874defad71cd6719e73367,5105
d:47ed65f54b214655be73ddb55ab8a62a,5106
d:47f38e52b8d24bca8a46aef1173976f1,5107
d:47fc7acae2424a369633819a3f9cb4d3,5108
d:47fd0434086340daa2a47d7eb3baeb80,5109
d:47ff161c7f304a49aaeb9a65a3c1c9c7,5110
d:4801b7d0b5254a9b9cf48ff7fb2dd36b,5111
d:48037adf497c4fe593134f4831cd42fb,5112
d:4804fa43772c44f681369d5158714072,5113
d:480b011d80734b268e6da3b39dd816d0,5114
d:480d40b00d6d48cd98cb1bc6b2440ec6,5115
d:48180581ad8740bfb469267471be48c9,5116
d:481a4c17ef264caca7269a1844b15cf2,5117
d:481ca8318e2046008ae37896b9bcdcb3,5118
d:481d4b98228b4cf68cf5d318b11e59db,5119
d:48300728211a450781b53fd2736e25a3,5120
d:4837c764f05441b9ab0a485ff909edc9,5121
d:483aa6c6e9ab458d8b758235678f8471,5122
d:483afd5f6db14b7da0e014adb24948bc,5123
d:484333cf69294ed49b2331ebee43d07b,5124
d:48478a376e854a219671c0906131deaa,5125
d:484b026cba884a69a1c37f617db3f6d5,5126
d:484ee4d01e73455b8f6d739a9810d308,5127
d:484fec98b72349448f06afbe5d3a3fb9,5128
d:485345a094e04dd294b2393443e83b6a,5129
d:48579b1894044fb5978921583a7e8fbd,5130
d:485c328637bb45bf8362cf82e3521659,5131
d:486341d7cea743d4b9d97e0f9db41c8a,5132
d:48655eb94d604c95b953f2dd26958560,5133
d:4865ed5756a54c8dbbd39adf1571e9c6,5134
d:48660373993541fdb1d8b81bcbfdd8c7,5135
d:486c32e29ee540a9ba7ae8a794ef2fb4,5136
d:486fe06d7abf47ab92ae337ae8628be7,5137
d:487311e120b1465ebc972778484fe5b3,5138
d:48756099d4bd45ef9ddb20c0906b8c6b,5139
d:48772e013e1a461180efa56d4d716419,5140
d:487733e823f849c0ae2a8a63f82f8cc8,5141
d:48788c3dc01a4cd8a829845827ede86f,5142
d:4883d691bebd4e1796d3d1641ff85ddd,5143
d:48845694cce544d5821ab00ad6c11d18,5144
d:4885f7401a9c4e44a6e87f431ef18a9a,5145
d:4891664125824de287717b61d5db1eb1,5146
d:48933ecda1174725a56fc1f9be8af247,5147
d:489448ad10c141abb604fa250d99b4af,5148
d:4895c574701f4087af5e1feb3b83d678,5149
d:4895ca9aca8e4145b513b244adf7f1cd,5150
d:4896c12e39334c14b1916c49ed3f704e,5151
d:489aa6d8d3b445c994e2b599052f43f8,5152
d:489d0d013b83461b9bcca3f4875e7f88,5153
d:48a11238b1ad4dfc97ffbd2884dd1ffe,5154
d:48a1eae73e7b40568083849e7bf724f1,5155
d:48a88b1050b54701948dcf26605e7618,5156
d:48a9759791a7427db8d5505bbef339d7,5157
d:48a9f369f7684e918d01c5732310c15b,5158
d:48aa590eb4a64452a2bd614920f4e10f,5159
d:48ae2f87d0cf4e24892f12a969d95f1e,5160
d:48b083082bca42bf8062e732f637bb30,5161
d:48b137e9f905481aa4acee394881bb14,5162
d:48b788db6bca49afbcbfaf053e750bcb,5163
d:48bb20b8d9974edcba0f52049f83dd8c,5164
d:48bc18ce78cb498099bf95162ac86274,5165
d:48bc2798cd7248c992943dbe1629f0b8,5166
d:48c1c7b68b4c4289bbd121e087d0b250,5167
d:48c478da90304f86997a4f55fad3e546,5168
d:48c5225f482749fca979820af1230b3d,5169
d:48c72fd38a3642a0ad3d3d242fa1019d,5170
d:48c7c94eba3b4407a922ce652de63355,5171
d:48c8fb52db0b4a079313dcc170f9e777,5172
d:48ca81d3c1f5451bafd8b80e76296626,5173
d:48ce7157c9c941d1892ee9f9ff2d14cd,5174
d:48d10d52fdf24556a075875b7780f9f4,5175
d:48d19b691e494ab084639620ac50c6aa,5176
d:48d48dc89dfb4d3b8cf4dc46f681f6ec,5177
d:48e5e49456a142b0948a4a1ed92fc2ad,5178
d:48e73e7201f54d388ae9d055d0315aba,5179
d:48ea5c7bfdd144feb7d7d792d4447fba,5180
d:48effdaa31684c63baa966b53d49e3e7,5181
d:48f3e4a2ff344caaa934a36e9e341023,5182
d:48fd096a81d544908f555b5505d7617a,5183
d:48fe5adcbb4b46c5a72880f6713ccd15,5184
d:4902aebb8de147ccb203750f094e9f09,5185
d:4903790f4ebf449ea5dc3d7cdb617b45,5186
d:490905ff147f426cbe06a9339258236b,5187
d:4909b3d697504e7aa77a6ad55e596e17,5188
d:4909de932fd14dc4a6b3ad57816a2725,5189
d:4909e3cf5fa440809afdccf5faec1ec1,5190
d:490a9c5b37be42c4ac29005005b6042b,5191
d:490b7d0cb5724a3ea6964e93eebfba87,5192
d:490fc15aa62a4b06ad83c04ad053d474,5193
d:4911fa1b95af40499722dcb4eb45ed96,5194
d:4913d4d3114c42a0a9e064b133f8f505,5195
d:491ea3bb8eda484daf9752e138a169fb,5196
d:49208cd332fb4e4c95bccae4e626701a,5197
d:49227f01ac584d66a86c86aa5a4189a7,5198
d:492695ce63d74530b8577efb61943929,5199
d:492793e00d9445b3bd8788d9fbfae66c,5200
d:493130f83bfd49ff8c8739ed7fd7e380,5201
d:49328c599aca431a9e28d26e961458a5,5202
d:4932b8bc674a48be93ee405e912e56ac,5203
d:4939e19bc3744e87a8ca55f66b938bce,5204
d:493c7a77866c4093aa619d540cc49a9a,5205
d:493df8b4c8714ed0bc0305b199871bd1,5206
d:4945be0f1078470b817295c049fef60d,5207
d:49468b5f880d427880d5594983bc9732,5208
d:494e00005aec4ae48a6e7da370b80a6d,5209
d:4963e5b5564b4542b74a67449c974913,5210
d:4964794a9f2e4569a4b3d1995c255600,5211
d:4966f06cfacf4790a623499b0e891449,5212
d:4977cc78259d4403a9ba5087c84b5dc4,5213
d:49795b6f85b84f3d945477b10893b1fc,5214
d:497c5363573d4cbeb8365b497afd1b70,5215
d:498167d94ce5423e94adca90e8774072,5216
d:498a14cda31f4d868e891762a41219e8,5217
d:4990003cf0fe453983a85d4a0b3a3d09,5218
d:49936f49340c469793d95d5e6d08a1b8,5219
d:499a22f31c8d410ab2e8fc9057339d6b,5220
d:49a4ffcaf44441ec93350810a7b37b7e,5221
d:49a7cdd14c37488da585575502b6b63c,5222
d:49b3fdffead546bfb259eb2930223c36,5223
d:49b413798f8749edbc9d219b54f7efd5,5224
d:49b7c906d7394841860059df09ddf307,5225
d:49bc99dedb0e43f6886305de21684781,5226
d:49bd4917507f4cf0977f48be2cb43527,5227
d:49bd594fc3634e1883b766f586525c3d,5228
d:49be2bb9849a454cadbef1a7f38fb0d8,5229
d:49bff702ccb349b3abb23370ddbc3101,5230
d:49c3de64346a4f00a24512cd87633ef7,5231
d:49c809588bf74703a7de09cd848bdced,5232
d:49ce87fae05443c4a575bf4c3c6d67e9,5233
d:49ceca24255a436a8a72d303837ffcff,5234
d:49d4d280341348dc90d30994cf2c644e,5235
d:49d57d9a93e1483ead6dc4a818b455b8,5236
d:49d5cbf30b4040a3aace82ea221486ce,5237
d:49d6490441fc4cb0b7f039c1fea09c86,5238
d:49db4fef4f9e4a30a35bbf76b23bd3dc,5239
d:49db6e46af6f4bc29771f564345a04ca,5240
d:49e23c32f47e4478a9266d694ebb0d23,5241
d:49e345e349424cb79dba4fd82f8000ef,5242
d:49e6098685d14548b64241944a38292a,5243
d:49ed6efb5d2445b6aa63ab3774e89985,5244
d:49ee89b515b0437f9d22b02ec0c49eec,5245
d:49fc6a816a8840009fbba6e67a3ba8c2,5246
d:49fe8701a72644d38bfdf69a2061bc00,5247
d:49fedaab7c6541d89de3ea39d532bcf6,5248
d:4a05b2796548491faaccf36f3068d706,5249
d:4a0886bbd8f04829ae1e37a1d09737c9,5250
d:4a0938f3577546dbaeb2acc53fa6ed9c,5251
d:4a0a59c140fe4aa8b524866ededded87,5252
d:4a0acae4d34e499595c397f604f0867d,5253
d:4a0cb513a04c4cada3059ee415ddf634,5254
d:4a0f822bd23148eaa1b67001abf5c90b,5255
d:4a10e58cab0a4cffab6431867cefb4f6,5256
d:4a1d3130bf7d407bb664cb43a480a9ea,5257
d:4a1d7ece17a44784bb7ae340213ec898,5258
d:4a1e4afba94b40108774c3d3c54ce55e,5259
d:4a2100e6be4c4aa8aac8b1dfbf1dfba0,5260
d:4a22dd2f520a4c8a9370371182b09f70,5261
d:4a2afe93ed1c447b8851a6fd0b060c90,5262
d:4a2b49242fd34ea995b4deb9787a0deb,5263
d:4a2c5223381c439d961ee9db0403bb83,5264
d:4a2def53963b4bdfb07fd2f299bc15f8,5265
d:4a302f4220184bd3b1f85fdebcc85c52,5266
d:4a374bbd3fbb4a9ba917142a3829ccf7,5267
d:4a38f3425b7e4b3c822376f48721210a,5268
d:4a3c8ba0ec1246b8a2eb07b7db98b285,5269
d:4a3c98a7bacc400e87bd34d164ec948c,5270
d:4a3d4aaff7fe417495f7c6db2e03e55c,5271
d:4a4060c17fe84789abd6c4a83e7bb076,5272
d:4a412f380dd247b99ed2709aee43296d,5273
d:4a44b4f461974dc983552e2d4a1a9719,5274
d:4a452488d29e4220b0418ba7b5c61f82,5275
d:4a48326ff5664792ba5992cbbcb28b91,5276
d:4a4c3adcc2a044b5b5fce1a9f7567117,5277
d:4a4e8e43f07644c6ad692e57b9c053ab,5278
d:4a4e9a4916d34231827443ed14317480,5279
d:4a51d22c531b46ec80c408d5f772ec20,5280
d:4a51ff228a70465aa9be129e0399fe64,5281
d:4a520b964a6949a4b453d7b0a5636728,5282
d:4a54986cc1bf4c1bb3ca93110d71b4f2,5283
d:4a5701a8ecc544a2b452fa0468f40d9e,5284
d:4a5c4c4bc87e4103bc5bb3551e701532,5285
d:4a610a84913245e096528939210b1950,5286
d:4a62fb11ba934136b3046870fd40b45a,5287
d:4a63f136a44b4e22a750ece649928ba1,5288
d:4a6afd3bc71845a095dfe6ee5850b52e,5289
d:4a7216ff30044161bb4e8bb167e7ce6b,5290
d:4a72b52e615047af91f152b99c4fd21a,5291
d:4a72e35ee423405e8620455cf6a538d9,5292
d:4a73b2a726674647b378c6310ee7b1c2,5293
d:4a7586f4ba2b477c9470d511a0e00611,5294
d:4a776933fc904151ad4f87d3bf9642dc,5295
d:4a7b3b6ef9ea489ba0f1fb4e89ba6289,5296
d:4a808a8a065b40d292d727f098d440bc,5297
d:4a8940be9c65424a8341b006990313dd,5298
d:4a92b52712e94559a63d1c6a87eba5c9,5299
d:4a93e71db4464464bff1b393c392bc3b,5300
d:4a94562d198c4efaa04c791b616187e3,5301
d:4a97bc7b25614a13829e67794a431ab2,5302
d:4a9d3bb914b8462c9db415c24af48ef2,5303
d:4aa3f9f153c14388b0e9f2aa2ce02349,5304
d:4aa420660aeb44c2b6f0851a76f1b9b1,5305
d:4aa53ec6c4e94ab6bfb04e12f812198c,5306
d:4aa5c42299014b0db35b2bce6cb93b86,5307
d:4aad3314c77143648355fd4871680975,5308
d:4ab33f0fbd314ebf970a428f7a4b969e,5309
d:4ab500285771435f9f9438714381cc7d,5310
d:4abd02c38606400ca604cc9daaf7d12d,5311
d:4abf4616be914942a8dc582af5bbe29d,5312
d:4ac382dfaab1482eb6505672c46508f3,5313
d:4ac616d76ec34f58b71e79ba4554159c,5314
d:4ac949ac59264da4a41ea3978dd223e6,5315
d:4ac97e6c15434333ae0573a70a1e3770,5316
d:4ad36e365f6749e08a13140bbbe31c34,5317
d:4ad95418328e46efa3c8c94dabff3a2d,5318
d:4ada37a032c84f91b71c56dc04aa8548,5319
d:4ade063db07541e3b9809c4202ca94a2,5320
d:4adf03b3c7734a05920ac503b739ea7a,5321
d:4ae1ac017f5545ab8aac7f71231ced8f,5322
d:4ae3f83e97af456bbf2b74bf8a46b558,5323
d:4ae404a510cb4f9687ee01586237474e,5324
d:4ae55dc821c74f10aadbebf8241faeba,5325
d:4af22bb28a18425c968c5c5ab48c98ee,5326
d:4af6d32888c94b3eb6e526631fe760cf,5327
d:4af83c94ab2942a5a87000dd99f8a373,5328
d:4afabbe52bdc4d8ab440e378587420e4,5329
d:4afcef1d76cb4a71a8f7547ad9102acc,5330
d:4b013118f03a4a5eaca3fc1a2656dd40,5331
d:4b06080fda4f4c1381c977e2b2fc0ef1,5332
d:4b0981aff4524c52b94bc7b6029b6f85,5333
d:4b0c32cd1ec34d4f9ee50676f2ce120d,5334
d:4b0cfa28c1fb4741bbdac38fc7c494b7,5335
d:4b0fd2acec3d4ba0b3cede1cd4099a41,5336
d:4b1137c89cc9433cb7dc66ae382dd1b5,5337
d:4b15ad7d3ed940b181dc5807e5359b4a,5338
d:4b1b74323f1e4adb9117a75134718d7a,5339
d:4b1e4f0d92354b88b0727a44de0ab6c2,5340
d:4b220b7a39e24f20afeba05eb1d93a05,5341
d:4b22761ae5a2468da7df3a0b0031b9a4,5342
d:4b2583c0acc049e2ada27998a89e846a,5343
d:4b2c0cdbd7dd4e719aa721fdaf28f151,5344
d:4b2c2141c438490fb5258dd854a07580,5345
d:4b32d262dd7042b7a2ac43d4c89de6d3,5346
d:4b3340d6145d491d80250454c8160637,5347
d:4b442987500141aab781e3d08697459d,5348
d:4b47c0f54e0a46438f83b647d30a753e,5349
d:4b4d2bc99120436cb98f39c31f84a5ce,5350
d:4b5256b4d24942b58b5660e899506a88,5351
d:4b571b19f2cf4d1d85c191b9aa471b6c,5352
d:4b5c6c7697634011ba9137d0bbd83bd5,5353
d:4b5ef36229a040ebaa52a03bfcba877a,5354
d:4b6293f8138246fdb2076f68e755bb59,5355
d:4b6d095473f54f56aad32b049f0af655,5356
d:4b78cb25bcd644f5a06bcb579be89d97,5357
d:4b7db4832a78464babf0b3b8190d3424,5358
d:4b862508eff14492949b819378373549,5359
d:4b8ef3ec65fa47c7be28f77783654ff9,5360
d:4b9052f5ae9e4d62b0d3007c76262eb4,5361
d:4b91100aa7224b18a53c1582c5a31bfa,5362
d:4b93033949fd44f8855a5ae0511d422d,5363
d:4b9477bd1c5240a99b9019302cdd3d0a,5364
d:4b96ad419c87467fbeee61c4ba4f63da,5365
d:4b98b10b1e274adc81318e87ffb42263,5366
d:4b9a229c14d04a73858d14538095a82a,5367
d:4ba8bb65e2074082b2b8a66660a2edfe,5368
d:4ba91d55edd2423c9b81510e69690176,5369
d:4bb3e00b61e74008bde955ffcb32525f,5370
d:4bb431d78f954978b744120115b9426b,5371
d:4bb7e28cd1f241d98d9510e1aee7ceda,5372
d:4bb8efd0f06f4e8e85de5bb68a76e989,5373
d:4bbcf0dfc3aa4190bbb951ae0d97fe9d,5374
d:4bc7f136a1274504aaea2f2fc1446b23,5375
d:4bc8ef74ee844ec8b9e1205f9f0ccea8,5376
d:4bcb6aa109ef4abfbd25a7b829a924e9,5377
d:4bd3fd8ce9aa42cab7183150bbb7ed0c,5378
d:4bd561c1cce5404e87f3271780da4173,5379
d:4bdd945dfe4d4352a74e619cc477f60c,5380
d:4be8d92d08814bcab3747d233dcec8b0,5381
d:4be9adf3343d4a2d826530ad83dcaa17,5382
d:4bed526320de4ee39743eba64f2ca11c,5383
d:4bee8230e8d3492eb83b7eb63f265903,5384
d:4beee37762b742feb53c7a5d61e3a1f8,5385
d:4bf0d6fb89e246c999cbdd1470cd623b,5386
d:4bf151bcf7cf47828e901091245c57ae,5387
d:4bf5c0431b50482e88f6a1ddde9d6629,5388
d:4bfa042bb3474644ae170af48e567ecf,5389
d:4bfc35af2c6f46268239aedccc3f528e,5390
d:4bfed0c391874b5f865842eefbecdfe6,5391
d:4c0153e774084b1d879d1a88a653a4b6,5392
d:4c0a5bdd44f44a50a651084a60c2b484,5393
d:4c0e6a35121b4dd09757539fd6875870,5394
d:4c0e75b2a43b40ab8407ad6865976bbd,5395
d:4c0f78d1e51b49debca3e60dc901e2bf,5396
d:4c1396cdd9d3401aba4221126f46d3fc,5397
d:4c142ab453614142a8c0718e0e8bb42e,5398
d:4c17c86f9aa74f3680117ff0e6523c4d,5399
d:4c1e07b439ad4e2f907dddb34c6a3751,5400
d:4c1e5b5c8d3c4403bca1edda45f536d0,5401
d:4c2079525a504ff3bd485c7a73eb83ee,5402
d:4c20a4236df14f6db4adcb85efd0b83c,5403
d:4c242f0eebf0455eaa9df967cb8b6980,5404
d:4c2ce1f70fee4c8eb3e35918ddedf8e0,5405
d:4c32fd3c16c64f70a05dee5a611e6d95,5406
d:4c3d788e6b964c35877d3ea9eb7de1be,5407
d:4c3f9d0b247c430fbb7de19159e3f31f,5408
d:4c4062c238314e0da568aa4a8ceaa351,5409
d:4c424082002c478aba125f92336fd066,5410
d:4c43e531b01b44ddb89ba1827204f175,5411
d:4c43fe9cbf90427d8909a4f493747d63,5412
d:4c4b96f0280f4949bc1698b7bf23121d,5413
d:4c534146833e4cbe9df300295f141f9e,5414
d:4c5e44bc292c41668f0b637d1ebec98c,5415
d:4c605542888e4b77b6ef9c870804cf49,5416
d:4c616e19bfec4b21a4258e5e12774ce6,5417
d:4c64022e12684104b8de1d0ed53e761f,5418
d:4c65e0b01ecd4a168221f19f8cb60983,5419
d:4c666a07a42d419cb1ebc1a41cef523b,5420
d:4c6f2fa8b313452ba40f3e2669258851,5421
d:4c71ddc0c74640df97040c3aecbc5b16,5422
d:4c774f6272414a7b97adaec080150779,5423
d:4c77e296c4c84f73a5d805b5fc60b0be,5424
d:4c792118df0648d893c793fbc25e8f5b,5425
d:4c793190fdd54cd1aa0cd81a1abcc32f,5426
d:4c7c90c5ba64470fa0fe743191a1dfc4,5427
d:4c7d86140e4d4d3ca602b766d39dc301,5428
d:4c87264768fa48ca83d1ba79b9715a96,5429
d:4c87f369d73b4c01a39c8dc001e7ad1e,5430
d:4c893f15f42946cb95a74b994bcf57a7,5431
d:4c8a7b3d673f4ca196d1ef37fa06f8c4,5432
d:4c8adde588a249aaa68c93895cc96a55,5433
d:4c93367cc8dd42d5a830666fdf0b1254,5434
d:4c9553fe5d2e4dbaa56eb9e11bf4da2c,5435
d:4c96515b75d6427993c6a54a23b82284,5436
d:4c9aa02a1eb34d9f801f21a8800c2e06,5437
d:4ca3de6cb0c541bebdb53c85f3ee9c47,5438
d:4ca4aaadfbdf4ad4bb17479e44faa7a0,5439
d:4cb8f7aa4a2b47d1b12884c13f3212ec,5440
d:4cbb7bef5d9b45ddb20a6784fbdca486,5441
d:4cc114496a754b1c96532abb392b05b7,5442
d:4cc5d00d99764323ba027e175d73cc70,5443
d:4ccd08ee646e463ab949211090f07016,5444
d:4cd0d3499e0d49c49a195d4d7f66c1ec,5445
d:4cd213d54b8f48d9bab1faa7c720ec81,5446
d:4cd5b7c367e449898ecbbccdaf8ff6fb,5447
d:4cd9f394b1f041d1befc0dacaffeecf1,5448
d:4cdab0c70bb042e3bdaade0e1226d434,5449
d:4cdbd2a34a004a148370719a1a29a9f7,5450
d:4cde84aa0e7f47bc92edd55976e8c6ea,5451
d:4ce2d15929e749df92ec209f5f4f3420,5452
d:4ce3e7699f6a4284b268fc403c53d995,5453
d:4ce7f377f5a54c7097ad209489f29b21,5454
d:4cec4e3c0933421780ce3902ebe1ae54,5455
d:4cecd068ffd843cf90a1985cf136bb93,5456
d:4ced9453516440a2a1fd2a2f339af596,5457
d:4cf0fdb673044a50931cce0cf919fc0f,5458
d:4cf3acdbe1414fb9922027e06777365f,5459
d:4cf77f825632474d97d85cde2f22ff78,5460
d:4cff9249394949d3850f5b3eaca7ba10,5461
d:4d00f7bacb6344118543dfc8609d9407,5462
d:4d0211d5ce14428b85869ada9fc8eb19,5463
d:4d05edd29170401a888a02134ee904b5,5464
d:4d091f3f695e47ea8820136e6c1bfc83,5465
d:4d11051309584bc0896a7b7ebfa79385,5466
d:4d12ae297f0d4e0692972085a7386426,5467
d:4d13d351c47c4cc9b471a57369df029e,5468
d:4d16cc208bc6447abdc041381798dfde,5469
d:4d174d307d464fb88161f1fd036eedfc,5470
d:4d1d50e77bff46909c05c54067e888a5,5471
d:4d20b6d02fc844f59b3cf536b2179506,5472
d:4d2803fd7c424ed2893ad5edda7aa017,5473
d:4d2901ab318141a4845416c3a9aa47f7,5474
d:4d292d6d73b6435eb0027e704fe7e574,5475
d:4d2c4707d7d34920947bf9ca2433aaab,5476
d:4d2fa4047917421cb10a9a92d971cd92,5477
d:4d31456f09a0485284a4a12abdbce5c1,5478
d:4d326987caa24fbe95cc96222df7b261,5479
d:4d3e21e04eb34b56be6d09a3c73517fb,5480
d:4d3f5d02f3aa4441a0ac3895d5653ef2,5481
d:4d40ef122c6448c0ba7eb6a066882969,5482
d:4d4520306ed54dfb89c82e34db31f222,5483
d:4d4a61dec7614603b0abaa0ca64d4fc5,5484
d:4d4b14c70352473b93b9be13882241f6,5485
d:4d4e94a8c042473f957b4864995cecea,5486
d:4d5049c660f54973b41eca196b59be6b,5487
d:4d528c64b42b4375a43e770a30d41d04,5488
d:4d579b89deea45e1a7e0a81461743eea,5489
d:4d57d7f72db440be868c8178f4aa77d7,5490
d:4d5c9f9c5f45433b99a697eb04ab8a67,5491
d:4d5ffaa9f3ab48259bc97fdafab817e9,5492
d:4d61d717e9cd49cda517c6f925b31721,5493
d:4d643e969cf64f71985e07eb1b86a131,5494
d:4d694d2c368c48908be8167bcb8cc145,5495
d:4d6b7abe49ae46d7a2ad7cca8d1403f2,5496
d:4d6c28fe4499485f8681b584e00f7f9d,5497
d:4d6dea196a3945559cfd7f9c10bccb9c,5498
d:4d6e8ee9ae414938ad58ea5336df305d,5499
d:4d770ce4777d44df87c4b536bece5fc7,5500
d:4d78154aa17a442b8d78f2499f75596b,5501
d:4d7ce39d971d46bca5087d18f7127a7d,5502
d:4d80c07dd3b74bfcb9cd1dc26e2d940a,5503
d:4d86685b438b4510be821ec03f7264ff,5504
d:4d88b76d118948aea903c00147cd3855,5505
d:4d8997d3d1e64b9ba2fb4083990f97e6,5506
d:4d8fa83238d44ac2b140495ae585b5bc,5507
d:4d92f52ead35410c893eee23b538041b,5508
d:4d94c70e057b49ac8cd4222280d48e0a,5509
d:4d9528089b8e4ce097365c1a65673d87,5510
d:4d976111ce98412f925758dfe13815b3,5511
d:4d99405facde4a7a9ff5708e53e2eb61,5512
d:4d9df32fcba749dcb768d3ce6adcbb4e,5513
d:4d9e972f86e040c297624edb74b471ab,5514
d:4d9fd32f2a9b4944af613bc7370046ee,5515
d:4da244d9142f408985c3fe6a5e7630cb,5516
d:4da605210b8e4cd7b4631dd25db8b05a,5517
d:4da7062bc25b4039b7119e998b91676b,5518
d:4db492ff1f314ee2ad790ef99df354e7,5519
d:4dc4d4661e764b5b8c8b025c1bef754f,5520
d:4dc742b2afdb408c8932d5722d4e3abc,5521
d:4dcbc5a074234919a2bb1ca7ecb9edd9,5522
d:4dce37c466af43ee9d9a009b92ae71d1,5523
d:4dce5293f2f8471c95c705d4fee860a6,5524
d:4dd109f67ddb4738a8b764a4a104df22,5525
d:4dd8b30310844289af71b55cb56dd9b3,5526
d:4ddae057f82544bd947aeb06e83ae8e1,5527
d:4ddda4c5e24242a2a4252364714a5dbf,5528
d:4dddf173c28e4b699c1f4210f7890e11,5529
d:4de00b77944d4420a2ce47db50634cc1,5530
d:4de03e56a532415889bcbf347a6af3cc,5531
d:4debfd21b95d4984839a93a7b686e448,5532
d:4dec069657064dbabecc5f75f3cdcdac,5533
d:4defdfe011884092a23effbc96b01cd9,5534
d:4df70dae3e9b49cb83489ff01f85078c,5535
d:4dfbea2efe824c0dbaa284dad4a68ed3,5536
d:4dfc678723664b3da6d3daeaf39faedb,5537
d:4dfdafe5ffd54bafac43885a66df011a,5538
d:4dffd370768e4a7597b261b06ce38c60,5539
d:4e04169c92354a4c9b17fb148bbdafd7,5540
d:4e04f97c4e44411ca9c353056624264c,5541
d:4e086a3d063b452d8327d8485f2eb87a,5542
d:4e0a29fbe36444f18e122b846461c45b,5543
d:4e0a5692e39849fbb83a061a334105c4,5544
d:4e0c8bb8c6cc4566a83bdfbb0134cbeb,5545
d:4e0ced46470447588b5f37d8dc303590,5546
d:4e1173d82f3145bfa4ed3fa4025170af,5547
d:4e16849e461841b0885c05ce598c3e1f,5548
d:4e1c9f5177934d2ba4fb2e226ee7bf2a,5549
d:4e1f0a46ac01480caa107f3ca4a4d323,5550
d:4e2029c6ef844a8696b403e01d345a7e,5551
d:4e203b74773b44ef8ffddfee73a4d0a2,5552
d:4e22ec826be8408e89fb10a6528a0891,5553
d:4e267d6aa8a14265a8912af9634d7987,5554
d:4e2f04f2ec124811bd398da319da9037,5555
d:4e2f1323e2064c04bf7235c5af1f895b,5556
d:4e391c8f11584a9ba46758d7b8ca6b24,5557
d:4e3c7b05366c46d8b42bc83c8868b403,5558
d:4e3e2257ec23417fb5f28adccaf0b750,5559
d:4e4066d38ad844d6a72919678fad5f7f,5560
d:4e4227d53f294539a69b92fef8ca036a,5561
d:4e443db8c5284259a568eb1a65e6fde3,5562
d:4e4838aaac524282a24384a2775bc047,5563
d:4e54f6c7978e483da929f94a7687ac84,5564
d:4e5c0d8a55dd49519a8cce03a97c635f,5565
d:4e5ce1cdfc78495bae62392333223c0b,5566
d:4e602d8643234b05b75458a1362b6055,5567
d:4e62773f9d1f4f4ea901ab1b21c3abd7,5568
d:4e6e8376e54a4a0a8ce763ca463ee425,5569
d:4e73c1931930461da8f1ff5b88f7fca7,5570
d:4e74a37325cc49b4aae6be961bf43855,5571
d:4e74ee926f7f4fb4aab3a4288372e548,5572
d:4e793ddb1bc74183a9f72e8db09cccfa,5573
d:4e7bf5b69ae3403cbee9898e87afa604,5574
d:4e7c486929124cf78cb430ccae824aef,5575
d:4e7d1d39b0ba4d3a99df7dde6e243a3e,5576
d:4e832cd8e0ed470e933f9823e377a676,5577
d:4e83685547dc4847b456a9321f211a52,5578
d:4e88d558c11c4970815b0a149575e3c1,5579
d:4e8a3a2f58544a4bace9b7f2e9d4fbb6,5580
d:4e8c355a388d439c96bb8b5c839a76b5,5581
d:4e8da644a7ec4b15a72dc363d271090b,5582
d:4e9399e39cfc4642b632b55a8bcb95cd,5583
d:4e987e38007b4aa384199b32c5acf758,5584
d:4e9999285cef442cacae28eba0537a5c,5585
d:4e99ccec1b454ae387635cab90440cf4,5586
d:4eace87ca25542139edc1de8559f37bd,5587
d:4eb0b96222a4421c970b5c32adab6bc1,5588
d:4eb6b59db1ed43f7b392a4b26412c5c8,5589
d:4eb82d8d3c9e4ca2933cc53c702444ac,5590
d:4ebd2c597c6f45b9b58ae9b8ef083486,5591
d:4ebfec15cbb341429a35aa9c7cdb5d4a,5592
d:4ec1548dd791498f847e46565fcba3f9,5593
d:4ec2c79a2f054f1887129b5b110124ea,5594
d:4ec766f854d44d8484c85e4b9aa49439,5595
d:4ec91e267938485e9d3e5231eb0db3d0,5596
d:4ecc178b60e548debb93bdd5594d8f1d,5597
d:4ecd206fb87c43939451183bbc5f6faa,5598
d:4ed26bf75f4d41eb99f9f174d02ceea8,5599
d:4ed443e4f0414ad38ae9876bf839cd23,5600
d:4edbc4b164464b239a49395ed9ada7c3,5601
d:4edc009276d64301b1f05855f677eba8,5602
d:4edde1449f7444bab2a523e3bb2361ca,5603
d:4ee8e822630c48888a9710a6363273f6,5604
d:4ef4f7965fd047c4b23598de58c12186,5605
d:4efe0d7dfa6245e497e01b2b3b98e15d,5606
d:4efe2303b2684793811098af71e02708,5607
d:4eff791a1490482291e07215aa89a636,5608
d:4f031b31aa714cc7b2c6d6c76363ebdf,5609
d:4f0a43365db64be8b208d7a8887eb1aa,5610
d:4f0ca422c2e14666a7edee6a3e17691f,5611
d:4f0f455f55d64a0381df32d20544acca,5612
d:4f11dfa7dcc54ab0b3fae96f7dcf2cf8,5613
d:4f15f05e609c4c13a09314c99a37ace3,5614
d:4f2c8279819f44cf8630bef719b8a04f,5615
d:4f2d47a6dd214d8a99732f884e1062a3,5616
d:4f2ea31e90ad42099be09f1ea6526f7a,5617
d:4f2eb2df5f3a45f1a59649846fb286fc,5618
d:4f35af740f3d42c98cbfbb0f507328d1,5619
d:4f3a400566ae4eaea23a62feec400d78,5620
d:4f46272d7baf40a3a8864d00cf2f2bee,5621
d:4f485ebf1dc847f3b03d1f4d5c75708d,5622
d:4f48bd6886d64c3b9e8f2b9cb5f4bac6,5623
d:4f498be030e044c19a5114974f71465b,5624
d:4f4aaf8b7bef46e39c44eed86b40268e,5625
d:4f5247857bf4415baa7817c6c20bb7c6,5626
d:4f54ca195c3f4496b44b3592ee8acdcb,5627
d:4f54d081255742dcbf230dd1e79d0f4d,5628
d:4f588e9b385f4fa190daf92b5a63fb70,5629
d:4f5b27c798714f55af677362f9c1b2d9,5630
d:4f5be3f18f354217b006516179644511,5631
d:4f63eb1b58dc4446b9344718bb84bcfe,5632
d:4f689e9b13524672806e772984b2e8d9,5633
d:4f6b3091ea924d1f928345067e3ec038,5634
d:4f6ca1f312074bc88f16ada6ed026e93,5635
d:4f6fe9adfc684a60b1a02f43616ab4e4,5636
d:4f712001326c45ee9474268029712ef1,5637
d:4f744bdd23be47cbbf0ae79276de2b8e,5638
d:4f7934d039e4403ebca333db5ceb7556,5639
d:4f856efc2ef14dbb870b3c402eb2496f,5640
d:4f89867de0504822a678352649aaf6c1,5641
d:4f89b0d8679844b4b17ba66656a29f7c,5642
d:4f8ed60233e54368892f972f73268dce,5643
d:4fa080abcd354d4bbc00b1bc826cbcb1,5644
d:4fa646a2f58c43869edd693060e04881,5645
d:4fa6c8cef5374175a0b7e60a673d80dd,5646
d:4fabbf05b62f4d6aa852f5eeedddea5d,5647
d:4fadd5c1fe4647eaa5472839d8a1ba9a,5648
d:4fb66013690042979d4964330542b67a,5649
d:4fb660b395964125954cd042472a3bde,5650
d:4fb7d798ed5b46b4829514b373a46fdf,5651
d:4fbabf5e97af4c29a16d07ec95548400,5652
d:4fc47146570448c98f26a1c3e9c56c73,5653
d:4fc67411d2cb4e0bbf3a1d9496ed5dcb,5654
d:4fc8f665b01e4a9fabc8576588c1e539,5655
d:4fd163a45cf440fd914e8d83500ce0c6,5656
d:4fd35b08d1af40ea815d77c8fa1a4c2d,5657
d:4fd82682df8146cfa127e27cb83a44c6,5658
d:4fdac87e645f46049a38ec940775ad1d,5659
d:4fe0e00b26be41c0bfbdb56eb1ef84ec,5660
d:4fe603b1c312475296deeba587bc4b9e,5661
d:4fea008cd4cb47f5b9ff0a1775a0eb18,5662
d:4fedc166550e400dadc71ce08beee620,5663
d:4fef314708b1414ba5e6452c70815d21,5664
d:4ff7fed9a41643b2b727d9b4093572d4,5665
d:500028d7aeab4857935d8b7d36096019,5666
d:5004870045c44480931e895d77d4d61e,5667
d:500b3c34402c420e841f815d76d8b28c,5668
d:500d5e2193834f0c8fe2c970e12cfdf9,5669
d:50116d03a6c843eda3988d3af7b4f5c4,5670
d:50123ce6482944b98198191f7cc5322e,5671
d:5012c0cb79374cd9aa054a7edebe800b,5672
d:501bb60a884d48fba2fc6f4582968a5c,5673
d:501f5788333b45c395f36805102ee671,5674
d:501fcac9de8a47e8b5d168b37d7f96da,5675
d:502249c85f874107a5e66dee3f63b051,5676
d:50280688bcc34380b475e3f53d9010e2,5677
d:5028828ba7744d4e819f0cb3c9d4743a,5678
d:503599341624472f8b34715c5e267c57,5679
d:503d9291e72e46c595c93bff5dc92868,5680
d:503ea418f4a34916873d07cea1edacfa,5681
d:504be82276834dd0b4cc4002133b4be4,5682
d:504f60fa2e304f84ba1a4547abbc7641,5683
d:5050e305882f4cdd8ca3be06e196c235,5684
d:50565171d18245d7b2eda55863a6d083,5685
d:505d24c33b624ab195eb420564cf55be,5686
d:50620ff0b4034e26baa00e1b329d1dab,5687
d:50678bab8d3a4ec9976c4198b58f705a,5688
d:50689220322b4882afd652ff08700a65,5689
d:5068d6871560403e8d3c6b6e11a46b5a,5690
d:5068fe8e29b54a4484534041aa7d9bd6,5691
d:506d9155e39549e4a914ee08873faa06,5692
d:506e0bedd7274c21a17e3eb99b74d187,5693
d:5070e8f26a804840b4e38d494baee1be,5694
d:5070fbbcfb3b4261ad88d5b3a280c866,5695
d:5071b535224b4690a955602e9cbb319b,5696
d:50742cd2734841f3868bd1406f98f81e,5697
d:5076599a16b041d8a25dfd96102d3879,5698
d:507c988485974738820081690210bc84,5699
d:507cada4a51f4c5bb9424905b6970c05,5700
d:508492f822ca47c7a436b4c82076365a,5701
d:50924bd0a8e7472ea2843bffb2670e0f,5702
d:5094e71bf18e47a09727e968e77a4994,5703
d:5096936ef4c84947b40c0eee42b5f278,5704
d:509bafcb987d49cc8f6b4f1c7d5cc9e1,5705
d:509c08eeba4049079b0b5847009adaae,5706
d:509ea7c5c6cb49269fd7414a34e825ab,5707
d:50a1e00dcc0a431490ec69316c485fc6,5708
d:50a557d7afaa45a68f52fcb929de7ca1,5709
d:50a964ca83b04f26b226eb87ed448a87,5710
d:50ae90d9f754475d9d90cdfd88c79d7f,5711
d:50b1fdbb4d7540f4947aebef86a5c303,5712
d:50b5d550849d4984b008f3eb13998b01,5713
d:50b7d4d5c3134ef8858e36e50d4373bf,5714
d:50bc16dfdb304feeb65e775f1aa05d85,5715
d:50bc7b6d73504e1482de6dd99290cb5b,5716
d:50bc9032d3a24e33a168ad70667cad62,5717
d:50bd352562e0477f8a0a9dc3b879b0b6,5718
d:50c0398c1766418290b84cd32f2335ba,5719
d:50c5351bbd594492af0d8a3651274ab9,5720
d:50c57b1192c746a286236caa01a0b008,5721
d:50c7004a5a9749559d62c3e08c610dc4,5722
d:50c73bb7a1b04f9c8598a8fc5398e359,5723
d:50c91e33ed044b19b579acbdc1facc52,5724
d:50cd4b53350e4d868264858716ba5939,5725
d:50d20e438e2e4445907ab5b3ea98a2fb,5726
d:50d39f9f64ef4592a85599a3d6b48de7,5727
d:50d65318ec7f4458b8eed0101dcca178,5728
d:50dcd79362554878a81ca551ca06bdf6,5729
d:50e876d4f348437bae44fea8c9c3ec95,5730
d:50ed364200524021aa5b0812c8c0e784,5731
d:50f1c5b9cf09458d8ef759d5b70b4493,5732
d:50f7179875a04ae7b682d42ccaeedd87,5733
d:50f856eac22e4ea59b7cf46ce8222275,5734
d:50fd7c82a19846ea900d13ca78de886b,5735
d:50fddc35c0ba42e49fcddf8114a7f268,5736
d:50fea9644d0444aeb604157a160c7908,5737
d:5101622aa06e48dba9c272bfb94529ca,5738
d:510f7d1838ae4320a955bacd47cc17f5,5739
d:511070d599ed48c083a5333a65a51695,5740
d:5110f34fb9e24f63a2ed8d08c02f841e,5741
d:51127a9511b6492ea1638df0ec3b7105,5742
d:511b56f5c39f4b81a707c86c8da093e7,5743
d:511d94069bb14f7783322e8a142ce942,5744
d:511f806224cb4fcbb792acbbec98888d,5745
d:5124029c433c4f7186d28fb712676faa,5746
d:51254d8fcdc54fcd9440fe16694c0ad1,5747
d:512fb2dc47354b26b64b7cb717cea860,5748
d:51301ec4ac364a80aff7329fda7e1318,5749
d:513176d8644547f0a00c669238c86cb3,5750
d:5134d225217b43c5827f66c7dc7a8560,5751
d:5139ac9c6d0a4484b3f025bbccdbe29d,5752
d:513b2009bf264a3284718ef79e7c5d17,5753
d:513b4fa1c7d64bc1bab077eb54ccc1db,5754
d:51404c11fb1a4df2899f6104545f82ff,5755
d:5145e0aa5c3e4d2f90aa1bb6e424b246,5756
d:51495fcb41b543cda8a0670e9d608771,5757
d:515c3cdf660145eab281b41215a3899d,5758
d:515e8a6e46d44c98b04ce612642dc484,5759
d:5160cba3e1ca4b388f3f0f2ebff14eca,5760
d:516153e241f047a2a39d4b2aea18a969,5761
d:5169aa49764c47ed9a2ab31e35a083bc,5762
d:5169c60422fc4caf92364e197a69b285,5763
d:516fc2993c1c4e3b9e118199060ef10d,5764
d:5176ba187d9d4be08fe9fecc1bf17a43,5765
d:51773c18578141b4bbbdc483ddad985a,5766
d:517a46ad118e4396b5df127ff9947576,5767
d:517c6bbecbbf4bb8ad8f6835e33a42af,5768
d:5182656111c54e37b38c2d387251eb80,5769
d:5186831e1f9249de8879f33681e4e676,5770
d:5187a010609749e687c687527dc021f1,5771
d:5188be5c0d1f469fb520e86f657e3b2c,5772
d:518feed921dd41b5bac99450b74352b8,5773
d:5192ddc1ce2846408d76396b7d959085,5774
d:51943be98e5546b294163fc8485fc343,5775
d:519572c352a5435f852e676be65b2a43,5776
d:519dde71c36d40b09a6535ea800e8a67,5777
d:519e5b4a67c4426596c6597cfc5e7ecb,5778
d:51adce6a5b33467ab41ba99f5e7e15b3,5779
d:51addeb48ba74e44ba356d25c9a11d0f,5780
d:51b50819acb4484986da4229e489f663,5781
d:51bde4d70d814dad96cbfd383b09db61,5782
d:51ce0bd233b648df9c087752ac66e1b9,5783
d:51ce7dc7b94d42c4bd21acc7a1198a47,5784
d:51d38149a1314ac3aae2851b3781560e,5785
d:51d88be4df344a57a42b5a9d7824ef59,5786
d:51dd5d8491384a72aad8e38308517235,5787
d:51dd9da2fbc84773b6e3fc6532e73da3,5788
d:51e075260ff348709d4a947b236b418d,5789
d:51e0944c891b4d38964a6d8fc2e16bab,5790
d:51eabd70a36a4237818c4bd2f349611c,5791
d:51f6eefb88054a7eaf5df7c456020649,5792
d:51f9335e94164bdc85eb3af202a3c876,5793
d:51ff04cec1504f569e2661c46cbc89c9,5794
d:51ffff9175d34514a5e9dbbe1b097983,5795
d:520199b6783f4e98a53d23588285778f,5796
d:52061aeea0c3420fba7026c7f430f65d,5797
d:520701617df542a68784a3669d52c51d,5798
d:5214dbb8237d45d58341ef8ca9e1f55b,5799
d:522cdbfef4e54d53ab37b57263ba2fd1,5800
d:522d1f5605e4425b8945cda2ac11ab7f,5801
d:5232d60b058f463fb1749fa73ab7a200,5802
d:523cd75b9d124727af3f74b16578c52f,5803
d:523d121a7cad44a08fd05b9d330186df,5804
d:524080550663453695af7fc68608f3df,5805
d:52454eb927384f16bdf5560f4d80500f,5806
d:524dd114597244999c37cb19eb9f913c,5807
d:524e2dc142834a238944bbbfcda26263,5808
d:52500264dc464c4daa2689709f3902c5,5809
d:5251930d1714497aa1ad2a3ffc431be1,5810
d:525389d75d544e7ab16531a6a4cd9598,5811
d:5254c3694145448d83fc0a85ae0fdc7c,5812
d:5256ae54d98f4c70a8e138514d23a377,5813
d:52570d740c6741759f7301b3fa69eccd,5814
d:525c5bff8f34497096cc4e7400a6da53,5815
d:525d8202d28747ffb86e91ad69770d3f,5816
d:5263e72e0ab94b7c8c518ac680cefce8,5817
d:52645021810d491bb519206eaf979c08,5818
d:526978a23356436bb02c1cb9063f6f85,5819
d:526ce9f53fae4482a1bb3d8953831369,5820
d:52724f185e6b4c67bbb64c2c859d3256,5821
d:527279d13c684b62abf7aa801c7530c9,5822
d:527379de8f2342e6ad4642d5486b6181,5823
d:5273ce913b9e476998467f10f0ceca5f,5824
d:527574ccccd24114b136572468f85673,5825
d:5276440d68fc49aa9d8eacb614533286,5826
d:52819b3850fd455487623d42094e3639,5827
d:5283b297072c4619963cfa88096c992a,5828
d:5287a34d5c5e423c9704e036ac4d1cc9,5829
d:528b17cf47db4ffba78e92ce492fabb0,5830
d:528b5f498cad4091972244fbeb8f047f,5831
d:528c48eb6f1f4ef392e7e65eb0a0b55c,5832
d:528e3b7b490548df950b9cb4933198be,5833
d:528f59d8ee4640d683263d300685e4e0,5834
d:5291dd4ade32408fb81ed06a2230cdb9,5835
d:529210e51aa044da9605eb74dc84f01d,5836
d:52941de48e0e47e494a5ee704bf8d0b1,5837
d:52961bee27d94e94861a263c70e10ba1,5838
d:529bae1ead73438ebfbd1d04f814e966,5839
d:52a21eea38b045818bc6227f3be5a1c3,5840
d:52a2228bd6594c3188c85686e8a47208,5841
d:52a5ef94f8184164bc7994231b4f511f,5842
d:52a7f4114add463c81e558f2dcfcba2f,5843
d:52af33774dd2406d84bac5040db31f1a,5844
d:52b18ef7a8024f16b2a2ac5fa6abd969,5845
d:52b2729e60da4f40b08cb3fe0157254a,5846
d:52b5f2ad8ad54ff08d58dbd10070fc22,5847
d:52bb884d384d419790c383b7b9c1700d,5848
d:52bc65cdfe594f3a94a4ae3080a76a2a,5849
d:52c3e619f90b4940bad2a1ebfe5c7dbf,5850
d:52c5cf65a72e4c278bebd50a0270bd66,5851
d:52c6a4fa2a4f488aa5e19fd8a53fd5e7,5852
d:52cd44ccec8743ddafe4fbfa98b7437a,5853
d:52cdf618c7a04f6482029715a0d8598b,5854
d:52d134b58cab4b85abf862371c9eb777,5855
d:52d3f06d5f914f4f8822e2bb985f5001,5856
d:52d57388f5284b93a595e36ed4be9a56,5857
d:52d57cfd36dc4738a7e853da9d186deb,5858
d:52d57e0cb44c4025840cb937f0ee663c,5859
d:52d71e1b39db4a91b5d0934202cdd14d,5860
d:52dba80b563c4027be9ab5583a3b0314,5861
d:52dd5f0872484a0aa77e19fa18d5908a,5862
d:52e1f8f0e69542d88d155f84ba32e0dd,5863
d:52e6332021784dbd8036eefc95eacaaf,5864
d:52e9f1165f154ce88b14aa4db5f727b5,5865
d:52ed00c11fa94256804aa88b4b0da928,5866
d:52ef21297e064da18bdead867fba9c90,5867
d:52f4c892998648ffb593a85112dcf282,5868
d:52f539eda6354d1186cebd882352017f,5869
d:52f800b9824148ae8e3bc914844b3d89,5870
d:52f8f60ea30c4ce992ce945e6b1d8087,5871
d:52fdfc2accb544f0840c021b1896b751,5872
d:53015c7156234188aa698d688764ad8d,5873
d:530255b16ccf4cd6ab837baf1b40a518,5874
d:530347dbcc6f47f39749e6a4d2432639,5875
d:5303d8deed8a41e7b2a2943666ec46df,5876
d:53040a180ba94badbca469e050c78eaa,5877
d:53047279d03245f7ad403dee42dfc8ee,5878
d:5304ae8d4f8b45d39f5530bdcb23264c,5879
d:53075444aadd44e1b27fd9d07a033b70,5880
d:53109eb8e6e24d0c9712e1fcf831c11b,5881
d:53116c55fd2e4e918a35ec8537a632da,5882
d:53131f490fe34530b69c7fbc297252fd,5883
d:53132489559e4b2fbf900b52d0d9a6ff,5884
d:531ec0453953408091f9c11fd954a25d,5885
d:5321afc22ae849e692731b5c6e7ef3e5,5886
d:53228b2ef5af4c58b87672d232c0e889,5887
d:532312113023401ab351b123bd145224,5888
d:53244991b2f4448d927dfef0dc9d960d,5889
d:5325aac91ca64d6f99961c5a71233d1c,5890
d:5326a4e039854ad6802f1bb503857d70,5891
d:5333ad8db1c44ee8aca4063496bb660b,5892
d:5334ccbdf6074d9e9e4844099594cf2c,5893
d:5336fdaa2ffa42d4bf2a5369babe13ea,5894
d:5338fb2d11f3427a9b766de1d26229b1,5895
d:533992eb2f9343d4b250ad4b9a774596,5896
d:5339f38ceb3044adba3f84bd1405f445,5897
d:533c00f289bc431c808b3cf4b0f67d89,5898
d:533df75d785b4de3ad29083c1aa06a42,5899
d:533e44c63b7546d4bfa0bfb91d8d2fb1,5900
d:53406c5b3ff24623a1113d331ab2c0ce,5901
d:53408a0525c94b86a0f87f7515723bf3,5902
d:5340f08ffbf343508a065bfff937b6cc,5903
d:534417d63bec4fe8bd6c5531aa5daf2b,5904
d:5344262591164daab446d23b5df7a31a,5905
d:534722f771034478a6e4e216113237e7,5906
d:534c8ada63eb4bfe93f40d9a964cb60c,5907
d:534ef10114774edeafa17dab3a627689,5908
d:5350eef520ff4da09233adf9a97a544b,5909
d:535b14ca41a349969254171750f1e9ee,5910
d:53646f3bfcc34139835f984a03df2838,5911
d:536bded2e50a4419ab5f0b043bb8b303,5912
d:536f4bf5af2f4f919c0236b818db7755,5913
d:53796fc45aa348308230e89becbecf7b,5914
d:537d1c7828ba44d094904acacf4d14b3,5915
d:53815b67c88145d69943a96ee3d3d738,5916
d:53815f6c06ec4331af61656c548772e6,5917
d:5383e689efc6478b893795d4413f3dc9,5918
d:5388d6d830224861ae0ab6e36800a527,5919
d:538a019d98da4966abfdb869f843c0bf,5920
d:538ae544474f4b558dbc6cc4503f61b7,5921
d:538b1a47b11f45d584edadfab07684ea,5922
d:538c138c5d4a49cc81b7badb26a010aa,5923
d:538d2a311f2d40b2b5275f3b6d63f1ac,5924
d:5391f6fb2a19414cb2649e92f251e2a2,5925
d:5392ed9ee9f64a4687f19bbb70e595d6,5926
d:5394d7cde3e3467e806e62a50fbee978,5927
d:5396bcadb80d4ba4a266c53ccc5d2f35,5928
d:539904153f86462c8f65aa52cea0d137,5929
d:539a70ea39d8420b800f5929e71edf21,5930
d:539d24df685e4245b5341bd1f387d75c,5931
d:539f6d6cfd2743aaa75d0098f152ce70,5932
d:53a0ca13f2404005b461ba029d16d2f8,5933
d:53a0e790f8674a6cb73e5af6a1ae1046,5934
d:53a9268dbd244406a25e1c0f385a0a9e,5935
d:53aa7e07d22a4e6fbeca805d748d6890,5936
d:53af497209664a3fbd93d658b7c937e4,5937
d:53b9a05b3085429392cfc78b71880473,5938
d:53bbe172b57e44b8a7f7249f95e7b01c,5939
d:53bc8c91aa304a72ba5d11fafab2bbb7,5940
d:53bcc13c83cf44b18c03db6921a84dd1,5941
d:53c188fa6fd746d398678aef27f09d1f,5942
d:53c21becd2d144c8b70fcb596b1efce1,5943
d:53c474494867430bae7618c96c98814a,5944
d:53c58d697ae547d19aa73ced38db32fc,5945
d:53c5d9f56b4848f6bd66eb73f796c6be,5946
d:53c71ab560ba4b508dcd45005f910663,5947
d:53ca48d4688044849814847e41494990,5948
d:53cc105057bd48e49f70f715b9b24d37,5949
d:53cc55806c634717b10f6e5f743282e0,5950
d:53d5ec0a7f1e4558b65d7d784f3552a9,5951
d:53d6927a100b412eb93b7e248e4ed7a6,5952
d:53d86f34dab445d885f9bcffb94e9eb7,5953
d:53dd5934583d4a2cacb4512335b6862d,5954
d:53e604e0455a46e196253a3639c07e24,5955
d:53ea7febcc53487ca037a1529d640283,5956
d:53ebb8b8aa6247d0a2b1cc0439b29fc5,5957
d:53ec0e2a6cba4ee3b9ea39da7afc8267,5958
d:53f3506674de449392300706323eff42,5959
d:53f69119cc0f421aaa58cae9f8da5de9,5960
d:53fec01c36ce43368e7e98511f4d6d60,5961
d:54005234491e4e39a76f53f70d9e565d,5962
d:5403067999764d0eaa1a09a038d31e72,5963
d:5405f5f1713d40b18e58a65376ca414f,5964
d:540666175d7742eba77d43529aca4530,5965
d:5415bae67cd541db9964d8c20b55c820,5966
d:5415edff86a247e8b91c6822eb46e620,5967
d:54171348a206492abcbed96c9aabf7d3,5968
d:5418764d5b2f471f9c1c1cfd0bdfd87a,5969
d:541b0154392d40c7b00f7feb3e6119a1,5970
d:541bc17d4c5f436c9f2c2defa82d582d,5971
d:541e273f653b4cbab4ea3df157260579,5972
d:542157c30da84c03807a446c42533781,5973
d:5426621553294fa4884abd005db6515d,5974
d:542724842b6f4321adbcdb7537b47c91,5975
d:5434013071734e8a9fd623de376b31db,5976
d:54341a37a03148d6ab9d30bab41ab99c,5977
d:54362d42fd7b4901939557b4b4399dae,5978
d:5436f72d2911447aaa58f3f19361831b,5979
d:54381cd3b97f43c981766d65cd4f595c,5980
d:543945b30203488480fb50c9aec4d425,5981
d:543c4f3617fc444683e4f571b55903c1,5982
d:544039d345694cbf927e8fd4f1259d0a,5983
d:544241a960ce4317aeb56446a493c13d,5984
d:5449a29d16294a5a81783f26cd2d6130,5985
d:544cfa6cb8b3473f85528f5eb61424ec,5986
d:544ebb3f45e94a559de7eca7192c6f2e,5987
d:545372b44f6149ecb369976f1041432a,5988
d:5456e37b3bca4d20a8ffce4c2be31699,5989
d:545c24ee6581466981553c067bdb0a66,5990
d:545f3c8dff354ecbbe19e1e3507188a1,5991
d:546078c306704c41922cb9ba6bed29b8,5992
d:54609d3d0e744cfd91f6663247f4c174,5993
d:54637325a45a4bb3b5620c16dc27bdd9,5994
d:5465fd8748dc45d9b8cb83b3dcb6fb5c,5995
d:54663ce8c132470e9fe743bd312028f2,5996
d:546a954a06dd4cc5b0b15338d1e57d20,5997
d:546c3cf5c5694c028dbb3f08ee1158fc,5998
d:546e49611c8a4c82ac03c0e0edc2b8a8,5999
d:546e5fdd4f154dbea96d48d891f8ae92,6000
d:5471cd2b8924438cb200ebdebee6dc0a,6001
d:54729d03c71040ffb6947ed53c571057,6002
d:5472e61bbadd492da2497b170bfdab20,6003
d:54735f8f1b2945de85e74ba27c17b647,6004
d:5475812629ae419fb865c2d9b0f10cc2,6005
d:54776eb74e7e4dde9da5d37cf2bf70ae,6006
d:547906472cf947e3a04dcb0001c08cbb,6007
d:5479da63622345fd92d5d3cf2199bd03,6008
d:547d0b75ef264dd9bd5a22f41f2ab00c,6009
d:548752d8cdf345efa64168df9cfc697e,6010
d:5488afa5e2aa4348803c040be4e562cf,6011
d:548c7d77930c4e31b01060bd806154bf,6012
d:5497189ea74740118f703ca2e67aa87c,6013
d:5498801b64ac4c03944ee349b4ecc839,6014
d:549a02931ad4439e8b661070f53714a3,6015
d:549eac5ebc024aeaaff00944b0890e13,6016
d:549fb0c925044741864474e82cd23449,6017
d:54a1566039004108b202c96b210c87b8,6018
d:54a9706fa6854e1c923bd2979ed8642f,6019
d:54b3fa62eec94c7a9ba8da18098e265d,6020
d:54b66d39b94748fc865a213c92f15de3,6021
d:54b79f1831004c87b72502db6ebf9e85,6022
d:54b9c092bef94804a19937863fa43e88,6023
d:54c82829cd6c4824bec7ac6df2c2117b,6024
d:54cb278438ba486887632420780f98e1,6025
d:54d1d67542fe4ca49c197445978154a5,6026
d:54d211e1efa94a96bdd9d4be75fe955a,6027
d:54d44825d5b54c1aad37739c0170ea96,6028
d:54d467b0ede548e4874bc44e16bd1284,6029
d:54d5c97e4f9647b5922c536bfd5ea5b5,6030
d:54d5cf07f7c340d48b065bae593f2fa0,6031
d:54daa0fd24064a6d8dd6c1ad6646b20a,6032
d:54e68267177e48e3859eda4d1532bf0b,6033
d:54f12ef462fa4b0bb80544730a8f68a1,6034
d:54f6b87ef99b454191cf13a90ad4aa24,6035
d:54ffb951b99a48cfb6ca6bc3e4b3d198,6036
d:550132362f1e4b04a40eade413cf584e,6037
d:5501566374ed40558a7474072a4dc0eb,6038
d:550a2a4412514a858a6829257d5a3042,6039
d:550c3d42bead4b97b7573dc43e144dbf,6040
d:550ce49430904450b377963fa592f064,6041
d:550d7205610141278ee2ecece435ae02,6042
d:551917b1f2df4ee69dec6d7105aefb03,6043
d:551e5db3de4f40c8af3718d4e8009410,6044
d:5521b84aca404ddd85804540de595a2e,6045
d:5526bae404a54adb8b3c4b73710c9e02,6046
d:55274168a9434672b3bbf537cf99c301,6047
d:5527ae42906446fd9c6fa9a790d729e0,6048
d:5527caf7e0d14c65bec2d78a4ba5cab8,6049
d:552b1d9e86c04438948a26ade467a299,6050
d:552ba1a4957e43d393aeb334adeb1dc6,6051
d:552dbb597b6c45bca882bacb385eb7d5,6052
d:552e1912731444d5bbf4b6226e9f0347,6053
d:553121ba524945faaa9a95214fc548c3,6054
d:55362f2a5027447da1a37c15edf40867,6055
d:553986658a524ebc8849fbae0094ac2e,6056
d:553e4651077a42c29618ca754d2be39b,6057
d:5541569c64724a1ba49cb2553e1ba6b3,6058
d:554ad5006b9741f5ae526103975c04d4,6059
d:554bf02750c64852a9e90ce2b8b72548,6060
d:554ce03a96604c8291f5ca5c07c450d6,6061
d:554d9eaf9ec647c394de4ed098e18a15,6062
d:55519d60cd004f1c8416fb2084506272,6063
d:55542a0110f644e2ab563008467b2ae1,6064
d:55593543c26e4123876910504a8d20c9,6065
d:555b3d23a08943d99070963b65376226,6066
d:55637c216521446085821f2a7505d667,6067
d:5564541fef1946da81ecc8d328a22b27,6068
d:5564ab9ae35046e88e18eef711c5f73b,6069
d:5569a9d127c643569869a9c4b09ecb37,6070
d:5569bea041664d5a9a9a7247ab6beed4,6071
d:5569db394a804ddbad732f72aaaa2f81,6072
d:556d05d120934e5792f4278e8a6fb1d5,6073
d:556fbc187d304bba8f28f25e41b7f487,6074
d:55702beee43e4c1e9e44f917743b2c6e,6075
d:5575fe4055c245e0a3fd10df469f2637,6076
d:557647793bed473a9ca78e3b1be75781,6077
d:557771a708914e48b434658ba962d434,6078
d:55778da381914ea2aafe9fe17996b6c1,6079
d:557b8912c5134899bbee66b74f7f7383,6080
d:557f3ce557154bffb97fa7cf19f514da,6081
d:558050e9b9fc4e0b9d9697b468aa5f30,6082
d:558132e90c584d77bb819c29d35bf53d,6083
d:5584e08d1e8f4371a7e785b4a5e34b37,6084
d:55875054eb7540ae89a832db52f5e349,6085
d:5588d667c0aa4c42a93e154afa00f4f2,6086
d:5589f38afd954dbaa441376b508fe46d,6087
d:558b63bf17ba4ae4811f749dd50bd812,6088
d:558bdde1eb5f418ea964d8ab09a9b777,6089
d:5595b455e28647fea05bc03dd65b7a31,6090
d:5596ff9d26e14aa5a921c5fa4a2edf5c,6091
d:559b4e4be30f45059c51f094e2b4b61a,6092
d:559cdfbc6f8c47f99e62b101ebdc9d7f,6093
d:559ea755ea6a44159b75a220e180ada3,6094
d:55a2efc468924a9bb976de9b63ee0d20,6095
d:55a76504f9d4415ea42dad6163111905,6096
d:55a9f5ff98494f3a9ccd834db97caedd,6097
d:55adc6b58c2e45d996b1397c6771c667,6098
d:55b793f48c96461abc25c08efb76bca0,6099
d:55b88a27e8b0427d88cd42578f36d7bf,6100
d:55b92569774141cd812739c65e3ae34c,6101
d:55bb72de4428494f9c807d388d2de767,6102
d:55bb958a80734733bef69ac649ce8a19,6103
d:55c0e90b23d14de5aa46378809a92a0a,6104
d:55c11dc771134290af4dfabf93e43447,6105
d:55c3b2690b2d4068b07d6a89a941800f,6106
d:55c79732183044d59081ae64137d8e24,6107
d:55c885a200b94f639f91be7a11953c79,6108
d:55ca0de82e794deca9cba9997b50d148,6109
d:55cbbaf3f10b43039cc7397c6b9b0e8c,6110
d:55cbd46cd75a4258b54429dce98a1ad8,6111
d:55cc4a469aea43c497cd18497600bfbf,6112
d:55cda48b93db43e19c8c895983c6a82b,6113
d:55d3e3b62f664d919ab44a8ea09ed498,6114
d:55d9f42fc6e84fc7a8ddad61fa26f409,6115
d:55daf4e469d34daab42e5c29e265060c,6116
d:55dde1fd23ea44deb26b70ef055544a0,6117
d:55de2febae674da58a4746f4992a5505,6118
d:55e2cff534444c4c8512b697cc4ac404,6119
d:55e3f39313cf4f0c8236a2b9a092a22e,6120
d:55e3f915bcf84c8a8c735973915116f4,6121
d:55e7e2111cac49929d16b9210c8ad31d,6122
d:55eb13fc452e415a9271c220f7d5e2aa,6123
d:55eb2516c2d84f9c92951cfa6711d333,6124
d:55ec49f9d5f543b685f5193a22da35c9,6125
d:55eca84d1a95436ea6e9c5ee195632b5,6126
d:55ed3490e2c54ba395d2a5b5720161b0,6127
d:55ed5be7251c46309786c7e040f84a28,6128
d:55efb1b40fd94caaab436907ca89863e,6129
d:55fa758f2d7a4b419a35f6043570e508,6130
d:5606f799cae84e74b0f1c21a5f5aff27,6131
d:560c9c2d9d1a479da519e55e7765aef4,6132
d:560d2491ad92464eb3a652c5c841d16c,6133
d:560e59b9e8684c6fa6c9bd6d58a84de6,6134
d:560ef0b1c7ce43a898304b7ade16326b,6135
d:560f4d64d9c7404c9e41d9fc9166ad3c,6136
d:5610f6802b9c41f3b1763fe96fd1a5f9,6137
d:5612b2c097464c9d809c41d8c63b5b0a,6138
d:561330132fc24fdabb28bb34f8144229,6139
d:5615323dbff0470ba1ce6ff704ad1fa5,6140
d:5619c3f61d2d446d90518b273ea29470,6141
d:561bfd7b38714ba389d01d6a5b00af9a,6142
d:561f45823b384aa0b22e83575146a291,6143
d:561fb01bed4147f4b93f6f17173164cc,6144
d:56266f09cf224a3dbdd84cf9a1e617ae,6145
d:562df8e5a9b54af59827fb3466ad692f,6146
d:5630086bb6a2439c9b7277668d7f148a,6147
d:563d5e765528412bb2087b096a4a6c5d,6148
d:5642534a8b004bf7b40fa0975f5df76d,6149
d:5643db791782401da8e8735a34836362,6150
d:56452d0b2bfb4247ad9346978af9cb62,6151
d:56485af0fe7949dd97edbe0a0ab179dc,6152
d:564c140e0ffe4f9f90f7448a9aaa922a,6153
d:564d7b8c85494945b9bd361e73d8f828,6154
d:564e80861a35485bb2326527aea066bc,6155
d:5651e0e0f1a048299b6f51274cb890c7,6156
d:5657efddeab742889219076b7e96b5dd,6157
d:565bd5c6575046a3ba04a58b7df3a94b,6158
d:565e067001e14626bd23b25fff94b58d,6159
d:565f523029d641b2a0660ffec2ed708c,6160
d:566b6995ae2443a38c6e82cfc2246c55,6161
d:567e0dafbb1b4ab48997812a214c8113,6162
d:56814c5c7bd1473eafd0ee9173e70608,6163
d:5681d0a288ff45cc8787a3b3388d24ef,6164
d:56887bc1632a4fc8a65777c10848d4f0,6165
d:568e478dbb6a4a6e8400577e7b1a2528,6166
d:5690bae0c1ae4dbabd3e1244dd51ac6b,6167
d:5690e737dc9046e9a5b9544c36d6c986,6168
d:569889ff67b2450db776a2bcd528900d,6169
d:5699cb90d53e4a35a0766ab8173630e1,6170
d:569d7367a8dd46d28f020c111cee05ec,6171
d:569e6a3d5d084147aa3d615ae79ce7fd,6172
d:56a2140e59874c8c9242bc511ebe3659,6173
d:56a327c33ad344f1a750b373916b594d,6174
d:56a3d63ae03e4a78a1cabffac72b32c9,6175
d:56a68652176b4f479e201438415afbd6,6176
d:56ab39d7e41d4cfd8aede1d98040973f,6177
d:56abe74ac4d641b89f9765dd1da23642,6178
d:56afb79972304888bd4d5828af30b777,6179
d:56b129cf2cfc4baf931cce46f03d1b5e,6180
d:56b17f5e7bd045deb003dc6f846c8f5f,6181
d:56b9466e3e1c4163b16fdb2b92fb383e,6182
d:56bafe395e3142dc9b5e0127e8c301e9,6183
d:56bc9d537a184f1c980aaa2940c92412,6184
d:56bd5a36a4164d0784b8374e37fb3501,6185
d:56c0744f4cbd42f38a44aaaba908db37,6186
d:56c1f983818d4d27953ce993b06a8e5e,6187
d:56ce1b20f73f40b2b7f569c06d79e9ff,6188
d:56d8c373cecd40fc8e8ca065b68933af,6189
d:56d9a5e24305427f9320adc85946a8cd,6190
d:56dc1b6f03c147b5bd0b886d8c9f7841,6191
d:56e823a78abf478c84c11954e194b8b9,6192
d:56eab385d7d84fcda6da683a41de9e01,6193
d:56eb3cfe1c744b31b3f240c178b3ce41,6194
d:56ee3c33718648cb94671a11ad01a74b,6195
d:56ef6b73991341768184ee69e3f96031,6196
d:56f0fe648e464919b48cc07fbdab2f06,6197
d:56fb8221479840359695b270b44ece64,6198
d:56fceb1b63c34b2daca2f1578d4522b8,6199
d:56fd8122222f44f491f1abdc9ab53eb6,6200
d:5705168eaf54465e9861eaaa60712585,6201
d:5705836004544e5f8eaf4411f3db04e5,6202
d:57090a35d8c1474eb7893481f044bc86,6203
d:571711b0cc16469fa9b3b515d89958a8,6204
d:5718d62bd7bd4e528a9bcceaaf30a401,6205
d:5718e974268041c481c49d1a7a22a3de,6206
d:571c4a78ead14a94a05f4c50ef9f2172,6207
d:57208bf5e9d24d3d82fd4dd5cc3f1980,6208
d:5721ae0a99ef4610849f9eeb86301c10,6209
d:572414fde4144ace89a3c55646b8a33d,6210
d:572bcc63ab8f440baa1a2af8ee17114c,6211
d:572ca92cb38942fa8ef454c982345b87,6212
d:573226daf91c41e99869b383d72bcfee,6213
d:573c0c4dea924f009f42da84f8ed5fee,6214
d:573c87e00e904c889e7ec1bf59f1d847,6215
d:573fdb9e83a34ff58c22b57b9049d7f6,6216
d:574ad570dda443dcb42a0fb85903e8a6,6217
d:574eea791086442b9979e45cc2c18547,6218
d:574efbf6abe74a9ea3bffd02f71514cd,6219
d:57518a45b6c14d1b8d6bf0fd40640031,6220
d:57524db7d70c4c599c0f009657a554e5,6221
d:575902fa7c8c4cfd8af070906b8299ce,6222
d:5762db08a8df4c19b539f311afae38ac,6223
d:576325f7298c4544bb27ef6c17539960,6224
d:5765a722c2984c308219152e8c8373dd,6225
d:57734b6e456f42ea8f4fa8dbeb516d98,6226
d:5773a4c2971a4563866df68f1159b00c,6227
d:577478bb05d347f49c0cc5670403e071,6228
d:577cff7f0e5b4b65b2bf09937aad791e,6229
d:57836954dc4f47b08f36d280a7dd8042,6230
d:5788cb524c47444d8f227fe859004612,6231
d:578d2a8ae64441e0a3d3aec3e6ef870d,6232
d:578dda7d7d9143b4a7f956b40914546d,6233
d:5792a625d0014966ab6a97be2bb0530a,6234
d:57943915cad046aa91bbb1d50f8b4405,6235
d:5794aa3c582b4ad5ae2c964e1c70e155,6236
d:579b7d93568147fbbd2deb0a3ddd3df1,6237
d:579d40e408fa4007a336e8e7aef5f278,6238
d:57a29ff6a2014a62981cc1fcbbfe08fd,6239
d:57a3e3cace4d4e3b82ba54f32201d9b8,6240
d:57a83eb56811465592e3f2c286378873,6241
d:57abb627640c4233bd3ecbbff19281e4,6242
d:57ac12cd6b3a424e9debb3c7d41812fa,6243
d:57ad266f41b34b1296357fe44f8d7e2c,6244
d:57ae86c04b60472797a46a65ba90b496,6245
d:57b97a2f26674c62869e6f4f193ce60d,6246
d:57bb3cd069f34aef9a6844da08adb029,6247
d:57c077f57d244cb080c38badec9e7790,6248
d:57c1f302d765489693422d3e975259fc,6249
d:57c2de4b993e4675a29fc1b4e12f5da3,6250
d:57c5217ec0904c39b2943dd37ce9e893,6251
d:57c8f02cea694cd8b4b394378f513398,6252
d:57cb0707b143450b867d846d2cce77bc,6253
d:57ce6ec469c74dedabf682a0f7ed81fe,6254
d:57d24a21d4534f46b787ff4e41f8b694,6255
d:57d5a71e6f96401ab5a67bc326ec37c0,6256
d:57d6a9644565453db0b408c1d1846802,6257
d:57db34033608430e93d6a5ec5062767b,6258
d:57fb370ff2b740a28ca13a45c01f44f4,6259
d:57fc016a09da4b098b52ca5274105ffa,6260
d:57fc670bc4154657aa094910fd8a7e84,6261
d:57fe483b0b5b4b79b98db88e0b50b276,6262
d:580adf9235184619b48a7e574b40381d,6263
d:580d280e8e2c4300adbfb761474270d0,6264
d:5812cfb2971d47638af04f2eb785b577,6265
d:5812e9dfcf3541baad81c5bc73c946b5,6266
d:58142a2c37a440f6b7fcb3922200e66a,6267
d:581444db971a4205a5ee62c6acdfd614,6268
d:5815f71e0dbd4b6ba9e485edf03848f4,6269
d:581d93c8b47841d18302fe6b3b7929a1,6270
d:581ed72ea52641d58aba4e750645d9e0,6271
d:581f37d0aef5499e81e3f918c18deeee,6272
d:581f9cb5c7c544d19a662e33f6735598,6273
d:582092b159c64653ba7a785604b186bc,6274
d:5823556693f54fcf8ad90d32d9373c6c,6275
d:5823b573b6db416086e0ef540d732bdd,6276
d:582a285b4ff849d78e3dfec77ee13b51,6277
d:58308c6fb2844c5482770e18051b4ed3,6278
d:5830abafed8c47dd81c480ace2eb3225,6279
d:58335786c18c403da61ea661e6ea6ad9,6280
d:5839ef29c3a34e8d86d9eb504d13020f,6281
d:58445081f6824fcaa047ef48912ac2b6,6282
d:58452f90d59f4655b481caa949527be7,6283
d:584a732531f444edab2a25bc9b5fc0f2,6284
d:584bd51df7684701b7405922b6b81b0c,6285
d:585719e3d4ea444b9de5a4cd765cbd5e,6286
d:5857c4796a7b443b847b345f0d3e0940,6287
d:585ad65158264a10b80eed9891982d29,6288
d:58601f05977d4c7bb4852ece83f0d453,6289
d:5867b2b2ce09417e9151937facfcf8e3,6290
d:586a3b2bc54e46e58cd6a7e8d7ef8128,6291
d:5872898f1de94d1aac755a588fc358db,6292
d:5874ad9f57d9483ea2b330f823ca0d6b,6293
d:587cd6d46f7249668acad7f5a6e322eb,6294
d:587ea51fadb146b3ace553a0d81d4145,6295
d:587f70fb322f4080b98e769344e69a48,6296
d:58815910b9644fbb9f8ede03818765cd,6297
d:588727b1b2fd42d398e287cadf58355b,6298
d:58894f7037b14edbb851a6fcff439598,6299
d:588d1fadb45a41159bd16eebfcc62a04,6300
d:588f0a8f33c44da5a756aa3654ade693,6301
d:588fc53536fc4879b939e55e716ce821,6302
d:58a0a9029080461b9cff02fdb2abd850,6303
d:58a16b43dcd94689951e41954e85efd1,6304
d:58a55276cdf74b5195acbd0c521601f1,6305
d:58a92de6ec5047f0a62b21ffc011b82e,6306
d:58ab47b612cd42018c4f0634ceb25de8,6307
d:58afe27af36f421b98e5d8eb4a28e6fd,6308
d:58b064c08b914512bf22b13e09e08bf3,6309
d:58b367f9b6ab405eb59ce7662afd39d9,6310
d:58b3741b299e487886114bfbd6e08b86,6311
d:58b97dbca0d2415c8a2c8ef2f693d89d,6312
d:58bfd052757c49828ea8d227265a9cff,6313
d:58c0e77987394d82bd7ce432dd0f697b,6314
d:58c19bbbd9074a52bf17926f90463e0f,6315
d:58c2ff5df7bb4ac3be0ff17f4a798137,6316
d:58c7b59fdf95418eb06d4cdce4df4471,6317
d:58c97f861e0d4f7aa9a2de3b61d150e1,6318
d:58cef3ac338e435990cdee4b417d3244,6319
d:58d576bb8db64ed4a4cb9137db361287,6320
d:58d6c295ee6b43149dbf8685c0be93c8,6321
d:58d7fcdfbfa14e01a0a292faee335ffc,6322
d:58db4a0910864355b17bd4833f2da236,6323
d:58de89ae59aa49e09bc3811b519140ee,6324
d:58e19a05ff2c44458bc2b9d7b3660669,6325
d:58e2228ba8d34d13bcc14297401f5ce6,6326
d:58e2ef4371fd4663ad16b5aed1ec40e6,6327
d:58e4c51db9f7440982a4f245dcabb5db,6328
d:58e556da35c54cf7a4c135982fca0931,6329
d:58e735255dac43f9858386b47d440b15,6330
d:58e82c268a484f1fa5255c1840ebfdf7,6331
d:58e9523872f141b697609c9fc1428a3e,6332
d:58eb0f31a7a14e4789eef2c615e773eb,6333
d:58eba3f65a8a4c82b5d3a93745c5b96d,6334
d:58f0b08634104551867a7a0c1be089fc,6335
d:58f0bce5af0b462aa1b5d07d5e6d50e6,6336
d:58f4531e2d66447faa34d2d39c04e3b6,6337
d:58f80bddf9c34758b26c1d1367b8eee8,6338
d:58fcef624b5d4b1695d80aa39fd3252b,6339
d:58fd640b4f3344519008c86ee6a79e00,6340
d:5901f8a16d9246bba01ef9a4fca639c9,6341
d:59043664bcd042129cca14de3db5e48f,6342
d:5908fc40eece48acb52dfa208df81cf6,6343
d:590bfbb44c9a4bc485f3f743e59f2eac,6344
d:590ca574c4f8456e948f4313498e9a22,6345
d:590dd7ebb0b1419c9e31115edfa8fb75,6346
d:590e4cbccfa5432ab65f9b812ee13390,6347
d:5910422cb0d64327962a7c700c8400ac,6348
d:5913eeab0d8c412195d348e6e83f44a2,6349
d:591f9847a83b4d9fa2479fc93e4c6e1e,6350
d:59252e3eef20491c925c626cf24139d5,6351
d:592c6d5a29134df781ca29051730e8c4,6352
d:592d7b8079364b52b56464000b22ce2c,6353
d:593b3c58c7bf4fdd88743543ad01d1fa,6354
d:59445bfa57b6451da1ad58fbde640fdd,6355
d:5944798d1a004da4b7f116bbc885ee13,6356
d:5947f7b7f8e747cc9fdef63869931ad2,6357
d:594d110ed7fc4dfcba9d5d146158f009,6358
d:594d366af79e45358b723a9d5e611779,6359
d:595100c09c414289852abe975e48571c,6360
d:59515a968ae34dbbad24d688327872b7,6361
d:595269e9f6ad4638951bbf49ef9cd0b1,6362
d:5957c297d1b345af9b4cb72328e79673,6363
d:5958f8d1447942a991e26fc2163d4839,6364
d:5963499edf414b42bc4142ef0ef7a07b,6365
d:59637b723a4242219d61683baf733172,6366
d:5963faef10bc45e99741b35c4da97a2c,6367
d:5965b9228d1f4fd3aa01f7a603c6d251,6368
d:59665fdb935748e7a6a37014a6cfc904,6369
d:596af777a8c84d919a6057d676a365cf,6370
d:596cd7e26aa1456082d08bf5e102b8ca,6371
d:596f5f853a5541dc86d975a6f542270d,6372
d:5977e7c047774cbca9f51cc5fa47725d,6373
d:5978369040564069a93a6746c4297ec8,6374
d:59796d31fd364116a4341bd074d0613d,6375
d:597973c7654c413d8c1207f389502fd2,6376
d:5988eb0734084bbe9b68072ae7e528ba,6377
d:598ca62541a2475790aa9b24fcb14540,6378
d:598e0e6efc0d43bdb6b974225ca6d1b9,6379
d:5992086c81b64db480a4ef331b9bbcee,6380
d:59921ceda6ab46809a644c8054431670,6381
d:5992e28f5ae2434c9b5379bf7f62fb3f,6382
d:599c30cc97774efb894f8fe92a79022f,6383
d:599d074461a3490ab3a1c0dc7ff8e62b,6384
d:59a0e85e88cb45bbbd92fca08d4f863e,6385
d:59a0ecc7f2d340d6a62e0729c2fb095c,6386
d:59a32fe3c2b444a6a578460f4aad972f,6387
d:59a53bccff0946f19989468a31652e37,6388
d:59a87da5fb224d768a8a9420b8e2d83b,6389
d:59a96fa17ba046c2bb0e1f8f96a584d6,6390
d:59ac3296fbba46fa8ed42a3bca34a3a5,6391
d:59aca4ec2cd84008979ffff27be20c14,6392
d:59acf38de2a64e68bff526b92f841c79,6393
d:59adafbca57e47fd820140bdab8d5f66,6394
d:59beede04b4141b4a0977752ac40d0c5,6395
d:59c4cd2c94ba4a07b1c8833635b7bd26,6396
d:59c76bd320824f58bde78c003c545eee,6397
d:59c9522c344643e1ac70e34748cf1a3c,6398
d:59cbdb30758d422aa5fbb2bb630c2000,6399
d:59ccd5e2baa442fc854628fa0aac155e,6400
d:59cfb31d9cca49d68a4dba079af12018,6401
d:59cfd2acaf034bd0aa1fa6341cfd8212,6402
d:59d0101646f941e3a6c9f20cf637ef37,6403
d:59d1ebcace8c42e5a595a2be23f401ce,6404
d:59d1fed9c78b430fb3bcae3338d6f4b7,6405
d:59d302abf6c1481488a3cd86f461cf83,6406
d:59d32c47b0a64c5ab80dd1cbd87fed58,6407
d:59d403b6351541ff825dd1258f30537a,6408
d:59d58bb0eea4497296230df6ae1ccfaf,6409
d:59dfbc6670ef4bab8280f5cca8f666d6,6410
d:59e85c31c760428c82f8d9387b5cf6bc,6411
d:59f18ea9bbcf4c66b5af73d731b3693c,6412
d:59fa1adf18d541fa83b610ea0da6c3b8,6413
d:5a0c868d44d8414ab45cc872d797ae9a,6414
d:5a0e00c9b99845de808aafc34fc12fb9,6415
d:5a0fb09e7bb04c80b97c7d035c10b808,6416
d:5a106f9875d147dd9e79d0c7d958d439,6417
d:5a1224fcb563410fa7cfc9d3518fca5e,6418
d:5a1253119ea64602b13cfd93c41df091,6419
d:5a1de80a595742dca36eb8d35ca334b2,6420
d:5a28602fd7e64ab6aea59a001f65915b,6421
d:5a2f0290809c43d29c8e3f49ad6b1b67,6422
d:5a2f72b9c96c4d7eaeaa7cd09351b18e,6423
d:5a32bd3f35224323bb294a2e75268d6e,6424
d:5a337b493bf243a28f02b67fed91faa0,6425
d:5a3482dee19a4e268efd872de0c87d53,6426
d:5a357be86d1542e18ee1233a400b2b80,6427
d:5a395d82ec404d94b5b24799273a4ef2,6428
d:5a3fa69dac1e49c7b8ac8f000109b3b5,6429
d:5a4cd5456a3e4fe08a91e3674afbb50c,6430
d:5a52bbec3a64487094b2aa46852b66a5,6431
d:5a53651d585b4bbea9ba6f693046bfcf,6432
d:5a5cf9a4ec1846079a17272b02a7630f,6433
d:5a5df1df3c9347358318ba60bade3e1f,6434
d:5a60350cdbcb4c6b9ea6b4e495388337,6435
d:5a636d74deb8417eab46a6e5a76fecb9,6436
d:5a66c08533b548e7856efad4eba319df,6437
d:5a6761f66d9d4efd9b2d0f3a832a4ad9,6438
d:5a6e63af87aa4c7fac4abe811c62297c,6439
d:5a759042c3ca4d708bd110830824b37f,6440
d:5a767994bfa847b4ba53c2cd482c52bb,6441
d:5a7838f03c47434a840cac5e9944d4e4,6442
d:5a78df83a7ba465d94011faa5dd39d44,6443
d:5a7a79d487474595b102319a275d5e3b,6444
d:5a7d1d37a4fb446c8a0a457e987ca076,6445
d:5a8261a997894d118181c6e93b4e99cb,6446
d:5a8801ac6b6742dbb144b6b8b6199e66,6447
d:5a8b43abf9e447ba96bc7580ffa73a63,6448
d:5a90aef9375e4c70bd83e4cdb1022ea4,6449
d:5a9a1b48c83647838bfa7a5917ebfe7b,6450
d:5a9cec53fb8047218d9ac3b291e02703,6451
d:5aa9d393a2534c2b977d8e39e74cb966,6452
d:5aad342045e943acb31ffc563805413d,6453
d:5aae948de4934f2ea33706c73425d1ef,6454
d:5aaf9345dcee4a3e9f21bb5a1aa3f3d0,6455
d:5ab48f23c9944c468695e1ccc5dff5e3,6456
d:5abbcf1d7160480aae267e5facecfb5d,6457
d:5abbd3f5fe9948e484914bac51544818,6458
d:5ac084f40ccb4789a2fe69093010e1dd,6459
d:5ac153982eb44fbcbce29cd038a909b3,6460
d:5ac49f060a6f495a90b311f1a24d12c3,6461
d:5aca029cc25b4c48ab444893bee9213a,6462
d:5acb4388aaf34bc6bfd0656895bf19ed,6463
d:5acd1eef7b6d4f099f0304c0c1ae8068,6464
d:5ad2fb99a1264fae933aebc7dbd835e9,6465
d:5ae2d21f215f4e9294c871cb859aa64d,6466
d:5ae3ab32486f4dfca4f40bfba50be7bb,6467
d:5aed0ee7e1dc4d30b87405dadadd15ba,6468
d:5aef951f915645d9888f40644cf07bb4,6469
d:5af27203b0194655b3f673845a1b4073,6470
d:5af54e65285c4460958649a20ec0698d,6471
d:5af599a702624b3f95587340f3381eac,6472
d:5af6bfd3131c402888be84ce9c2cd05e,6473
d:5afdf6c9935d446694cce6ec96255f4a,6474
d:5b017bfb3292428d8812adc88350de88,6475
d:5b07f96065f44d33a51599a32f5d0c4e,6476
d:5b0886aa5ffe4ed386db40bf9badb5f7,6477
d:5b0cd3c2c4614aa9ae4450245a8b7941,6478
d:5b10890f55854a1ba37eba726e9b5fc6,6479
d:5b17706397e04daf9d8bd1422111aa3a,6480
d:5b1a74b303eb40a4822c63e932f3b6c3,6481
d:5b1d168ebead40859a860fe8795708ed,6482
d:5b1f5147eea441ed9ee7f5ca0ee855f5,6483
d:5b20ab77420c4590b74d28cd6a19d31a,6484
d:5b21121637e54f72bb9e9e7b9570104e,6485
d:5b229404bece4cd89cc9444c1311672d,6486
d:5b22e265d4824a0f8f352d517f5d1761,6487
d:5b2658bbbfdc427da176448bc85c2232,6488
d:5b27d641bb6b4b3a85b86b791e46a41b,6489
d:5b2ade98f6a748b1a4c748a6bc11e642,6490
d:5b2c46f5607d458a98f1c2f82e2a4dbb,6491
d:5b3084853cb94154a98b3474655741cd,6492
d:5b37d3c70c2e4cfb86671bdc3c0ad614,6493
d:5b3f8c747d09476fbd0af474f6d0e786,6494
d:5b420d8181a14987b1cbf4a6bef0dd86,6495
d:5b429c9b471141188c4dd564ab41d535,6496
d:5b4cc6505da549628ac262e1f1582b75,6497
d:5b5066ed14c74c15ad6e87129671dd78,6498
d:5b52273ef6ce4074b257dedb724c66e7,6499
d:5b53a3014a724d41912e51218385a407,6500
d:5b570fa976ec41f8b3ec70729ed057fa,6501
d:5b593b34d76c41ac88cbffcde25cb677,6502
d:5b5ab4e500d54372887f66fc21aac954,6503
d:5b5f4578d478449bb0adcecbcb7504e2,6504
d:5b63c102efa3470ba172da367021f056,6505
d:5b679f1aad1b48de86e24b0fd4946391,6506
d:5b6a19f9d43c4eeea7768f0db88ffdf2,6507
d:5b6a3a8b57c2402e8e7e5a52d69a56d9,6508
d:5b6f771545ec4ac4938172ce4c547da3,6509
d:5b70ee311556491082418e2419916e57,6510
d:5b72c800525f47d6a3fbb2bc67895ab2,6511
d:5b72fe50a3e4467d9be7e05628a8536e,6512
d:5b733d0f81c84ad6899d231ea18bb8ad,6513
d:5b771f72e05d43d485836ed61b5b150e,6514
d:5b77f2252d554f4db0648a5d3478ee87,6515
d:5b7872a54c3c43eb8092414482ebfebb,6516
d:5b79655a99df4e2fbfde05c4959e4469,6517
d:5b7a71d70e54421a934538de06ee9eba,6518
d:5b7d509976a843e1a11728f4f6c21c18,6519
d:5b7f96bb322643738b630f594246d383,6520
d:5b86672d97084efc8bc625d3e314ab73,6521
d:5b8bab4278554b36976055682f474e3a,6522
d:5b92f691921b40c9a73145c129ca858c,6523
d:5b94f5f04da445f5981ee9acd84643cf,6524
d:5b9c71368b1f4bb7ae7d3d7d98186a02,6525
d:5ba53be5eab84f2ab901d2c76e3eb990,6526
d:5ba948d50fdb484896d481c4c775e122,6527
d:5babea8786a44459a2ce147b3273bbf4,6528
d:5bb35e1631324564ad5be0fe2c9a650e,6529
d:5bb3a9af0d104e0fa69869010845a58e,6530
d:5bb6ddb6687a40759966d72391ebc626,6531
d:5bb9f4395c43416d89434feba81ab983,6532
d:5bba01499a064908884929ef9fd445f6,6533
d:5bbad59cf2ac4073adc88aebb6a65222,6534
d:5bbc38875f5f433eb0974ab5db2d576f,6535
d:5bc009ebc71f4770a037eaa61943be00,6536
d:5bc0320e50774e4d9dd62306dc046386,6537
d:5bc786c91d604719a58852d5adea396d,6538
d:5bcc899f19c4494ca0245b013a05512c,6539
d:5bd0aa8e9ce348a7a8b1f719dead45ec,6540
d:5bd548aa6064482c898f930170298b11,6541
d:5bdd25d925ae4df0981baa345dac70a4,6542
d:5bdd748d02b54a29829fd569c74a9399,6543
d:5bdfcf40921d414398ecf374acd0090c,6544
d:5be200863ff645eead1d2c6e1f9946a5,6545
d:5bec1b25bb124475b01902e9c9dd55ac,6546
d:5bf11acd362742a1adb8f8b735ee393d,6547
d:5bf4ccf9180d4f3bbacbbe1c58ee900c,6548
d:5bf5328f880b4079b1489aa73322b9b8,6549
d:5bf9527d486747ffb0961ed91dcaa1c2,6550
d:5bf994f3f50a44cdabe9dc032264ceed,6551
d:5bfb415e03f643759e7afcc8d45b0ac0,6552
d:5c024dd586454bed9df90cea42cf3494,6553
d:5c030fb8a36d4fd3abbdd17b6c0ca631,6554
d:5c053dce9f6b4bf1875699d1a0e781e5,6555
d:5c109dc70fb84c61a4203499016745b7,6556
d:5c1b6a3c2f27461d84d738fc94bf9a13,6557
d:5c1fc9d809724ac3a1a0f834e6e9cec4,6558
d:5c29281561b246cea0725609f714baae,6559
d:5c29f90d6915498f8a0eebf960963dbf,6560
d:5c2ab2c92dd9434f953fd76038596283,6561
d:5c362619e3c64788b3f27de7aad3fab0,6562
d:5c376193c7ad4685a95eeaf86e7f786f,6563
d:5c38065c20fa4813a5f6408c7acfaeda,6564
d:5c39c425a5884ebeb39544d00e39e2f9,6565
d:5c3b02d84d284f86ac093460cdbdad2d,6566
d:5c3e27b43fd14207a0df9aeef20d31bf,6567
d:5c42c51d4aa24daea91eec8b302e5a42,6568
d:5c446f3dde984b6da0e56e187366867f,6569
d:5c47009a310745198ec069c374c1caa5,6570
d:5c47ba891a0449a4a7777eb091d6fdbf,6571
d:5c4aa5d667124ba0b159c01cd0a528d1,6572
d:5c4d7ef3738f4b8da30e1863e1ce39d0,6573
d:5c51c69515884e3984245349526f8e8f,6574
d:5c51f56697c14a43a215e54c652eb456,6575
d:5c5457112b9d44a1b8e7bc8ac880ee78,6576
d:5c67ae4fb9154892938271c8df419c6f,6577
d:5c68b8a6b42947ca9e5f4f7f990003c1,6578
d:5c692b63ae9e4d469c1f966fea0c6dbb,6579
d:5c6a74909268441ea50385a9bd650661,6580
d:5c6b47de1f214af28b2e6e2d0a2ebb37,6581
d:5c7319ed52004192823ba9cbdcb5f235,6582
d:5c737156ba2d457896c8a5b5993f369b,6583
d:5c73aa81bf244320ae6b7e9aef483893,6584
d:5c77152a8223461e939c5f9a0dbf8719,6585
d:5c7c6569105d43c198dfabe82f14cd64,6586
d:5c809f13f0de41ef9adcc455bea0bd03,6587
d:5c812cb1726a4a7fa53cd62ee4f9753b,6588
d:5c838b59cc3e4f5a8e5358e0a1070050,6589
d:5c93a962e9814eeaa25d3c37bb5fa843,6590
d:5c941e9f27654409acf0f53dd8bce152,6591
d:5c9486532da64c1fb849aa949c35be1e,6592
d:5c96a9ff7b3f46948dfd8f4aab528f22,6593
d:5c99a8c63678485ba0454a2976c2b9b6,6594
d:5ca10335e5f64a3aa4c394e1903ee5b0,6595
d:5ca2280d8a374b808ffce31a581a570f,6596
d:5ca278c511924742b6c76244e868e0e6,6597
d:5ca28745c264450890889577c83312ab,6598
d:5cada70e435d4a5089a2cc9cc0702197,6599
d:5caf02a00dc54bdf95b0ec0e75541a86,6600
d:5cb3c8d20afd4a0dbb9e13038206fa11,6601
d:5cb46c70fc344be9b33c2aae75ec8d70,6602
d:5cbac64fd735417abeda9afcbf1c11cd,6603
d:5cbe540dfe1f4474a066e76301f847a2,6604
d:5cc0c016f45e42b187c7a89504584e39,6605
d:5cc39444735c4d60b0379a744610a5de,6606
d:5cc6242ee9794e6aa85cecc40716b418,6607
d:5cc6e669964448639fb05d5c1c257aaf,6608
d:5ccb5400fffe4eae93215195c3485d63,6609
d:5cd5a61dd3e043649bf182c2ff9f69f9,6610
d:5cd5ad004fbc4c94a58608462e008c48,6611
d:5cd5be905c6d428a9d93ece807d7ff3c,6612
d:5cda5c670f3b49cc9fed9926f83668c9,6613
d:5cdd9e4aa30943cf8d932227f311799d,6614
d:5ce69688b8924607bdcd0e29f8023f5b,6615
d:5ce76d43c6934e4582201f3615f60afe,6616
d:5cea098cdf8f4aca89f300e8eb90ac0b,6617
d:5ceb994dfe854724b92d72745ff46292,6618
d:5cee30d6fe6349e492d8f7d59e7ef579,6619
d:5cf3195977b64951956cc8601f6223ab,6620
d:5cf8e90d974f45579136110857dc6edf,6621
d:5cfc58fbde934cc988866d08a011d923,6622
d:5d00c09241d049ffb23358efde10f176,6623
d:5d014ccd896847e48147474b4499b0ba,6624
d:5d02362d29c34264a027110d21445e3f,6625
d:5d023d10ed224491a454c63d19ddc4b0,6626
d:5d03868a6c2049f3861e4c522abf96ad,6627
d:5d03cd2e88ae42d3901cd9b527c8b2f5,6628
d:5d08ea6c0fbc461d817f9aa318e3ffb9,6629
d:5d0a44a284274d4fa5939bb94cefd867,6630
d:5d0b4c932e624115a90ce41d4b765bdb,6631
d:5d1710da356142299d331449750d7512,6632
d:5d199bc5401042808a2e91f29c19c2bf,6633
d:5d1f9ea172dc4e439ab63a0c121965f8,6634
d:5d26ab21763b45c782d941a45c22e17c,6635
d:5d2c3917bbe34f6683c1604a680b4643,6636
d:5d2d2083c02e4fd08d876345fa348a89,6637
d:5d2f71b0a80042ae81cbc7fd92779de6,6638
d:5d32be83d308466994a195a8177e516a,6639
d:5d34d4f7f1dc491392c9913d6bdcf145,6640
d:5d3618d346964ae69807dd60ec8c5570,6641
d:5d38190add8c4fcab81af1349d059bba,6642
d:5d44b0b6789747ee84c4fce428e8abcf,6643
d:5d463bfb417045549d98c593ff818184,6644
d:5d4accc7386948c9aead744fd6cfa592,6645
d:5d4b15875b8d42959606d2c690f4b3d9,6646
d:5d4c62893e9c4aba97b9a3576fa0d871,6647
d:5d51b747dff7486ea30165cc2770c765,6648
d:5d53dedfd67146d8916263da6ff99370,6649
d:5d569e9c174140d294d953b6b28bc154,6650
d:5d5d54a5519b4b6eb1b0878d58bcc530,6651
d:5d5d6472e97d48168b18bba35eed3043,6652
d:5d5ee0f9e14746e780025151bc0b6196,6653
d:5d61e4fe124b4e1e9353df0476b13623,6654
d:5d62ee63dfaf4e6f8f177f50d35cc6cb,6655
d:5d695be41ecd4c7384816d6bfde509b2,6656
d:5d7093565c9b41ceaaec6299bb2e5a3f,6657
d:5d9196b7fe3c4df39eb9f9fe81f09f41,6658
d:5d9b782b47ce4e65a65a4be5bf83acac,6659
d:5da58bfaaeb345a0988311bd0dfc59e1,6660
d:5dababa3684a44599659483c6656e41e,6661
d:5db66a833afc4760bb19c4f8a1e3b542,6662
d:5dba227a573d4f2ebb27c53f6dfdbe6b,6663
d:5dbbb8e1c8e84d4db68eb411704345ab,6664
d:5dbcfbe955534d6597bff0982e35bc72,6665
d:5dc4e9cf89ee47d8807879a2eb6867ac,6666
d:5dc6f312cfcb4645ba9bd323c1812cfc,6667
d:5dcccf4922f54fcf9a58a384d69bb716,6668
d:5dd369a08f7f475d915fa74d81034725,6669
d:5dd3f6a44754424687316450d4d4eca4,6670
d:5dda7af33b054b39a2096af3b4616746,6671
d:5ddb0a7f01864f73ad0d4171211cf119,6672
d:5ddc3f35f84748d694ab240365ed15b9,6673
d:5ddd5036bb554fda8ac578c0634641a2,6674
d:5de1efca50df4974bbb88b8fcddd4057,6675
d:5de34ad0223f43ebbe7fd49f1a2a9ec4,6676
d:5de81dbb34804678bf08f9fe3a19ef7e,6677
d:5def3ed34a5149e2821428ac9362534e,6678
d:5df5c87d39c9426ab1a6c9b08ea3b19d,6679
d:5dfc0c7263ec4e2cb3a48fe0e5988df3,6680
d:5dfc3e89b7c24d85b7ce7bee91610e50,6681
d:5dfd0398d1d0423ca2df6e7be1c0c377,6682
d:5e02252d4247401191b619fe2048250c,6683
d:5e065ce3359442a8b5ef713b99f7b322,6684
d:5e09026c333a49db8417f706dbe436b4,6685
d:5e0a3c69b3bd43b183aa3016037f98e9,6686
d:5e0eec73ee98478fb9fe2b637474d63c,6687
d:5e10d2a0e6814124838a21cf3b4c217e,6688
d:5e113d05271e4c8fb1cda43bf270012e,6689
d:5e1394bae5514b5caf5b2a45da52b7cc,6690
d:5e16e65280b8438a9cf33d01e335acbe,6691
d:5e1bebf35bc14baeb26132c810240df7,6692
d:5e2126e7007348e487c29fd2e2b6bf09,6693
d:5e26134dc606463287bb8b1c1180a4b3,6694
d:5e270310670f4ecb8d85b7d413fcb2c1,6695
d:5e274519401e4a1e8a9c7f387cf62ab4,6696
d:5e279a14b74b4616a7922c30ac8926c2,6697
d:5e313d3e615d497dba0abfa0813c96f0,6698
d:5e32e0a3c322440680c81793aaf4143e,6699
d:5e331573bfeb4f2db90ed5afb0cda83b,6700
d:5e338f63134c46b3b52b68a3a316c46d,6701
d:5e3530ae6f4046e7a8e9c1194aee8bad,6702
d:5e3aa0995215455da7408ca1fa659868,6703
d:5e3cdbb640d548bb9a26210812f2f316,6704
d:5e3e0fca49c442b085e83c640532752a,6705
d:5e4a2c0be4bd4cf1b4d78ca9781b303e,6706
d:5e4d770e0fb44dba8af9b348c1d08ec7,6707
d:5e4dce7df36c4b489cef520f3acc1a2a,6708
d:5e509dc5fcb94f929ba45c71168eb293,6709
d:5e50d9dbf8054defba2500edb53721cd,6710
d:5e54bdfc9c884b5fbaa2b69d6a58577d,6711
d:5e54dc7a73644ce583c395f02ad6fedd,6712
d:5e573be5fcab44dca94b70524a8dd94a,6713
d:5e629f675bd94db8864028836d79da99,6714
d:5e6420d3f6314987957d332937907e8d,6715
d:5e6ccfdd55cc4ec1b7046630773deac8,6716
d:5e6f10590233432fa072f6c94ea25a15,6717
d:5e755daa6e144464b9146b94b4c236ae,6718
d:5e757c801d474befa811665c0227321e,6719
d:5e779267b5144f7185bea157b7fc7af5,6720
d:5e7a53965ab14496be5826373522e959,6721
d:5e7f0ea831f146afa64d4ae354ed2670,6722
d:5e801dd2777e4205baf449c5db8d4ddd,6723
d:5e8440a4ec694ce8961e659f7006bc0d,6724
d:5e86a152fe284ddb8f506fe841e987ec,6725
d:5e9154e69b87400dad49f2d8b704af64,6726
d:5e92dcd83cce406a9e3880a3b571fe05,6727
d:5e93e7a1b53e424fa7415b7ecd697f32,6728
d:5ea462b114e64d2f9354c658e9c13533,6729
d:5ea61fca945640fb98de5dd4f914a061,6730
d:5ea6badcee99499c87c0acc153b39ca4,6731
d:5ea87379d0dd44459b0bc6ca9b34f0a0,6732
d:5ea968812f3147558aaeaaa32dc155e6,6733
d:5eaa541b66cb4e698164080ce76c6574,6734
d:5eaada7578644851891f687111b30321,6735
d:5eaf3b3b984748e6b7d4fa64b1d13305,6736
d:5eb268f144164faa9473718af533b1ff,6737
d:5eb5f265dd274826b0486961ab03974a,6738
d:5eb732be3a324d7f9fc8a284eb6a1519,6739
d:5ebafcdd85bf4aed8b503742606a7f2c,6740
d:5ec32d814c49417e8865ab5534d6880e,6741
d:5ec58cba302f412481966891f98f5f43,6742
d:5ec8065c3f9748c599234f1193640735,6743
d:5ecf38bb3fbf42ec9821fdc0ae1b9b26,6744
d:5ed184bdf4ea4495904b22cccade5d61,6745
d:5ed573a11e1c4bf48f558c1a3a290799,6746
d:5ed6744e71fa4fc3b7f41814d66c9fde,6747
d:5ed79784f1a040e2b68cb7a35a0ed9d0,6748
d:5ed9e353ac34406abba041bf39a27eb0,6749
d:5ede52c46fd5425db6eb81b1531d16c0,6750
d:5ee12cffd2c44f35bb02572d8bb10fef,6751
d:5ee61a6a66de4a068a5c738738736d24,6752
d:5ee69c412fa642ff8bce77f0475a7d70,6753
d:5eefff18da15409f886ac2a831e1bb55,6754
d:5ef0892d06e44f61bd85e480b906077e,6755
d:5ef16c24138b46cdaba3f401cc562d15,6756
d:5ef51437e136457ea59c32f98cef85ca,6757
d:5ef5dd6b733a47e0987ae27e167134b8,6758
d:5ef671213ea443c4a9333e32d5dd8e11,6759
d:5efef125a653415e923a7010160fb0e7,6760
d:5f02ac6c4ef543e9b0e0650f39d62ba2,6761
d:5f05026f4cd84da0a492cf3913f2c993,6762
d:5f07844144bb483ea5afe80bf50cf2c0,6763
d:5f07d4bf680648f386bcce5f0ea84055,6764
d:5f0c99ff1c5243d387f9adea7c2fc314,6765
d:5f10c12ebc194d4eaa7d74874638f73d,6766
d:5f131c8fc69a46419d3e173c4a6825db,6767
d:5f13c7b3c01e477aad7449907698be41,6768
d:5f15069e66294da597d21f222e822296,6769
d:5f1c87a72b074af8a6c75d0c6efaa195,6770
d:5f22e8ad3dbc46f6aff08095e57ccc5e,6771
d:5f25ce9f6bc3496baae2d7f72b6a7a7c,6772
d:5f2d5ab1731c4ce08b925d127d3a1380,6773
d:5f307b5a8dd3495da8c9226663af9081,6774
d:5f38494904ad4b58a475f324b3a1413b,6775
d:5f3e58d704c14d1dab91ce4d35d030e7,6776
d:5f3f4df8f74c42da89f511233a6519fd,6777
d:5f425bb2995c4fc3a65d90ced1b8e6c9,6778
d:5f445fa24a584a3488c3220124faf81e,6779
d:5f472f0b44634391be1f5fd0317fa106,6780
d:5f53360c171f4880b5ae8e406a4002ab,6781
d:5f550e8c9de14a139218331efd03b9b2,6782
d:5f5636fd26404622ab498efef0fd2608,6783
d:5f58d45e589e44afb969c4664cf24f58,6784
d:5f694faab0ba45aebfab96550bf2749b,6785
d:5f6a54a762054ee9acd71d709c5464b4,6786
d:5f6a99bd4b0d48afa29e1181397c7452,6787
d:5f6c35d35e2c429d918ba88a9597066e,6788
d:5f7064ef44064bee9060d8d170df2111,6789
d:5f706741e3534b7f8f36b029b369ba91,6790
d:5f7468f20b1f432ebc8a377eae9e6d77,6791
d:5f7622b151ac49aa90c4ab1584dd9bd3,6792
d:5f795a45360e4c759ebfe1f960dd5acd,6793
d:5f7d2c4467224649b75e093c2bcf0683,6794
d:5f86a2a02720495cbd9cb401fb271602,6795
d:5f880bcf338c42bcacaddca2570a77fc,6796
d:5f8a8834486c4547aecdb2381e8ab03d,6797
d:5f907af43d1445839c171cf94670c097,6798
d:5f90cbc072b149aeb1f29063dc17cbec,6799
d:5f988d8ca54b41888b13acd803d3ceef,6800
d:5f9bbf9c70ff467e8d8adfd7bac0c8c0,6801
d:5fa7a0e7509a48dfa1f90f44e12a8027,6802
d:5fad79d147d540a1addf6f22ffeef210,6803
d:5fb271cb50124206931cb4970f15fe9b,6804
d:5fb6bb87ce6847f092b55de32e604856,6805
d:5fb726210e1e459cafd19b334c03ef78,6806
d:5fbd4df634c04ab59c1eea002c6f73e9,6807
d:5fc6b7aad58145ef81c6cf8f02aebf0c,6808
d:5fc6d6e4b5f940d7a0833bcae2780bfd,6809
d:5fc811d39fb740568111534ceab9a55b,6810
d:5fc8d4b04f64444791093373e6c6b99d,6811
d:5fcc03c1f4f9413db3db351b817b6651,6812
d:5fd0289badca461ab834a4e582a103d2,6813
d:5fd0b98f35404d67a40b8230f3f3c2d2,6814
d:5fd20f17b3b347039ab6a342ba48d538,6815
d:5fdce5d3f06e4c5d81ee3953c8132d23,6816
d:5fdf5c52651345d7b1e282d774946512,6817
d:5fdf8fce361e41d0a9084caf60e9ad4a,6818
d:5fe32bdd55514447908661fef36907b2,6819
d:5fe5c084facf4991aa43101b9fab1363,6820
d:5fedc470ec88450bac3f4d2dcb4ce8f9,6821
d:5feec11155a948ef96e978daf758c8ed,6822
d:5ff2bd557b434997be53e93f228619e7,6823
d:5ff68e68175a44a9aa29188fd21120ac,6824
d:5ff70462393f4e1dbc90088fa6198641,6825
d:5ff8437b662844ca93f6f901c5aad900,6826
d:5ffa52e9c1d44cea9938a0ab11f3ca23,6827
d:5ffe35bc50684ffaafbbda8899d443ad,6828
d:5ffe3e39aa264b2697a60c40a4c3bd91,6829
d:6000b237136f4211978a51d800f4f9fb,6830
d:60025d95a0c742f499f76cf5e00f7cff,6831
d:6002c72e39714ad1952d9afb7b2aafa6,6832
d:600467f2e86e45eca72b53667cdcb9b4,6833
d:6012807270514639b75df36f75bf2d28,6834
d:6014ae9d40dd47818cdde99df7896ac4,6835
d:6017fb34894b449c9d43e27900c0a878,6836
d:6020de4c041f49c19f7b88011e91f4d1,6837
d:60210ffac6454ba0abca5281d53c826c,6838
d:6023e68c39214c108d40070a7e97cff1,6839
d:602563fe01134fef9105fd4f874fe7d4,6840
d:6026fe34fc51445086898a1d52b2b01f,6841
d:602a8af17824495586958f12d3d19a8a,6842
d:602aafa6d6ed42c9b0ddc0f5b16337f4,6843
d:602f664bf8d748008dca64ea61d3150a,6844
d:6035e4ac54494bf883e33a01941cdc0e,6845
d:6038421078e04f2b8ec6ba1b40e52600,6846
d:60389346428b4577be95df1b68e7c4b4,6847
d:6038c84e93414919aa0f15139bd45ff9,6848
d:603c55e164684294b37debbe3894269e,6849
d:6040728b7dcd45278d93dda76e37bc7a,6850
d:60420f908fd84ebfa6a1a59afb58c571,6851
d:60428ea2596844aca9c8e7803abda416,6852
d:604b7c43233945f4859aaa7b029f3e47,6853
d:604ed07cb0854ec6b058b8859166fba9,6854
d:6057c39b698c469fb9589a695b5a5d5e,6855
d:605ba0b3d09d4f948815b5dc855f7d4f,6856
d:605d109f822b446dbf145feabaeb1f82,6857
d:605f71c41c484b9ba79fdb6348835642,6858
d:6061c09e30d448e4ace6eb55d421c8dc,6859
d:606b38e7d91849be9321458d50206d5c,6860
d:606b982c091149f6b47638b4781da4a9,6861
d:606d5a17754a4b819f9044ed834b9294,6862
d:607478154db14dd5bde79e81afaedacd,6863
d:607536675e554332a69223a518c5c7cb,6864
d:6076f886647c43df8ae9d2b0a1e0ee5a,6865
d:607dfee85b13445ebbe5559337682b64,6866
d:607ec8e5da07416ea103d5ff6e5c9dc3,6867
d:608128ea42ca4631a7a8b46fce8ea878,6868
d:60861d768af2485d90bb250e3ecca04e,6869
d:609357c5bb0b4e8aac1fb9c1bd285f76,6870
d:60955d407d814dc0ae979e2b4009eb7b,6871
d:609b238db7da4f40821bcd4f85223ed8,6872
d:609e66ac6f094af8a134575d704cbe51,6873
d:60a153f60e4f4945999c2c32d09bcbc2,6874
d:60a317868b2748a3991da3f1d0d1bbb7,6875
d:60a88d80692641e58ef730566d67a156,6876
d:60abcb2f85da4e63bfd8a876873a91fb,6877
d:60c71ee453d04be8a20535ccd6cfd8e0,6878
d:60c8007751a243058f153ecbfbcff92d,6879
d:60cabc4020f046e1a8fac82a0e1c3084,6880
d:60cf0257766b44a0a90c6b9dfffb93db,6881
d:60cf672078cf484592a140cbfa445991,6882
d:60d0a51f24a446669995f85b903890e7,6883
d:60d423e1561942b19eff7242f926e045,6884
d:60d7f8c42e524030a0d936c58ce0d4b4,6885
d:60db72a1865d4bda9ed6534b88d39b23,6886
d:60df8a7719d741199595128148aa7cfc,6887
d:60e3300d07c548d99760c15cdc1a0ab9,6888
d:60e36dec45944a51bdd3d5a133b5a3c8,6889
d:60e9b1b8478e4ef298ad76cd43eaa3f6,6890
d:60ebbbeda44f49bf9688f6e0696eb41c,6891
d:60ec482874a94f23bb591c86703aaf84,6892
d:60ee21dfb2bb4cba82614f99e753febe,6893
d:60effd172b8746f5a5f3a96b7f6f44f1,6894
d:60f18e5e0740486984855a65a2ac416f,6895
d:60f3e5daf7f44c5491dcbb8c1e0e98da,6896
d:60f8568ae26e4cb2a83021d3cb81051d,6897
d:60fa979a6c294ed6b129174e29eef719,6898
d:6103cc7a43884a1c9df980ddc09c751b,6899
d:6105c063b82a4981816789ae4e6e7121,6900
d:61079534e2e947de919423dea2a720e2,6901
d:6108181d6d974df3bf3c28bd28609ff6,6902
d:610abc633b4448fa997d16f4f16e31b3,6903
d:610d6cf76f154859af4d85b2083073ff,6904
d:61138d738b4c4211bb41a3a7105b1576,6905
d:6117f22be3c943c0ad62563fbbeadea9,6906
d:611a0d0091c24031b38834d0fe9b51a8,6907
d:611ad8936c8247da973e41b17f8e3215,6908
d:611f71376425467ca0abac29490991df,6909
d:61230cf38d4f409cbce13e04024c965c,6910
d:6125664d1c8141c08af21dbba5669f17,6911
d:6125be039af84f469ab95b688032e157,6912
d:612fe4d33b2a4e49a9e6bb081e598949,6913
d:613153815c4849eaa9f85737934a7b69,6914
d:6134963d44764bd5ae4b92358068280e,6915
d:613559a46576414191ed67ad3adb61ac,6916
d:6140e00e7b3d4ff3a95bce2fadc5cb77,6917
d:6146453d0f154f308fb2bfad294d9118,6918
d:614daae01c7b4c50b9a150d87d549d3e,6919
d:615321766dd14b8d936ad31191eacfc0,6920
d:6153afd5d28f46c68484e9df6fd12674,6921
d:6155ca36334041f59bb0006437e8a4d8,6922
d:61580c21bfad4e5ca0f488500a6c458a,6923
d:615ba0b21c694753b27c01c16270eefe,6924
d:615c6776ffdc476ba8ceca70a21af83f,6925
d:615ce53f63cc4ecb93430703d8b65b8a,6926
d:61611c2ccf014f7384d76fecdf8b01ba,6927
d:6161be0a98914023b9fa77c295f15a73,6928
d:61692bc994bf40b18f81a0b476866ac3,6929
d:61699c181c80406ab4892dba25b9697e,6930
d:616edecc58e542afb06063184370e356,6931
d:616ef807f8464a70b3c7aa8255e9514b,6932
d:616ff35307b948e3a8305bb39732d14f,6933
d:6179156f78854e739e386377e6fb9870,6934
d:6179d09eac5b4fcfa36119263760eb72,6935
d:617e49d54b274f57a6279e1a91292d7e,6936
d:618a60ba94a54d3fb6287c2f3b4925bd,6937
d:618c469aa9e64ca892ad40f7fc66957d,6938
d:618ca3e0f2f949feaa52c7772a8ec4b2,6939
d:6195cc0a70d44f89b1370dd2ab08af06,6940
d:61987c02c3da4f56a9d5e6b8ec361d42,6941
d:619adfa9e9934ca0bfed82f566be8d52,6942
d:619c41d0203b43298fd480d4f2e507fe,6943
d:61a221e32dba43da9b78f29c9b9f5b21,6944
d:61a3f3dd159648e28898acafb6ec396b,6945
d:61a87a18f52549f2865b8bc57846e010,6946
d:61a9ddba16cd496694d631aadc12335e,6947
d:61aa44010363411cb55c8d68cabab1ac,6948
d:61ac71c081f14ac4b0d74e1b20ccf541,6949
d:61aee9a389eb4ea4b0c23ac8e26e7381,6950
d:61af1c2bcf8945739b41851c591ec5f0,6951
d:61afec20d9ea4d778c62ebb62044604e,6952
d:61ba669af03048ad8a2bb0db999260f9,6953
d:61bbad3ebbf447fd8c346954544ad12a,6954
d:61bd46803fe84219b8efe4cd44b595a1,6955
d:61c0f3c942594943916392d3483fefe2,6956
d:61c0fe55ef34442583bc6bb3c2180dc1,6957
d:61c22148bd26480ab9497744ede7bddc,6958
d:61c25fee9ffb4cba9e2776e0e10be4cb,6959
d:61c2f9acd4134170990dd356ef363faf,6960
d:61c5a1acd9a74d01935a2939a07bc24b,6961
d:61c8614757174cf5bc0a83cb23c0df33,6962
d:61cb0a1f14ea4040aef719ae6c14ab11,6963
d:61cb5184e4f7423c95d1bb15f3921323,6964
d:61cf2fbfc15a4289bf0c0b253c50da59,6965
d:61d28fc7b193439a9b768ba3cd4e0b1c,6966
d:61d6185d90fc4c0fa43dc397d435f331,6967
d:61d7f1ae70834311b344c456ac5aa5f9,6968
d:61d88dc9a51d474cbce40325cf6a7f2d,6969
d:61ebecb86da74bc581f21b54e072b4e8,6970
d:61f01b7ab3f74f03b52fc0ac668e3911,6971
d:61f4143380494c1ea40ff7f811a1630d,6972
d:6201ed66bda04fe0a9f3b1df4019ce82,6973
d:62020b82be774b35b65730b253ad31b5,6974
d:6208b741517a41688eee4e1c6f5c7f5e,6975
d:620a6bbdb6164436b9752a838b194757,6976
d:620c2253f0554338b26c05a9be92b77b,6977
d:620f1c234281445eafd007861676705c,6978
d:62136e7948c9428d91bcd454ff0292f1,6979
d:621535d523bf4d9bb080c45682952f92,6980
d:62166f0eb57343dd829bb9cdbe5a5cdc,6981
d:62170a0016ba4f39a1ac39b6f9e06d2a,6982
d:6219e4e8598f457a94b609ea4a59397b,6983
d:621a7f6da55c4686a7c1337da14bbf2f,6984
d:621ae4d68e8740e9a2422f803a4578f1,6985
d:621b0b0798b642bd9c8e5114751cf130,6986
d:621bbfa0044a47c595de780f07b0bd13,6987
d:621c5a7330114797bfa679803fc5a9a2,6988
d:621f4475ab414bed9c3eada81bff8cb0,6989
d:622ab42f49ce4b13a1ab53f550544e55,6990
d:622c2487d9694cfca228cb95045b3a84,6991
d:62334c3003414f148448cb9234936aab,6992
d:6236f027c72741209fe63ddb5a954410,6993
d:6237326c45c74fdb8780a788046d4ba6,6994
d:623e54499f144d72aa9bb4d91a8226f8,6995
d:623e97ce85a4423ca23db9e39e189add,6996
d:6243ba0c18e043dd8935f6d8fbf7697d,6997
d:624797ed234540eb8f5bab94b205fdf6,6998
d:6248380f137949a6851562e10036f82f,6999
d:62485dc3e79d436591ec87de0eea359a,7000
d:624f75002232491e84ee0d3584a325c4,7001
d:624f7d9515f54147a49b65d4f3ffd224,7002
d:62502b4612b6418f84473a0c229615c7,7003
d:625a3013cd444f05a43b7948fee2e0ec,7004
d:625c1f7ac711424ea36059cb68e57d02,7005
d:625d617bb6874f42ae8bf5c9f65ba647,7006
d:62669187ddfe4d61ad50e25d4502ec3a,7007
d:626cf1c427d640d192a1fe285f60093a,7008
d:626f9c93e3b141cfba183373561ec6fa,7009
d:6271dc0c87474276b0b02cd5c32d3032,7010
d:62746eb7c249410094c343294517833c,7011
d:6277b9ae71ad444e9db84ab32b004fa9,7012
d:627a99d0671946e29c0656b71fd61353,7013
d:627c24ca9e084e7491bff4635fb95b2f,7014
d:627ddb38ec0040d5a6e886fbe990dbc8,7015
d:627fe5035d12404c879bd64025ef2cf5,7016
d:6283e1773ff645aba360121202dca276,7017
d:628630a835ad41a8984a0712fdc5e4ef,7018
d:628a8ef9e0324829ad67c7982dcc009f,7019
d:6291475bd6c54118921081c1f8875de4,7020
d:629500e86e7642829822cecf09a2810d,7021
d:6297a3f05274467e9c2c299757f92cea,7022
d:629a0a6b97ae4eb3be93db1f96b8e5ad,7023
d:62a1960e00dd4b08ae1b02713f9b4fb6,7024
d:62a881fdbd324c51b4e55a6f4aec33d4,7025
d:62a892d415314e60b92fb1ca72cc916e,7026
d:62aee05f07194e48921d6f72170fec4a,7027
d:62af3a6061054d148a89802a34915bdf,7028
d:62b987aef8ec4e978eea2b19b8202efd,7029
d:62ba69f98ec04333a10a73b72d36d86c,7030
d:62bc1529f6b34b97bfa2925276e40692,7031
d:62bf84858ea0427494c336c61dcc55ae,7032
d:62c8df773cbf4426861bb4023bff4e11,7033
d:62cfa24dc4a24bf9b1fe01f0e18fdd60,7034
d:62d013a73a054226a6d0393749e7a957,7035
d:62d23be2d3cb421ab7b81698e89316cf,7036
d:62d65cc92372456faf329782b72dde02,7037
d:62d9e2e20abf45d7974b8f94de7a920a,7038
d:62dedf4aaeb341439a88eb1af98d38fa,7039
d:62df41e69a3444d9aed758ebc550485c,7040
d:62e2fa48fa5a48489759477daf217e78,7041
d:62ec1bb37ef74bbf9cfa352da07d8345,7042
d:62f6faec3cd34526ac649d2cdc69085d,7043
d:62f958fb1dfc41db9acd764d0d0cdf94,7044
d:62fbaf9a870446dc918b1c6e67e56f89,7045
d:62fc3e59e98741ea94571cc69db6cc09,7046
d:62fe040ebbcc415a98ef6aad5e5d46a3,7047
d:62fecf1c44f84a07a9a53ce873e302b5,7048
d:630042c5162c441aa96b1015c666bf59,7049
d:63007ffa3acb43fead3b1b43d8af04b4,7050
d:63023ef278d041578e2206d3d3bb0e16,7051
d:6303d9d506d147f291279cc032f62522,7052
d:63086a17199e4a85ad9e1201e01bc6a8,7053
d:630c5b2569ab4344a62a6d70a5e96675,7054
d:630d1b53aafd4238ba06fb3a85fd9d33,7055
d:630e45e8e01b4ce5918a39d8b05e66c4,7056
d:630fb62903c94e8a9a27a5a7b0e015b3,7057
d:6311da4869cf494e9b8545461239eff6,7058
d:63142c2cd330432bb6eb620705a8e2d8,7059
d:6315eb03c8574252941e3dc7a4d02be3,7060
d:63194c1ab2e04bd58e025ffb5d466e45,7061
d:6319b36c927542128c6bfbe4a4f265c6,7062
d:631cf565c3e94ba79edc166a86d309ab,7063
d:63230d35478b411786f58515bcf8165e,7064
d:6326355783414cc18dcd119a152908da,7065
d:632fd775670c4e89b8aa96cda739cff0,7066
d:633452ae4d2349fe818919723a376ab3,7067
d:63363204228e4c68beecf49489214760,7068
d:63392fb95ddd4d3196a1c5e870cb8b3a,7069
d:633a836c518e458c8219ee22f60d8fe3,7070
d:633b6b345aab439cb618b0b700315449,7071
d:63429e1887ab40c59e3afc9a7916b049,7072
d:634eab75202346f2b90bf8ab62c5a0da,7073
d:6355bda959514551acc8755e4b0ca9a1,7074
d:635d94f528224fd4a8f977078c5f8631,7075
d:636498446d2b4fcb8ec5fc697c066f04,7076
d:6366964eca104deb86f1363cce23f4d1,7077
d:636834a7f85947109885dd7fa33383a6,7078
d:636debed99ae468cac2a570fdf9016a6,7079
d:63706e2db5c641d3b58c9a98fa432715,7080
d:6379d7b8098e412aba9afdd850753577,7081
d:637c037064ff49e19cfb0eaa2a35526f,7082
d:637ec36176e24a018a70d68a30c6b58d,7083
d:6382d117ca5441e4807865289429f0bd,7084
d:638ac8b62f544aecb395435ae4ecbfa9,7085
d:6392ff87d22541ae95afa81ec75d7d5a,7086
d:63954ae463a84c32b0b11b31485ff238,7087
d:63978bc429cd4398be2be978af8188fe,7088
d:63b0570ddbbc4c2b80ad2df05cee02d3,7089
d:63b0b6b50fe8402d9185d8c25a736978,7090
d:63b2e83afb434c078130f69ede86e3e1,7091
d:63b3f1ba0cb1461d86fc6b3d83aa987e,7092
d:63b96248cb5c48dab39716450c091db1,7093
d:63bc0cd590754861839b27234b598dab,7094
d:63c731daef34488d8b9337ae5b0b8ed1,7095
d:63c87a76dd9542f897c0d8aa98eae7a9,7096
d:63cafea0486149bcae93554b84e6c94f,7097
d:63cc885f38404b47bc7b68e370e886e3,7098
d:63cf1e7530224485ba6cca220eaad277,7099
d:63cfea5c2ad14458a8fcb2b2032c583d,7100
d:63d0f036fad64d3dbb0ca2651e8b6fac,7101
d:63d966c2b0564d3c81c4c1874415a9ab,7102
d:63de2ee57cdb42389ffd26c9e16b5c6f,7103
d:63de9ad85b9442e1b30b91a5acb90666,7104
d:63e1751d92f5411c9af6902052a7c30a,7105
d:63e40ff20b634655a5e06b048ba8e8c3,7106
d:63e687dc43b34260a751d9c08383aa30,7107
d:63e6b570d3a54a888ab6e508324f287d,7108
d:63e7f8ace54b4edfa7f3377fad36f7cb,7109
d:63ecf934cf0a4b07b88972250a39c1a8,7110
d:63f9c58e70ab4dda959fab469d3f631d,7111
d:63fa3413133d488b85b62c3f7a3c5238,7112
d:640186a08bfb4127989d4fcab38d3aff,7113
d:6405335cdf13491fb4c8841bafce8a27,7114
d:6405b33cd842469386eb12fa2eeedb38,7115
d:640e8fc9671246dba99c0db429fa3ef0,7116
d:640ed6ffa4c4471bae48adfa5ca72792,7117
d:641ead052bbe4445bd4a6a0323efb669,7118
d:641fbd8a90ce49c5983492d3e8d9c34a,7119
d:643c554be6a546ae9d1ad3fc430c2063,7120
d:6446c4d55ad649c2ab1a469705373121,7121
d:644a713df2094534b4a98189f5e3cc3e,7122
d:644bb7fd24a54329a775f576899c9d80,7123
d:644c6ee9141746dea7759056da49f8b9,7124
d:644cb6ba2125405e9f1af251940692f6,7125
d:644d244314bf4470ba62ff518fe8c926,7126
d:644d2469ce964cf093674572349d0665,7127
d:6454a0e77e9c440ba501fae3138f8ccf,7128
d:6458dba335cd4497825900d805c84f60,7129
d:6459e0b36ae845dabf6f05647e33968d,7130
d:645b66e9aedf414db87a9a41d40ce219,7131
d:645cdc593bd04f129d279d8a1a8b3d9b,7132
d:645d4cf74a134f9c9ffe0b77358f2ac9,7133
d:645e82ef4d4b47faa80ab2883fa9c282,7134
d:645f4a8494984fa2a6a9e6fa30b9d0c3,7135
d:6465e78540ff46458dd0b164d68744e3,7136
d:6466198bcddc4121ba55f376cc8323b3,7137
d:646a6c94c6004f6ba185edb9f8fd162a,7138
d:646b99ccdef84d8d83e144d9b24b9a94,7139
d:646c7ac38d84455aa5f6920558c6a341,7140
d:646e8e3cb30441c4a4d4df5bd405c7dc,7141
d:646f3323af4c41268fe57f6bd714ac07,7142
d:647110e9871a4d8abe60675c66a83e01,7143
d:64721471526040f7aba06cc917ff272d,7144
d:6473a9521edb4d79bfb2d1e2195efe9c,7145
d:64747c0396da487987003a27b927525e,7146
d:64755398124e461987c7d460d3057d25,7147
d:64799878175e457cac843eee2d3b5581,7148
d:647a87ff9eab4dd580d9ae9a385a7cbb,7149
d:647a9043d46d449f8ab5f9c3f2ccb2cc,7150
d:647bd26aec83494ebc636ca0ad025f91,7151
d:647e97db3c974ccb9c3dc2f658608a61,7152
d:647facf07d6f4292870453eaf394e711,7153
d:648065cc14404aea828f38a5cfb3220d,7154
d:648290275b00464a9c6cf15926f91260,7155
d:6482a188c20d4a248c6deaa7234711a5,7156
d:64839545fd6e485a99eb72de03f4c95f,7157
d:6483ddd4153e405ab10b278a76ee6c88,7158
d:6484f4b5f53b43beaa5f81232e346c17,7159
d:6488b75dbfbe4f008cb67068972d68b9,7160
d:648b26af46ed427fa40022d864b4e7da,7161
d:648b35a87bac40c1a237736ae366089c,7162
d:6490cf5055c5423888e57e838bac0e75,7163
d:649b478367e742c48cebe8f33894d4da,7164
d:649b83150b6b40928908d1b8d8702c6d,7165
d:649de29d384e4d2cb437523b7b551169,7166
d:649e1729d6c9441d9abb3075cb203c77,7167
d:64a9f153727641ba995d224c85ab666e,7168
d:64ae6020119c47ddabca4e3c4ee46e10,7169
d:64afb51933db45abbbc0a6e65a141a7d,7170
d:64b0224e383f487da2bed14fdaf1ef94,7171
d:64b29c977f8b48fdb56d5ef55699463c,7172
d:64b87a316ef04ff49e4a20b6bd637a13,7173
d:64bf89e779fb4951b0a8bf8215f1c3c3,7174
d:64c81b3b7f8241fcbfe185c290ba4a23,7175
d:64c945db87514ca3bf8548d394ccd823,7176
d:64cd40fd2aea464c858532fa65bfa921,7177
d:64cd75b41b3b435689536a1bfb4947eb,7178
d:64ce05ce192d44b2baf604c63207bc8d,7179
d:64ce7e4d583247089341570eeff58ef3,7180
d:64d26192b2434cfa93d7ecae34a2c8d3,7181
d:64d2a461354c46d484b3e59d7796440d,7182
d:64da30a7fe7142488dc9c8a2e6a58291,7183
d:64db85ab3e2f4b16b93eac07d1aaddfa,7184
d:64de71b2dc5a4caa979e56749aecd54a,7185
d:64df1873c5804f9caa74098d1208e96f,7186
d:64e3fc6c65c2423e9a0e5da1664eb5e1,7187
d:64e51ffac2e84264ad924f41bcb676eb,7188
d:64e718f175a04becadb1f5c91a01525a,7189
d:64e8ca7bc30449b08d0cd2e45719ee66,7190
d:64ed85a8f3df446895087a5d6b631f4b,7191
d:64f3d40cd7184a259e7fed65b2bfc988,7192
d:64f7e7a2bdba4f3c9a8594fc06f7752d,7193
d:64f908dafc4c47de9bc5f504b27c4c6c,7194
d:64fc476f64b84de58f381069beef8336,7195
d:65007b0add764930aa14c4e636d8dedd,7196
d:650108bc8e4a41939c70c48ee49f0229,7197
d:6502f0720d944d58ac88e33763d1f21e,7198
d:6510f81accc24d1a869ed2582ce9ae63,7199
d:65154c2521b04b0f877c1f4611ef530b,7200
d:651e4fbaa5f94af9b5d411a9182c50eb,7201
d:651f8528f42f45bda59658b7e5ca2b27,7202
d:6526c89bc516457dae16e8fd993f0644,7203
d:65299c1b22a643d2877f2475e7798a37,7204
d:652eed07c20f45168aa8d0247fc98092,7205
d:6530759a379a4fc49d4dcda565e144c2,7206
d:653095cea6d746d7a59880a1d26258a3,7207
d:65311b259d674077a3005570487a2d0a,7208
d:6534084595ff493287b6371ba09fda44,7209
d:65377d65afb549e5ac98dc5fc54c86a1,7210
d:65379c16a24c474e9a41ee2d26e7be5e,7211
d:65388b272aa44b0b98f9669cc52a277a,7212
d:653d25382949442083e439004f2662fb,7213
d:653e5d6d273e434880b2245cf9df3fd3,7214
d:653ebdd90044432b913debc24a8fb6a7,7215
d:653fea129cc149a9bc70630fa2324ea9,7216
d:65468d3750c84d53bc2d4783aab56728,7217
d:654b09143534495fb394f5bf324dcc21,7218
d:654b5957cfe54630a5dc73c0737dd2e3,7219
d:65597f0b3c3549cf9cd9ab7c253316a1,7220
d:65663ae5c9b14d6daf2ae010dfbf2649,7221
d:6568f67584b848e8ad5e2812e52d3af2,7222
d:656b15d000f449a3a874e691bdea3069,7223
d:656d70033ce8439e85c461563411aea5,7224
d:65762b8478d84382971363f46af5d178,7225
d:657c6410df8a415785c923a9702a7a8f,7226
d:657ca9dfe11a4b298a614d4409c5fb24,7227
d:65821c39e4ff4a04856cd3b532356206,7228
d:6583047e872f49e8a268791c68d1cc77,7229
d:6585d3a562f74cf3ac9453ff94174ccf,7230
d:658a5ce9550d4d76beef83469fb7b536,7231
d:658c2bcc04d5419ea1739f925ae199be,7232
d:658ed064ba1e466099aa271378cb184a,7233
d:658f0ec7573b4f55af65cf904888cde6,7234
d:6596eb9e47184ef1b632d6d9d5bd386e,7235
d:6599cd4ff25f45e4a1214bf9277fdbda,7236
d:659a4a1308784b75816b6e1cbd6ea35b,7237
d:659bb1c38fda4507b27eb3921ca49188,7238
d:65a391030ef24890a30503b4057f7151,7239
d:65a4128e9a1141728c3fb4df7413f089,7240
d:65a435bdc5fc4ae6909785316837b265,7241
d:65aa7b5ca6c6478291886276ade94340,7242
d:65abe7cca29645b9ae460efe1966f682,7243
d:65ae7b44dbd548bf9d73ffba633ec532,7244
d:65b06421fc5149aa8423dc76801ddec8,7245
d:65ba6e0a8f0d48e38714dd3b6bd52610,7246
d:65bb6074642a4bec9615bdc6cf5ec7c0,7247
d:65c29aba39054d0a9e50c8bcadf2dc47,7248
d:65c308f91c8c4573a914a4e28d960846,7249
d:65c3e934623a4af08d6448f13d790d4c,7250
d:65c4135e3eee4d3da4d7307fbcce7eb8,7251
d:65c8c538d7e14d8199853f04555709f7,7252
d:65cd3a638a7644b09909f7972370bc9f,7253
d:65cfa61dcca84f3e9ea3f1ba0cb23f20,7254
d:65d5e0e024e6427697936ebeb2485222,7255
d:65d9b76c09cd41cf9bd7cbd32c204ec9,7256
d:65e005c1115b4bf58ae6dd778bc586b4,7257
d:65e447024b1145d18855587fbcd5e796,7258
d:65ebd33238284ffd9b21832993dc1121,7259
d:65efc75a298d42218cf3bfb155ee8c7c,7260
d:65f05364f5474d8489c7763b06115f4c,7261
d:65f0c7523f914d00815dd5d00066de42,7262
d:660387614c434b1585fbc1c3a926df28,7263
d:66045abaa54b4bf19ae40976fa4f62e3,7264
d:6608ca583d264c4da416b8b26d9fc148,7265
d:660957e7707548a0a6a020271b9ea047,7266
d:6609dd6f719e4856bb748ce0f42d551e,7267
d:660a9c18f8f6479c8c69a830cd1b7401,7268
d:660fd3acaefd4501873bc7ee421670db,7269
d:66112eb3196e40c08e47e67cae7c6216,7270
d:6611573c2c2d47af81779f67289c405d,7271
d:6612094684e84c5e9c91fa8e6e2ad507,7272
d:6612e8f41c3840abbaaddd11ac4b0b5c,7273
d:661d32a8d27b472cbc30df5cd76eb484,7274
d:661d9629b70f42f98be4ad482a0f051d,7275
d:66247a0e0d0c427dbf7d603ce4eb2302,7276
d:66250d95a43b4929b4b660d7610157f9,7277
d:66262f9ca73549ab9a5a70af7e062249,7278
d:66316d314fe74cb79176d1a613fa0c54,7279
d:66366223770345359e211a3b664c97ee,7280
d:6637893760e84fb9a87183e411193caf,7281
d:6639fcd66ff54273a89306321f324368,7282
d:663d20abe36748fa8ba56d2391bebc1f,7283
d:663eb35a48ad4c038a2ca9ead47cb1ec,7284
d:664073c0fe2847959fc699cd32e27019,7285
d:66434efa26ff4729ad05666c0a51bd04,7286
d:6645d129fefa40798789b1d9bdb20dfe,7287
d:6649b1e538894d0d8c120d4fa4bdad0c,7288
d:664a0b81c51a4fe9a2d8414a39d0307f,7289
d:664d6b513e0944a795a9e2ad18c4d430,7290
d:664e4ee7461c4230abc257838a123fb8,7291
d:665b86fbc59d4a208ca14c8dad4e5136,7292
d:665d5961bf88484dbf95daf07d13e181,7293
d:666075409abc4ce1a35256d06a53cb10,7294
d:66609a566bcb45fdafe41253dd0564e6,7295
d:666ccf314ec34345b9a68d77fba0f057,7296
d:666ef8fca3134af0ba5c882a85d9de4e,7297
d:666f7f8e5868408199322c4824a6a29f,7298
d:66757fb89719476eb66c3278a8f9bd58,7299
d:667cacc44ab04fc98cb0977dfd5c7075,7300
d:66841ce233504464ab97f943eebd1685,7301
d:668488a4caa24d6c8426330f94f8f3dc,7302
d:668517d63a284ff5809a0232b73ab95d,7303
d:668648b97afa4352b8f435937f007cbc,7304
d:668d05b1b81d4451ae4bb7b4b14159a6,7305
d:668e8a0edfdd4682a9e224a09e864501,7306
d:668f2451371242078494815ea2cac42c,7307
d:66935c73c0384de8b6ef5081ba7b2f5c,7308
d:66972bd6533e42a69adb35081f07bd29,7309
d:669841818f9544cd8686a664195e3d4a,7310
d:669a0213f67d4faf9326b9ebb0c8dfb6,7311
d:669d3b0246654514a93312d3fef81b60,7312
d:669d86139a6840188e9ad6c35e09b266,7313
d:66a2f4a117f144a19d135372d3545611,7314
d:66a46384253646818e910c3a7fdc7bd9,7315
d:66a570e15f6e42fdb8f093f513d2c716,7316
d:66a5f0e7e7144281a02875ce4784f737,7317
d:66ac64897daf4fb9bbe35c963a093482,7318
d:66afa0c73a3841df881e682c4eeeae3d,7319
d:66b446512e524ea8bf66525a11e0a9a8,7320
d:66b5b129ed404f9d8aa5c25f813a5604,7321
d:66bcd33082ed4ceb9d57b3733ba26dcb,7322
d:66bce055d3c8434191617362f324f1ad,7323
d:66c183dc78c64b9183e3c7d324864b76,7324
d:66c24f4890544eeb99c1e19018bb8d48,7325
d:66cafe19d7314778a3d81774c47c714b,7326
d:66cbb398647e49f5911c38676385e1d2,7327
d:66d55d8ea4d44c2e9fd6b18f16972544,7328
d:66dbb99468044ab783df46216015b8b0,7329
d:66e23c5ff76c4a2194de200fa33277ef,7330
d:66eddfa85b5e4c22b80486c917106fc6,7331
d:66f24b21543843bf892e52eb558d744b,7332
d:66f7db4c41e74f27a9efbca3ca088546,7333
d:66faabd031b8411685796236d35518c4,7334
d:66fe4c75f1c448f4b626f718075210db,7335
d:6702dd8cb13e42eca19365a07a47a456,7336
d:6703774ff4084ba3bd156be8a000a3db,7337
d:67047657e0194dc097f87f47a9d6c5c8,7338
d:6706104f12ff4374bcaaf6e319951fc0,7339
d:6707808acecd424d929d5ad97b48428f,7340
d:671031227c624691aa0d478b71c62b0d,7341
d:6711088425374a07837a238b66a7dff0,7342
d:6715b15548464fc28369e36ae3974900,7343
d:671e701007c14a0388a0b509ff797199,7344
d:671fcda4dc0043c7927edecf17a24431,7345
d:67226c79d51140e48bf6f176ec198700,7346
d:67256d9fa0344e7c86dd5ec4b694865c,7347
d:672748539ebd44409606ed75aa842650,7348
d:67285af25ba74e9e9bbb47d867c51e2d,7349
d:67298c9465454222b376a8b60075a091,7350
d:67365668764740c68dc69eee66f67f65,7351
d:673912fa66904c01b547cdba56194a8b,7352
d:673e25e80d7145c6af46ce9956e8f0df,7353
d:673f4f882a734d9c8c64fb2b5fa0229f,7354
d:6747a13d9c60419b86c1c7cc37b970cc,7355
d:675028ae55c049108a4fd439a07cb079,7356
d:67510bb63bf540ccaff1fa46a8e7e84b,7357
d:675276bbeffc4f8c8080be6f38d55956,7358
d:6757f4fc012f47039a6d369ec20f240b,7359
d:6758dc0a7fec40c19905009af3f9a3dc,7360
d:67590f30729c4ca7b872bd64471072c3,7361
d:675c3093cc6540caa3888b3c407f1534,7362
d:675e0401a6174e15897cde548774313f,7363
d:675f6a80415a411cb40c02018a976ab5,7364
d:67607916165f49f983bbccf3445f90b9,7365
d:6768a949e4604fd783446be8e836ef17,7366
d:676d1cc727d24127ab210c20924aba46,7367
d:67717cf75d20445d93dc98132de762d8,7368
d:6775eeec66ec4b4281f1d516e5c0f46c,7369
d:6776f151f5c84c1eb15ff8ba7a01a754,7370
d:6777e6581e1843cb9d6b19bdc819dcf4,7371
d:6777fd9057574f4c8cdbd18d14afdf0c,7372
d:677bfd6ea76e4961b6fd1ae4c2cee421,7373
d:677f1efc2ebf490f8cfcc45456c0b02c,7374
d:677f8e910e594526944cbbf7c122dcfb,7375
d:6783694d636445048255be16c16bb6ba,7376
d:6785e27e9f364835961278a74330228e,7377
d:6787b1c4bce24be2b828ddd69c20d43b,7378
d:678b9d0d99e548a1a26c88744c9ce7b1,7379
d:678e340783d24e309dbba27f3de45db9,7380
d:678fbaeddf2c4013b14821f78ffc6eeb,7381
d:679317c414cb4a209396cc5e29ea91f4,7382
d:679712ed7f494508b8f1174bb7e2225e,7383
d:679916f34b8b456f845d81ba8acbb34f,7384
d:67a6461067d0443a96aac51366e11388,7385
d:67abac912ba4426cbf117b2c470ec2bf,7386
d:67b0424ca375461bb9ab6d1397b5b84a,7387
d:67bdb714c6514490bf3aa1ec9b360855,7388
d:67c3a6fceab04a8e93585c9eb69e6117,7389
d:67c59ecca8c645558968fa8260d3a35e,7390
d:67c9999b23b444438ba729d7393417a2,7391
d:67d22628cca543d8883c287928569ed9,7392
d:67d7fcc9b6e047778c501d5e4bd46365,7393
d:67d85e7e035e437aa65f741fce188434,7394
d:67d89e1a564d40f29fd67e2903cde522,7395
d:67da79412ddf4bed9a261b0831691cf1,7396
d:67de217807a543518471cd7a4d1e04fc,7397
d:67df2e811ba1437aaf9f910b87534946,7398
d:67e02a62a64e45348e770230daeee210,7399
d:67e2c9a56f4a47b99e77c8196c26e0df,7400
d:67e840677de14642adfa895cabe89824,7401
d:67e9df5bf2c44ce2a0ef49e80ee0c1d5,7402
d:67edd0e68d35418185729882ec591e6e,7403
d:67ee7c75a9e940a581768e7b9365827c,7404
d:67f7ece3def44a948279fea58b9f9aa8,7405
d:67f970db94794a1e96ca031902f3bd14,7406
d:67fa83ba01e2477bbf1aaf70f53b442d,7407
d:67fb1cc49141455e98ad229f137ae96d,7408
d:67fceb004b3b40189dc5910ee72d84ae,7409
d:6809b6812deb4a5c9f881b56c8ff78e8,7410
d:680c16a58cd5481d84b8a5b0c4adb187,7411
d:680cf30d891842f39eae02bad5efad52,7412
d:681f961951154ab2aaa82e800c5991d3,7413
d:68263ab5e88841bc9c8907910b3e4765,7414
d:682a00d59a5949c7b881421d538340d5,7415
d:682c5c6abf134620a26bec249ea1f2dd,7416
d:682de6df77c3487b8c56c0d133a870f1,7417
d:6831b135d3784861a2d22b38ff691f54,7418
d:68366a7b23ea4b28864f0b54d0d27343,7419
d:683bf27ad0474ee88a34258b1c85c0f6,7420
d:683e945772b1419cad36caf1a4a3b37e,7421
d:683eaf35b57e4a24b32abbccbd844961,7422
d:6847bad03b99415f8123a0a319626c93,7423
d:6849865eb2b84c6997e93a61db297a32,7424
d:6849a94350934a47aa5902d6f972e5c4,7425
d:684b96d12e2a4c588fe95a0fe22c7a20,7426
d:684dcaee13ec41309329b9c513132af0,7427
d:684dfe0d41084edf8b34b693c413f4eb,7428
d:6856a40d7e4d45c5b9f848913a493145,7429
d:6858b342f23144f1ab4f51bdc07e1bae,7430
d:685fc788d960471eaad4e0c80cc08b12,7431
d:6861f85f94244ed099440b9b0450a8d5,7432
d:686399155a6e4e768e618db80ac3bc8e,7433
d:68673c06e60144f6b0878cb4157c7542,7434
d:686b81caa7f64ff09ff8ee73809f8d6a,7435
d:686df999ee3a43b7a3bea722c2f7ffd0,7436
d:686e992c2256469d8ebf732a6c39b2a3,7437
d:6875609317364bbb84ea8da9623622a2,7438
d:68758b21b7ef451b853f574aad3a3df8,7439
d:6879e429d1de47d7bc3ed7a0397ff7dc,7440
d:687afa8920a54b7590d373138f7d43b3,7441
d:687b2895977f4a96bb25e5931dcca0f2,7442
d:687b8ef362eb4062aaf7d04ab35ef4f3,7443
d:687ec6052fcc474da8554ece2e4d3d1d,7444
d:68836c3f670a45c4a6e59a4a83acf0d1,7445
d:6889ea5960374e0682b1b030a746d46b,7446
d:688aa7d76e53456f8aac41c70b744445,7447
d:688bf81ff91d4d4994fddfe8e36da1c7,7448
d:688c6499f85e4edf9644cb4c2bb04c49,7449
d:688fae0861a8495f9158236e329d7cf2,7450
d:6892313876034a268d13e1ef9a16dd14,7451
d:6893a476e851488aaadfdcf49ff2fc8e,7452
d:689a82434f984326b9e91dc69de1129a,7453
d:689b2c4e36d04ab5bca9ce753148bb5c,7454
d:689ce8409a08419fb58c92e38f31178c,7455
d:689ef47c8a884ca8a7470fb36fcf430d,7456
d:689f911867324acd8d5e590294e99960,7457
d:68a0f3612c524360b34fa42cc481c100,7458
d:68a1101065584cde96854ac49240ae6f,7459
d:68a5f69e72d64748a64980d7f8dc8652,7460
d:68a7a87f631a4ffb909fe7fac8abe8bd,7461
d:68ab941f31494b1e92b9c3f8f364475c,7462
d:68afd1671286432197b4e08582b28c20,7463
d:68b4ba84f69744a4993e51b644d20b85,7464
d:68b7d06984b6471aab4a6a02161c3d15,7465
d:68b9092be5374b2e9e9ada76993efe92,7466
d:68c0e89d08b84ef7aa464a0f571b648d,7467
d:68c5dea04c3340e0a796dd94caa3dea5,7468
d:68c9da0ef8a84da4a34299c1ac17d274,7469
d:68cd92da69da4b4883f9421754dbf5d2,7470
d:68d03d2e2a8948b3a6b809adb1e2eb1f,7471
d:68d1183a3a9e45128862ffbeceb4147b,7472
d:68d58ff460dd4b00ac5cced2350bc895,7473
d:68d62e9b140945879348eb9ea77da302,7474
d:68dd37b40fc947248c0902342c55cf87,7475
d:68e40fb79be04c0384426e8f75c4c774,7476
d:68e617c2aaad4e86b000c16a586287cc,7477
d:68f12d9132fa4852881f2678b7e3685f,7478
d:68f26eac16514aea8e5fce0b9f9b2c43,7479
d:68f5d43cb1b2491fa21dfcb0a9261df0,7480
d:68f70efee5c746e4be17676f2ab04860,7481
d:68fcfc4aa6d1499caea2b5d23c56df4d,7482
d:68fea73630a54182822e86b9aaa5a761,7483
d:6907b27d242542c78816514af67bd0f3,7484
d:69125eb1fe4c415f965ee7c7ebaf5998,7485
d:6916b1d20fe84557a4364b76349d1dd3,7486
d:691748169f614c76b481436a9e9dcfbf,7487
d:691b1a7a3f8240c58afaea4a57f8fe3b,7488
d:69247b5bbd4d40628a25505a9f929b74,7489
d:692806d10a3e48a9b037271ea16d10d0,7490
d:692a83dfe3cb4337ae225201c57448d8,7491
d:692fdde0761d429eb87049ab85dc54e7,7492
d:69311553b13a4fd5b16cd506ed4a2edf,7493
d:6943d83df0794297a4cf344ddac54429,7494
d:694863a5457d4cf08aa374ba6c7a5f3e,7495
d:6948ee2f04454dd6aa1ff49eec81cf2f,7496
d:694a4dfe990d41858901a36ea810ebee,7497
d:694aed4ecfc74eefa961c83eff91c5ca,7498
d:694cfbb909924faba0be9511cdabb2e0,7499
d:6959dc020cf54364a3abfb8fdf2207c2,7500
d:695abefd1efd47dbb8e75c403428a5df,7501
d:695e362b7ada495f9f31ad53bd523a10,7502
d:69663a9228ec49d8b44b6648162af299,7503
d:69713023d4a74a6198b7d311c4242879,7504
d:69725213434e4b8ba63a0b7ba1515908,7505
d:697523804dbc43d593e9141ffa5cb9dd,7506
d:6989485f3db84049bea54364ac44fb42,7507
d:69894e46ad9e42f8a78f4cf92974c65d,7508
d:69899ef24e724114bc7966daad5e8316,7509
d:698c282d75ba46c7941eef7e4556e587,7510
d:698e6ebee92d4d629c10fe8013184cfb,7511
d:699b4a1cd6884e1ba7a102179e5232ec,7512
d:699cb82fbba149eb9b2207351f7fae3b,7513
d:699d14da1db74a9ba8702836e45ff4f4,7514
d:699e3c11caf449ebaecc915ba49f8c1e,7515
d:69a17602765347eebd38438b4a014eac,7516
d:69a483f95e244854ad241e2fb7f01e23,7517
d:69a92558a55a44db9c7abcbce3b881ac,7518
d:69ac163437a44f829498024e350f3d19,7519
d:69b657e7bce644089a46b259625a786c,7520
d:69baa4c434fc403491eb67c29eb72205,7521
d:69badcbb21bc42da8942c17c69494b58,7522
d:69c3147ddbac4bd5a87d6a840e0de239,7523
d:69ca50dd96994f7ea4224a3779eef786,7524
d:69cb48c79e0e4d44a6c4bbdaf185e074,7525
d:69cb5897e5644696a8dec73204b0334c,7526
d:69ce99fdcab74bcea1c730369b71a13f,7527
d:69d1f2f77f8e454ba2e832cef926f8cc,7528
d:69d4231d26df4f1299fcf56e3413f706,7529
d:69d63d7180464ce6b444aa3ad76239a9,7530
d:69e010c999e44238921b545433778b5a,7531
d:69e2f640371441e6b71e9d9b3f91c8f8,7532
d:69e49bb0d720482c86c3608096f6c775,7533
d:69f313610ad345f6a660d8f57941972a,7534
d:69f7a3b9cb0e4397b8e5b7fdb14dce9d,7535
d:69fbb4ea4ce54a9bb467523680399d5c,7536
d:69fe0e0c954f4ed4bb8204125de138b4,7537
d:69fe909895044831820a9b6258148961,7538
d:6a0458f110cf49a1aeac6d43486e96ea,7539
d:6a072fa09f2940638d3ff27015226a08,7540
d:6a175c1123724b328290adafd4caaf92,7541
d:6a1856ee07464a1c9faf1612c4d96168,7542
d:6a1910c8d8e44ec3933ebaa4d640659b,7543
d:6a1d02c693fc4d649d720f1b32984197,7544
d:6a2488fa45d94ceab4e94c21f351f2e6,7545
d:6a25c9055f2d4d87a5c6264c72b6e6b9,7546
d:6a2878aac67142fbbdda2afb76344368,7547
d:6a2f4ad9eee24f67a45ad0e05795a7b6,7548
d:6a32592d4de94bfa87381393701cfb3e,7549
d:6a39327b85454e8eb148c409377cd6ae,7550
d:6a4e4b9f88a8470bbadcd950844a55f6,7551
d:6a58041810184c13a500c6a08d756e81,7552
d:6a6006f78b4c4fb0bd4e4d3dfdc712b6,7553
d:6a602d2497c24d34a8adc3b62c84e5ba,7554
d:6a67840c593d4ca5a8c5837afa3741d0,7555
d:6a69fb0bc7c44ceb8430e46a218dd769,7556
d:6a782db2929b421db0610cb4ffac91a3,7557
d:6a783a76bd844ea3ae2bfd1197fb0115,7558
d:6a7fd3e830e1438bb9119a6b35ee2285,7559
d:6a8afec8318342fe9679d61f6e09ef33,7560
d:6a8b94e8c7ca4fc984bd42e1aa783c89,7561
d:6a8d36ea85c4431c912803add83b82ed,7562
d:6a906f7815db4dc28fba460ef3b2adf2,7563
d:6a9353c5827a474cbc6a2da96b48f082,7564
d:6a93949cd39346319b087e551d21c776,7565
d:6a98c36c335145a9b529b060721f7c4f,7566
d:6a9931bc15914aea967df335a4d3664c,7567
d:6a9c6d5c9dc24751ab5424de08d2798a,7568
d:6aa0be8b156c4181b79ccb7d14675aff,7569
d:6aa1766d73f1488aa92b119b9ee1c224,7570
d:6aa535a050a8414496ac9fb5ab56f031,7571
d:6aa8c7a89e04457cae7b31e426fb3849,7572
d:6aab7538a9e946e0a78a7c8adea5fafe,7573
d:6ab1363e388d44f8af243cdcc1f56ddb,7574
d:6ab2882879db4fa3975c64a918f833f8,7575
d:6ab4f1ac07474bb2bdc505a01f61b25f,7576
d:6ab882c2bb354d65a09bfdc074b2f58e,7577
d:6abbf5ec7c454984b6d916d8730749a8,7578
d:6ac5c473188e4dfc856a0e9fad653564,7579
d:6ac81ba6a52f445fbcfee2ded04caaf1,7580
d:6ac9dcd081dd44b2a19ff9d582ba4f33,7581
d:6aca5c60fc384fb793deb2f939bb651b,7582
d:6aceacea827d4b5d9870319332d0e84b,7583
d:6adba7dda22b44488915dd747d222858,7584
d:6ae12d9c959a41249d7a85cca13616e6,7585
d:6aeda5ebd96f4bfab4b6e79b9d52fa18,7586
d:6af78f210c8f4258b3bd35ea012d87f0,7587
d:6afb0186e9154be1a31c34200dfacc69,7588
d:6afb35fba23c47cda7d0f1faf2ee3d40,7589
d:6afe93dc6a6b451db38b1c2ae97bbb18,7590
d:6aff3786bca94b8eb891a4959b5b469b,7591
d:6aff77e076e542beb1a0050f4e803162,7592
d:6b0895837ab0459a831777391090344d,7593
d:6b0a5870e25d4c588a527da072233114,7594
d:6b0d5affcffb4636a8bec6474800c3cd,7595
d:6b0fd937fdf9498c9ffc455b6d957d99,7596
d:6b10ccbe463b4be085b168f2fdeb0049,7597
d:6b1df7ab20dc417283462d03492a913a,7598
d:6b21dee0979b43128e2adda2a463429d,7599
d:6b259b86b4964c119fb54d9e0737ee12,7600
d:6b26a161167c4947a5d66e2ce732403a,7601
d:6b2953b451a249ac9628ff1db07232f0,7602
d:6b2a68f9bbee4a849958f58b5ac5044a,7603
d:6b2e10139ef44d82a96e9278b6843f2f,7604
d:6b31736912cb4bddab505e73c94e6e5a,7605
d:6b3420abb1214a3bb861c7a6a0307fda,7606
d:6b4136709bb7484d982ef7dd1b656897,7607
d:6b41ccb522ba4c3d869633a483440b5d,7608
d:6b430cd92093401ba1f2f9087e35070f,7609
d:6b458db83b2d4105839c1bfd5687c1f5,7610
d:6b4c0432fbc040088e83834ac5ee1f65,7611
d:6b4d8143eb3c41a4a302028b2d4b5abe,7612
d:6b5283608e874b89b38405bb4fae93ce,7613
d:6b5447f1bd0e423d991930988ca0da61,7614
d:6b58306c8abd425a922a5c77df21dee9,7615
d:6b58c666918d45ef99d702a7ad7cc238,7616
d:6b5d5f9e403c4301b932a584167b36e2,7617
d:6b5faa0a4dc74373b446c789ab92d4b8,7618
d:6b601284ea434ffa852497f636ffdfdd,7619
d:6b6724cd15df49de8bf7c3b32e2d64fd,7620
d:6b7025bd8d084bae87745e403023c792,7621
d:6b7d1dcbd1e94e01ac53de58f5f0fad0,7622
d:6b7e373d32114ef48782998a81445c59,7623
d:6b85b43d9a7e4dd1933ccd10088b741b,7624
d:6b8ab7682ff34fe9ab05229698e479ef,7625
d:6b8e412819bd40d79804907f208fd9a1,7626
d:6b900e0d26a347d5a883c6351007bd3d,7627
d:6b90445465aa417d9a8c7ebec3f299ac,7628
d:6b924355aaf1416b99112299afac6900,7629
d:6b93383d030a42a3854b931c6764eb29,7630
d:6b9473868f9041e3ae4b9ad2c463e1f0,7631
d:6b969e3c1faa44faace7002040e357cc,7632
d:6b99cbb697294e6ab4a23f22f16b4be7,7633
d:6b9b4a48a1044964ba860a8cd67ccdc5,7634
d:6ba3338fe0964e9db21cadafabb51364,7635
d:6ba9c9b151524b94a94b2a1688ab7deb,7636
d:6babc4848d4645178619bff759e22bd9,7637
d:6bb1fe4f44254212b938dc1c22c14095,7638
d:6bb2f1d2610a499c8fe87fa2d77d5d54,7639
d:6bb383ba5b16415e91341a304043f8d2,7640
d:6bb9afadaa134103a0ab0c7ada782486,7641
d:6bba8a407fcc4959a6919c1438344291,7642
d:6bbbf2ff905e4ac482fa6999993fae1c,7643
d:6bbe0796e7e84dd9b4fecc84c8978da2,7644
d:6bc0034d90354432b1e225a7a3930ac1,7645
d:6bc1c063838d4bac8c26216313aa3b57,7646
d:6bc1f17fabd94cbb907112ece83e0135,7647
d:6bc4ad7f93e34e34b7418f9c7f8f6b4d,7648
d:6bca13552c4746518a1fa1f15c17b6af,7649
d:6bccf0abef92425485912f94e927228e,7650
d:6bcef283bf2f4201a79b9c1c1ab2a1ef,7651
d:6bd352e853854b8fb191ffd6d47e9db7,7652
d:6bd7ae43be3947c790ff4f89e46055c9,7653
d:6bda360b2e8940278596a07be8f984ef,7654
d:6bdc8dae71fe49e6a7c9d404a0c9f1a1,7655
d:6be1aaf4273e446aa35476bfd060674c,7656
d:6be7d4b18aaa40839091ef09850d0bd0,7657
d:6be8d80312e049f78ad71aa6726b833a,7658
d:6be9f4647d444c969e4443bbbd8fc4a1,7659
d:6beaa803807c4bf28f0373ea1391c2ea,7660
d:6bf6bcb2286942798ec45faca181daea,7661
d:6bf81873154f44b2889a4819c6ea30f6,7662
d:6bfc10571be54bc68b690f5f449382ee,7663
d:6bfcb3a404c9462da2a328bcee53ee11,7664
d:6bfeaee63734403887c87b62210a9bb4,7665
d:6c00366612a743c8874b287f3779143e,7666
d:6c0251547d404a46938418eafa71d0ef,7667
d:6c05a6b4eb4044fb95242c1564339987,7668
d:6c05b33c24a64d5e9d5d0226f993418d,7669
d:6c08cfb041fd462582a5cce7dbf59e41,7670
d:6c0ae1966e0e46b898f6b0e02acec534,7671
d:6c111a19a7294fc3ac3b97bf7c96eeaf,7672
d:6c17e94483ad4bb1bd7cca0a4a69c109,7673
d:6c19fcf200f2444fb78509cda6cf333b,7674
d:6c1cd55f51ba406bbdf2ee161159bf9a,7675
d:6c1ddc02d4864a15ba62b0c173d0a000,7676
d:6c2a4f18a846414db7f695ee2af05c28,7677
d:6c2ad3d71fc44144a48f195605caf155,7678
d:6c2f0ad7b7204ed79df94f6a3b1eea74,7679
d:6c327768b94f436bba6a9ee14ac6ce38,7680
d:6c32fd4348674954b025646d7b825477,7681
d:6c346cfdee8c4b5aaf7e141cd85629a8,7682
d:6c34a480e08b4596b4d0ebab8d840f00,7683
d:6c377b23cc994550be0d4a23e5f445f7,7684
d:6c377f5e12454d12aef8593bdb9640d4,7685
d:6c3988898be74b53965d5d6df3f9cb56,7686
d:6c41540cabbc442da622fb92baeebf2f,7687
d:6c4159ff0c354287b75cee118d103ecd,7688
d:6c41c119846c45859c00fd30d215e708,7689
d:6c45c56cb5ac4084bc919bd1243d55ab,7690
d:6c486e3a499b4e2fbe1af993baca9ebf,7691
d:6c4fdffbd6a542548b7461fd3c8cef16,7692
d:6c540a1d7e374657a4a2e45de1c54c1c,7693
d:6c56a54628154dfca9c88544f7a86b5e,7694
d:6c5ab9d9d4cc4bca8ebb8bbcf484d319,7695
d:6c5c0071ecb24b918e32af285aa643b3,7696
d:6c635b697eaf4a71b02f53658581de79,7697
d:6c721b3f57c246c093ad3249a2ce73c8,7698
d:6c7358e196b0439e83d02d0fc7e7cba4,7699
d:6c7385c7eaa14fe5af2579496a6cca94,7700
d:6c74ecd1ba7e4209ac093e191df33a40,7701
d:6c76d562a9aa4543a5b811e9107bae5e,7702
d:6c780fae5f37418db9d513b3491c17db,7703
d:6c7844e664b445f7bff6a0d8f64e2e1b,7704
d:6c79d0c7877e4f25bcb185e05f018353,7705
d:6c7a3a11c7174c43b5d28df68822b1e7,7706
d:6c7aebc829ac462cae0aae4a37bd25d8,7707
d:6c7ddb9e805c48acb2a5f860b6553d8b,7708
d:6c89a4e5c5fe4cfa848e53cbe466d23a,7709
d:6c8c6f4be9e44db0945b3447c580a46f,7710
d:6c8d18f9720c4878b7699f29ff5a4fbf,7711
d:6c90e7a1561e4a8aa97f76400fd009c8,7712
d:6c96b8d5761e45a1829f9bb19e2504fe,7713
d:6c978d117c284682b60d45b35c7ca44e,7714
d:6c9891351d2543e299386c8411723378,7715
d:6c9e31e5922e4c289d4931bc410ffc0e,7716
d:6ca14bebe2364789b98e04aaa03d91cf,7717
d:6ca426ea235b4759b8b427b7b5faf4e8,7718
d:6ca8f0d7b8f14dc3b346842a2c2b5980,7719
d:6caf126ff5cc4ba09f520e1c6dc56a76,7720
d:6cafa35f8d2949fea942722d52a88891,7721
d:6cb50b5b2acc4998816eeeb72ea38575,7722
d:6cbab72748f746a8bb825a29fbcedada,7723
d:6cc2848ced354bbca65d5c6c6a634ee4,7724
d:6cc631dd59b145639e4c9ead456c621c,7725
d:6cc700fc51b64604b4334c406252a57e,7726
d:6cc8fcb811c94914acf1b8628086d126,7727
d:6cc9df9e03f54d2ba1327e574998e2fe,7728
d:6ccb2a4e4e4a44d9a8c222b9cd305cdb,7729
d:6cd5f423ebef42e7bbfb1739ee14e750,7730
d:6cda7bba02ce4f059cc43cd2e5ccad5a,7731
d:6cdcdc84d67546128b8f7c940ff6b210,7732
d:6ce1ea04e96b4259a3810c342fca499b,7733
d:6ce563eb2ac7430badbc787d0c682bfd,7734
d:6ce8f5e278364e6e9ddfdd031a6562ef,7735
d:6cf07f1375d34094be7c8773928e7850,7736
d:6cf0f48b6ba34381b1a85e0aa780987a,7737
d:6cf2220bac9442d28c006a1d93fbb869,7738
d:6cf8eb84e53c4413877647353a3cd2b3,7739
d:6cf9a09e8de14aefa934dca21ba47215,7740
d:6cf9eceb31b34316bba337ed7bc4e8c2,7741
d:6cfc485d62a740b480da6b84f48aab9f,7742
d:6d0489a8dbf5443098b4f7a30b838ce3,7743
d:6d11b78f24ed448bb758e3b4fd7063dd,7744
d:6d11e2c7242941db81205ad01b887c29,7745
d:6d125b598de54b1b93b1e707d0e8b67e,7746
d:6d169dfe419544b7b68e881621a7f998,7747
d:6d1ab6ceffa24673b7831e23ad627132,7748
d:6d1e2ffd5e214070b56105e0bea66f77,7749
d:6d21a72ea1844b6082111faa3e8aab15,7750
d:6d2268a939274117b79e7f5f13b0dac0,7751
d:6d23b62d13974ed089f04fad5952d3a1,7752
d:6d2500ef96524788964b1b3e8c1c9401,7753
d:6d2695f49a3b4dd9a4ff08c1752f5c17,7754
d:6d2fc0db34e24183b68515d7366404df,7755
d:6d333827d6e0462ab61f053bdd1addae,7756
d:6d337bdd4f7f4ec3bfb52018c01dc8c0,7757
d:6d360735ee724e0baaa1c114c2717a60,7758
d:6d36356d471b46d8a3e687ac75d8fd9b,7759
d:6d36c10b9d8540ea904a39083bc711b0,7760
d:6d3bcec382e047fca383018c32a48a7a,7761
d:6d3f03019e974178afeaa42ec1be9aa6,7762
d:6d409dd31e8e435e86121dbbf3a61405,7763
d:6d44eb1d38b94687a92e7ea4c41e4a82,7764
d:6d466ccd05de4538b0c33d4834e9f5a8,7765
d:6d477a4e09db41198e097a78e4234d30,7766
d:6d493a4cd10f4ab79d0f80c0a4ff9308,7767
d:6d535cef6ac043a195b52643d3376e5b,7768
d:6d537a6386a24c00ae64753ea1aed381,7769
d:6d58a734ef304e83ae821bfbb0b0f2ac,7770
d:6d59512927204fee82ebb58b94cfb239,7771
d:6d5e0eb03afd40678f3e2e54f453c76b,7772
d:6d6117a59cff479cb28746a229f2a8d5,7773
d:6d61296cf95b4a10981788e6919f2236,7774
d:6d62abbfac274e46bb9602c7a4a44b2e,7775
d:6d63196662c741748c4abec7d0afaa37,7776
d:6d6483c174524f8c809466f9ca6fc738,7777
d:6d6719f6e7124d8c8474391f814fb48f,7778
d:6d6ba335f59041e8ae866ae68fd9b6cc,7779
d:6d6c03814d65427eafe8ff525e5c0804,7780
d:6d6f709f53ea4482a9bd62e759d306c6,7781
d:6d87a27d688c48bb8c6c936b93ba6994,7782
d:6d88f32be01642428f5242e7d23d851e,7783
d:6d8d1599f1c0498fa17f202901a14c0a,7784
d:6d8e8ff5d1004642880a6813d277a72f,7785
d:6d92c0370873455393408d9a6f907670,7786
d:6d94fa54ee4a426185884194de4544cc,7787
d:6d9967ba600240e6827ca53aa6ad1a92,7788
d:6d9b8500af104411856503dbbd4d0141,7789
d:6d9cd9fecd654524b203ce9e74fe5e5f,7790
d:6da0434c957246e69f45904043531f78,7791
d:6daaa6fbcc164ebc89fb0b585d07e2c8,7792
d:6daba299094b48b18bf21be9fddb3b6c,7793
d:6db9d549abe543acb5608cabdf9ae121,7794
d:6dbba34fcb614837adde0da9ac5aa557,7795
d:6dbc72d10c0e42fb91b71ba76efbc710,7796
d:6dc11b8872664f91b70bc458508a5f29,7797
d:6dc2beadd47448c8863879e3950858c6,7798
d:6dc3471201f647f09955e2fb5e9d604f,7799
d:6dc4ccae626041fbaaf8e47f0dcd802d,7800
d:6dc63441db5a40e9bdd5b984bcc70a42,7801
d:6dca7dd6b8684292bfc32fdb0e7a1924,7802
d:6ddcc05bb7b64df881b78d28b50f6843,7803
d:6ddce66089094ff0b172788c82677123,7804
d:6ddfba86ccda4bb4bcb6fe26c976714e,7805
d:6de425776d024e3e9e4b375f9b2e51f4,7806
d:6de504e009d04a3a97df1ab64d762e3c,7807
d:6de8786ce71d4eb1b81d664249a4efb4,7808
d:6dee6664f45b48b2b408fa56fd559fff,7809
d:6dffaf17f6e04c3296ffd37dae88521e,7810
d:6e1293a295e14562887caad0f939292a,7811
d:6e15b79ab66b424bb350953bbb056559,7812
d:6e16947a83e04f49a76ac5693fe3f5fc,7813
d:6e1892440498418bb5db6c33feaa54a5,7814
d:6e1925c7bb744ed18c66b169c08ca8b5,7815
d:6e2066ebf6914f5a807366e9c8237a64,7816
d:6e231d050fc2465dacf9728cdbbfdcc5,7817
d:6e28d2f74caa4c8a9d8b2ef3a8780a84,7818
d:6e2d7a67dad840e6abd20024ee18274d,7819
d:6e31f215bd0342b1a7b1be8972aa0c1b,7820
d:6e325264d8334b96ba77dfd42932ebfa,7821
d:6e32e87d53d240688ad7fdda95d58a3a,7822
d:6e33ea6f165a402988c7a21e45e7dcec,7823
d:6e39f6880f044fedbb824acfd75deafe,7824
d:6e3c63dc4a084981b74200955185f679,7825
d:6e3cb1bc16c7448fa4c6f7add586b8f3,7826
d:6e41a1217c194b66ba841e3398b8f6e9,7827
d:6e42ed3b8d1b474c85788a771c242d75,7828
d:6e480b5d4dce43289f830528b7a265de,7829
d:6e49e0c978cf4366aa4370f88c04629f,7830
d:6e4c661406234814964a4fc498a0eaba,7831
d:6e4f59672d0440dea721c2545a892ddf,7832
d:6e50d4167c884ca2bff4c6e9cf68c2d6,7833
d:6e51460ad98c4681bc65b381fa2f31cb,7834
d:6e51c6e6815c4cabbce38f9bacd980f6,7835
d:6e52e68cfc1b480ca5ff1d5b7961ceaa,7836
d:6e5a83e5427d433fb3e12da4a86abf0a,7837
d:6e60acd667d64b0f9b4c4e9687ba3128,7838
d:6e630c31cff0491eaf5e19048b756d92,7839
d:6e66e9424d254562b69107ea89821934,7840
d:6e689c5b6792477cb1d4a73ae646ac07,7841
d:6e692a6ecf684cd2b2b43da9537cb406,7842
d:6e6963f055b5475ea535c14112dc8062,7843
d:6e6a10aa63ba45a7964a530021bb5064,7844
d:6e6f3ec7ee954ed1a716129018afa026,7845
d:6e708fe85c9c44818d0129100b8934d4,7846
d:6e71df228c1845ad8514adbfcf0fad6e,7847
d:6e805e994f154022aa2961be5caa3b5b,7848
d:6e816452e4ee45f0ad170f6e4bc2974d,7849
d:6e82648d05904ae6827ac8664c1d2817,7850
d:6e842655655c4aaca551ebc28a91575f,7851
d:6e8563f1e7a0453194a01037d7afec41,7852
d:6e89f0140152430782ca156eb13e1e5c,7853
d:6e8c59a79ba84286b9c67eae8178ee12,7854
d:6e8ed3e8964d48bd8668d24ee520e6a3,7855
d:6e8fce4f50ff404393cda7c942acbb19,7856
d:6e91a653fd8a4dd0ba89c8f887e1ff96,7857
d:6e92a62de81844838fffee409bb0d498,7858
d:6e93d627a1664fd4b18fddd9febc52d1,7859
d:6e9972f4ba7d45758ee076166a487d70,7860
d:6e9ea9393880465894271c418a0d8277,7861
d:6ea00a87157e4b55b34500633fc5889c,7862
d:6ea66f0624854876969da8c6d881d99a,7863
d:6eacc95cfb1f4aeea5508442cfe362d2,7864
d:6eb3fa341ea5493587f4fd50bc78c79d,7865
d:6ebd2b60e0364c6bb3157a125c21645d,7866
d:6ebef71bfa5e44cdb70a5c5a3fbb4d62,7867
d:6ec1a88a98f948908b5a840375b5c28a,7868
d:6eccf31a3f9d4d5990b1850cd7a7d075,7869
d:6ece25f06732490f980ea229f62881b3,7870
d:6ecea27197204358bc14bcb4697e9ec5,7871
d:6ee7bd6416274d0d9c8367f3a02a2630,7872
d:6ee9f59e558d4a05838517e1c4e905ab,7873
d:6ef3793de1ae4252939b489fd9e970fe,7874
d:6ef7e7b969424c88b85fc98ffa69c6ce,7875
d:6f028322e77a41f69b7b7a991ccc4aab,7876
d:6f0b0d7ba1044c20b6497572cf25128c,7877
d:6f0e7f886e3a401d84639942d65112e9,7878
d:6f0eb724f9914850b583c03e480a07fe,7879
d:6f0ee32cb6e54ed7bc627f29486846e7,7880
d:6f10df53cf0d4abfb434d9ec5e8cfe1a,7881
d:6f11a369446c4e11873a302941f08a7b,7882
d:6f1ae12d4e024520a9c30fb23047917e,7883
d:6f1d83dc59b74da89a441dc18f07f2c7,7884
d:6f206303c4b84a4c986973e2784c5545,7885
d:6f229f200eaf4b2b9c6db29983674c22,7886
d:6f2799c09ddc415980d0b5715dd9c5e9,7887
d:6f2bf0a256614a6db1e5888657f37349,7888
d:6f301198c9dd42a4b567495d8d013d52,7889
d:6f3092555b5e4140a25ad845b5926782,7890
d:6f353234cc3340fea548ecf1b1e89193,7891
d:6f3827de41cb4fd98a382c6b162831a4,7892
d:6f3b1b65fb294f8887e7da601193e2f7,7893
d:6f3e48e7d79147548ff7c2cafbed6cd5,7894
d:6f46a61aeb6b40efaa0f2173c79fd370,7895
d:6f4a3fef9a2e4d2ba2660cfb7bab237c,7896
d:6f51da492f12403dabc0ca5a0d45f70a,7897
d:6f52aa9eb6eb4ced89c1106355276c12,7898
d:6f52fb98fc7045748b7d8006e44eeddb,7899
d:6f55c8d655c644a4b944eef1982a117f,7900
d:6f62bd7c037f448c923016651341d019,7901
d:6f63189965724caab20f6d3d36fe196f,7902
d:6f66bc5703464e02a2a11ac17860a42b,7903
d:6f68ee5122bc4b66b23287cf1140dc3e,7904
d:6f69e51fa9964a07b2929f2c252f55e7,7905
d:6f70b1cbfab742f1b0d3f2a33d86f622,7906
d:6f72fac4d0e94ed1bc52d7be5660f8ff,7907
d:6f7e74990fea4525ba3f4609247418ba,7908
d:6f895ee9da1e48218f1725b15aa19fcc,7909
d:6f8e7e8ccdb64e2e9599e089795954a0,7910
d:6f8f989e48824bc18d1751552a8d92eb,7911
d:6f93912c114d45e0b473c538841ec279,7912
d:6f96c3027f99483cbc10a30f788c3b89,7913
d:6f9c9933d9594dbb8791f1330076b5b3,7914
d:6fa09bbf60784f5988706691c5c33dd1,7915
d:6fa0b22749b9410ba082d6a42cf8eca5,7916
d:6fa4f3251aee448c9f7950ba1b935b08,7917
d:6fa81c2848ba4daf81cb40f9e81fc2b7,7918
d:6fad48fa69ee41e4bf7f25aad692fb90,7919
d:6fb0e7d67ecc437787b4d815d5604fbc,7920
d:6fb3975486e540db9d44bf71e5878fe7,7921
d:6fb483fd07284806b34dced5585afa48,7922
d:6fb511b1800d43eea6f706f73d2aeae1,7923
d:6fbd3d154f8546bc8ebd89c66a5e8121,7924
d:6fbd5bb40c354fdf93c651c8074c2e7b,7925
d:6fc245580a384c378447906a1fdbc745,7926
d:6fd0ef98d22a4749a4eee08a07160cb7,7927
d:6fd9c3d24542493fac898ac8dc509054,7928
d:6fe196029ade4dce9a4293cd4a171438,7929
d:6ff0e67a16594a498c5a1c4e08d98c75,7930
d:6ff1f64ddd4d405aa11d477abac7b083,7931
d:6ff42afd42954d63ab190fb6eeb6eb6a,7932
d:6ff72cc8614e45f7a4795107607028c3,7933
d:6ffd2f2cd0304fe682afcf0ec2498420,7934
d:6ffeb7c8cbd242e2aed07869a12db7e9,7935
d:7001d339e1f74d8487a4b73c13ec7241,7936
d:7006e7a5286046059f3baa5ba507c507,7937
d:70074dfa882243bab2092873ed9b8563,7938
d:7007900d99db4d65b8884499f967004e,7939
d:700a843b65824517a25dcbd80eaa84c8,7940
d:700b2d6fd67044d68f6d4adf8ed70278,7941
d:700f0146a70544a6b090b386355084ba,7942
d:70109d7a06334980991e55fd97f44b5b,7943
d:7010d30dd74e4ac5b2615e3bd9be972c,7944
d:70137a78429544b4980e229c4859333d,7945
d:7017991d574742f1865a222d4374646e,7946
d:7019b9ae6f574fc5ab820b6bb45436bb,7947
d:702075fff92a4b02925c93d5251e9dfc,7948
d:7021793e60c84deeb3a884be4837a018,7949
d:7026bc0ef24f4cb58cf44c57351c4fcf,7950
d:7028c1330f7d4cae9a9f4225aac368d6,7951
d:702b547a78304eefb050468dacd8127f,7952
d:702bbc046b4c4686a5d628f1251a3e05,7953
d:702c32b5f8914ac19609b2aa60f6f868,7954
d:702d6316161147db932213bb6caee9fb,7955
d:702eedf342874a2eacb9ac16366b68fc,7956
d:703391c2f8c74a028b0fcd5c395de7a1,7957
d:703a44b60fe04c4ca7aa8757fc0d4281,7958
d:703b38adcdf54c3eb54d1a93d08fcc9f,7959
d:704a9481095e48e1b7434523b5bbc0b1,7960
d:704b3f68735b44488f1542fe8798f00e,7961
d:705188768cc7436a90bae353e9090d25,7962
d:70536c8685434ef89c4fac3d661b09bc,7963
d:705398382ff141d591ce3315e58d9542,7964
d:70544c82c1c74b27bc59e3aa11f44058,7965
d:705d6af85d324fcdaa90c0fd4f73cdd3,7966
d:705dce1357f148c0b2a3a2f29c0a07a3,7967
d:706064566705425396c4de6efd9f1ef9,7968
d:70619942b2074a489c7d43c4a37b0acf,7969
d:7061addaa5424111bd01336bcf0d4a58,7970
d:7062663b0d294adca6c45af1017765d2,7971
d:7066ee7b478644ac99bc43657f08798e,7972
d:70677b7dc77a4f3a9828f49dd4f77e4d,7973
d:706c4b333e4244529fa883e10792e967,7974
d:706d9f3286dd47a7bc6943ed2020fe62,7975
d:70741ad5cd0c425ebfb7dbe852ac8083,7976
d:7076adf0908c4ad9ae3ed89de37c8909,7977
d:70790f724bd44791a2da17474e6c15cf,7978
d:7079c995a81d4a51901b4da6baf2e8de,7979
d:707c8827c1aa46e89137780defb59086,7980
d:707cf092cce942d7bf685c3d62773d93,7981
d:707e6dbe98d84064b72ed139af1e4540,7982
d:70817066fcab48439983ac1fa4eb3782,7983
d:708460db7e904f6fa2c219c56f8e948d,7984
d:70851c4219fe4ee187459f3467c54bc1,7985
d:7086cab085a641508d9cd836d13abb73,7986
d:708794914020467d9a727b01d4ed8f8f,7987
d:7087db38ca1443188805a6aac32b2320,7988
d:708c8642cd20407fa3bab3401b0212db,7989
d:709385d3fb2440d4911a4e3290c5cc03,7990
d:7099a09f437c4f169f87f977193a4272,7991
d:709b9ab25e214eb1bece6d0f8f0dd9c1,7992
d:709f5b0005a540d187ce7945bb309795,7993
d:70ab01379fce4cf4986f9628ffe23e11,7994
d:70ae91eda583446da8cae90f2f3fb3fe,7995
d:70b013c181e44343ac29bc92cc33f31c,7996
d:70b8c25ba2484cb183e20eaddb49988e,7997
d:70b94f33367f47d6a6ff862a73201646,7998
d:70b9e312fb224f7ab184fcae70fd8bdd,7999
d:70ba98e0d8174500bebc49e720059772,8000
d:70bbd4d2740a40d9b94c7ce50d2922e2,8001
d:70bd84948732475299ceec65fe927e69,8002
d:70bdcda943f0499987c43e7a08a27cab,8003
d:70c6a337dd9d4b548d2fc8c6a0a497ea,8004
d:70c919ca88e6466b893864f480403c53,8005
d:70ca2ded609d46fdb7d474722e817209,8006
d:70ca422bea5f4e868d44685d9942f64c,8007
d:70cc8f15cca64a029ccafdd57af0e696,8008
d:70d0947307dd413e93e86a8cd8e69b31,8009
d:70dc5c0666f5423190c56242cea38d40,8010
d:70e2fe820b1f4763929854d0dfecb7d6,8011
d:70e70c26935a4d3faa7fc4b93fdddea2,8012
d:70e75580fc15419ab97e17cdef87df35,8013
d:70e8fd19d32b43f98db722c049900de3,8014
d:70e9cf9682a342468ed4bd8d70cd019f,8015
d:70e9d8e7787c46b3a666415f1500eed9,8016
d:70ec6ff5fd584a639a7412859c9a5b49,8017
d:70eccb82be654a72885a9c9700aaf1e0,8018
d:70ed1d325ebb44c785e21d5d3d64ac84,8019
d:70f73a457f4b4482a257fa85dcc66be1,8020
d:70f74294aea6419d8b8d5bb4710398a2,8021
d:70ff155c63814d428bee9d0a83cd2567,8022
d:71066a2ed6374ff8bec3e90a3eb391f1,8023
d:7107090a3d594824a806db24089d6a8b,8024
d:71124fe4d7e6436381966cf5a5b46c1c,8025
d:71126c985e464628bd5ffc110a64ba1c,8026
d:711685fa4c9c4ddfa61bcfa47c8dcf99,8027
d:711b5ef96ed1439bb43f68e00e9bbdf5,8028
d:7124028314d94942a1822c132b055358,8029
d:71289f4187344e3e9cddc32f2f6a6530,8030
d:71291e8e541b44c18754b2a3c0a107d5,8031
d:712abac89e6d4d5cacd79754c76aef10,8032
d:712b03a21f82431493dab29a77fc60a3,8033
d:712b4fb504b54654afa9e6effeaed12c,8034
d:712d1afd0bc44260a7526f75b557d3b5,8035
d:712dd890114d4dca91c8dedace4b42bc,8036
d:7130ad34cbab47ef94af60ebf83796c5,8037
d:713114a3d80f4d8d96552801a6b286a1,8038
d:7131628e570741c5848d8ae89ab1df7c,8039
d:71316394e1a942ee8180aa26072ba77a,8040
d:7134fa5fdfb04c548f1a1d9b46d03dfb,8041
d:713717cd6c8549dabacaf93d2d58af76,8042
d:713d64bef31545ea9c209864bb802746,8043
d:7140d0892488444a9f79edb690bb9603,8044
d:7155dcd0400d4373b7b047bc055b8b7a,8045
d:71560441f6604112bef045c294d9055d,8046
d:715802ba692a4d0db6ec48e4e59d137d,8047
d:715a918805a4436d9276550d68ac8cb3,8048
d:715c7983dc45415a9db71288d3455c1c,8049
d:71604b48c04e415b86bc5776591d9cfe,8050
d:716123b566754043a9995fdb6a79d7e0,8051
d:7165b91a7b044502a8fc8ee1b58de08a,8052
d:7166463d5f4c4cbcb20455aa6cf5f963,8053
d:716b19b464144868ace7e94876fbe65c,8054
d:71721672f98b458c95cb14661916cee5,8055
d:7175827decdd417781294163842be890,8056
d:7176fea95f264709ba5171493ca82079,8057
d:7179a44640f248e19e7a757b9998631b,8058
d:717aa7caad4a4a32acb7bdc2b3b212a7,8059
d:717c85ac8a3b49d48132a99a2ffb1302,8060
d:717fe8e1877645c088e12fff5cc52277,8061
d:7185f25254fd4d6193fc583426631150,8062
d:718b60d8d9c44f43abb897472a2ce895,8063
d:718c532ba7d24e7fa8a449bf71ce2a7b,8064
d:718e65b9e20648629c8338aabca311fb,8065
d:718efe79d20844b3b58c210381671b91,8066
d:718f1e2a299d41a19ecf467bd6239678,8067
d:719011cc08ff4c3583f2af6995f3d6db,8068
d:71908bcc912c49f09ceee4ffba643f8e,8069
d:7190e5a0dca4420fb91df7f9c2123174,8070
d:719323ac7ae34ec09c5db2e068fdcb8d,8071
d:7195787fb87c474ebde380eb83495000,8072
d:7198da45152241d2855ea0063b53f9a0,8073
d:7199f216471f48cb879a0e83494c893e,8074
d:719a697f77144c038902d51bbab8f118,8075
d:71a2b5d337a64508aa82099a3f76856a,8076
d:71a3471b5df04be28586c4880fdb0f0e,8077
d:71a52d0a7f14438ba0ce7eb8cb36bca8,8078
d:71a7f708e91e4d4a949910310d5557b7,8079
d:71a9683210e8423a86ab9b1d73ae48c8,8080
d:71ab389d52784b22bcf5fc0a2b15c95a,8081
d:71b2737dd6d4468998087358351192a8,8082
d:71b6158f90c546cd9cdc653131899f86,8083
d:71bb4e32734d4ba3a09ac6630dfd3778,8084
d:71c16eb583414c499a2dba8d300ec854,8085
d:71c763bea6c24c0bb563f664e8e18dc0,8086
d:71cd12dca2974057b0bea926235f68bb,8087
d:71d2202f124b46bfac10f910bc41ebbe,8088
d:71d47d75fee2431494e64b7805de5574,8089
d:71d4fa24f28c4922a5b6824139d80bbc,8090
d:71db776719d942c4b3f9c14cb6175c74,8091
d:71dbcd1ee6244d988c3ad09d4bc4f3b4,8092
d:71df68247b7e4f0c8cc7d1eab343ae2c,8093
d:71e00823b96444e5a3748078072a8aed,8094
d:71e2884405444c49aa962639f9c91d4d,8095
d:71e65f6972cc4a688d69db1c10a45972,8096
d:71e9923dc134456fae2f77d95c70683c,8097
d:71e9a23d7e8f44c0adf5b0e1509606fd,8098
d:71eb60c01c7a4a05a7b32cea4d18ebf9,8099
d:71f68225928649d39f05f84d50706c02,8100
d:71ff5953bc57471ba03b64baba1e097c,8101
d:72015c44fc3440b1ab9113aa76a05780,8102
d:7207c8cb482c4a4ebb5703104caf35ad,8103
d:720beda57e56453bbe58d9e14479134f,8104
d:720ebc0ec0e54fdeb1e2887770b74496,8105
d:720ec9f7507749339c3add818461352e,8106
d:7213c956f42146c69b3289686e0efe56,8107
d:7217d788fc3c4ce0b2853c351e460b99,8108
d:72186097abe745a1a2acd32b25ad5bca,8109
d:721a3663841f45d68869c54a91420ef6,8110
d:721d1dcb33df4e37963bbd4e1f7c1718,8111
d:722112e019f1424db0e303e21a1a9801,8112
d:722382ef49f846589039d0a023ae8889,8113
d:722919d5741e40a0976671afec91c401,8114
d:722bb5b071d3463ab5a1619b06e17e91,8115
d:722d69b8e0244dc0a8c3898ed2237e87,8116
d:7230f84a7d7d42358fc6abbc647d1e8e,8117
d:72330576a4b9475a8c3ef32c57b626d4,8118
d:72332fc9646a4f50aa9e40a5d6859b52,8119
d:7236b3bdd7854dce9fb384aa224a94ac,8120
d:723baa1d20c245ffab89380b943dd6ca,8121
d:72418203585a40f99966122da96e2171,8122
d:724ab1c2a6df4f2faf21c101c653fc75,8123
d:72508163e6d04092b6b1e016734fd99d,8124
d:7252cb97102442b8b6cd9006e5ec7162,8125
d:725709144cb1486389ffc88bedb08c4b,8126
d:725f43679cbc4eb7b2fd57b4a81afe7c,8127
d:725ff26368d64298b895ad8cfe3a6184,8128
d:7260a6b5831740b393ce107796790a1a,8129
d:7260b2cfac5141788a90548af101c191,8130
d:7260df2e091d4259a15e386cbc24f492,8131
d:726270c41eb04b0bb9baddba27736d33,8132
d:7265a881209a4adfae9696180dd2f091,8133
d:7266c43aa0f643bdb051c3b082e71c71,8134
d:726e17e8144440faa16259e281a10cdd,8135
d:7277fb8620c2438ea9b1323b7904b983,8136
d:727bbb20832d4413a3a50288b1d97510,8137
d:727cb13c159e43cf834845b8ecd864cd,8138
d:727f6d90e78f4e09a5443159b2e2dcc8,8139
d:727fdeffc24e4093b9ad310a35668e01,8140
d:728a6309ccdb4aff96903ce4dab0ab32,8141
d:729057f2faae4544b0208405aa6e5938,8142
d:7290a43b9862480c9c5aa2b7d8a2e7c3,8143
d:729226fbd80a4555a2f4592631a91f3f,8144
d:729509c287284612842ed05a8bd9f4ab,8145
d:72950c4fb6e444c5aa6bee1de821493a,8146
d:729c635206394e34b1050f99f3231a6c,8147
d:72a70aedd0da4f6aba86719b8d3103d7,8148
d:72a949bad65a448dbf43d2f2ffe193c0,8149
d:72aae29b36094e6c9152ce80422e5fc7,8150
d:72aeb07310614901a293eda8b8952e7b,8151
d:72b6e7d576ce468798c4d289ff9e163f,8152
d:72c38b13b46b4b63accf71f7adc9cc95,8153
d:72c3d73cece44c3eb7e14e1cf460c049,8154
d:72c8a73f81304fef9b86157aa67fea5b,8155
d:72cd5b49fba8485ab24c81c0c7e5e336,8156
d:72d9474a1e884537a1c72e1330c6dc04,8157
d:72dbf2dfbbab4008879f88afbe648a0f,8158
d:72de834aa4ce42e1a46a8530ae8cb2c3,8159
d:72dfb1c1bf3a45e185354038af664a5e,8160
d:72dfcda8580b4dc7aa1ece056850a892,8161
d:72e642585bba4d519ce48e96596bbd84,8162
d:72ea051eb17a410298fde562d80e0d86,8163
d:72ebd8ca56f141c3a9e47995c884ebd0,8164
d:72ec2755929f429f918345ff86f2649e,8165
d:72ed1a4955f242ee8f0bf108e49b734a,8166
d:72efe4c19db6485893beea230d60986d,8167
d:72f35f0c21ce43f2b5f14a6db1e5f960,8168
d:72f8fb36e6d84ef2b7890bd08d57f193,8169
d:72f99e75d1ea45bbbf2c9f020318e3e8,8170
d:730078f721df46cea5c8f069e4a03c91,8171
d:7301051c11b24fa49489e5f8ebd5e8ee,8172
d:7301be1611ed4b2599257dbc63fa3348,8173
d:7304d448fbff48408d9a5637c62f8841,8174
d:730b91b8264e44b5944718c5d35d6665,8175
d:730bb2f8a07d4fd7a01a008e182da31c,8176
d:73112bd5306a49fda0a25d72e3762a9b,8177
d:73142698ced54cfaa0dc105bd5bfc3b2,8178
d:7318e31458034b4aac21bf58ffed5ce6,8179
d:731dfbca49774585b69ac4a333f79fe0,8180
d:731fa113d2634c64a8503c6e953530b0,8181
d:732084c2a1ec43f38af417849e39bcad,8182
d:7328fdfe67ca49daa1ef0b388a2ae2e0,8183
d:732db52c946647b1bf8fe02425dc30ba,8184
d:733326ce8b784de9832e0b6c12d1da1d,8185
d:7339a3aafd9e42d0a8c843b6c6e15fd2,8186
d:733bba2f0714499a9cbecc5bbaa7894c,8187
d:733f2b34acfa4747905ecb78d54b8823,8188
d:73402c773dd345569db25b169a96bed7,8189
d:7340747a47f641e28f9a21454925ff77,8190
d:73425e11a50d4831a040c9601c369ff0,8191
d:7345f3a144d14d8ab9c2dec9ebc04ce6,8192
d:73477a0d6fea411e957f2b720b2e334a,8193
d:7347cda3b60f49febbcc7fb0f9956590,8194
d:734a1434b9bf47f9bd8690e30fa7cc2e,8195
d:735054c79c784d7088cd888bc7507f44,8196
d:7354379dc87f4461b4cb4807ad7cce47,8197
d:73592945787b4f7ba5ed5f3a1850cd54,8198
d:735d7061205f42b9b1503cb9f55e5f18,8199
d:735eccddd5ea4145b846f65d81b04f50,8200
d:735fd34eb67e472f9cce48e851bc28b0,8201
d:736089d6000445eeb54f4e8e93df6ab6,8202
d:7361656a68e04e9b9dc57ca5b51af711,8203
d:736221d5d57e4b8bab2b10bb3259cf3b,8204
d:7371ec8ee7e3441bbbf34cb2e2189aee,8205
d:7376b4a82ca04fbfb3648e85f9c5e2b4,8206
d:737f3a5393634215afed099df799ff8a,8207
d:7382bb2667104d91b081c29857c140e3,8208
d:738731c69d25439cb5a35dc21968c114,8209
d:738a79f174b345bc99b9a9ca1fcc2ef1,8210
d:738c62a869334f7c891ab95ecf3265a7,8211
d:738e600480f740ddaa3151d577f4da90,8212
d:739059da1a814f739e7bf26c9c9c0eda,8213
d:7395c703b84e402296f876a6706e097a,8214
d:73971b5701d8407fb05d2778ce5c5605,8215
d:7398cd3f9c254e9a8d58bc302a8b5057,8216
d:739c02b71bbb496a8a725fbb6f7950c4,8217
d:73a31b77be0746b8bc21ed0f3f907f14,8218
d:73a7fd11679244ba894d6bd26b56a5e1,8219
d:73a82c4534bd45cfb0af753b63c86c0c,8220
d:73aa88db252745baac5b825aca5d6ce1,8221
d:73ac1065080347c8b24b52a9b0319341,8222
d:73b194f4a05248928c72b1220b89b5e8,8223
d:73b5596cf4d645e1b06d2ac4a464d176,8224
d:73c1274013d842688f71cecd0b2ef4e3,8225
d:73cb256f19f74aaeaa425b4bcb5bacb6,8226
d:73d200dc7e474b2a87a5197143896afb,8227
d:73d638c9a2854bc5a6ca4dd1f451dfc0,8228
d:73d70c7a7a9e478895ab0b8c7b8b900d,8229
d:73dab20b76c0452db9689b6b49694fbc,8230
d:73dc828f2a0e442fac3d852e1c17ec19,8231
d:73dcc63ae112496fa52f7346e5d2c516,8232
d:73dfee0ee97e4a76a031225c6dc930b1,8233
d:73e0372aa2e145dd96c3b2cbddcdfcef,8234
d:73ea081b019d4193adb483def1f206b7,8235
d:73eba25f663742fca7c7a1012df178a8,8236
d:73ecab92bac54899a3bd2250c2c0a581,8237
d:73ee15b80adc479a8301f05641b89e64,8238
d:73f1cf8adcce4f1dbce002a300813e8e,8239
d:73f309aad3d24b7da37d3ede6beac9e4,8240
d:73f4e86a605d481a9a46867f41ffacbf,8241
d:73f6e3ab7cf34108b96dd7f1b2d25152,8242
d:73f9f490b43f4f1a989bd6392462a476,8243
d:73fa9edc8e874f3cb2765d6f6c4d53e1,8244
d:740070fb19f040de9dd68e464bd1ac06,8245
d:7405510d113043b58ffe249c01529152,8246
d:7409a1ad9f0e4e4f90e94bd5b9503007,8247
d:740ab131c3b4486996918bb7a7ae8ced,8248
d:740c2b46fab14274a1266f58c7168dce,8249
d:741c0f9eab444262b58a42c3c70f4a94,8250
d:741c3938dd80464cb7df71fd86cf18f8,8251
d:741e82d0268a471aa2d70b4c062b084a,8252
d:74202839825541e09cabf85123c05283,8253
d:7420648a79bb41c181bfadf690f326fc,8254
d:7421d5c0df4b4ce2832069eebceead2a,8255
d:742877d48b1848ed8c3626e699302572,8256
d:7428ac90d8684141ac43b4c33c01d840,8257
d:7428e567f0464742acb5d0954511e765,8258
d:742b153e8a9a4e8e857bde81bd52c939,8259
d:742b268d8f2d445bb5b3b4a43f81e097,8260
d:743141d9d1e3451caf65ac63d5b2bca1,8261
d:743315c6ef2a49a9aa2561f2cc6cda09,8262
d:743b1261b48f4d6a9988ce28d8f16682,8263
d:743bc361e73c49dfabad8f6b65293ec2,8264
d:743bfcaa370948e7ae81c24acfd14170,8265
d:743c4cfaf8e64fb5a253707522786dcf,8266
d:743c4e92d3a34df296486ba58aaafc30,8267
d:74407575ab7e405280750c0ca265520c,8268
d:74422335b01d43eb91779fa36db11bbb,8269
d:74470ad05b7345b4adf81f9ad81fa8f9,8270
d:74497c0c58b64e74a1c8a7a61ced6014,8271
d:744fb8d198a54573ae5366815975433c,8272
d:745080b1f55e4cd8b2ecc9096d40e4cb,8273
d:74508ca638764be9aa0940da6c96e531,8274
d:7450bab632f8445ea30f7d987e1f7559,8275
d:7455b010ee5d47aca6687a4e756eb838,8276
d:7466b15688a245e2bb9ae4fae6386345,8277
d:74682cbcfa88405dbaa802cc362de089,8278
d:746b1a5a1b6d47a381fafa9eb635e835,8279
d:746dc363d0124ca0adca7ce2003fe114,8280
d:747d499a3fbf49b38d9fddbe35063823,8281
d:747db8f1cdeb43b9a3b0eaefa7162c2e,8282
d:74806db365534b3a887f6d963386192c,8283
d:74813978bfc04eb69cf4689874ac7fc6,8284
d:748645e9c4c742cc9d8fb400fc79a5aa,8285
d:748c6a3adbea44c796dd10a31274c52e,8286
d:748f110e45744f069cbf348043b6face,8287
d:7496008fc93b47078f682619ba318b68,8288
d:749bb2ed6c344d11969a45865b3bcae8,8289
d:749de67a929544e19a002deb6111eb2a,8290
d:749e02721ca446de942d7e3e75e57c54,8291
d:74a695f529544b01ba5459307df2f1be,8292
d:74ab2db0c68b41eba966b33b0b9f0dac,8293
d:74ac0cc6b0ba4f9eb897fb2fb2df50c9,8294
d:74b3365c40c741389ea774423b0d26b2,8295
d:74be5cb55c3e42c6b7d96619b86ea7a8,8296
d:74bf1b528d1542759f382cec219c8dc7,8297
d:74c17f0f3f81485a985f4b09882122f6,8298
d:74c3fc088ced4dd6a951b31f42900a60,8299
d:74c43d41fb294a5fbb41f214186ac016,8300
d:74cf6c3c8ebc417ca9ef11e110ae2646,8301
d:74d1bd41fa194c609142d0b2c9905e3b,8302
d:74d469bba14744d09063fa8c5e76a0b6,8303
d:74db06d5dc1e49668be3d1e3144a96a4,8304
d:74de4fdbc75443329c756f614513a8c8,8305
d:74dee209d8c14bfea489d5b1021f747c,8306
d:74e0c12131b04f71a34efd0a44489fd1,8307
d:74e6c75c977a490095b4c5eed90de635,8308
d:74e7de7cf7154a63af8ca65eadd4098c,8309
d:74eb2836d5b84e1985fb54fb81fccc15,8310
d:74faa49ef8b84c66a2a9599239f243a4,8311
d:74fbef67390a408594b2470a83a1b6e8,8312
d:74fc1739278e4ff6b044c16873cf6b6d,8313
d:74fe066e2ab24e7e9ad463bea805fb7e,8314
d:750a95929c9a4532a79e93308b137cfb,8315
d:7510dcfa68af4bde92750eb8635fde5e,8316
d:751517d99bac43cfb3d9cfb2ec84e33a,8317
d:7517c26d5acc4c818fe73703168f4d52,8318
d:751beb0f00a340bdbd403d4480eb4749,8319
d:75206d58655d428da6fc965d6f1127cb,8320
d:752b49e96cad4199837557668b78d5f3,8321
d:752dd5b5a11f4343bebf73271de7000d,8322
d:7536257a997442438b33792b413f03d5,8323
d:7537ab272888435282cf81a6107f6beb,8324
d:7538cefc368d4421929339659ecb0450,8325
d:753a1c5baed4431d9d92930547ae4833,8326
d:753f9aec188e4adaaefbd678e24f9ef1,8327
d:7540071eb60e4f2393a9779ecb0a7b90,8328
d:7549dddb97314be3b6e382b3dc9febef,8329
d:7549fa085bc84379b126d918275ec254,8330
d:75530917f6ec4618bc8f64de7241df89,8331
d:75556f9cb78a400c8d020f7f6055ff7d,8332
d:755b67486a984522994bbd6e2cca5249,8333
d:755c29466bad4e0195467a71550a1f31,8334
d:7562ef225b474d69b59e06d24dc57c90,8335
d:7568edce5a8b4578af0e80e7b2c307bd,8336
d:75719f08a4674a08a1c0a487a88116d5,8337
d:75763dd48fe04ba4ae91fa10fa1453a0,8338
d:7576569f19804bd5868a3dfbcd1ebcb3,8339
d:7576fec42f544609906881a90d80bdab,8340
d:757719d98996471d9ed4d41ae1f2de79,8341
d:757d86e9fd2a47bba2324436c3f53889,8342
d:758050fb354e4b7faddb5880f69aac34,8343
d:7584497896594fb4aa90769f72ce00aa,8344
d:75870d93f1e144b7a96b770121c0065c,8345
d:758c53780ccc4a5eb8e7430f0c8a9555,8346
d:7592b5bd2c1c409e9fde9a40b058d2e4,8347
d:7594526f62644d53971277af0c6722c0,8348
d:7596feaf73bb4b6e8cdfeaeb2d62520d,8349
d:759ca65492b04c2d90fa0bf9434e618d,8350
d:759dc3c9398846a2ae23951c897e6ab7,8351
d:759ecffe1d4748e6b5c500600a53f315,8352
d:759f1c395ecd40ef904aa83dbe05c27e,8353
d:75a22af17f8948d4b9127c2142f150bb,8354
d:75a5ea271f974e3c85cb137766d1439e,8355
d:75aa161dc871427c84f98062a61b362f,8356
d:75ab4914688d47faac13d6983459f2d3,8357
d:75abf43d2f6d4962a94eda1d78da6e54,8358
d:75ae2ee317ee4a3db0a0e47c810ec9ad,8359
d:75b2ff8ff03f4a49928398f2c7905ec2,8360
d:75b811c96dae48cfbe7559eed0887569,8361
d:75bace245bda4d95b22b094d17886592,8362
d:75c1ba7e511f431d830299752dbb8479,8363
d:75c7fe9e45014cf4b3a17c6aa5a84d3a,8364
d:75cee4a5a2c94c9b95655c03dd7aeb69,8365
d:75d43162c2bf42bea296014c818d820a,8366
d:75d59c43176c47d484032871a8a2b6db,8367
d:75d613ca0b9f408cbde16a168862dd80,8368
d:75d8633101714f9caea6b2f00c1d1c3f,8369
d:75e3abbd465e472ea83819daed49f1a7,8370
d:75e71fe237fa4a43a041d5f5db439cb8,8371
d:75e88b849f704f7dac4887da53e1793a,8372
d:75ef9dae4e994ae38e58e0cc117fb873,8373
d:75f027eac13c4395b2a43af8a68dbae9,8374
d:75fcfd51969140a0a487ff21c0cca6db,8375
d:7606981d3a7b46cc86424b88b366af43,8376
d:7607c5a6c07246a89b462eefde09ab61,8377
d:760d46ebd1484517bce7c5b01a573b55,8378
d:760f730b1c084ee69f2e1f094b3ee505,8379
d:76112afb6c58494f9695274248699cc0,8380
d:76169711e7674b98b77171c104f35a55,8381
d:761938b72e8744f089f7ce0edcad7020,8382
d:76196c388f144e52aeee3c4a99290d4f,8383
d:76245959d1034d0fa471b71c32e59ba6,8384
d:76247260ffab4ba9b847a56ea9cd615b,8385
d:7629d620985d4d32a1ac7f6ceb3aca79,8386
d:762ba519048c4af08726bdf176f38aed,8387
d:762c6460b711476daacb0ea8cbebafc5,8388
d:763474716a47492c814797d0dfa26160,8389
d:7634887aa8b744eb800f4a6794449b04,8390
d:763acac3aea0462d9543ab205547ea20,8391
d:764444beb99b427eaa60a2fe140933da,8392
d:7647e51386064775bf5ad7eb1b742205,8393
d:76481129382d4da8a948e450fe3bc8b6,8394
d:764ab2f92a97462ba85e5d746eb83800,8395
d:764d4f8d10b64a0384b79fa081a43cad,8396
d:764fac5000ef4a30bcdd1d1758df5e9a,8397
d:7651b9eff58c48ee965bee4792536ec1,8398
d:7652d93f875e437e9887c6b2f6b85122,8399
d:765768f6795e43c99e60318c1cb27ba2,8400
d:765ab288894f40959b544a65882624a1,8401
d:765e3211fcb64b03987d0b76ee5aedfd,8402
d:76607f0c892a4c94996ad9e733678165,8403
d:76639a763a5d4a799d1ca3a8476a4c74,8404
d:7663a743d5dc408997adc9861d6d00c1,8405
d:7668c65f31bd42f29db40c6dfbce7292,8406
d:76696e1aaa7945dca4322ddff7a68d1a,8407
d:767211ded104469a88551a9d21ec77ec,8408
d:7674d5dfd5df477da8d45e2624698323,8409
d:76780ff93e044cd2a8272a3239dcb9e7,8410
d:767b940108164174803ec7f134e96139,8411
d:767dca2d7be94dc293fff9e67e70a456,8412
d:767e93f2742e4bf68f73c273b1d49e4b,8413
d:768577b27b6649058456255ca923fa6b,8414
d:7685f2be2559477b8d3b3f138c20e790,8415
d:76896948590a4eccbda262d467c87265,8416
d:768e87a9f818459c95d3ad0bb151c369,8417
d:768fa5e7bfe54d0bab9d1775edf3ab8e,8418
d:7698090f7eb0479c9283ad988b9e5c0b,8419
d:76992483f12e43e4aacfd5168afa7d5d,8420
d:769fe7d410234f1fbaa02290f61e5289,8421
d:76afe8bb9c304d9da061b9133e90cd70,8422
d:76b3c1b6118d45098df54603eb7990ae,8423
d:76b920312d464ddc9156dfa056c87433,8424
d:76c06450599846be89f4755fa0abac1f,8425
d:76c3763cb83d4914a93a231359e8ce67,8426
d:76c757a9ccbb4b699ac4b7a7442fb3e7,8427
d:76c86269ba1a40ad811350e2314760ea,8428
d:76c8bb3b124c479f84b1059fa7b01ff0,8429
d:76c96773063242a482a30e96a61fc403,8430
d:76cb0f64426c4430af5ed7c9c956c1ed,8431
d:76d7173622334e39951b65210b62d2be,8432
d:76da0c08d62b433e8a98909a7e9fb79a,8433
d:76dcce3c83af43ab9b1007357cf46179,8434
d:76dd4287e8be4dac9c46339122a59dec,8435
d:76e3bb2dba4d4c67bcf7cb8e2d15184c,8436
d:76e3bee8b97c4c1a98ea2d947cd06231,8437
d:76e5fb105a9c42a595698d79f68e9f68,8438
d:76e6cc37b29b4e8799fd36b43829858c,8439
d:76f45561ee5c4112b28b413b10ff6ab3,8440
d:76f754d7c249459dbc770388e6674b75,8441
d:76fd391704344a1e99d7ef4d80431c7f,8442
d:77007103c6e64fe09574682921e7baa3,8443
d:7700ed328d4e493eae7da6b3531ed94c,8444
d:770103e7d5b2449a94ee4dc7e4e0351d,8445
d:770117a437df44a6a7cc98b007666503,8446
d:770ac555b3624dbe8621eca3ca93d79b,8447
d:77108e8282c74f83a2d78dc90c97bac6,8448
d:77122dcdc79f4ec0ab24baa1dbbfaa33,8449
d:77170fdb1da14c9290b1ee58f959dac6,8450
d:771edd8c00144dab8806e047ed17a2b7,8451
d:77234d636c7e43d39029903104f9edf0,8452
d:772503d555fd4dec9a7452f2f79cdb84,8453
d:7725e819f9834bd39064d3fcd57162df,8454
d:772638c93afc45c7aaa2bde2ddd3501f,8455
d:77283457082545acb23597fd04062843,8456
d:77296cdf52104f938693267281d58d8a,8457
d:772da361ea3d4e58b61fd9c9d720b4e1,8458
d:772e4bfe0ec944569d98682b87ff02b4,8459
d:77307e6c26e049eea5f2ce07aa93b90c,8460
d:7732b0397cb541fd9b105e96db7e037e,8461
d:773b419f1ab8431a9b4aa0d093258c26,8462
d:773d7060cbbb43c0871f1187bbbd34f7,8463
d:773dc17bafc647c988ab144d153d7fdd,8464
d:773f5b9b0e8c495fa2b0fbde175e424c,8465
d:7740aa62e8e14631922d628bb5c081bf,8466
d:7751f3c3312c43369aa44c424d0636a6,8467
d:77532f2687884d2ba96f590b4951840f,8468
d:775be3d021b1422b97665721b7be8bea,8469
d:775beca250b943f2a31f427f0886845f,8470
d:775fe7100de24a60be3265f39d9cf855,8471
d:77616361b2284045a15c0aef3c90eb96,8472
d:7769e5a351c54abeac45cca9a8ab08ff,8473
d:777bc1d352894923be2adda155931a08,8474
d:777c71f566c449ac97fcefec956b7d75,8475
d:777d8e9509fd489f8e45269d9d899484,8476
d:777eaa1648a34298a133fa3b2c733a30,8477
d:777ed26234674356b7700a8b3a194abb,8478
d:777f405f53994449b52a3c9448a72598,8479
d:7781e8b34af54c60bcdc3b4e17038018,8480
d:7790ea0f89474c53a0a60fa7310acbee,8481
d:77a0c645d8814eada4a5427975870f7f,8482
d:77b16972160c4d5487dfbe8725147486,8483
d:77b7bc1554d8468b922e5ad4f78ed1a8,8484
d:77bb3a9d8ed045cfab70aa62df14fa42,8485
d:77bde17f878c498d945a37830fbd539d,8486
d:77c4976199cc4fbeb76994a6b27861b5,8487
d:77c57214807f46e6a23e154c7ac7bbd7,8488
d:77cd43e1e27b456cbd453bff0312cc07,8489
d:77db10e256e3459eac1c37f06fd5ef5d,8490
d:77dba824ec5d42e3b7134d760cc8ec06,8491
d:77ddde2ade824341923cae92d80f101b,8492
d:77deda85ac3b4118b048cd868c863190,8493
d:77ecc9854c824f6aaf56e61e9f49d546,8494
d:77f384c6c56643b5af50072a031d2e77,8495
d:77f882467ec04a4492c0825d11d2ebe9,8496
d:77fb7e5a3bd94f0080fb878646e29d35,8497
d:77fcef9f011f4258b528f028f05c261e,8498
d:77ff898b0137432882a4b00dbf6151a3,8499
d:7801405d87074a7a9dc7a41bd34e7208,8500
d:780409e169f0473991cf9314cf9d46aa,8501
d:780a8c592e6a484ba5006690d63a61ba,8502
d:780d322780824e4792b69a3993582c3a,8503
d:780dcc534e5f4310afec6f92bdb600b8,8504
d:780f388bcb17414fa581acf8c657a720,8505
d:781236e313db47a4af334fed1404e896,8506
d:78132f81ece14d3b8f98fc20a02d3c82,8507
d:781d375e657e44f5a60c93340561460f,8508
d:781ddb3eeeb74fa6ba13b992ec6a207f,8509
d:782023a64b3b40669c7505b15445f24b,8510
d:7821beb9a0f6447799557512101e6d85,8511
d:78261e7027f4449294e905fe7e5a6a11,8512
d:7829682fdb3d4abba0642b016080a2c6,8513
d:782aa8d9296e43e7a778f53b8306b33c,8514
d:78304f757f30440e82e86fbdd5569243,8515
d:7834e6e44f6a4813b1fd4f499c72a8a5,8516
d:783767f6909d43528d7dc67da58ba3d4,8517
d:783a2d5db28f4b16bd9d5e9bb438bf96,8518
d:783b4d11de4e45098bb6f974062606e9,8519
d:783be16b077e40328fcce104083a6a99,8520
d:783f97b4684743c9948711a3ea3db248,8521
d:78406f96ecc44ab8b40b4fe68c9fb226,8522
d:78415663f9d846109160066856482be6,8523
d:7842533e27bd41cd8890ea67b07a9935,8524
d:784579c19c134a9ab7b088d2521fbce1,8525
d:7846e1e923c34b1aabe6891ad600cc4d,8526
d:7848a9d1aa3b4d1cba758c3c4a32f808,8527
d:784bfcc93301446ebaf109d9611aa311,8528
d:784e2f7b3f98453bbd2fe7a7dc50bde4,8529
d:78526078f4bd4b01a7d656714b99e9a1,8530
d:785a0b98dd3e41d19aa233a898139628,8531
d:7860f2fc8fee45579d950e680d951958,8532
d:7861732a23754e4cb6299ea45a364e4e,8533
d:7861f70cb5d641b2aac4a9003691bc48,8534
d:78637be9c8614eb6ac66f05ef96dadf7,8535
d:78661e8031c54a72ace1e19d3f0fdad6,8536
d:7866a909f54140449640fd8d9fd25ed8,8537
d:7868e33047a649aebd92f4fa3463c7df,8538
d:787927aeb7774c5eb6e373c3e59ef1b4,8539
d:787b15b4b19a431eb719595a2eb0c865,8540
d:7882765d01d54f8aaf58f18ee4e59a24,8541
d:7885107e385b48b19ea39332d34ef109,8542
d:78883f222bb746569fb2a894f6a5b936,8543
d:7888b93bf86341e2a4f69e20c5c1c748,8544
d:788b0eadf74d43e7b2b691e7773a6fab,8545
d:788f43217d5e4f48b7cf50f6d539fe0a,8546
d:78908e7414bb4efe80d113d91feb8e78,8547
d:7892789b0b7e409db7b7fd113c84fbb3,8548
d:7892aa8cf3544847ac3a7438d043bb9d,8549
d:7895ac7b547d43dda744500af6f3deb2,8550
d:7898cfb309f541a98cde22f2a2b6bbf1,8551
d:78a40affcb2749c9b9ccd6cd7d228e9a,8552
d:78a681b82a2c4278970c2c0310d47ed6,8553
d:78a9910008e9424a94c28fa7d49c2003,8554
d:78ae90568fa6430b83bf3255215c5938,8555
d:78b0ac8850bd402b8af7baf7a242f594,8556
d:78b558e9007040b6adb86b0338786f8a,8557
d:78b5b77719f4404195d01f01a590053a,8558
d:78b68f8b9ef34ef2b597a8bc6725ced6,8559
d:78b77073a1294bad83209d78d4f455d8,8560
d:78ba5bcf6d8441feb6e782d967dcc63c,8561
d:78bc8dd4f599458b84bd95d28df6a75f,8562
d:78c04588c6034a489b5466cb11f8a783,8563
d:78c28af0e4b9452598405396d7e0822c,8564
d:78c3fee32c3b4a0ca79d92ebac92d36a,8565
d:78dc8a9102f34a80b4137d498c634de9,8566
d:78dd230672ac4c408546de3d552cb6d9,8567
d:78e9dca7821242fe91fdb80c46e0c53e,8568
d:78ecef2a53414d968d9f01637b6b478e,8569
d:78ef68ec87344203bf7c7a30bdda7fab,8570
d:78f302ea75a64b29aa3324f15c870600,8571
d:78f4db05eed3483ebd9593bbba716ce5,8572
d:78f92b05df65440594beee019cf4cbc1,8573
d:78fc9e4a86a248319eea0610d411d7fa,8574
d:7900cddc79c444249495428715ed5b06,8575
d:79045b1e632a4a6c8bbbfb97cb6cc57a,8576
d:7907f91f4559431c97da03f452f6bf27,8577
d:790b4d50f47748409b1236f385fa55d5,8578
d:790e713a191445299ea1957e6fa25796,8579
d:790f441fce094483b18cb04bd90f5f7b,8580
d:7916ba0b75e542589b50b3318e100c65,8581
d:7917613b143149b4b1c3768a6e994167,8582
d:791dd8e87e954812ae9c04df5b4fad4c,8583
d:79202879e4894dbf8439695a95332e01,8584
d:7921151750e14894a06066509bbdef83,8585
d:792f4b2b19ba41d09f0f2b33bf447fd4,8586
d:79353d157a6143bdaa790ad76574fd7b,8587
d:7938678e9f2d4741ad71d82f7443f902,8588
d:793b03782bf743629491548d77813f4a,8589
d:793b295286bd4b8d8dd2bcbd3aa7cbd6,8590
d:795100fcda2246209179ba670e1dfa9e,8591
d:79519b615965403fa1fc161a8088f03a,8592
d:795234c72f024179bb1ba84373f394d8,8593
d:795fee1ad6154b21a18128c4d4b8a397,8594
d:7963053b46514be5925af31f7b929770,8595
d:7963aea337254967aeee4b4505e74f1f,8596
d:7964c4dadb7a412180936ba112a975ad,8597
d:796a05df2b12454890e415b285d95116,8598
d:7978f67be05f41f78553340bb0ef50b2,8599
d:798e657e36ac479e9c40f783d4cde259,8600
d:799a2078c9ea44bb863e934f07d96a2a,8601
d:799a6088ef8f479383147db51c8331d6,8602
d:799c07c0cb2245c5bacaeac16ed76807,8603
d:799c6fc8e835461492a52ec558ff7466,8604
d:79a03b2889f44dbeb91b66985d82ad28,8605
d:79a935c839da4a299b53eecc893a3ad2,8606
d:79ab79561b174233bcabf7939f971ff3,8607
d:79afbdb2f5e040f3a0e4aefe4c8cf9f1,8608
d:79ba53b6b39148f28e6aa61d9d139043,8609
d:79bf82d5e2a04b4e809d9af407fbea9b,8610
d:79c22896442b47f1ada32a8e9aaf860c,8611
d:79c22948b9e84b979cbd8867e397393a,8612
d:79c7e29c6c034f319b45a26dfecde951,8613
d:79c965e91807486b888e77a013345864,8614
d:79cb3f2a416f429eb0e40ddaf794a156,8615
d:79ccb1b6df6a43a69c12ea54bd4d338a,8616
d:79cffd623289436480281ef9b3243376,8617
d:79d20ceb9c1b47b2abe5716e08fe5929,8618
d:79d227b04aa249ac8dad4f959d8f1ae8,8619
d:79e0b3a397ea459ba402fc575124e82b,8620
d:79e69d2d4ec14f4cb210b50efd1f2473,8621
d:79e723a92a0c4f2bb0a61e3648039bc4,8622
d:79ebdde9f33a419dbff8a3cddcd1165d,8623
d:79f18d01d6024cfdacc3fa94085d760a,8624
d:79f3beb6d3d34334a36fc81518eb069c,8625
d:79f8b50a373944a2ae45102ba3e70851,8626
d:79fbbff0b75b446b8212460360c494c0,8627
d:79fd1a62d43d418396961a6382c05aa6,8628
d:79fd9a27a04741edbc1a930e5f335c07,8629
d:7a01d74a83a5449c988cbe746081552d,8630
d:7a05a448555a46448cc54ad543222e8e,8631
d:7a062e8eefdf4bb3ab6fae134e517b2f,8632
d:7a0e8f01f87241d2969fc27f37e1e4c8,8633
d:7a0ea17541804ba18849fc9d7378fd3f,8634
d:7a11abd75cc7423d98375e506def0829,8635
d:7a1391f341cb4459ae2c0550548c1ae0,8636
d:7a170aae2c3d488c9fb248758e47125e,8637
d:7a1db2252eba44a594f10fb1b52b1c0c,8638
d:7a207beb15e34d6693e6bfc3746fd580,8639
d:7a2378d91962495d8b0e41d6bde35160,8640
d:7a28bfdf6f7140cda643e2523181e68b,8641
d:7a296b1f0bcf491fa2a0de6c7d16ef55,8642
d:7a29d016774c4db1b8594a4dd5ec8a16,8643
d:7a2cac9272604fbe8178e6e172fed685,8644
d:7a2ff36a44be4860823aff3b9b9bf5e8,8645
d:7a30d740f40144dc85c08f591ea806bb,8646
d:7a32793522cc4b218c05ba57297b6fa0,8647
d:7a37a644244f400ea82c1b9bb06b8829,8648
d:7a38240f196d45f990117f28a985e0cd,8649
d:7a3d225c949a4d3b940ef36765bdf8d4,8650
d:7a3e19a257424535a8034537cec2f44b,8651
d:7a3fea76de934f0ab5e7a190859cde18,8652
d:7a43d8edb1934119be70d14200df2641,8653
d:7a44deb3165d456e89ba97496c04fa05,8654
d:7a4835194c034fe8a0667e4e422d6372,8655
d:7a483bbb8c014653bfc8ce56b99999c4,8656
d:7a4b1c2f84434209a2aa7b633b054884,8657
d:7a4dce015c074e198c4b39329a3ae1e2,8658
d:7a4f5876853f4f3b9f5d85a17f37103b,8659
d:7a51e8bb85134dcf989460268c205a4f,8660
d:7a53484fcb594500b857a35ca6b96b44,8661
d:7a58c34444ce43a387a0a5d3a6d54e69,8662
d:7a59641ed9654301ac714ab2f01c4a08,8663
d:7a5d9646406d47a5a786d2118e384a6c,8664
d:7a63aec2c638478a9c7082560905d17c,8665
d:7a658b5373e44fd0845e8ac273e2a925,8666
d:7a65ae2707f14d1f8bdefb010925f3fd,8667
d:7a6ac6160c15450f9b973e1e6abfc966,8668
d:7a6e79bcbb1749e6bbc4881ca6cbab39,8669
d:7a6f4de80a70432fbd6703a5283b4be0,8670
d:7a72eaf3ef0946309264f606c8dba0f7,8671
d:7a748b3b6c6c423cbe139443d0a6bf53,8672
d:7a74a707f72243b1841e55fb19e84bee,8673
d:7a817095e63945adafff42845c73ec8a,8674
d:7a820ed347d34e17b2327cc785be637e,8675
d:7a880c97b4264bc8b0d17c8a20914f1b,8676
d:7a8a42f2be0a43db8b4fcdf7c887342f,8677
d:7a94966d7dd1498386842b9dca6c877c,8678
d:7a97279265e6453db8887d256e2e3277,8679
d:7a9957965d82410dbb220dd76f8174ea,8680
d:7a99a4c4eb424bedaef8c84e30a71bc3,8681
d:7a9b04bd5aad4c9f86d7dc0b0a154ce4,8682
d:7a9cecb51edd4c32938088d32ceae3c7,8683
d:7aa84ccfcca74d738d5d57acaf852184,8684
d:7aaf93a6292b42268c1953cf28046a63,8685
d:7ab159ceca414f19a5b046efec155a44,8686
d:7ab5ce62e0474e6b9b194d5073327102,8687
d:7ac26b0b6c024d19b21fb2a41791730d,8688
d:7ac409abba6244e89051b7c11d8c9b01,8689
d:7ac91e3bba72448f9beeed475cf27607,8690
d:7acadd79a27c433f9d4b66b7304251b0,8691
d:7acb8da583494e8ea4291bb0ef3d5ffe,8692
d:7ace95cef1ce4e509186b1d68c057ce0,8693
d:7ad4f26bcd484158a7411e49f945188a,8694
d:7ad67bf18ae84e12b4b3386c0e4a9550,8695
d:7ad839cf6d4b4d079946c83ccf6105a7,8696
d:7ad93979298b4679b7f80418d4f2ac88,8697
d:7adadd8b0bf445eb8f2f0c9532859bbb,8698
d:7add53efc7dc425ea12cec6e095b8145,8699
d:7ae198dd9643482cbf4a5e3e988a8be8,8700
d:7aeb4c52dff2465c992fc94a9eb78c0f,8701
d:7af2ffee9cc2443cbfb1f6969e5a9c59,8702
d:7af9acb6571242509f05e681a0e2b175,8703
d:7b00d8c910ec4a88801d502a1149b91c,8704
d:7b030f9664ee4a91ac597bd9877e1280,8705
d:7b0b17e5e10649f2b38c181a08224ca5,8706
d:7b0eb8f6727043d9bfa61a16e105967c,8707
d:7b155a25591a468297cbc2c06f7172d6,8708
d:7b16515cbd4a427f8d786a3c5a15f2d0,8709
d:7b1b8ca580784c4e9a3368c87c96bf8c,8710
d:7b200269ce41477a92d40a5160987be4,8711
d:7b209fe9ae8f42a78f9c747e5501fd66,8712
d:7b20a829ea8b452b8eac9e46d5ba7033,8713
d:7b29b401342649c7b996930f547607d1,8714
d:7b2a6110d5214e1b91cf1ecb6a8a65fa,8715
d:7b2e26c289624d5984aee6137c9eb7a2,8716
d:7b2f143a5ea342b682fa5123e80a92da,8717
d:7b3c88448273448fa8302f7ee416643d,8718
d:7b3d68a8156c4dd993857947258cdf6b,8719
d:7b3e3b213e7b4a6db58125e573e90e35,8720
d:7b3f753034ab466dae59852a12250957,8721
d:7b3ff83d117c4372ba1845bfca836cd0,8722
d:7b4444c243514824af1a794c1f4531db,8723
d:7b46d41f24bc454982dcf174efcb17fa,8724
d:7b4db231e1124743bc4125471de847ec,8725
d:7b51544e73384650bfe361ffe44228d1,8726
d:7b52aea5bbd3439282733e727c313327,8727
d:7b5d4813af5743418eb1b029761cb25b,8728
d:7b5f676833604b8ab0798b515082ab91,8729
d:7b6a4b26bab949648d89e77107168b98,8730
d:7b6d48bed3f445ee8b3c176aab0f98d3,8731
d:7b6f3438b35041a78620809b548d1eb1,8732
d:7b7a785b8cfc4b0fa0e8ca01b66c8a04,8733
d:7b8187b612414831a7366aa230751762,8734
d:7b8ae2b6a7ea49c7bf538dd931c6e221,8735
d:7b8e554581774fa8a89c0766bf5d0b8b,8736
d:7b950f8086f54145a41a57e5faa043e5,8737
d:7b9a4ab22fa5436cafb277adb2df9fa7,8738
d:7b9a90e3bb63491f9fc8bc07ded58eed,8739
d:7b9a9f930910438390efb59fb947ac20,8740
d:7b9d0925b9ac4e9c854fb5bb1ccb7e91,8741
d:7ba20be7308240139a54e61c62b149c8,8742
d:7ba320951df14c51af6f0a41ef620b03,8743
d:7ba4de59fa36496191e6a9bd3de58736,8744
d:7ba5b9c5871145f4be7cff358baef6e6,8745
d:7ba8443596f84bc79311c3dfa3cefd15,8746
d:7ba8e807e05740b599292e6a1a223b8d,8747
d:7bad03712c8c4563929ade7922de75a0,8748
d:7badcc05ec694a29865594ad000e776c,8749
d:7bb154d95ded4d7fb3616104eeb8ad89,8750
d:7bb2a9818f074aeb88f436ad97f79daa,8751
d:7bbc6b1b2ec1433b90bcd6ef5f3dca10,8752
d:7bbdc37fa282452494dffc44411dd336,8753
d:7bbe7d264d794c4fa7d2ac4e761632d6,8754
d:7bbea938ff494a3c9b2bedd535a51009,8755
d:7bbf4dda6d94424aaf449cb710577c10,8756
d:7bc72619616548809448f40c8f574701,8757
d:7bc82d4d4c694e3ea468d0a33553bdd7,8758
d:7bcc269c871f4a56979bd7a46e3bcc01,8759
d:7bccee5815e34127a712e2143fddbc55,8760
d:7bcfa10a843748aab7416e1ffc9ebeaa,8761
d:7bd2b13479cc472baa5ce1e5733913b4,8762
d:7bd349b948c84aed80bd261efcc6d49e,8763
d:7bd3a2a6e52f4e3cbb8f70c3f892ba01,8764
d:7bd594ac4113441a8961f682a998af67,8765
d:7bd5abd338e842cb89fff500803e61f7,8766
d:7bd8443eb9584dd1b3ed56247532ca32,8767
d:7be01849f4b248f6bb620d019e36c9b7,8768
d:7be2099428524618ab88c980883cbb15,8769
d:7be5e3e7a00145a3bceff319c774af71,8770
d:7befa4470d4e4d1fb5635c4f1548c291,8771
d:7bf1e1c248ed4896bc65518575167d5f,8772
d:7bfb233731324feca95ebfec28b8394d,8773
d:7bfda29f6cd44a4c8d6590db938261de,8774
d:7c0190d8787d426b93cbcd4a275cb397,8775
d:7c061627389748e9b13fb33211395203,8776
d:7c09531533994500a4ecaf6039d08e74,8777
d:7c0d48e349dd4c129c6f982d7019313d,8778
d:7c10a4f5943e455cb25fcdd85dba048d,8779
d:7c189b9549d1476f8ba5f5789f17a54f,8780
d:7c1ab9627f114c1286349c6eda59b656,8781
d:7c1ae769925849cbbb1e3b54ee343815,8782
d:7c1c85dcc4034bac80c1d57fa9efcc8e,8783
d:7c1d60878f414388bb294db2f30f3498,8784
d:7c1fe5e2cc8e40e8904edeed6b0b2612,8785
d:7c20f62d859648b29a1da5bccc2df778,8786
d:7c21d78afa1d40a681167244d9861b3a,8787
d:7c23004ddc8340aca25e8bde21701c09,8788
d:7c2865051a0144798b42c771d2988e4a,8789
d:7c2fefb2883b4ba98e0d404249fdd8a9,8790
d:7c3586a03240484d94deabed5a380564,8791
d:7c35e307a42d42a1ae5f3df654b7f2c8,8792
d:7c37d1410364484e9ca2aba283e41dc9,8793
d:7c3ada60735a43f28e5d72df84512ba9,8794
d:7c40b8f717cc483fa50e2dc458aa6e29,8795
d:7c43f286ae6e4e60a064ef510e34e1ba,8796
d:7c44319273554962ad7b32dabbd98efb,8797
d:7c4b6c1a8b694ca99dbdc930e21cf12d,8798
d:7c4d08a6929f4f17a732872531c2c1f2,8799
d:7c5269e38cfb41e693b51722c1d099dc,8800
d:7c590233c49443429dace520ad1e92e3,8801
d:7c59aeac582c4b74bd49cb8bbc97f47d,8802
d:7c5bfd62f30a46d3bb43aed7029732ff,8803
d:7c615e61759b4654b59fb06a7c3319e9,8804
d:7c645ee7afbc46c4a33e6d6cf27adf91,8805
d:7c69edbb691d49c19679778c69f843ee,8806
d:7c6b87dbdb2846bdaaecdd56abeb9408,8807
d:7c72c937602743659a99e7327847e4fb,8808
d:7c742ae75d004cd1b9bb26a6df9cc9be,8809
d:7c783e9b2c204d38834ad787a4648cd2,8810
d:7c78e7ef3ad9406b8206009d5cdedb70,8811
d:7c7a1d9df8164545838350839d497eb9,8812
d:7c83b78fd36e48f78f1794b6dde51fac,8813
d:7c873ae2b189462bbf6de02377fae85c,8814
d:7c8980910ca64b389aa99370dabc7424,8815
d:7c8d06b8d4cb45aeb9889e305cc0e572,8816
d:7c8d52fa6e30431c8dc66b8ceff21dc4,8817
d:7c922d7d11bc4eb6ad840bec146c91f8,8818
d:7c96647900c24e7181359a124a538792,8819
d:7c98ade335c84af6931d4c2b64c2c4db,8820
d:7c99f71ef23f4e74898e87a10b875559,8821
d:7c9c7de08cc3498bac09d108d9e77b7f,8822
d:7ca196d699384d70948f02499f36535c,8823
d:7ca6b039dab646a7be66b165d9a8e24e,8824
d:7cadede521f846d7b5bca905e10b472e,8825
d:7cafe32193f840ff8642a9b2679a098c,8826
d:7cb361982fed42fa9633eccbd26bd2db,8827
d:7cb74248c26d4a83926511137e4030e6,8828
d:7cba58adbb904e9f9e5ab27b9e5f95f0,8829
d:7cbdc88192244934819a9f2de0785666,8830
d:7cbe6a5e40c94b2f824ef199e15f06b5,8831
d:7cbeb983e8804cb9b1fc1e49db5db4bc,8832
d:7cc157c922504129ac75b9c401daf0af,8833
d:7cc46cf0a00d40f199769356a4a97145,8834
d:7ccd619325ef4bae9ca1d1214c9caf0c,8835
d:7ccd86ef67b8437496fe009b83537e85,8836
d:7cd3e35376e74d43880c02363c34d326,8837
d:7cd446bc42434af79980b1db03f888c6,8838
d:7cd4c00ad2a247de819e5f142dd2ebb6,8839
d:7ce2c9b9440747049157441ab198fcf7,8840
d:7ce4de3ef10a4d6291b7aec200569a33,8841
d:7cea8b5aeaf243fbb4f9c8b9313603ad,8842
d:7cf19974ef344821bfb22e46291c6e32,8843
d:7cf24250bb7d44948564ccc25cda10d5,8844
d:7cf2ae786db14ca3912838bab0b3fddd,8845
d:7cfc3210defb4888a9746264cf476210,8846
d:7cfc577afee24edbaf415b53817dd302,8847
d:7cfd7ea5bbc54e9386f4c29089a64251,8848
d:7d00e607a765423e9f9d07ac1f73e1c8,8849
d:7d021ba810d4446eb7fa3d9d9b4d2d34,8850
d:7d0930e0cf584cf4a73ab48ee7c9f893,8851
d:7d13714935d046189533af7e6bed424e,8852
d:7d14657306414b15b405211249a28960,8853
d:7d14879e350a435f994a929ad18172bb,8854
d:7d157404a34242c890d6caf47b3a19cc,8855
d:7d1765d43b3e4259ac7c18426e930d75,8856
d:7d262b53f5ec4533860472460f83a1b4,8857
d:7d2797ffef624b7fbcddebda6d785e04,8858
d:7d2be580c8df49f1a8e9d42e10a9bf8a,8859
d:7d2ced76f9754322b0406995ff5ce574,8860
d:7d2e57a18ae14caca613c71d336d176e,8861
d:7d35bdbba0254b0b86c9adb935643c8b,8862
d:7d41408274a54f5dbf67fb843a85944a,8863
d:7d43f8b5c73147408e0176d50a790277,8864
d:7d44d081a3164f7c8517a2988f82b6c6,8865
d:7d53c233cb724f6ab60220e440f6faf5,8866
d:7d548c4916c348e0bbdaab67d8f88e24,8867
d:7d5b2183cb814e20ad17b8b8bca4a166,8868
d:7d5e78fc6177405681a1c0e3ed23c74d,8869
d:7d5ed1e4e2c84bc4804fc84f4b050fe5,8870
d:7d6151c88c79442ea66953f1e1998137,8871
d:7d66329a8f3b46b1972f765b7a30ab81,8872
d:7d6829cc213e4ba8b6828c4f34d60f71,8873
d:7d69ad1971f247de8d059d0ac8297d88,8874
d:7d6afa09ebef4a6988ff5c62bdc816df,8875
d:7d6c4dff5798455dacb6784a319b470e,8876
d:7d6e6848739f46d0ba12bab7b3924d7c,8877
d:7d71602396f54d8d8fd4a884906321ad,8878
d:7d72267978ed4e47bb42c0235e2e9c88,8879
d:7d798a4b329b4a27b9e48c6c882cf81d,8880
d:7d822d3c04a948ba90dfa85129a3f81f,8881
d:7d843094b78f41cb916d8b3598f1dfbe,8882
d:7d8c6b7b8d9c43d2bbcbc004331eec22,8883
d:7d8e842bffe84fc588efcd0cd6b8c556,8884
d:7d8f86d4c65c43da8b38f0b5142e2219,8885
d:7d8fc3084b8b4f0fa4e31ca24640a0cf,8886
d:7d906edb83a449dda13ec45db6aa65ff,8887
d:7d9365a2a5de411d8d26a110b8283b16,8888
d:7d942e5148974938b35a62f7f0fb766f,8889
d:7d95cdaa76234fa6b3ee2864419b071c,8890
d:7d98d4741bf74c68afc8b25e08af19c3,8891
d:7d9d67890f6448e2a12ec1e20dc87768,8892
d:7da121c98f254fb5ae404fb895a71f33,8893
d:7da6ac1e91d74fe292b09accdf0b4376,8894
d:7da836f8f6854258a08beb02035ece09,8895
d:7daaadd78dad46feaf2af669ede7d781,8896
d:7dac4f2aad974b4d803e01dfa8181d22,8897
d:7dae203c9d23454e8c4f247b5eea9b31,8898
d:7db4845a6d4747f2bc8b72f76247d632,8899
d:7db60204b1694b3e959acde4c4f5fa29,8900
d:7db66b52582f47f4a85b7941d57930d1,8901
d:7db99289cae24b1ca3d7059240e7c17c,8902
d:7dbb422830e4483190fe2b6127874084,8903
d:7dbebfbe573941dbb7dce3121bb70046,8904
d:7dc679ffcd8949ecaacebbeb395f804e,8905
d:7dc9c38cf7944a7ab32188235f34451e,8906
d:7dcbde721dc342ce8a550e8f7b96b38f,8907
d:7dd11be82a5846a683148928934993be,8908
d:7dd3234287954f51a68ffe4bd820b55e,8909
d:7dd3b0403d754ca386ba816eb197c5b3,8910
d:7dd753cc74ed433c865344f9ac19c5eb,8911
d:7ddb0e52398f4a0299c03f229c8aeb27,8912
d:7ddbe4344aaa40449918cd3ba480955f,8913
d:7ddc6aa4c4604719b4746e03defc4af4,8914
d:7ddcf25fcf3e43fbaab5b5d4388ad56f,8915
d:7de1c0dfda4e4f9b95573daa93f794cc,8916
d:7de68c4d3f384c4886a4c10ddbcd8dfd,8917
d:7de7a7df910342038181ca9f0f55e922,8918
d:7de7ebd859e84c34b9353451d48943b7,8919
d:7dec01af2195432cb8c99d04aa9bbd11,8920
d:7df7ca00f4784c57997487eefddb71f7,8921
d:7dfe97e7f1b5496baac06e97bc216bd5,8922
d:7e0078d9b49c4a19b6fe50c3afc7de09,8923
d:7e021061ed394f25a55fd3c4e3a85a56,8924
d:7e027b2067484abf9282a8c1e9a3106e,8925
d:7e05f64deec64b8bbae1ed6fc404ca5e,8926
d:7e069e5dd9d84e7eb9968fe509c0928b,8927
d:7e0886f4ac1d435e80a88e94d38e3f89,8928
d:7e09d9dd8b03404f9d8aa34a76c18e14,8929
d:7e10a6e43cf043b286232346a95ba9c5,8930
d:7e11ffd448eb4ad09f9fae742bc71b2e,8931
d:7e1a1e90d01648b2979c462c5133c8b5,8932
d:7e1d106417db48709ce2a2620001f827,8933
d:7e21303a67f047069d7f2df8be3e4f46,8934
d:7e248aa38a06403db4fad9fa2efab6d2,8935
d:7e2be97850174a439c68ab9b77791c30,8936
d:7e30ffe9b93445989dbc081191d09033,8937
d:7e31c7d5119446e7bc150c2dddbdd6db,8938
d:7e3209e8fe22467ab4ae47dcc1c13946,8939
d:7e323b68d30b462cb34080148e59a102,8940
d:7e343dbe0ce3412b9919e3842599fa0f,8941
d:7e3a62ea0ee846a38887a0be6a5d944d,8942
d:7e43b582e6b342c99ea0f4c2dcb8d7ea,8943
d:7e472249f2904206ade3a4e1064920f0,8944
d:7e48610d644f4f7f97aab131b1d75b92,8945
d:7e503833426a48b8a5358c17a459d77a,8946
d:7e51745f0b0b4b989fd3fb3cf4eced66,8947
d:7e5977689c6c4234acadac1800ceb380,8948
d:7e5c58e217a0436fb700cf883b8c23af,8949
d:7e5d6a176a924030afb5d828922223ff,8950
d:7e67fa26d2ae4c259e5d271209da057a,8951
d:7e6825a1cb0748548966d4014c465bf0,8952
d:7e6be96181ed4098981838d03596e8a2,8953
d:7e6f4389e2fe4b69af7b2bd22c7e96bf,8954
d:7e784815246f44d7bb29e2f2e3754d7b,8955
d:7e78cb306d684c2d9d37933ad97aec57,8956
d:7e7c508faf304bbe9c7497a1abb43387,8957
d:7e869135ef924cff8345c5b485b32aa7,8958
d:7e8b5555aab440b9a1f984904f25c256,8959
d:7e8d08ff424a44ed84b7d5eeae7f6b02,8960
d:7e8e527fd40d431d98c7fb7fd7cfe5b9,8961
d:7e93f49850b7411d8850e7bd81021f40,8962
d:7ea4f838e03e48c4b6b07991ed1a1d35,8963
d:7eae737e5b444feeaa6607ad9806a666,8964
d:7eb1081898ae4bcd81654fc4003ccbb8,8965
d:7eb24cff0cb94ba9baa98dbabb000b50,8966
d:7eb3f8850f83408da9d0de11bf7b8450,8967
d:7eb7a4a8e97c48a6946c1f2313089825,8968
d:7ebbb98ea5e14fa29081cc1b31265e66,8969
d:7ec48bd0cff94e8ea4ebdccac67f8850,8970
d:7ed1f1b83b124f1a9617b4039d45d0a9,8971
d:7ed26c9c615c42849395831e7e43a0ae,8972
d:7ed75f18b2874a989cedf6661c560151,8973
d:7ed9ba04e7e944b4b7f37916dd76f1ec,8974
d:7ee5d361d52048398ff193d994595558,8975
d:7eef7c9393ce476e87e29b1c9d117c5f,8976
d:7eef9566beb84d24b6715774b0d75cc8,8977
d:7ef2218d742645eaae14a3d2fa86d27e,8978
d:7ef91f3fb0a545c6a81d2f949ad492ff,8979
d:7efd375d7db7489b9bb98a9b7bdc3ac0,8980
d:7f0233a272524f9c88f28b9726685bf6,8981
d:7f0c65ce69fa4497869b5c920984bb01,8982
d:7f0cf1eb50ee4235a3ecf10afe0f9bc0,8983
d:7f10d48399b944ebada90b5a0c61053c,8984
d:7f149acacb324076b49fdf84fd1e6dd9,8985
d:7f1c249ff3e24b8fb5f55e8faed2d885,8986
d:7f1e854b689443f0b3c098374c4a1037,8987
d:7f23b035200144b8a83d4c28083be4ab,8988
d:7f246f5b80e841cd86acad6a90f07b53,8989
d:7f25c5e2abc6476faee9d750e9b7cd95,8990
d:7f42fa083e344714baefcea5227a923c,8991
d:7f46a83a59c84c60a30399adc9c74e47,8992
d:7f51cfaab1034bac8ff5a7d645a4327a,8993
d:7f5c06b8861543aeaa436f1d510b434f,8994
d:7f626bdc166a45359ab2949f1f354753,8995
d:7f65019c8b05466eb5392d058d52f052,8996
d:7f65be2a46c4429789cf83b9ec7a3541,8997
d:7f65e22815ce47a8831ac722f0cb0f43,8998
d:7f68bedd69f64010a76a90081f4b8e29,8999
d:7f69868102c34ecfa878926ef724a8ba,9000
d:7f6bfb8a62394b63acd08bae2a27d1af,9001
d:7f6dcbcdfc4f429dbd22e67f9e8dbdc6,9002
d:7f7089f25f434279b314f259fe195812,9003
d:7f744d6dc7724de081793aeaacc6f0ee,9004
d:7f77edcf5a744c1b91dd85259ec431a1,9005
d:7f7c747d444f425b93ce015747dad8ba,9006
d:7f808bbf1bc5444387abbc1f273f1c94,9007
d:7f83f01519d14d749a90d8f1fb85da53,9008
d:7f8d36b6a76c456bb2d5ade3f7241b91,9009
d:7f8fe84146c745ff8668eacc08e86b80,9010
d:7f91348f83bd4ca6b1bcaf9d72adbd26,9011
d:7f93ddfbed544bbbbf2053f78cfc63d7,9012
d:7f951cae964b46e3b92c2c8414155f77,9013
d:7f9985c5e054455ea1a88c1810fbc2ed,9014
d:7f9bab2c79fe4105b8677ed4df306087,9015
d:7f9c106b5ae74fbdb08b288b7bc0439e,9016
d:7f9e71cc4c7743c4a676c36b456730ee,9017
d:7f9ff2456d9344f4a2d70910513d631b,9018
d:7fa1651d3c2c47a6bc893b30b19990e8,9019
d:7fa7450c13f6466b8b39c066e780e09a,9020
d:7facfcbe6c2341e88e81503e83604893,9021
d:7fae2b7915b648b68275676e16115d68,9022
d:7fafc5fa93044b169b770dbe4db39c31,9023
d:7fb1490e6cfd4afdb90495cbc513ae93,9024
d:7fb4690b399a4787ad90a8bd16e84d93,9025
d:7fb98e9eaf9b459a8300f807aba74a90,9026
d:7fb990ede77d441a89a5e7388843af49,9027
d:7fbf5d5cf90542b98d48b64fbc03a6cf,9028
d:7fc41d191fb844c88535c1597068c095,9029
d:7fc46187da9e482a866b40717780ef60,9030
d:7fc9f2ea87a4491fa2907009ba3b9bf4,9031
d:7fcaaa19a829432fb17cc5ca6ca23080,9032
d:7fccec60aa0a42cf9f9b52927f819d28,9033
d:7fcdd3e3cb6f4b90b79003ee88e41437,9034
d:7fcfb5ff3d1642d99a86bd5e55b3fbfa,9035
d:7fdcfee4f423446ab4342f6259045de3,9036
d:7fdeaac6e57f4ec1b5059bf1c63af7e2,9037
d:7fe2162ebca14a648edaa42c8f0b4d40,9038
d:7fe3b80d783849c988c549e19cd4e610,9039
d:7fe3dcf780794054b46d5ce58c8158e2,9040
d:7fe78f6d466543169ae9bd93d3ae778a,9041
d:7feb0157681f47dc9937a17a8643d773,9042
d:7ff53213d2aa4cec90e680fa2ed5046c,9043
d:7ff807b6370b4c5ebe92bdaefe13b8ff,9044
d:7ffcc1290f5547eb8f558e9cddcc379b,9045
d:7ffe712c17dd482385e64f6147512fda,9046
d:80064a02aa2f4bf4b34ca7901a36ab02,9047
d:8008fc576cda4ed7ad35380cb7edfeb3,9048
d:800a17e53f8a4750ae0a93af9b147d62,9049
d:800b4bbed58e4fa3bb2209a7ef315972,9050
d:800c55405cbf4e8b83505f0ade434a6c,9051
d:80113894cf4c42aeb7281399155dca38,9052
d:8012d8282e7241858df3871f2cf63a29,9053
d:8013bdaed6684e0986568bcb12dd6399,9054
d:80158961133046de8a72522769a68ef3,9055
d:8027c1f6382242b5ac39d26648c7d3aa,9056
d:802fc45760f544d4aba484c6c0f44ecb,9057
d:80349e31edba43e399ae97c6f4b19beb,9058
d:8039fe5b94444f85ad3a098979c6b7e4,9059
d:803a9829e22f4518937026f1394d540f,9060
d:8040f0f569b240d08742d5d7d989ea4d,9061
d:8044c1ecb7124e0d9e633dea9012f11b,9062
d:8044e87351fb42958e83127e680322d6,9063
d:804586ee722e45629b879fcfb802f922,9064
d:804dadf154314a9282cf4bc0021fa0da,9065
d:80509c5cdbcb4e3e91e92db2283aa0f3,9066
d:8052beb2db1b42ad8354438e0d28bf68,9067
d:8055256df8274cb08c686d1278a511e9,9068
d:80566ee60a7040338d59b654a9a411a2,9069
d:80567e00e7ff44738b58a02effbacd4a,9070
d:80600577cd1d4dc6acf3a4b5285a7d31,9071
d:80644986486c4d1f9189f316edb53086,9072
d:8064ab72b1654cd09ef22f9751abdc35,9073
d:8067e077f5d541bda16d6f2d26a30eb1,9074
d:80694058b4264fe48ed78ce9626b51d2,9075
d:806d0bd770fe4fea923fc5c8f1cd875b,9076
d:806e0eae23f34c5fbcca37a1ae596021,9077
d:80726046a8b446e5b3622eca480afa1f,9078
d:80726c29734a45728f716b1cb495c6fc,9079
d:8074fb0be8924058b578885a159a3787,9080
d:80758a9d1c0f4f089b6687de111c2c3c,9081
d:807bf2bd8dcf4965bdf69cad9907e208,9082
d:807d397824954f08b0ba971b51e29919,9083
d:807d5cc8029d40f3a556f89ab41ddcdf,9084
d:8081f4b57273456a9d9c09860f7b947d,9085
d:80827166f2974dfd871fc56cebbee66b,9086
d:80881b62d81143f2a8fcb2cae8f258cf,9087
d:80889cc6ed7346a1bb1b36babcf83cf6,9088
d:8093dae3735342928e4f06fe40f02c9f,9089
d:8094966c8be44cb78dde97a375bed244,9090
d:809a2cdf31044090a98e2b43f4beeef5,9091
d:809acfc3dc814c18aa56767caac711fd,9092
d:80aab21f3a6140608bc942c7779956cc,9093
d:80ad1add70ed4067bf69eb8f4ad3c1da,9094
d:80ad234a095344288b47afa70ffb685c,9095
d:80afe4b769f141e19877ca8a34d878af,9096
d:80b2a0c9d72b47edb18b580b3896126e,9097
d:80b2d235162c4329bc191ca91ec63757,9098
d:80bb4ffc66534b30b10828fe3db110f7,9099
d:80c773af36a445f5ae8f2b2de7aeb8d2,9100
d:80c86b8ef1ba43c588d987d2e12dd29c,9101
d:80cfa52c712d4d3d85d5232fbeba58df,9102
d:80d413744fef405994374f8e5c3c6abc,9103
d:80d5dfb80b514d7189dc952875983c4e,9104
d:80d689e4b99a402b84b9941b708fc420,9105
d:80d83d7cd35e4e9c9ea96ccc4f4bb7b4,9106
d:80d95285ad4f481f93c243b74d734ff1,9107
d:80d9f6fb9ed147ca9c50acb2440dcea4,9108
d:80da6614dccd47bf8022e4e523452386,9109
d:80defc7d5e42411a9597403d39cbd557,9110
d:80e442bbb74540ad88eead2eb4affa01,9111
d:80f209032e50431a8abbc55f70a99407,9112
d:80f42afc7e1249e5ab197b6cf45817a2,9113
d:80f50a0c432c4ed6a818055e334ccadc,9114
d:80f63c307c8c4555b196f39026701277,9115
d:80f63dddfd5042b3b12b82ea10262eb9,9116
d:80fe6d582d324cdebfe3b6bc5787d382,9117
d:810172f338c5491cac76d6088ef27868,9118
d:8101c44b0de24c589b4e798fe2937568,9119
d:8101d912d235440baec10a15b2a20d14,9120
d:810aa75686fd4b2abb359d6e608b0f41,9121
d:810da001e37c4f77b71a8a656309b888,9122
d:8117ca0b87a24ae385381f8af2fb2084,9123
d:8119aa65f4f241f89bbbe368a08b0041,9124
d:811e053a3fda4a159de3b6998cc7c39f,9125
d:811f610315794049b57d378e508f52d8,9126
d:8123684d053e4eff8965665f454f5b75,9127
d:812a4f42f6204cef81f18071440da114,9128
d:812e9fb40a8947b59cfe723843c34c7f,9129
d:8132e56b16eb41e58ea7ac2d4b535784,9130
d:8133562cdc6d43eaad44104ece0b20a7,9131
d:81348e8df19242929ceb5fba902b5fed,9132
d:8136fae400f94d049159f7d109c4a4ad,9133
d:814b189c1a0f4d69b08251859496e42a,9134
d:8150e601c8e4437f968d919e618c5e14,9135
d:8154cd6e268c4eb39c73485dfbec542a,9136
d:8156debc57364611ba4d69040994d171,9137
d:8158e910f4034325af2ce7d069bbcf0f,9138
d:815a2f160fd14d2cb7460c1ee0cacf19,9139
d:815f2199e936453891aab96bd8808dbd,9140
d:81654dd3ec9b4785a539e932e1df62a8,9141
d:8165e519649544d3b3f4dadbb602c762,9142
d:816619ded63243bd987b4e8ae3eb104c,9143
d:816ade3d8f0d4f3bb192fd6838ef38ee,9144
d:816be7c8639f47909e2c5c87dbfba434,9145
d:816df2e1da184124a838f683cc762550,9146
d:8170aaf05fa74295870391754f5fe331,9147
d:81741bdc20b0472dbd3f2b992f5b8eaa,9148
d:81749d152b5c4247ba92a6e4ba4145c2,9149
d:8174cfd8ac544bc0b4f6604a52f8edf1,9150
d:817e4dec05394c248d07799a2c302c6e,9151
d:817f82de640a44f4a94e677f0ea198e3,9152
d:8180a56795fe45f7bbf234f98a60ecaf,9153
d:818a74c1955c480385a0a35bf4d99e52,9154
d:818b6104be474bdb8a3e93213bad69f3,9155
d:818e7e03556348a7800491a4ccd359ac,9156
d:819192acdbc647bdabe76283266e13c0,9157
d:8193d9a4ac7f41ae8733d54096904d5f,9158
d:819fddb04780427786b5c5317ec062a9,9159
d:81a4b734dcc74c558f120bf6ab8a308e,9160
d:81b52bcb1a5c46e28609bfa3b7a053f0,9161
d:81b78b95c1f0472f88c155601c0a5988,9162
d:81b9f7acb77d44638270e16cea79a2bf,9163
d:81bbe57e423544249b5c181b94611331,9164
d:81c09893237d4cf48687c5e7e3709733,9165
d:81c20590e5034240975e8602df211d8e,9166
d:81c2a169372641c1b09ce1480680b4b3,9167
d:81c429e095b44b0a97121d6724be2bbf,9168
d:81c4c089da684a239ff0560f9b93cf72,9169
d:81c6a2d910c64a9ca5e9a1c098f60f3d,9170
d:81ca6fa94dc749b2a52e8d2798e9e2f4,9171
d:81d3dcf4582a4486b56459f378581e30,9172
d:81da3447c9e24edb939ceb0276679d18,9173
d:81db976fc6914528ba461c9a1ea76881,9174
d:81e11fae416447b7b9eab153a64161e1,9175
d:81e166b6baac444fb55222df1bde355d,9176
d:81e48e84ccff4998a0df273329ec9829,9177
d:81e54da85576459187cc2fc082f84d49,9178
d:81f032061b244ec397505ae2db85f4fb,9179
d:81f14734133346ec85781db32e48c8f8,9180
d:81f3e78b2fa24717ae22eee9cfebf2cd,9181
d:81f68e44b52e4693bc9502b45e68c4a2,9182
d:81f75ab96c8d42e48ef99a89488af340,9183
d:8200c12bb2124380a4b691f38bed8cd6,9184
d:82041c91115548a6964cc94ef6e46946,9185
d:8208a81cbcb44ed38481a06005993c6a,9186
d:820aa297b70c49afba8e6daa3ec276a3,9187
d:820dd06b29954e539a9f4790fa4dea78,9188
d:821356bfc2fa4cd6a19eecefd8456859,9189
d:8216794f987741989ad402df0cbf2449,9190
d:82183bc77a8c4c7aa30a13a3d4b7a94d,9191
d:821cc430e262419787b46e137804786d,9192
d:8227d02812274ad0a2d881b03535999c,9193
d:822ccb793bb5489289a278e5bbe6f08d,9194
d:82325d807ec14b738a2da315d67feab4,9195
d:82373e78154f4b298fce132c848ccd7b,9196
d:82399c0fb1564bd298b8f3ec46762075,9197
d:823a1a1f93ef43c68737400f123dc24f,9198
d:82416247431649f98925aac53b3ab594,9199
d:8242783bdb0249fb92905266ac09ff25,9200
d:824532ab892640a3a79142b4cd9a2274,9201
d:82478832ad2a419b8665c3d0abe42a17,9202
d:8248af23739e4dd1b9e2e5ea25ef217f,9203
d:82546afaea21440eb3907d78b8173722,9204
d:825c69e6c35d4307992eccdf77e73b09,9205
d:825db23781174fae8c3f805421ec8dd7,9206
d:825f2cd63181416f8fd68e6706823699,9207
d:82604886f8e2404ea70b7e7763dddc5b,9208
d:82689b126fc643689ba62972daeaaaac,9209
d:8269a103d85846f9a34344210099bf7c,9210
d:827936949a734aa2b1c8ec002d1532a2,9211
d:827c794d19c548878e73afa575ebf5d1,9212
d:827e7c4d19db4161bc16b0da95295629,9213
d:828199d51e4c4f688a33b5ebef48c0c5,9214
d:8288217d1042492a9ae9c389c2051f84,9215
d:828a2c77e71943cebe045bd24f87b069,9216
d:82922cff536a4f68a188edae97522f1b,9217
d:82977d7363c0401893eefe80a09a0e13,9218
d:829b6c5affbc4097bbcf811a5ea68422,9219
d:82a1202759ed4ef5b69a675fdc1d6264,9220
d:82a8046019de4675aa85066fa1b9299b,9221
d:82b363208a7b4afe9fb8f0b8e23be99d,9222
d:82b45778903f4fe890ef1ae2818c9a77,9223
d:82b5eae25d3b40adb692e8cdc517ed39,9224
d:82b8fbdbcd5248beb277be7fe7bac7a4,9225
d:82bee8707d6744e99c9987d8c275ae81,9226
d:82c69f458b824f99a219ab19bec2cd0b,9227
d:82c7f08b5c154f85b6e02fd5c61eb885,9228
d:82c966936c544e2290d9105835677e25,9229
d:82cb977383f34d2cbd34428b2e2c6a71,9230
d:82d2e745a0d74ffd953791c82cae1162,9231
d:82d62cc9bffa425697cfe158d388d9f6,9232
d:82e2ffe9f1cd4a54b9c6870799e83aaf,9233
d:82e5d9034e014b0c855b68d3714b8438,9234
d:82eb622bf71843e2b44d1c4d950614c2,9235
d:82ec28306c334e00a0c51cd630f5b490,9236
d:82ed9da8472e4b68bb25698712dd2e6a,9237
d:82eda24bf4834f44bfb1d54d4b9ad028,9238
d:82eec0de6b394e20b7409e3e177d6798,9239
d:82f4917523b942e7a34ff83d63589ad0,9240
d:82f68e38d6374c759cad6368f9838a25,9241
d:82fa8acc22df47e1a3d0746756422669,9242
d:82fade697b38455685ae367ea4eeafa4,9243
d:82fd077623ca41a6959a7a751b93bd97,9244
d:8301ad1bbe0b4a2c9aaa06cd71ef6c87,9245
d:83029d1689054c5b94034459eef51ac3,9246
d:83085178fa6a467a860841b7b9c68995,9247
d:830a6a4b2e9f4181a37f7d3b6882e899,9248
d:830b3b9ff7594d6598fc989eebdc2052,9249
d:831a4169b97040b08046d8e9e18830a5,9250
d:83223abe1f244601b01ce47c40f41e98,9251
d:8324751073144121a28cc9bd1d3b0e6d,9252
d:832987d601d844bba0e654361b4cd7ab,9253
d:832a62826d594e75837a955c4430ccb5,9254
d:832dc5e89ea64dd68525e3b7231eb516,9255
d:83330b11a20647f7baf90e323ceb65a0,9256
d:83332dbd40cb43778ba7c604e80e54c8,9257
d:8333d3149e084d2fbad648e36526bad4,9258
d:83351a017d3f43a4ab532da2c32aa8ff,9259
d:833878fafc7944ee81f20b7049844f64,9260
d:8338b8c12c7841ed8d60dc6f9a4b8012,9261
d:833914ffa9f54dd28fae2909fae53cc2,9262
d:83393c88ac0a4df4bce9ec54db9df4d7,9263
d:833e2f87a13d417cbcc21cdc9e7a647e,9264
d:833f7b7a176b4717924f87692917fdf3,9265
d:834238ceb7e94fe89b2ce6d3c81b0c6e,9266
d:83471f68472440b09ce9f382c104d1cb,9267
d:83486f0e962d4197988399a6dff0fba1,9268
d:835277c0e2dd4bca96a1a241c86d7130,9269
d:836196ad88184a709c8295eb7a46f100,9270
d:83628b9f6aa0455fb6c6f2ff895e3ea4,9271
d:83646576c1e746029bf8ca9d7c86049a,9272
d:836ac7924a4a4fcb899a259b5e7fd08a,9273
d:836b7e694efb49d4bd308cfba8fdb7d2,9274
d:8372b10637ce4b03a9247a7a586f8891,9275
d:8382a883d15d452cb533d03ff07709a6,9276
d:8385bd4ed7334e16b8ed5fc5f1423946,9277
d:8386a47fbebd4f418e822d959bcd1588,9278
d:83890600c22e46419196280750b47283,9279
d:8389d38343bd4ac196626cb5a2f2fe9d,9280
d:838b91dd1e4b4f58bcfe4f28bd87e6ac,9281
d:838ceea1efa54a2d84e609fa9ec23c13,9282
d:83911569260f4d7880221d2aa1b64209,9283
d:83957585563f4ef287ae683fbc6b0d35,9284
d:839b93b718944c158c08e544786f708e,9285
d:839ddef406d649a4a37366ac4d41df40,9286
d:839e686c493e45a2a62e168e0e1cfb14,9287
d:83a50fd2d6e94be0be6847eee24dab5f,9288
d:83a97ad0561e4d668fe58c9e6a22f4c3,9289
d:83ab1f053fe740aeac6e436208eff4e4,9290
d:83ac8e8d874a4f7f8381fabe4851b02c,9291
d:83aefb1757744dd6b247106909e09313,9292
d:83b23b2d0b54404aac813ec38d9742d5,9293
d:83b5b4398d37412e9d9673241570950f,9294
d:83ba8599c0ce4a2d80381bbc46ee8de2,9295
d:83bae3be3c76474faf0cdbaa2bca6b78,9296
d:83bfe9cb92a04c5faa96b98c7f4c2cab,9297
d:83c0d27e937545089397638718afadf4,9298
d:83c781add15c4d58864ed84d45e4ef90,9299
d:83c859363343421d9e917a986993f045,9300
d:83cb83bbc9ac4a2ebb50691f272391fc,9301
d:83cd0c341ab644f29ce711b30dcad1db,9302
d:83cdbef3d1154807b5b4808a30b82255,9303
d:83ceb64ba09d4bde8a48e78c9bd12707,9304
d:83cfd524af2e4d5580c3736668531cda,9305
d:83d39687b8214f2da990b84445fd83e2,9306
d:83d55d4f9d044d979b5040117353cd65,9307
d:83d69a0c50704f439c97d3814f74fd1b,9308
d:83e18591bbbc4b11ad89036b825f5bd7,9309
d:83ec5b9008ad46cf891b5a97b07c5f6a,9310
d:83f021bc0c8842328ce33d058fd0e96e,9311
d:83f07adcb20343b5a351dac4f704690c,9312
d:83fc799b864947c9b879ccfef3b42691,9313
d:83fe152e47954525a54f53f298d23b7c,9314
d:8402d1bbae2b4d329ba6d44866481680,9315
d:840422b37525485f81bb0990a9e1499f,9316
d:8406b1e8e76e4e139b94afa0ecb1a048,9317
d:84073a19b9204942b010d309af67c503,9318
d:8416728c469146499977de11514b06d8,9319
d:84185ba1e8ac48f99cc743583b2535b2,9320
d:84199f1e09574f3d981d147ac4d4e2b4,9321
d:841bb15991e74191afa75173c78c13a5,9322
d:841f68ca6464495788442a98c779f257,9323
d:841f9b59755d4565b344c12c623d9549,9324
d:84214734dfef4b90811a044a8e9147b0,9325
d:84216be4bad34c869c09d7a10b3d5de5,9326
d:84233fcce3ca4ebb9298b0aeb30e4ad5,9327
d:8426904be4e2458396fa3d130f587595,9328
d:842a37db4a774654878a8fd79906045b,9329
d:842f607b3bb54b7c9a755ad6e710dea5,9330
d:84313ade5a284d7f9cfe6bedc9f9b102,9331
d:8435e3f0888e45ae9e2df42a271b9fc2,9332
d:843a816eba8d4d5791a6efe0c46222f7,9333
d:844642bec84341b7afbaefab432764da,9334
d:844705dcd1e54c718ff4fc6bd3cb84ff,9335
d:84479698186045edba7db365ee1e2328,9336
d:8447a2ebfea84741810239605c40ba55,9337
d:844f73406fd744b4b1771750007dc4de,9338
d:844f9e74d9074dc3a9550aca03b93a87,9339
d:8451d244747049c3a0f57c01054adc2e,9340
d:84576ef3acad4b23a7c26e6fa537ee35,9341
d:8459425162a14d6d82a0b7207719b1b2,9342
d:845e5373d45d43af8075a5a02db5dd0b,9343
d:8463379bd9c9428cb4d271c0d4d46998,9344
d:8466d064c625486cad6109db000933a9,9345
d:846858b8ecca46a1aa5e99fa586b7d0e,9346
d:846f10cc4c634375bdb997863d916881,9347
d:8473602913fd485e800d1b2da5dfb6b4,9348
d:847577d89342437caa394345e440890f,9349
d:848514e8e2b747d4841609d63077f45c,9350
d:84861ecf9b14414d9b23b0c910239e72,9351
d:8488e0b949464527a958cfe5bcb0951d,9352
d:848dea0f9e194c0c9ee9b130dc6eb0d2,9353
d:848ff65a9b454c88a5e03a2e10ce9a05,9354
d:8493f974bc5c4c358f2edf3ccfe1cbf4,9355
d:84970d301c09476da83ca9f53aabf68f,9356
d:84992885a5cf41f3927090f375e07013,9357
d:8499882fc6224086882d48eea2e3b3ae,9358
d:849b2643a9044d01ae57f53e998e66b9,9359
d:84a09138f1ca480bbdacb240c57ecd00,9360
d:84a2740a20484eb9a6f283b09c75bd3f,9361
d:84a4e9284a7e432699e85329f1d45490,9362
d:84a7360ee8e44e94be30242739444341,9363
d:84aa0f6faefa40f9977d826f52e99da8,9364
d:84abc6d0148d4ad9bd94adef9ae1767d,9365
d:84ae6a82e1264d9d8a58da7f8d7376ef,9366
d:84b1f6cb95524fff84533484f4adbe04,9367
d:84b48900e5384c40b6de24c0bc357e33,9368
d:84b48f3853c14d549290358ff01bea76,9369
d:84b5d2c2bd9843e7ad43d7f486c0e9df,9370
d:84b60b9535e64f318caf9798bcc9e9d0,9371
d:84b7fc211ffa4e1d9bfed14f4e12958a,9372
d:84b92f283ffd446c9a41309742d55917,9373
d:84ba2aa0675d46c3b34a3de5f2b5a38f,9374
d:84c3bc6a3396429fa137108b8e98d77c,9375
d:84c4f2fef1c94037869fb2d0e6d455ca,9376
d:84c61afce26d40e687c0ce065c1cd2ae,9377
d:84c9b918660c4de9b03b43ff3fcec2ea,9378
d:84cc5c1e72ca4dd1b3280e78f6d3f90b,9379
d:84cd154da14443c798c472fdee53ae95,9380
d:84cfdeb8a53541aca41f21098b7468d3,9381
d:84d015b8db32466bb2daaade6a659fdc,9382
d:84d66a2d8fd442068164dd1b12a080e0,9383
d:84d72bbb66a347cc8f639e41dfa34288,9384
d:84da7017cea344b0878c437515535461,9385
d:84dd8f390a224154ba1f33a5944febc2,9386
d:84e081bae89d4b5a9571d5869be4b894,9387
d:84efb3bb49b64dd788b83400ccd8c869,9388
d:84efc65218b24a30997625ae809ded95,9389
d:84f0fa53ca5b4486b477cbd3ae9681eb,9390
d:84f1296c33744ec69eb9c5773b1ca6df,9391
d:84f1dbaab0c84f788f127901ee314db0,9392
d:84f435a8be3f4d2a8bfbfe48b1b28d35,9393
d:84f767fa8d7b4e91bfedb10791be2d99,9394
d:84f7ddf7bb534f2ab0a61429c2f4b23f,9395
d:850291c57c024e4796cc5f657a1e16be,9396
d:850a4c04e10b4662ac4b0dafe6b81106,9397
d:850e843c96e14e18b0b6432f97a67bd8,9398
d:8510e87b890a407085d71cd830eaaca8,9399
d:8512029cc0ec476a930f769614a5addb,9400
d:85120f95900e400b9e1c5abf5e16052c,9401
d:85166ca2d5a243f085e72d86efd5b8a6,9402
d:85180bb6ffc94dd0a8125b130b632c7e,9403
d:8518893eb3754c0c9899e814442eb0ba,9404
d:851d24c4ac2f410ca52a959b18b8f478,9405
d:851e19bf0f944118850c1def286a68f4,9406
d:852079a4d9ae4dffb6559b7ca09012b2,9407
d:8524cd8978824b82b8edd70ec9b2e64d,9408
d:852899e4466a4e82908348963d2f1e7d,9409
d:852abb1c9f7d43378734c9e651fbce2f,9410
d:852b649d2672461da649d3339e610208,9411
d:85345719ed324e1faaacf065e70cca7c,9412
d:8537957e52264583af64481c47d717d3,9413
d:8537ee80013742bb96ba9da3e0bdde0b,9414
d:8538993602894868ae328d09d8177f51,9415
d:8542dc94706644f69d09ed1389eff22c,9416
d:854fac19fd8d4457b8bbe6003f91a44d,9417
d:85510baa329b42b28aa704887a53037b,9418
d:855144fc91b54d3e936e584e62fa9183,9419
d:8552d21773814de5bb0ba4c9cec5140a,9420
d:85569a275a41458e87d3c58342de70ac,9421
d:855f3aecce8c47188c96be65678beef9,9422
d:855f7dceb81b4aff86768b210a3dab73,9423
d:85603a10b58441338682d10190458bcb,9424
d:856060ca9f3e41859d75e330cde5ff7e,9425
d:856203a7552e4e57a8c4c7ebd2d83b50,9426
d:85627edf480e4833935f3242c12d1a1f,9427
d:8563eaf7946749bd9b2e1a1026f7f0ee,9428
d:856d28a5d7b243ffabee53f9b4112c66,9429
d:8572b2102f6d45528eaf121dac372b62,9430
d:8576cf5cb75e4c81a16afb907f7e5741,9431
d:85793a99829d4172a4943f915c164f17,9432
d:8579c3d4e1e34321b1b4990ecdd76260,9433
d:8579f514a88a45a08861e86c548b314f,9434
d:857a3d1c510048e39fbe8db7dabcaec8,9435
d:857cdc1dcb364f54931d38cf0075c66a,9436
d:857f544a967f49cd8098516ce2003d0e,9437
d:858184d8ef6c4f91945f001a5ca6a1f4,9438
d:85858900af0240fc94ec6bc4cf448c9c,9439
d:8593a8fbd8a44c20802d72ba8e623e60,9440
d:859d8887d5014ab3abf17140f0cb3516,9441
d:85a1a9f60c2941d2899fdd1fbf0e8e1c,9442
d:85a272b319ea4bc999edfeea8c9d5a8a,9443
d:85a91cdfe1d247beaff311bc8e54617e,9444
d:85aadb30311f45cfa0e5d05d18d90e14,9445
d:85ac9ffdeb3f40b7982352692e44bf1f,9446
d:85ace0ea35cc4579ab48ed84e5c12a08,9447
d:85b0b27054714875b782b241deec04d4,9448
d:85c6ed3b9161460d82cff054b4952bed,9449
d:85ca8c4a3b744b00ad862547ed609b5f,9450
d:85cf4baceca94d8eb99e8b79c5fcd355,9451
d:85d1632235474683a5df6ec43d7cf066,9452
d:85d3ce654d5c44798168481c2b33a46a,9453
d:85d8650e5e724f38adb139e1d732d6b9,9454
d:85de6764bc1842a48e27e98f82acd6b0,9455
d:85e2ad753fb24036bfb285989ac87aae,9456
d:85e42844149c4a728f01cca029515e0f,9457
d:85ea1c72e3504d08afe901ccceb6e9f6,9458
d:85eabb742771418580f1deb6071970da,9459
d:85ecc2c287964c3985db1fba9aec37f0,9460
d:85ee0769fc294947b65e5dda2a462bce,9461
d:85f0a44c15f64972baf36ada95956c28,9462
d:85f3a7d96ff74eb2a250818db1180d17,9463
d:85f3c082073c491f85f1231d7df759d7,9464
d:85f3cea35d3246e286f9193dd9d1b47d,9465
d:85f526792add498b899a54d03cae12ad,9466
d:860304d8af8841d19b6b78153ffe5abf,9467
d:8603f54b32934e85a04a84e5a0047419,9468
d:8607b472e8a34693a16ad486297ca9cd,9469
d:860d60d92afa4dbb9c71bb3fe1c47d0c,9470
d:860fab9cab45481cbb8464171f7cf7b9,9471
d:8612b57f5ef84134bef27733ff91a06b,9472
d:8614745212364d9db86f84ad26f89375,9473
d:86183ac7b7a04bf3ae360093d2736b90,9474
d:8621e382795d4e85ace43a3974b84188,9475
d:862873b92b1a4905bb17b31ddb4d8131,9476
d:862a2de804684cabbd156e4b5c714d77,9477
d:862acb8a57e943cbaca84c2e3b2fd30a,9478
d:8636a93d218648da9c1c01d5bf271d0c,9479
d:863a81aa22844bc5bae16c8d4d6a00bc,9480
d:863e25640a714aff97cbae6488aac02b,9481
d:864e4862228d47d3ab8938d3ca5a327e,9482
d:865aa72f014c46f492bc2019cec09a7c,9483
d:865ad8423ac44fc5880f09c2ac77a0d2,9484
d:865f0c7fbf6f4382a5e42a311f1adb0e,9485
d:866a6002a78e4ff1993597d5c09cb99b,9486
d:866bb304ee9543e789ae45e05022f0d0,9487
d:866e5126f7864667b2d0a696b3fe8645,9488
d:866ef4f62ffa42658f557a91c0bb3733,9489
d:8670cdcb8aa14969b78509881821b1f8,9490
d:86714ab7f28d4476b84372036a15dbe9,9491
d:86745ce5533d454d81de840c24b1482c,9492
d:8675b1022b93486fabcc26fcaa75afc7,9493
d:8677362d3cc94b6f9015aaf2012e6a67,9494
d:867ef4ca11694de8be5f73e3e59bbd04,9495
d:8682a03c5b604b6283e17fa215c99f44,9496
d:86837211115542e6b855d7b123ce3a3d,9497
d:86849567070446e1a79a478a92c2a184,9498
d:8691d25977634b148b1f39cc1bd7411c,9499
d:869381cb9baa4c21aee9776334d078b8,9500
d:869a785aec7a40d89b7965f642848f8a,9501
d:869bbe83cb564214a35456d1a00d80ce,9502
d:869cbcfcd0bb4edcba85b8f843ab63d4,9503
d:869f43f599fe40e3b439224c514669d6,9504
d:86a12eec48eb4e0482d9ef0562b6150d,9505
d:86a792684ba745519b0ea6fe98103936,9506
d:86a8431943fc4568843a50724bdfe300,9507
d:86aacffb8d364b2b9ca18938d9fe50d2,9508
d:86b06e7a215743108a90c6b49b16347f,9509
d:86b2ae40b41940f4bfd6831101c854a7,9510
d:86b77dd036174420b95a7c2c0df79d05,9511
d:86c01e7c877a4f6bbdc0a8d6aacf6a4a,9512
d:86c7c2eba3f8488fb72904630aae0663,9513
d:86ceeb27775b415baebc1a83ad2eb446,9514
d:86d74baa633f4a1788fdbd60ba49dd59,9515
d:86db80702f134dbd826c0976d12e9ee9,9516
d:86dd35591fb14adb8629b559bc5d64dd,9517
d:86df1331f7484923aa4dabec2908ec57,9518
d:86e21896dc924eae890c2dcc271cfa2c,9519
d:86e2e2168d364eeb82671593c1d43416,9520
d:86e571bcecc14420bfb725bedf8c8839,9521
d:86e5c0cbfde3437ab3109c25dbbc8206,9522
d:86ef677ca5e948d98bb4ffcd08cd2171,9523
d:86f586221c804605be09eb267058aed9,9524
d:86fa9b515b574923880600e78fb589cb,9525
d:86fcf88442e143b69befb33b409a3622,9526
d:86fd44e94e904464b4c4e74a097990bb,9527
d:87002c37af054ab79d93dd53aecb8a43,9528
d:8706c3928aa64549aee76742e6e67e23,9529
d:870b7aef01cb4e55892e3dc12f982a69,9530
d:870f176197594fa7b8b539ee3f600fff,9531
d:871113c0d3104e2b8d7e36718abf1361,9532
d:871290f50d314f1b8ad48475b9e0a705,9533
d:8712da072fa3417cbb6777e24eb97b5b,9534
d:8713dbce2df942c6bb2b22a17627c76a,9535
d:871656cf2bde4b79aa939cb291c5f769,9536
d:8717b93bdde4465596e9d142413b13fc,9537
d:87214339d42042d5801f19e4b0713634,9538
d:8721aeb413324fe69b17d1629bdd07d1,9539
d:8727922153e44b0084c09e8c657f0597,9540
d:8729d34eddd04aa2bed252bcda3d6c82,9541
d:8729edf99e164b3796723e0589b08e74,9542
d:8731412cba1a4bcab473389af7561449,9543
d:8740a854bd264faa9ed0cba3f8f19348,9544
d:874614d595cd4184b6f3164f14262720,9545
d:874e90592dad4b00b85fbdeee04156ef,9546
d:8752a79a271d4e5290f5ed110d658ccb,9547
d:8757e67addc74b7ea30c8b5558fac9da,9548
d:875a3a707700417d9bcebf73274b088a,9549
d:875e7c6a7a20477390fe706d24ac7a37,9550
d:8761a7eb25404cc7a9f849438ad10f23,9551
d:87652416bcb84e39ab5d6916a1b263c7,9552
d:876b8be493ea423dbcc59fc8066a7566,9553
d:876d2ba72fbe4839b0edb4550d7c86be,9554
d:876fe6b42c0648a08e49c90a72609d73,9555
d:877432333cad4e5ca20723da9526a80f,9556
d:8780c94cc39646b0b1d55515204d0506,9557
d:8784323bfd014c8d97c087b4eee444f2,9558
d:8786a83bca65433a9bad0591a104d1e2,9559
d:8794c1feb1a94583b94bacf4334ce52e,9560
d:87a44e71d9554a84bf5719220b9b12b1,9561
d:87ae350e46ec46cd9149a1cb25e97808,9562
d:87b38fa86df74893bfc85106fdb38621,9563
d:87b8a2e7163c4813961b848024e6ea18,9564
d:87bad335c25f4b159154ba107cfc5d20,9565
d:87bbbd94595e443bab1d6ce892925c31,9566
d:87bc81cc7cb44ef78078c085952d53c8,9567
d:87c4871b52ee4644b6d90c925d4f4251,9568
d:87c7830b5c444355b5b497ebbcf30a73,9569
d:87cf755d317f4fdfbe1aa5507c76d885,9570
d:87cf8e579b014b589b512a523f9bb658,9571
d:87d685a9d3da439788514f664614fb96,9572
d:87d6a63ebbaa4399b230d8f1b220f3c8,9573
d:87d8b757d98a478ab2daec35c48e1701,9574
d:87db48ee1b3148bb9b1b7b64011acf7c,9575
d:87defea87044483e8ae7226b57a94292,9576
d:87e08eb5cd474d56bffe750dc84d04ed,9577
d:87e0952df3e94e0288c39f9a988e12d8,9578
d:87e46862e56c495181f1a2e2ceec525e,9579
d:87f3c12abb5b40a78f54f1b198b5c920,9580
d:87f40bc2eb5d4e57a5949c57e5172f85,9581
d:87f6fcab2e91468aa89937c3e4f8dba3,9582
d:87f7f897e3214426ab35dcea5e36d796,9583
d:87fb27f165db4759b668cdbb0b61dfe6,9584
d:87fcfecccbb54b51a8dc32b21c464436,9585
d:87ffdf8258e143799f788f28a502fc8c,9586
d:8802061e65d744cb9b206d33203ca856,9587
d:880392a661074cb8bbb00cebf30ad8ba,9588
d:8805348bd6b74f448dff96a2abcc7f8c,9589
d:88057ba3423842dca5f74fc552b68f0c,9590
d:8805d6037a9c4416b83db7a94f6db062,9591
d:8812838d0a7f49b29f2520a28a2bc4a4,9592
d:88140d5304cb4a6e9c7c2b6b49fb0e04,9593
d:8814381a91aa4576bd8778417c34e5b3,9594
d:8815868c03de44699a0ba6b4dd503af8,9595
d:881f7c992ff34a52844bb40d0c8ec57c,9596
d:881fb8a4f49b43b0bb6b65696c7a644a,9597
d:8822ba634033423eb350b4d4e7f0a9a7,9598
d:88246939834f4876ad2fd9066b042a37,9599
d:8830b7c7b8d8462aaf514de0c43d1d06,9600
d:883432a180644eeb9e9f3fc6ad426e3d,9601
d:88365d8b59c54c6cbfb6c4fe10d02630,9602
d:8839701586294b19bdf85804daae8909,9603
d:8841209e665041c7b7e5ba3d25ec5a31,9604
d:8845bfda62084f599165efd8b5e13775,9605
d:884654d2cc5140758cdbd38dc695470e,9606
d:88479edd30ea4870935bd245c82d71df,9607
d:8849c3a60a3f40c98ef53869c57df720,9608
d:884be61a4fcf4ddf8e115a5a2f2069d8,9609
d:884ca5f9dee94b959d9e294196763666,9610
d:884cd861f0fc4057b5b7e17f10010e24,9611
d:88503a904b9948acbdc59a66f49b361b,9612
d:8852fb7353bd48e9a4d9699847c3c31b,9613
d:8854f4edc27547c3981c2d671069bd99,9614
d:885b461a783049bbb03ff2e7644f4b37,9615
d:885d1a08f3ce40d7a8edf32b8f86ba1f,9616
d:885e9eea0775400d83c297e2599936ce,9617
d:8860a3864cff4323b4a51d8dd467ad74,9618
d:88618bcac0a34c78a01d8dbb44fc29cc,9619
d:887001fe3b9e4265b51b75d1520fd2df,9620
d:887ffb7347564503908ea2622cd1fdcf,9621
d:88891878dbd44102941fbbb45c300cf6,9622
d:8889b3218a9e48dfafd93d771dc33d2c,9623
d:8889bb5079b2459bb60b4247bab5606d,9624
d:888de8b024d343bd8b6a84e93e1ca03b,9625
d:8895090483874c4590a9ed6e4341f56e,9626
d:88967bf7ec8749e1bf68d3fc0143e2ba,9627
d:8897d433cff94acca421a9d1648343ec,9628
d:889ba2e4fc594d9bb245b72f8ebdcca0,9629
d:889cedcfec29490da6eefc7d754a356d,9630
d:889e946b4b664bdb89c42d1160412a63,9631
d:889f3e0423ca465d8996a33fd4813628,9632
d:88a004a3a18f46e8ae8d27da50a32ddf,9633
d:88a20f7295584107981d9674ef35c5ba,9634
d:88b14b04d6ef4dca98f408a8ebedf9a6,9635
d:88b1c5da12e347b888449cef845c7037,9636
d:88c2f21f5dea4087adcd66d915fa642b,9637
d:88c587bcb2d4411aaf5b7d008eba998c,9638
d:88c76765654b41f982be78a9c3287d81,9639
d:88c7a84152bd4f04b5744025e8f5727f,9640
d:88d17ff939e44d17878c14553ea59123,9641
d:88d939ea6f01437082f9d5369e548379,9642
d:88dee92c8c1f420b9805d8fbb089a29d,9643
d:88ea231fb09f40a2ad4749c16b66d938,9644
d:88ef66bc0ac84f398941bd53e5dbd687,9645
d:88f07857945f48ce99c0e29f9e64ebe9,9646
d:88f2549ad52844bca0b1e98240ab613b,9647
d:88fec12e890543faae07b5fc8b023a68,9648
d:8900a8cf3a2d466daaecf1d652c4b079,9649
d:8901fe27c68e45498ad8293e95813bea,9650
d:890a6dd537e14dc98dfc55d7b3b77faa,9651
d:890bd7bebc2242cf8500344c7f2b7d25,9652
d:891052a35a74460b8766aca30865503e,9653
d:891995aebc634476a5974a9d0f2d6982,9654
d:891dfbbdf9a14d02a6c958354d6e9185,9655
d:89298bea7fa14f1ea5a38874cf8cb4a5,9656
d:892c2bfff1f74e33a9c4dfae1490925f,9657
d:892e165de264493c9ab354127eb5810f,9658
d:893389948a3640878c751edc27b7ab63,9659
d:893605ed715849bb9bf5754772c8fe5a,9660
d:8936fc1493634c7daeae501d24e7b154,9661
d:8937e05a83a540aa9453905fd16f9940,9662
d:893bd0d4c0fd494f9ea2fb6dab7a32b6,9663
d:893db43dfaee4a1ca297ee40c725bfc5,9664
d:893e4372b70e4578bf4d0be26502c1a7,9665
d:8942530d5878447db68fd620021724a4,9666
d:894536ae879f491b93cd0d2fe0d56b77,9667
d:8945f85cbe8e45d2a46635bf358309d4,9668
d:8945fdcc56144d4f92decf6a795aae28,9669
d:89473224662a46b4a34c60f46ae300c3,9670
d:8947a46e1648460db7c1d81d7737c66e,9671
d:894e7fabdb99401d98ca0a4ecc24b619,9672
d:89546c8c4dca4e7da1bf4d6e2a14bbc3,9673
d:89574b549e384ca9afaf3cfb80441cb3,9674
d:895dd279279a48719c8efa78dd3d81a3,9675
d:8965b830f2574a9da3e76f127b297185,9676
d:896c27d556b74c498a18761ee66acc99,9677
d:896d4ac4648c4f6bbf225558dcc79e9a,9678
d:896e67b79d594ca1a8cba265b7829c16,9679
d:896ef3db9d724f6cb8453d2a475d27cf,9680
d:8970411396bb4a078fd21463655a950c,9681
d:897099069be54fedbc084e8323d92a3d,9682
d:89796cf5ce9a40bda638358c8046bc4e,9683
d:897cb7b2211e4b7ebbf80cd343fef6b1,9684
d:897e5718976f477dbee19ee1fc467293,9685
d:898305a7dcf241b49bd38d0792c85c72,9686
d:8983743f744846afb75cf6b9e6dd49ef,9687
d:8985a4861df84862a7619f012f8f9342,9688
d:8985f67e723b4d4eb267f8b7f2bd57a8,9689
d:8987986ec1814ce6a457318e8b90434c,9690
d:8987a10f51394312ad648962d989a9b8,9691
d:898dda1c44484dc7aba1532ab049bfa0,9692
d:898ed4a9f3774a628faa24216b231018,9693
d:899226da01a44ef684f3f30fd94db192,9694
d:899efd4bf426462ca7ba4b0b37ab46aa,9695
d:89a3575e4a1148f6b14738ec82a50301,9696
d:89a370aa7a4540c0a5e32921af45fc75,9697
d:89a407835a7443208842ce96f30db481,9698
d:89a51643cb0e45899ea0822b45cb0e70,9699
d:89a6a8b8fe5a4fa6b99be40b81e7a0e6,9700
d:89b7a5d3f7224a3da3225f74c90369a4,9701
d:89b9da6e714c4291ae8c9d96a860bd34,9702
d:89bcb5f007454ad1a7f150ab2d9fa729,9703
d:89c1ce2e9287463a8342e993a9c23536,9704
d:89c2e6728a6f4db290ff65907fca7cdd,9705
d:89c6d0c8048449d5ab2257ebaf8f2c99,9706
d:89cea468cd8e416cb4156501b1ca9a23,9707
d:89d03caf2f924aa6b73530a185c5d306,9708
d:89d697117c1c449bbbae236116cbab3c,9709
d:89dbe11caa0a48ff910ecf50bb62034f,9710
d:89deec3ef6534b9b928737f982683ea0,9711
d:89e5c43d62714bbab03df3250a524661,9712
d:89ea3eef96e9406c92b26335dba593b8,9713
d:89eb399efef94122bc6705c4fa9e682a,9714
d:89ed752849084a269a7df5525b0ef594,9715
d:89edcff4262a42839f6a79ca85a498a0,9716
d:89f02623efec49e4bf3cdf8ddcbb3e8f,9717
d:89f7d3b5adf3433b8ae710c6647bb330,9718
d:89fdbe9b4d0d4cccb75e861efbed8144,9719
d:8a024068d3964ea8b3ae3521ad717bf3,9720
d:8a03f46903e44fda936ce738fa9e05fb,9721
d:8a06ff0bfedb4b6cade3595610be47e0,9722
d:8a087a7fb5b246db9bcd001a3e5554f3,9723
d:8a0b5d423e494793a49a3467ee8066ab,9724
d:8a0bfc81a16940108eb2e57c60485ca0,9725
d:8a15782e7200469186539f52c3f7a3a0,9726
d:8a17aeaaf4a945339ded41dd8c42b279,9727
d:8a1f1db5d3d04294b5ea5b2aea2b9dd9,9728
d:8a22c18e55e74cc780f3b2e369fa5a7f,9729
d:8a24d5f821614154a2bfaf5cdd2aa07f,9730
d:8a27c305f45a49bd9a647d4cd422bcbe,9731
d:8a28da659b6e4511870a6ea8954727c8,9732
d:8a2d7324a456476799af17c378217b0d,9733
d:8a2fab11d1714a78bc7f2e419ebd9d39,9734
d:8a32c6e7ffa94abf9ca0ec8b1ac78a89,9735
d:8a3502b103874c4d8e4d07248fdd5070,9736
d:8a368712a6a54f9fbb250e777ab4d971,9737
d:8a392f94cbb143c996ec80bc96245e44,9738
d:8a3eaf676e1d42ff9b1cc8ae8aed4356,9739
d:8a41d5a03abb41e090b9beca2598e524,9740
d:8a42eb3ed0004a5191ae9c5307fe94c2,9741
d:8a47c627c10b4e68b8c12073cbdcfd9b,9742
d:8a4bfe82f74a499686f652f591715f32,9743
d:8a51990b723b4fab9bd91aecdaf37f7f,9744
d:8a5708a0d3c04f2da63a5f2405b76c2d,9745
d:8a5d78fb07594370a81d5b9df4e41e52,9746
d:8a6291ba9aa946e2bf5f92bb13c7bd9a,9747
d:8a64649e771a4dac88b0d7dec84d04df,9748
d:8a671d2ad30d459dafc3b0a4db1a2ee5,9749
d:8a69b59e9637400e9a5ae40504f83414,9750
d:8a719282c3854382956f3e4e741478d9,9751
d:8a726d59977048c596dcdaa13a47a9cb,9752
d:8a75b8a3ddbb4b7a9e04ddd92cf9960c,9753
d:8a76f736e15847ecac7b1448a40a2856,9754
d:8a771b909ab646b086bc9819e59159cd,9755
d:8a86b5d14bf84215a386a48238e6b6e5,9756
d:8a871c8a1dcf4f35bdae44df20fb31ae,9757
d:8a8d8ea5c5fa4cc5a444f874a0a1f9d7,9758
d:8a921e228ae14346be980c1f175afcfc,9759
d:8a92b21770184988b10f791b3dba76ac,9760
d:8a93d3be23474f68b625500913e9aeab,9761
d:8a964185882445e89cf1c2395cf58720,9762
d:8a9ffb38f76a42b897a4351976f39dc5,9763
d:8aa0d594c5c04e6799032a3d1355a8fc,9764
d:8aa7ba4570f24810ab66b7436079f237,9765
d:8aab7319d78245d48209b396b34e538e,9766
d:8aade4a34a034b0fba4ff024fb6c5121,9767
d:8ab0b31ac9514f17849455c86a6c0a97,9768
d:8ab0e154d0ca46209a0bab2017dde5bc,9769
d:8ab3d1b8ff134adcbafc33f078602c4c,9770
d:8ab48a6ef0b6485da25061118bbda276,9771
d:8ab52f891f0547ada8ed5795f7a2fa68,9772
d:8ab7a6ccf966452ebbe4b9e778539e99,9773
d:8ab877b95b234ae99df69d47ec97c6b7,9774
d:8ab9a6571fd34fbeab97fb0185a300c6,9775
d:8abbca7ea50445f1a7b244d7da63bd21,9776
d:8abd1807f2f54761a280fe996078276c,9777
d:8abeb6ea902742e9a3bdfb0a82480a31,9778
d:8ac0e8a7f4534f068a83bb7e38bbe2c9,9779
d:8ac33aee7c5c4e559f7a8427e5100360,9780
d:8ace07e6474d44d99d766ea12e2f29d8,9781
d:8adc0f30514d4c658024ad6f4f2274b1,9782
d:8ae0c90b7e1745829b8b5d7092e21196,9783
d:8ae2c31268694dc2823310a74eef3a11,9784
d:8aee2c04189641cdb843027d77b95833,9785
d:8af8ff6ef82045829d14e2eb34763ddf,9786
d:8af9d70fd845471e8be81a932f940213,9787
d:8afac3a396444793a64f393a0b818b88,9788
d:8b0485775efc4c15b61e2c9bc8081925,9789
d:8b1310eb4ed041a8a5b5c7a752e355f1,9790
d:8b1a20b46193452a9f20ee63fbaf9784,9791
d:8b1d0489a4654be1afa24e37e3b62721,9792
d:8b2112ac16b3457f90dc586abb2f6fce,9793
d:8b24fed550104eb19c074dbc0583d3d0,9794
d:8b26102f36104a64a345a26d1ae262db,9795
d:8b318d47a57340b7905c92daa90ece05,9796
d:8b332b678ebc4c8596eda3dc094fc54f,9797
d:8b36c79f01e24a848324808b28f90245,9798
d:8b37c566516e432fa2b424f36e6b029d,9799
d:8b38b66837d749ee8bebb85554ffa9eb,9800
d:8b3f53c20ad5449e94bf1e2b60f82d17,9801
d:8b433b57cd4643329d22f4bd9029ef15,9802
d:8b480232804142beace5364a9c78b952,9803
d:8b4806987ac14c12a111eb7f1ab09436,9804
d:8b48f92820164e65b2dabdcdc03b1679,9805
d:8b50557c51cd44fb84bd9a20846f9a86,9806
d:8b54c3bba9124e0f8ed5e1f68177d91e,9807
d:8b551cfb93d84fa7838b184552466180,9808
d:8b5527f4a3c3489ea9e1b8ea260fd227,9809
d:8b5e8cb495994fab91fbb3416833ef36,9810
d:8b712dccbef04c2f99d59687192ca552,9811
d:8b73ef0e5b724eeea450bcaeadd1b56e,9812
d:8b7682cd015642f3b70f9f3832d4e4ab,9813
d:8b7c3e3b6cf747efb9b7c5c836f81e81,9814
d:8b83e23e764e4806852cad38cb474588,9815
d:8b9988175dde4a738b00fc58a327a001,9816
d:8b9ed5c8fdcc4f5c8a0a43e7110df786,9817
d:8b9f42069b86447ba51ccdfca2f3141e,9818
d:8ba178f564664ba4a3e6244afc042640,9819
d:8baaace4473a46d3a2e17184c41909f6,9820
d:8baabf2a9ec94eefb211dcd2f572a092,9821
d:8baae2600b2e469dae3468f91eda2fbe,9822
d:8bac5d557fdd4a4699592bbc709c2e2a,9823
d:8bad61307fb94d9ea73213cfb166337e,9824
d:8baddaa62a804b0497d4fcd19cc8415b,9825
d:8baf33e737b04fe1b71b49c85b450f37,9826
d:8bb1096b84ea450694fdc268055c2d21,9827
d:8bb229b94b6d48848a5d4bfffc58b7fb,9828
d:8bb6f616253b4cc79c18acc2dd8dcc0e,9829
d:8bba8212282d464ead596ed826cf03cc,9830
d:8bbf69abb6ec4753b8dc13e341ea3b33,9831
d:8bc00c7fecad42a9bde828e08fffacfe,9832
d:8bc142f3ae7f4edf90dab758bec57962,9833
d:8bcac2fc46834f3984d04494390de48a,9834
d:8bccd5c71d9e479d85f9ac8204cacb58,9835
d:8bdf5e422e294e009285187f3954aa14,9836
d:8be1c02063da4cec84b880c93939a9b3,9837
d:8be1eb25b9b8462bb4e1956acf424507,9838
d:8be22a9ffb85413784b80900fcdde090,9839
d:8be40185ff304918b4c13c43b4120729,9840
d:8be86fe746ca4ba0ba993301be28bfac,9841
d:8beac0f446bb486ea1c42a5d5cd278b4,9842
d:8beb35d57afe49c3986e117464c5a484,9843
d:8bf350d3e3654e8ab003caf5928a8743,9844
d:8bfba5cd1aa44f018a1bc6ddf75921ce,9845
d:8bfe59ca0c3e4e35998783e7620d5d09,9846
d:8c00c331b6c94f048cc5928663a2a703,9847
d:8c02c7aa812f4a748370f5ab07b0da95,9848
d:8c08c2300fd843d4a0c400c4f547bc91,9849
d:8c0a18d7fb884f8f8fcb3b5d5abfecb3,9850
d:8c0fa8c81c60433f97d3ecfa4188b212,9851
d:8c112fd894fd44fd8ffc482608a6663f,9852
d:8c1160152a164c8aa597ce86d2af7a75,9853
d:8c13d84704b24a458a6ba9aace4d9702,9854
d:8c1498d764a642bb9c96a5b1f2e546f1,9855
d:8c1a2a7e1a9f45b99a5969e39f0c77b5,9856
d:8c1e88a4082b49cd92b7a21662869952,9857
d:8c1eb071a2264ace99fb72e738c04770,9858
d:8c22d7efe26c4f80908c962a640fd222,9859
d:8c281c95b37449219cc49ea15e13a601,9860
d:8c29da00b9084b00a12117fe6393e058,9861
d:8c2ff4002ee44b2998e33ed42cbc4e0f,9862
d:8c31c133f6e048ce933c282912db45e8,9863
d:8c38d420e0784b53be51aaddc09d1cdc,9864
d:8c45a2fdb4d648dca078c105e00be697,9865
d:8c486f5569c945299ff51e3549c85b9b,9866
d:8c48af7fefc74297a378f49c74dda294,9867
d:8c4a7dec81c547109661a2a968782a59,9868
d:8c4c6727a9f140008a6fc6b4c5426279,9869
d:8c51bb57868b4cacbe4b69e8853e3f1a,9870
d:8c52f261e5fe4d9d877105f6be3e4ff8,9871
d:8c570c5a4ca340a1916176df95a62043,9872
d:8c5a5bc08882475596ccd0986ef1d1d9,9873
d:8c60fffa69dc43059ccd1671da7b11ad,9874
d:8c613a8dc0c945418c2eb5ade3239212,9875
d:8c63abdac9bd46f1a50cc3f1ab91d0ac,9876
d:8c6a6d9da5964465bef832aa95d34b5b,9877
d:8c76472ae5f74a78977e0d65e63792ae,9878
d:8c7c76c332134d389ffd4b6236652637,9879
d:8c82dea24f96461489f263a3f18d4cc5,9880
d:8c8a1905e9f246a3906d6a6f88d68424,9881
d:8c8a35eb8dc84250b54cabd2203ae1ee,9882
d:8c8d849e39f14d5983cf531f41c88dbb,9883
d:8c9145ae6a8d4fe19fc73128bc3ea69a,9884
d:8c91561f19744b63903d829bb2e4f969,9885
d:8c91f7cdd79f4b499c5552814aab92d9,9886
d:8c923ba77de94fe6be3cd115c283b040,9887
d:8c9504b3b06e4ce080523b4e3bfbb66a,9888
d:8c95e6516fb0404fa717cc06ca76f43c,9889
d:8c96bbc7d393453b85a39e80a2de1963,9890
d:8c9920770f4a458d86aefd7d3937f3d6,9891
d:8c9eb6a3aef846a18f356ef57a786bba,9892
d:8ca01e35289148759e4c8d79794ecdf6,9893
d:8ca193b4428b43f4a3ccc24cc6b23379,9894
d:8ca5e319c404454596665b35e10590d0,9895
d:8ca9e14875e847d8a04ca663dd88f6d6,9896
d:8caee92b9e954bdb8bddccc7d36b9543,9897
d:8cb0451f1b9743b3a3f34eb40421b8cf,9898
d:8cb2aabc6f364358a842a3d413dc8cd1,9899
d:8cb7e3a60fc14663aac1be7b9126129a,9900
d:8cb7f776092d4624b89d60e2e3c3973a,9901
d:8cbdd96d681c4a1dbdf05468249570ae,9902
d:8cc0f4e97f5945fdad80cc13c168f88a,9903
d:8cc1e187ae0a44a6b292af4d312431db,9904
d:8cc255d30bff4cdd8ad0168c42e1d4a4,9905
d:8cc5cd392a5f4fa492ad24f889bad2f8,9906
d:8cc6ac93b73e431590b92a62fac7642a,9907
d:8cc7c7f1139d44a09bbaee7c520ce04e,9908
d:8cc94ac50e8c413d9717476d2c18353f,9909
d:8cc9fa6c11124be7a8384e4ee80d2c51,9910
d:8ccb36adc0dc4b299e87fa69a10bb8c5,9911
d:8cd12de99a9f4e1e917aa81950ba0958,9912
d:8cd1a1dc2a5a41d7aa959ad7970b6fa9,9913
d:8ce5fdd50e714a168f45e0e6c042d2a6,9914
d:8ce79aadf94c410ebbec5076e7463e50,9915
d:8ce7fa5599214a6e817391b6172f6106,9916
d:8ce985a42124440ca724436a752e6ce3,9917
d:8ce9f5aa179a439c85d19ac3502fe3e1,9918
d:8ceb571646a74820b3c81d9d7076c360,9919
d:8ceb5c6dd1da465abfad9dbb5e5f9970,9920
d:8cef03bda1b645489945cb632d64907c,9921
d:8cfea4cdf4c54d5a83f61bb408a8a29c,9922
d:8cffbe307f4d48e093a69e0d7f6e1a91,9923
d:8d00376630b84996b0d5b23b53056154,9924
d:8d00afa0ef6049f484aa70443024965d,9925
d:8d016855d7474bb2aafae6d384becd83,9926
d:8d01f464e61841758936469b00fb9c5e,9927
d:8d04546164d148b1b254ca658efe917d,9928
d:8d0fe327a2494a9d9a95057a4d119ca2,9929
d:8d179def048c45eabc5372ffd3589f7b,9930
d:8d18181a91584b97ac0208aa7a2445ed,9931
d:8d1ec76bbe8a4affac099453f1b78415,9932
d:8d1f436513b14e16b6c284e3e4354dea,9933
d:8d2167225599476cb8bc34a23d821072,9934
d:8d2272bad28b43c8a5cbf302d48f6dec,9935
d:8d22da8d90414762be7657be318e8efc,9936
d:8d259dbb21fc4f938fee36be66c5f0ff,9937
d:8d2924ff4e3444a090d55a198d2e93e5,9938
d:8d2afd99505d433f8d8672acfcca628e,9939
d:8d2b90db44944bcbacc23795beef13dc,9940
d:8d3eaa84d4ab4d6380c99b199a450c2c,9941
d:8d4e68e579ec4d44acd94325eb86084f,9942
d:8d59b38c5dce4d8aa62448de4f275677,9943
d:8d60bab0312f468b869dc76da45d8d38,9944
d:8d64f1f8ca804a5b977151ccbcc4cfb2,9945
d:8d65ad06e4b24528843a6eedddd224ab,9946
d:8d65e4142034404296b9e54df7e70426,9947
d:8d6c590835944c47b1093dbe552b625d,9948
d:8d6f7a0c87b040b1a0146a11076ce1d1,9949
d:8d7587f33a084e5b8a370322a94f3d60,9950
d:8d75b8e9b695488388da165dbfea78e9,9951
d:8d7fdac3394247d8af15424c0e46322e,9952
d:8d80afab3c414bed82af197984ea0847,9953
d:8d8b9559fe1641bfb12a6a03317d18d8,9954
d:8d8e6d8f20f74430842defa0afb89067,9955
d:8d93a5cf62ed46518860e7e9a3bba919,9956
d:8d989326bb134f138fd5db765bd25c5d,9957
d:8d99df8e62ed41d9bff1e8da0baee93a,9958
d:8d9fbe5c5ba046ab950a4fcfb5050664,9959
d:8da329bc45f0474190c10f3adee17e61,9960
d:8da32f7328c4454fbdaea1bdb2df4812,9961
d:8daf9906b60e48e2aa8fa8004f063784,9962
d:8dafbdd9a4824b2cb757db342bc0acef,9963
d:8db0c968021f486ebdab0c95eeb2b88c,9964
d:8db2a3ec560c4e0fb20f0fdeab49bf74,9965
d:8db2ddb2de7c41cc98aa49af3d409b2b,9966
d:8db3eb5e12584b20838b0c2c51742efd,9967
d:8db89d241ac640e3aec6695b8d7bafe3,9968
d:8dbb3528d0eb451cbaa337f8af5ac035,9969
d:8dc4ecf937d648a3a82304237b011855,9970
d:8dc6592aae054de8bf54bbf4842f7ba4,9971
d:8dc721c3f9b8452abbb18a61b73bc359,9972
d:8dcb16a91c8441528c51a80db40494f4,9973
d:8dd0de15345c4a94bc179d61b3dff7fe,9974
d:8dd14f8f5f8f44c9a83d2f62461ff014,9975
d:8dd746dc1ab740a1ade73d36d7757542,9976
d:8dd88fdc5d8b4fd3870063f5c8ac728b,9977
d:8dda7357e7164006a61367ec667723b4,9978
d:8de0e593982c47c5969e8323709dbc2b,9979
d:8ded2bd5f36d42ce9ac47ce8daf8bf33,9980
d:8dfedc410fb2447eb99771b9fabe258d,9981
d:8e0302a0cfbe44bb804d2866f896d13c,9982
d:8e04807be2494028ae671dea82ab9b77,9983
d:8e086bf1a6c0493784b0e610e13f1d2e,9984
d:8e0ab87453514bf7bcb1383763c145ef,9985
d:8e0eee2ae88e47ee8152e31fe9cdc9b8,9986
d:8e0f777d5d6140b58ad15a1bda2aa2f4,9987
d:8e143d95d85a47dd868f1f2d2da00ad1,9988
d:8e195e44f0f441de8a908029e0fb9b81,9989
d:8e1a3c18d1f849a29748fc9f0075fd5e,9990
d:8e240109ca0b468a86cf748f6bb749fc,9991
d:8e2584ec9ed74017933ccc393450fb2e,9992
d:8e285ac8368349be91e88abd9852ddec,9993
d:8e286d5579fd48b6b7fe6e4ff11068c2,9994
d:8e2a64034a414f498a137c20f25ba856,9995
d:8e2b586e9ffb4d0dba001c8a91145833,9996
d:8e30ef35eea848e09aba9086ee13ee0e,9997
d:8e371c9c962b4bf0af709caa0f0ab6cd,9998
d:8e3e536f2e3540fb92c6405e51a8f0aa,9999
d:8e438ce7894a467fa6df292535d5123b,10000
d:8e49163496074e0cb3b7b6ce71891474,10001
d:8e4d1f43cc7c42bbb7ca775d10052dc1,10002
d:8e542e87d0e1445883f6c66d7d9423fa,10003
d:8e56a99711f945039c91951cfd8f099c,10004
d:8e580653416a4fe583db79e044ef0e95,10005
d:8e5a8d25168d451d88f6f33afda52760,10006
d:8e5c374eeb41470499bd773c1757b9a7,10007
d:8e69b6e36f0d46dbb8f94c89e4227d58,10008
d:8e6a0bdf19b14f209873e7c5d9de00df,10009
d:8e73968a1f074a4199d648336abde3d2,10010
d:8e7a7adbe14b481593acafc1a4e13554,10011
d:8e7bfa2bb87349bf8260755e1bdb3558,10012
d:8e7c49282d5143ffa0d7912398c63868,10013
d:8e814ca1584740b0bb5c6e4a7b1c33cb,10014
d:8e82c64ea49547828238b922c1230594,10015
d:8e896b783e3841cba7dcc95cf16f4515,10016
d:8e89b03a8d69436a80756b50c4ab0d96,10017
d:8e8a78f2733f4bfb9147b7d2f9e43c2a,10018
d:8e8cf73705c542d1a23c9b9e6812b3eb,10019
d:8e922200f13e41eb8dc666f9dd91e1b6,10020
d:8e961fa87bd644d79d24e915a893e829,10021
d:8e96921293f840029662ac88c4dc03e6,10022
d:8e99efe5c72f4b8aa057fbaa18844eef,10023
d:8ea08bf3adee4ae5a228f43afec7d814,10024
d:8ea42a803cc44d79a407d03342eb968a,10025
d:8ea5eb64af3e486fa71a3e1ccb2faf29,10026
d:8ea61eb60cfa410fab33a25c680c8537,10027
d:8eae688966cb412897e8ab068d2d5c9d,10028
d:8eb448a3c5e14478a612878b96a57be2,10029
d:8eb461c43922402790ca0f977e60f448,10030
d:8ec5e76448b640a2981efceb6151619d,10031
d:8ec6d503d7944c85929c2087b9b6158f,10032
d:8ec88d4cdbaa43d1b27f37fa5b1f5b69,10033
d:8ec9f1facf0447f0ba68b0bb920416f5,10034
d:8eccb02acf7349c39f221ceb229633ad,10035
d:8ed27098ed9f48f589a013b3e814d768,10036
d:8ed2e02c6ece4d7aa389cdeb60243adb,10037
d:8ed63b475d304dec8d5e0992c09236d1,10038
d:8edbdc012647459499c106ad602fecc7,10039
d:8ee5d45a16144b088620fdaf9d2fd201,10040
d:8ee85e3b73c94c11a0adc3e7a5226c40,10041
d:8eea02ca13be4e84aa0e30e86c298034,10042
d:8eed809e21de4750b84951c37a311245,10043
d:8eed88d3c0794cd5802f60017e098fce,10044
d:8eeefd10db374554adf55cacd7d4f45f,10045
d:8ef1ed9f94de46afbb81931bbbdf7271,10046
d:8ef2de2a1be94b1891c2df978eda23be,10047
d:8ef34e3df1e84034bc5175f14b444e82,10048
d:8ef373e72d084dec9a096f7320e16b84,10049
d:8ef65bbad3914615b04ff27e9c2a2efc,10050
d:8ef6f37b77974f87a62f06f7afce21d5,10051
d:8ef75b49a8a545f09b82af4e24d2b670,10052
d:8ef8808cfaaf4215aab0d14df093a05b,10053
d:8effe693a8a94f0883337f70a6c10917,10054
d:8f04432d82db4ba5ad81d8c754ebd60a,10055
d:8f05917bfb6e43089e7119bfeebd403c,10056
d:8f0a7cf64c604ef7985e0b338a2a3b22,10057
d:8f0bda8bd24b481c8009bbaea2fb7244,10058
d:8f10815d0ee8403296d6dc46f970303d,10059
d:8f140e60be2a4fdd94c37a8352a344bb,10060
d:8f1486d6550b4f0ba4382a5faf3be7b5,10061
d:8f179c0d71dc4076968119ff07cb9d52,10062
d:8f186343e62744f0b0426ec24fbf01e2,10063
d:8f1b58a1baf64d22a064238389f0257d,10064
d:8f1eb89ed3ba446594f5a5f9aa2b17c7,10065
d:8f263f9d0e7d4f87b9cd6346bff7c7fd,10066
d:8f290abd976d41b8a4af421ea138a708,10067
d:8f2aab156f9340cc8cf06814bd035aba,10068
d:8f2ae1c5418d47a78631bca46a673ebe,10069
d:8f2bcf339b1144ccbec91d32d2277c4d,10070
d:8f2df81c5541444da14bcc3de9924264,10071
d:8f2fc3c00f654045a2ba6c48bc0640dd,10072
d:8f318d3d7f5e44e49bf953b04d0d53c2,10073
d:8f3299b8813e4b37ab2606341663e063,10074
d:8f34e5d1b84d4137a1ee5a1de62d2ec5,10075
d:8f364f1c30934d4b8ad3f633043b8ddc,10076
d:8f447c9157eb49eda4b421eb0329c934,10077
d:8f469e97ccf947e987db2788f2e2c1f7,10078
d:8f4b1a84e82f434798eb3b4bc6e3abb8,10079
d:8f4f812e980d4ec796cbd9a6a2d9fe31,10080
d:8f5224c734494132bfdf8d2eedf9a499,10081
d:8f52caeebcbd44338676dda678f92667,10082
d:8f54fdeda97e4e9c9c54e58a6a24f6ad,10083
d:8f58c58083204760981620c7f7e0a3a8,10084
d:8f5a193db0214b8d85ee105d978a3f00,10085
d:8f600eb5b77a42b6942c84f3aec2cce0,10086
d:8f66924803a24e1ba4c0dc678be50f89,10087
d:8f66bb46809a415b8dc3e8dcbd938ff1,10088
d:8f6d57b66f454d5da1308488910a62ab,10089
d:8f704407f81e40d8bdfed86d9b22ea37,10090
d:8f71c2ec0cf74e5fb8e640111118d6a7,10091
d:8f72f9073a2f42c299360378a2364976,10092
d:8f7e51267c974f6d8ba9da50060015d6,10093
d:8f813e54fa5943af88125bd172ae5580,10094
d:8f822e92ab1b4c7b92f10db16cf00566,10095
d:8f83ca189fad40f18903bc26988eb2b0,10096
d:8f84b9af3ec3475d952a4c12c5b7bad6,10097
d:8f914ace8a8e4059a1a3fc40d62c911e,10098
d:8f9239df7d444afb99e8cc4372a47f23,10099
d:8f92cce737f64317bd3468b836031bd1,10100
d:8f9493c6ea7d44af8e51274d1311abc8,10101
d:8f9916fa772e472aa2a559830ad1fb0f,10102
d:8fa1ce0443654c9095303aeb66b0e68c,10103
d:8fa2a82b4d5d4e13aeb7a0e89ca5d04f,10104
d:8fa3a22c00554cb285bb0163a376f1d3,10105
d:8fa6e704fe4748ee842860a5f422eb8e,10106
d:8faf91b36c72413a84d5d157ce370f56,10107
d:8fb214aca2874471b545455b0195b4d8,10108
d:8fba0c8b36bd42edaabed638288972bb,10109
d:8fc1a9feb10443089458d6861c5ff319,10110
d:8fc5e8459d544bcf9802b7d0253e6b37,10111
d:8fcb7a38d80041cc928045c1654b4bb0,10112
d:8fcc7937b12c43798987078c45d58447,10113
d:8fcddc8e8a9346cda1261e6f36296e22,10114
d:8fd2f011d68847cb8966848ce5c9feec,10115
d:8fd57cc32ae04a97a019bd5620abb1c5,10116
d:8fd66dc4ea5b4cddad354fa2d61aed7e,10117
d:8fe48fe69531496d99642c4a7c03beaf,10118
d:8fe50c97d7304c81b0c234118d72934a,10119
d:8fefc2995e8b45b1b11a1c9c59fae68f,10120
d:8ff4baabc02e43c9a3ce66a9fa721b84,10121
d:8ff77cab055749be82572553af834613,10122
d:8ff78d5aa41b4500a064f1ace863d93a,10123
d:8ff7fbc55c43424a8e036f8717030753,10124
d:8ffd1fb50b5240aeb80aacc580de8c4d,10125
d:900c85744cf84af8830ee9dae422890d,10126
d:900ca3138bc84e53a31cc978870f79cb,10127
d:900e42c220fe4fc091c0bcb282f827ae,10128
d:90102269a4b74edab558202404d7c0c9,10129
d:90191fb63da2402bace1cf35f8eb58de,10130
d:9019c8958d4f4727905937be24ea6e0a,10131
d:902002abab734b70ae2e4a2d49ba3222,10132
d:9023599e0a8241d2965b01396af5bb45,10133
d:9027fdf2593f453396235caa5c7b5632,10134
d:902be4434f9f403388f9e902e2e7a423,10135
d:902cd7aecdf64d68b2015200d9c2495b,10136
d:902ec4e8537847728c85846bf8243104,10137
d:90329181c9a84ab4b144bf516bcb5104,10138
d:9035309cf5c6405b841654df30c0f9ee,10139
d:9035eae7488243de9695a2247ddd7952,10140
d:9038ba08a47242049612c67c0e7d3015,10141
d:903c7c514c4c4b7781583cc558921f9c,10142
d:904410a87f754132b766a9bf8aae3e05,10143
d:90476681705144f5915c1289fc1cf636,10144
d:904e0c749cff4929ab9e77199612f6aa,10145
d:904fbb760eab46b89992d598179d3e03,10146
d:90510778d9b6496e987f6b97b7cc1b84,10147
d:90547b20e0a647fca5cac3d2d8254db7,10148
d:9057c80db0744843a1efdba5f6d03314,10149
d:905ec4d532144980beaf538832a0e960,10150
d:90631806bd754907b95fc22666b5b3dc,10151
d:90669af9170d4f048eb0c06a917a6f25,10152
d:90676f19f04f48938bf82baa3afe8975,10153
d:906a82e408e04986865797d9fce2bc1b,10154
d:907098ae0d9c443baa7fcd7cf7271210,10155
d:9070a5abbf8a422397091e6fd61d58fe,10156
d:90754cad33f34fd3ac26be156a646eb7,10157
d:9078ed97e0c1456f90344e4d11838c78,10158
d:907c2be2d4224145a87ff8ed57422cbd,10159
d:908059f9658d4bfd9374fcff86dd0daf,10160
d:9080be6ac74545e7832eb817c67ec9cb,10161
d:908a1f6f96b04aa4b7f2678d3220a8cb,10162
d:908d2b4027ba4d7cb10f10a5d4fed913,10163
d:90915e0e99c349c4ba8466b6bdb50d17,10164
d:9092e861f6264b64b30be7ea982de225,10165
d:90973bfd04484c62a4270c1c59fcbfee,10166
d:909dd5af824248dca49a28fb73260cb3,10167
d:90a17979fd174deb8607b3d91c78c84d,10168
d:90a3b3da03b3412881c37892f785b79e,10169
d:90a5adbb0f96469182a6329affe416f5,10170
d:90a7d9e0bcfd42018e820c880736cdcd,10171
d:90aaa1b1609240aba5cd92cf7d1ca15c,10172
d:90b07cf7d7634645b5fb2a4124327b9e,10173
d:90bab2b99ff743eeb3d3800a066d0e64,10174
d:90bddc368b4d44a08b6eaed10decf933,10175
d:90bf048595554f489b9d871c08f7876f,10176
d:90c096f1c9a2416bb9fd94ed80cedea3,10177
d:90c4be018e4d44ffad399851915de12d,10178
d:90c5917c98e14fe1aeb0b4be3ad69017,10179
d:90cb9f0c21df4a9294ff2fb4330209b3,10180
d:90cc7bcec12d4659bbc898ab8911389b,10181
d:90cdd966491241c8bc234c3c68d95de9,10182
d:90d668b0c3cf41928374f67fc1ba0bcb,10183
d:90d7fecbb7494343af6b8c19edf5600e,10184
d:90e2c121713e4d9291c8e2c0fba13d7c,10185
d:90e3df5e7f9b487c9ff7e7ace4edaf27,10186
d:90e669577f4f4dc98bad1aeb6b9145c5,10187
d:90e94f0013744962ba7eda941649864b,10188
d:90ec071b6a184904b3a7ce323a09fe41,10189
d:90f842ef22a9485a8b82a02f080c8ee0,10190
d:90f8fdf7c0f54a49b0aa2f8246f4f9ba,10191
d:90f92550c3394dab9ad9f3ee6350028b,10192
d:90fd7e7c5ff54286a1ddbbd5faa83444,10193
d:90fe555f51944caca4b061ffe6498bd4,10194
d:910934f947da448fb1fe4710e91bc6c0,10195
d:910aa08bcc6d4fd89a9045b2213da16f,10196
d:910c658abbd645f6b0b9ec46a05d8d81,10197
d:91127b6f9c9c47c484dfbb0e45ab3c08,10198
d:9116707a4570490e8e240cefb6b5f1e2,10199
d:9117c79b921b4c66a8dcef08c8b34ae2,10200
d:911b0941e45149809436ff80856db58c,10201
d:91204325dfea419493c56acabd673f35,10202
d:9120bb7114df415a9acc1ec70d1f2e3d,10203
d:91251a1cedc4477fb2bcd3a723d12bf3,10204
d:912cb44521714e80a239020c4cc08872,10205
d:912fab5e2a6a4bbb9e65e66efd90ae72,10206
d:91336be8ec734e87b744257e9d41402c,10207
d:91341549460645c1af9682aafd1ff035,10208
d:91341580ac454b52aec2e05c719d7164,10209
d:913419f662d44b1db258b264b61fd8cb,10210
d:913b0c086f8e46c8810d15ccb8776cb8,10211
d:914403d49df149a3993c635472fb3807,10212
d:914d9627413340f081cd41cc2a3bb310,10213
d:915582a68b4a41fbb1a7ef13f129ce11,10214
d:915f37134eac47f1b34e114f7d391b45,10215
d:91607e96d021438b8507611f8b8fa01e,10216
d:91649b16ad3b4a69a83006e7516294ca,10217
d:91745bbe6bc1436490dd3ee89c55aa97,10218
d:9175d59116dd40f79dee9588513f34d4,10219
d:917d628550fd4cde9733eaeef18596f2,10220
d:9180e96c245b4c888f52388de0431476,10221
d:9187bb218bba42fe8f96e3a1d98695ab,10222
d:918e35e700c045c1917aa3cdf3130779,10223
d:9190c8863d1143279f58294a6ea37eda,10224
d:9191952b381a4c958a4e989abf9f73de,10225
d:91919ae9342e411084a6c657323e5fe6,10226
d:9191b9d77bbf4318b716ca3ba48ce37c,10227
d:919296c3334a480a9c2a724da54a3a2d,10228
d:91979b6f9fc44097a262b3bc916cbe3b,10229
d:919fd4f3ca034d919700eb67edfd3233,10230
d:91a1f85a77a94245bfa596a1ec6531cf,10231
d:91a2e53fc8074ba79b1ea68ba7266db8,10232
d:91a4096d770b4111b51c84676602f0f0,10233
d:91a52f9703034118a7c5b38c1d520d41,10234
d:91a7c05ba27c434e9bdefa763a19c17a,10235
d:91a83642b3a043d9a0e283772e6fa51a,10236
d:91a925b277a340f2b7a98c70711a7e7e,10237
d:91ac5e39bfd94289b1bf3cc86aff738a,10238
d:91b140f848554a498d02758e3d445cf5,10239
d:91b34c9e5c804dbba9d5ad5431417153,10240
d:91bc9fb526074a44977e4200ab0364ad,10241
d:91be43cd67664a6d834e2f1847e5216e,10242
d:91bf4e10e56c43a3a07d468218b93520,10243
d:91c9e3d9c48c484198236ddaa9c391bd,10244
d:91cab90da54c4175a558b65b40ed225b,10245
d:91cbfa3bdfcb4a56be99fcab7aa00ad0,10246
d:91d66421823a491298a184d565b9d818,10247
d:91d6b6fbe3b84ccbbb8c0b7900588778,10248
d:91d6fce3a5b2433e8096b1c2d843576d,10249
d:91e4a3158e8947c488b5e6243cdd4db8,10250
d:91ed4dcf8f6a4e8f9eaaac7cdd5c9f7a,10251
d:91f46f02e47545169f3fb65ca32a8eab,10252
d:91f966a1b5e846eb9c1b3c0dbcedaa6b,10253
d:91fb84942fa74264a6b3efa4684224d6,10254
d:91fcc01e90f6421a8e62d48969fdc7f1,10255
d:91ff909c23504a51b500eca58e3f0085,10256
d:9205cc2016b1429ca26cec01bffe3d49,10257
d:9206073327bb4aa997bb8703360581aa,10258
d:920ebdbe0f25426db69279111ae2ad65,10259
d:92107c78295c4228ae7935c640162175,10260
d:921e5e46030e4faea9c4298bcbe68b31,10261
d:921ed84b82614111ac3f96e7d93385e4,10262
d:92252ff64625493ea3ac47e5912686c1,10263
d:922778ca32de4c8ba0298d98a36cbaa0,10264
d:922f15981ca946db897188b87b4f1752,10265
d:9236de245e2f48779ca3a555cc129321,10266
d:923a92cbe4d54497bd795877f4d10f9b,10267
d:923cdb8f3cf440738136aa802ad0c3c7,10268
d:9243a6e39c44481abfe1f6387097699d,10269
d:924c3246c1714d289efb65d5309bcaee,10270
d:924ccd4fb9414f44a20311a718f63a95,10271
d:925caba156aa4089b65a5acea2356972,10272
d:92619e8784f7457898b3bcd481a71911,10273
d:9267f337061945969cd11e223c9f6cfa,10274
d:92690876f16f438f8fdc5bac0e5da57b,10275
d:9276d4ce6a69478b913e15d2ac6b3c23,10276
d:9278d041042f4027a94a32c538012eff,10277
d:927b138245134dabb5bdda5b0eeca568,10278
d:92821cbd2d0e40178deb0ece0b419ed8,10279
d:9284a92a71864201a86a699f97439e99,10280
d:9296525b6a0a4661a34d94fb21982ab3,10281
d:929d5e2e32964a188d9cdf64fa750853,10282
d:929fc3fd2b2a4cc9ae7b39e222916b13,10283
d:92a05e37d622459c92b96f4dd5de6485,10284
d:92a49c192ec9428386edfba214d27f32,10285
d:92a63f5c25e84ea588e712f85c6c80ef,10286
d:92a90c4df3a8489fb15aced14869c795,10287
d:92ab143d1a8b4793bace44764ae112cb,10288
d:92acc704a07e4fe2a8549bc9aa980ffe,10289
d:92ad284dd7884c838ff4ee00b5b3b6a0,10290
d:92af557a82a943f4b557f60b2f9af78f,10291
d:92b0b631001d4c14a50539ee528f5ed7,10292
d:92b0f46af72344c9b4a55e193944306b,10293
d:92b1ee2465674d43beeffd506d770d36,10294
d:92b5c3690f924cbe87f2cf2374eb4a54,10295
d:92b934a1279b4170acc0b2e7afdab69c,10296
d:92b99961de6941e4b44ac3b40a254447,10297
d:92c439a24c7c49ed99898eb8d70ed2d2,10298
d:92c98f7bd9534c149cdb479a7333dda3,10299
d:92cca051ce0a45358f1b025cb416093b,10300
d:92ccfa0944344765a4b8885fbda40e8b,10301
d:92ce18ec8a4f464b810ff7e5d7d53ecb,10302
d:92cfef84db184944bed8dbbf6ae44364,10303
d:92d39654d5f140aeb181fef8fb4f37eb,10304
d:92d9e4588ea247d083d4f0cc2246f54f,10305
d:92dbf59f12014fe192b998ad3152afcb,10306
d:92dbfc59e507430e820c43c7bdbfe724,10307
d:92dd214b958d419596ab7b9a66ff7d8c,10308
d:92e7553a6d914d9caffa867af4e06d6c,10309
d:92e83db5351c4a818c13dca084c327b4,10310
d:92e92585151c47a39146346bdc63323a,10311
d:92f1742d19044d048d56895a58d7ba03,10312
d:92f2c99aacbb495a8d5838c9cd60a598,10313
d:92f961ab361648d4ba814322cbdcc0ea,10314
d:92fb0f829ba14258ba9173e0c9710914,10315
d:92fd4e16d7c744e28e4b830d0cc8df38,10316
d:92ff0791984542fd9b148a7f30368688,10317
d:9301f1ba0e0e427aaf2821ab2c2f8565,10318
d:93022edec5c849deac82705f84bef59d,10319
d:930f82c620b34f04a40060d300c1a31f,10320
d:9318230aa0c948da93443141ef416d22,10321
d:9318dd775c0646bfa1294e08e5bbe04b,10322
d:9328a3b0640946a39338f9880d8b2381,10323
d:932eaf89a6864c0b9f4ece0463da8359,10324
d:932f3dead8184500b34c3b2c12c25834,10325
d:932f63d0e86f4c299bc3b79fdca34164,10326
d:933339cf53594d09a13065cbaa21e0dd,10327
d:93337ba0400546f8bc50afa3a5595c1c,10328
d:93358c28671842e297ed8b59330e5fb9,10329
d:933597d27aeb4df2b2326055425e29e3,10330
d:9337788916a2405d8bb4e86682d1352f,10331
d:9338611a152f4fb6aff7999e3a7f2af4,10332
d:933945bd5b8148bdb3417e5adc42b652,10333
d:933d094ff4a14440b532781ece27a89a,10334
d:9340746b430349dfa8a415f82d47159b,10335
d:93440e32083144899963f04dc15dab50,10336
d:934778aa51f341bc9cb5f3708ebfa948,10337
d:934c94e944eb458ab870ec6f6e743d00,10338
d:934cf9d74ea049abbf42483850fdc052,10339
d:935306ec1b3443af8276a39f87956205,10340
d:935486fcbadf4471af246b824163095f,10341
d:93588605e9fa43458ba28c97c49132b5,10342
d:935eb1bbc6e3407ba66dbf89c960fa24,10343
d:935f043f92df4af78ef970df93d7a3a6,10344
d:9365a816d0df47a88f5839e660213747,10345
d:93668c1544a847a2895c7df433786107,10346
d:936efeaaeb3e4973bdb107e06979b328,10347
d:9370c445f1f34d9fb7a5d6ccbeaef765,10348
d:9378357bf399467198edfe70b56d65ec,10349
d:937deee5c39545959b989c7a8deb63ab,10350
d:9381e45194c944289c4ec0a204a33139,10351
d:93837090bd5d4239b14d59f82b9b3bec,10352
d:93845b6a027040b0aca0ebbd8ed6529e,10353
d:9384f9ea3c414e6ea878a8a5a43c3958,10354
d:938945fdc9bc4611b575756ee7205632,10355
d:938ba56fe6624709adec4190eb8527ca,10356
d:938ba913b3d9472fbe17eda0ee3588ff,10357
d:938d6947f34b4cffa90bcaa689251083,10358
d:93905b6226cb42b6b384dbfe6ab6fee4,10359
d:9392f914d14f48afb9185ab418c92abe,10360
d:93939020ce454109957e36e0d5345149,10361
d:939858d8daaa483784db7c9c21ff8dda,10362
d:939a91abfefc47f98f5ace71f53fc1ed,10363
d:939b1400aad64d128e2fffc7b1e9b376,10364
d:939fdef3ba684002ac4eefeeb0e20d47,10365
d:939fdf9c3db940e9b16398fe5935611a,10366
d:93a3914adf604a91abc959e82d2eb594,10367
d:93a43e1d2a414697a75fd132105c36b3,10368
d:93a7f395232d4774bf090428db34a5fb,10369
d:93ab27ce83574778affa6a0800c6bbf1,10370
d:93ab690382ca44e1bf908cd2789a63ae,10371
d:93abab40b4fb4d92a07b0a002479ebd0,10372
d:93ac2d78a4cc4854af134441486f3fc1,10373
d:93ace40f8fdc4732b838e81b65ed7574,10374
d:93ad8f49b57c4a5b879659954b7ed959,10375
d:93b58e500aa442b4b6ddaec4135b7762,10376
d:93b63c546a5141f69a58cb5625a3421b,10377
d:93b768a7928f4433b3558c174bd2ff98,10378
d:93b7f21bcbc7479baf8bf060a65122a8,10379
d:93bac3c1ffae4b99a79726ed1f69c2c3,10380
d:93bc1fe507c1484783f41361913d1988,10381
d:93beaa2511014dbd93e36c13f8e19d3e,10382
d:93bfc2f6ea1544b2976ba6532fa19032,10383
d:93c42b921b69442f8942e9f8d81aec49,10384
d:93c80c6b2ff1483b8377f011cd20dde0,10385
d:93c85ad27dcb4885a42471d7b9f208de,10386
d:93c8baf5fa5e4b91b30b9aaa189a6057,10387
d:93c91825824544dbb05921251491caad,10388
d:93d62d4a85ee43a3b9774aba120517f9,10389
d:93d643f58c414a4b8c4d0df8297abf2f,10390
d:93dc3d5d00bf416d9700d9085bd49b2a,10391
d:93df39f28fa446a8bd846a6e48a3d5c2,10392
d:93e2d5de9bf24f4d91bc2ad14be9c54a,10393
d:93eb6f24b7b44f6289c3f32ffc615ce2,10394
d:93ee4b3080b7409c96e10e10fc31d235,10395
d:93eeedcaa6ed48f8823db0b4e9567c62,10396
d:93efe12aecd84b4b982447751b027232,10397
d:93f1d274d6f748549f33cf9218d4102b,10398
d:93f8632c9e3540988d93da4df189a790,10399
d:94008b7e72784e528bc6cc01ec17662b,10400
d:94023073de264d258e2c3f61defd9de2,10401
d:94067a77f49b42cb9f579b36ac2e5a79,10402
d:94078335802a4fdfb59b4c3227b742c5,10403
d:940e9fa458c9487684a9eb45df49f42e,10404
d:94140d84d5b6419c9411bbbe17a1cb02,10405
d:9415716fcb864e499ed577d25a4a7f56,10406
d:942716960b70463d9fd0cad3d8535230,10407
d:942ece06ea1244908482f27bbd89a79c,10408
d:943624a5799245bc92ef8f744d549fcb,10409
d:94374a3376584511b2ea377a9258c8fe,10410
d:9437f3f1065e4f899bf235a60b2186a9,10411
d:943a9f537f3c47fd9501126d8f7fba0c,10412
d:944021d5d8044a90aac6cd58e8b4c4c4,10413
d:9442f5e209f34ebc8542449cfb656240,10414
d:94433b4653e34e73a462c0b92cf2d84d,10415
d:9446e1ead87a46f7a6a295ff6a9199a1,10416
d:944d5152af284c9aa62601d46a5bb091,10417
d:944e8e065c684cc28ad52400a5ef57ab,10418
d:945564ee161b46489defc71bde630005,10419
d:945d8b1759864e16a9044a7d9a9dbc59,10420
d:9462fb7751a84ecd96dea20934bb7450,10421
d:94791ebf212e47d3a36f7c915601ab06,10422
d:9479f434d1934d0697d55c340b3f5024,10423
d:947c6a6280ea45fba62f8c538519b9c2,10424
d:947cb6e3395a4db89c5037d0b9f003e2,10425
d:948336008a184138bce28b6bf1137d87,10426
d:948525f30eac4e99a8051f7f407649b1,10427
d:94861b14dfff49b1a8ecf86f716251ce,10428
d:94868cbabb7b48b598f822e91d384bcd,10429
d:948717ac1d6b49a3bf6d696b8140b4b4,10430
d:948a3e2c672249b9bf42435464e860e0,10431
d:948d730982e54cfab5c2c1302e2cfadd,10432
d:94962989a42a4ade92d62c7fafe349e6,10433
d:9496fdd994db442b920ac659c4af806f,10434
d:9499a89f3c014120852c5c4f026a7998,10435
d:9499bfaca8504e0aa6aff0deec27289d,10436
d:949a799a65144e3281fc044d159a8086,10437
d:949aa1c9f3d64dcfa459d15a9a1386d4,10438
d:94a1e88db13b48bca2195058f257ef75,10439
d:94a2b2f683c641bb9db1de7484d8700a,10440
d:94b21cfff9964ce6af0aefc26d132283,10441
d:94b4440ea9c245eeb49665d95839e9ea,10442
d:94ba9affe68b410c93ab158ff63fc1a0,10443
d:94bdcc2d1bb541fdaec4f89fec3c18ae,10444
d:94c90379fd5842068eb90d33300ae0c7,10445
d:94cb6e2e5234475d984258b3baa38ab8,10446
d:94d40752cbac48018cf15d624bf82e31,10447
d:94d8855ad0a54dd181e0c4f107dab1e4,10448
d:94d91b9a108a4490917bcdbe3f72fb11,10449
d:94dc5925e9704b4dada6671547d2c8d1,10450
d:94de1b56e0794f188c6d518301054d8a,10451
d:94de83b0b0b040f094296405c897ab7d,10452
d:94e0284b20eb4cf389df578b08385ddb,10453
d:94e51834d7954bffa68260c47d21d59d,10454
d:94ec242c0ae14f18b5460c4009c45097,10455
d:94f4f342ca8e45938f54143a63a9600b,10456
d:94f6517c3c6a4b9ca2b9c08b86c32035,10457
d:94f7d728bc544be7a4df81bb91b0d415,10458
d:94f9136df36742e2a1eb7074c40159ed,10459
d:94f9806f2e3d496fa7d1d0ddf9815f28,10460
d:94ffe2ccfdad4f5998ef24b4f370e060,10461
d:950207823a0a4152bbd0a9d95b1a7131,10462
d:95091f8ea0284d888b91522bdd0d42c2,10463
d:950a75f8dc5e493ea33ad11ecd043a6f,10464
d:950a9ba2efdb44c3b39b7448eb475877,10465
d:950ce43419ac42d38465a3d277438a83,10466
d:95132473ca1849828c6501c0e2a82c8f,10467
d:9515a7606bee49a191d5388a75e3365d,10468
d:95192e7638ef4bda96a9caf80b995d91,10469
d:951fb1e0037d4c418f3d1dec5ae90e55,10470
d:9522c01c8dcb491a8fecef3c5cc43364,10471
d:95233c1c4ad34d1ab88252cdfa55faf8,10472
d:952c5ffc0bf546518531100ac05ed6ab,10473
d:952c64839ca8401e984972f28de829cc,10474
d:95306525ca0548a1862ab0ce0073806d,10475
d:9534a3b5d9764692afe570fc185fb1ba,10476
d:9535249528a74d8a974412fe25c194ae,10477
d:95364a35a6fe430696d5599255a2cda8,10478
d:95450b51efde47e7a097b3103de86a48,10479
d:9545c0ee7e054240b5bbc5a3ec7b013e,10480
d:954660ee38144653b171266ae9cfbb5a,10481
d:9547610e565f4d52a8e3392cf77a4c50,10482
d:954a3270a96f423c9404b658f4cc0077,10483
d:95538df26ee04d23aff7e58d1dd7f788,10484
d:955507708c1042e98938b7c04579d6a3,10485
d:955cb61dfa5d43da9e695cd68cef83ae,10486
d:9561053940784ed3ae9a18a46a1b9cef,10487
d:9562ccb496f14c7ab722b4d9664d932f,10488
d:9562d6980af94243982b0f0d88cccb26,10489
d:9570713eb0504af38de415629d9ad698,10490
d:957a49e3f13d45e8992286dd89e114d4,10491
d:958edb9bae9148e382c535fdb3519d50,10492
d:9590a4bdc7f647038d5e153dafcb1442,10493
d:959527b175da4dbab5edf7608f40c0e1,10494
d:95994c21693a444d9ea970b165962cb1,10495
d:95a3075bffa6499a9f2390eee82f4457,10496
d:95ae6e15ff724349a8abca94e8073d94,10497
d:95b278a12d104fe2a16ff434c9ad2fa7,10498
d:95baab21940c41b8987c035b9a432974,10499
d:95bb5d24276742ef8efc674b0bddc912,10500
d:95bf3fa7eea344878cd348d4d1c390cf,10501
d:95c2de5115d0437da60b154bed4bba75,10502
d:95c52ca0b9284d768d3eabb27e8c1049,10503
d:95c568f6a736450eba7f2ed4d0c78ae4,10504
d:95c70d8ca43d4e5fb069bc3e774b2698,10505
d:95ce5b605b8b4da0a3cfc1389df88e22,10506
d:95cf5336c746491dafa3c43d9bbd10e8,10507
d:95d572738df24a628f3546b7174aeb61,10508
d:95d5b558571b4e40b78c855a2455ac47,10509
d:95dbfd8de84c4862b3fbcb5ea7cf1e78,10510
d:95f34dc0f05147cab13316810e93ad81,10511
d:95f5cc3da2cc4caf95ce1d4966ae78e6,10512
d:95f5cfd4eef24cf0b4dc57d677bd60bc,10513
d:95f8048148af445997811051455a187a,10514
d:95fa90470e6e4d26a5426ee07dec564a,10515
d:95faec1dd7354e22bd238c1c735ce0d9,10516
d:95fcf079b4d7408eafbda0d54e41ebbe,10517
d:95fcfb7b6b2345ca8343d1a6d1295385,10518
d:95ff92eb800a4b18b5b3fcbddac34716,10519
d:96039c0dd247452da82f76b5f6caf5eb,10520
d:9606f9e84afb4aa1ab620bd45bd13909,10521
d:9607702dd9b848b987ca14762dfeec43,10522
d:9607eb1032454b95987cc8b21d28bfaa,10523
d:9609af4941794254b82e71b8faa693f3,10524
d:960a55fc65644717a3b15b49586a51c5,10525
d:961ae6429e1c40f2aac62387ca718cac,10526
d:961d3b9179d043429d94829c517a7a86,10527
d:961e04ed50b947e294b5c65da891ae7a,10528
d:9622fa955a9d42e09942db915e7bcd28,10529
d:962377fd9030459ca17aae3c92b8739f,10530
d:9630836b2c274744bdc07a4f62afcc60,10531
d:9630a0a7f1744f808381555b3b4929dc,10532
d:963348df02b94b8c9f7ecfda7ff017ce,10533
d:96373e3d178f4e13a3880c3b92193c43,10534
d:963cb3f7e31348f48e2b090b8890f260,10535
d:963d407d4f31450d832d33209e7a42d4,10536
d:963f47d0c5ce4c1bbacf6078c3f350e9,10537
d:9640813bbf9643a2b74f5c3b96d6de40,10538
d:964344450745469ab3ab9dc34c69d29a,10539
d:9643af0026564971bfbfbb4f11fa8654,10540
d:964578cef0d64c42a716eb70ae914e03,10541
d:9645f0de1d22489e9b5e140637be68af,10542
d:9646f3be9f9148be9d1776b0e4bceb8e,10543
d:9648d80d1a7c486bafc9473b7c22256a,10544
d:964b91639db048feaa4353c4496b1931,10545
d:964e261df5a74fa480bef051b5c31de9,10546
d:964e5b418f9646f09debd308a5931cbe,10547
d:96567a845c0c48a1a9b84077469f5834,10548
d:9659bf2a04ac4827ba4710d7f28c0d61,10549
d:965a550693f24cf498bc96152f80280c,10550
d:96620e84bd714ec4a19f6abaebce30ef,10551
d:96624b5388684d1e943a9b8313887411,10552
d:966419b96a7248ebbae92ab790852b51,10553
d:9664648dab1849d39f4a638070edb728,10554
d:966c7badeedc4f19bdc8eca603127ac2,10555
d:9673aaa242f44affa0ca37a94089db58,10556
d:96786887a4a34cdb83b1490a42ae4f03,10557
d:9687ed61bb4d4d8ab7683808600cce27,10558
d:968c18be32d14850a3037a757cae0a59,10559
d:96959acd9019475a8c858e0053aabafb,10560
d:9697ad00d09242618df768ce9e39e0bf,10561
d:969b388114104f71ab074c9172f0a88a,10562
d:969ee8e308eb4b3cb88c7a402ec4f974,10563
d:96a3db1f5be64e4282f9cf05f5db1d77,10564
d:96a48a3a671f48bebecbd2ebe315fc08,10565
d:96a6a8f9a825478daa0bdfa4162abd32,10566
d:96ab5285b6734db68cc535acf8cf244e,10567
d:96b3fb45e5ce494b982ef67016735aea,10568
d:96c13d42a6be4e1b9594d2311de99d90,10569
d:96c569526348417f91a2a5f482fc043e,10570
d:96ca5d223fa14e5bace8034e98eae267,10571
d:96d82fab621544b58749293804230b42,10572
d:96e9833048a149a8b96cbc28f893116d,10573
d:96f49cde1d5b4e8c853a34e4a0fec974,10574
d:96fa964ff3b64fc491b41952a99afdbc,10575
d:96ff11c3d06848f1bbd3b3acc6c4768d,10576
d:9707874c136742a8a7b587bce21dfb00,10577
d:9708cfbeb47e409599488358f25855c1,10578
d:970bd53ba7d24543a248836bd1cfb14a,10579
d:971095edaa82426d8a79a05292bac78a,10580
d:9710c9c7fa134e20a98265d9fcf157c5,10581
d:9716e38967614de9aa2a3df07e72c343,10582
d:9719399f4bb34e6aa26f477d94bf2c88,10583
d:97194ce0d3d942f49c55d1c7587a642f,10584
d:971fa28fe2e545deb9bb74c5ad2448a5,10585
d:972058f646a54b6689893089f941c78d,10586
d:9721afaad27a4830936e3f35ab556911,10587
d:9722f5a31d03413e96aafa78e430fc95,10588
d:9727ab2d51b74d4d8973aa94208ffe84,10589
d:9732c7434d154be28278cfdc53bb6839,10590
d:9744a802dcea409ba17214cde3ee30a3,10591
d:974c67802acf482ab7e54ce1d6d85760,10592
d:97521e2d33384547b3f7513e270714ad,10593
d:9756cf4565e14bd183a849b1b2acdef1,10594
d:975b7d9a8f974f96b1b3f7ac5d43b5f8,10595
d:975bc6dee8414689a9b8de108383c97b,10596
d:975f639500294a66963929dc9e1685ea,10597
d:9761aaa20bb14dce9b429d275c060c27,10598
d:976281e2d0ef49e79334c61eeb12ad41,10599
d:9765e01f293945aabeabd174b3eaf9ea,10600
d:97672440a58d4143bea25c26eb2a8412,10601
d:9768c6e4e9d1421e99a77d16d17566f9,10602
d:9769255117df45a790ac03e05906be9b,10603
d:9769ade614b74dc78f925510706e9d80,10604
d:976a00f3ef0140df8abb05cbebc9ecde,10605
d:978237c606d745fea513d34822b00020,10606
d:9782b2fdc7b541cea866645cdb2a9cbd,10607
d:9784e3b17e26493dad2a6dac7db7d5d9,10608
d:97891d4994e14dc2b5da5ec64da99e9c,10609
d:978c11e3e27645bb92d8222b86b597d3,10610
d:978c65718f56436aa6ea9158b53b807b,10611
d:9792945528d347adb5ff4ac73579b4ca,10612
d:9793d5990fc04b33ba1899bcb491c7af,10613
d:9796095eff0048d4bf528134249325b3,10614
d:9797216b028d42a1b75e95d1be9e7f6b,10615
d:979d6e5c801f463fb26333cc956891b1,10616
d:979da29331394a47b6f50d37da6eafed,10617
d:97a248e9dd2f4ccab425f303efd5b9bb,10618
d:97a2bc8868cc424cbd0e784a706e1a79,10619
d:97a757965ad84a66ba82b51af96c819b,10620
d:97ac5116a0da4a0c92e5d5e88749d0c7,10621
d:97b4e99ea1814a29bc27488f45e53464,10622
d:97b570cc8b8a4f4a97cdde7e1e6aa649,10623
d:97b7ca2578304531af8abf375ea4483e,10624
d:97b8c71af82c43dd9c9872e98bc67379,10625
d:97b8feb79daa434bbb48e83edb476b34,10626
d:97bcfad46a1c4401993d4e904e7dcbdc,10627
d:97c23cc066bf45318dc1eba32b2eab02,10628
d:97c71f1c94014920bf59c740dc4354a5,10629
d:97c8eda9844a414fa9bb9838430bd47e,10630
d:97cb6f1133be4028aee7fbe1cafcb792,10631
d:97d7141ca9644572a6fe8a6e938d590e,10632
d:97d8370dcd5e4f609baa3932ca00d125,10633
d:97db6f75db5046b281e4f6fc12a05a1f,10634
d:97e3e37761954ca98b464d8de07a3045,10635
d:97eb247cf2ad4600ad94982b9140b3cb,10636
d:97f2897bf6024e92855fa21ecf3b00d1,10637
d:97f411f4e3b64ad3bd11f2be12b7f37a,10638
d:97f70b023e63455386ea415f573370ae,10639
d:97f7b58c56fd45b98ddce69e0410359d,10640
d:97feb5ff9a604e9383616181a4634c37,10641
d:97ff20907de84acc86e032904a67b067,10642
d:980690caf4bc4832820fed8227d0b748,10643
d:9806d12646b846959eb24f50b7d5a94b,10644
d:980a74f8f39f4b61aa1b0425057d5b3a,10645
d:9810316d7d36447b936f7026ddb23540,10646
d:98106ddef450430abcf014213f63f75f,10647
d:981345e673bb404dbdb29bf05596b992,10648
d:9813df73d9e04b3590339b3a55575ae3,10649
d:981f9bb0dee240c894bcfa41cbf9489e,10650
d:982c1fdece8c4c9b842a130ed7148e0d,10651
d:982f3b1c29664cec8dd8dd9818495dfd,10652
d:982fa40bee7240f4928b39a49f0641ff,10653
d:9836973875444b42bd85848464101610,10654
d:98372fc61cbb42438f5559004be3436c,10655
d:983b446b84ce47b4909b6c0ca54c1b59,10656
d:983f1fff40d747a18b6469361fc59e11,10657
d:984051660eb748049b7cd05889f177cf,10658
d:9841966aeb6c4157b3542ab1d2a6877c,10659
d:9847182ff7ac42279ae847f528af7ffd,10660
d:9848f19d17ca461ab9cd1ec8b29f8c11,10661
d:984a5e4c0a8f4775a6c4036e501203a6,10662
d:984ca5a5e4664c5582e51b9172d66430,10663
d:984d8cfefc3a4988ae7b3628bc2632ea,10664
d:984de64ac22f467ea43f44fc94a48271,10665
d:984e79ac37304c37988bd179d923877c,10666
d:9853f3f39e3f439f83b980f47416618d,10667
d:9855b613191541ab80fcebd9b754bba1,10668
d:9857e41d9e4e40938b1f6c84b996c823,10669
d:985b84e2b8db43ce9894e738deeb8ca8,10670
d:9860d9936b7a45699dc8ab9ad02a9a25,10671
d:9861360d12ce40c88088b91db822b8bd,10672
d:98635d90378840628414c5cd4a68e83e,10673
d:98679edef86946048981284dd3225bc0,10674
d:986a42d7ed4d4e0f9fb460e6d28cbbca,10675
d:986f78026eb142a08629ae6784e449c6,10676
d:9871c12ae0104c43b8ec6aeab84a8e39,10677
d:987538b8097a449f84f55ca3cedca7b2,10678
d:987b8121376844e5bf90e3336d14ed3c,10679
d:987cb4b714cf47bf84c591749881395a,10680
d:988ad90ed33449ce99e50de8d5312a42,10681
d:988e7938c6be42d58d508394e0863bb8,10682
d:9892fddf10184ca3b8a783be9fff6ce0,10683
d:9896408426b74335987d846014636376,10684
d:98975fe4f7214301a07b01334cfbf847,10685
d:989b39bba2fe4904bade4b578a75e830,10686
d:989b92f63393420d894897c48ddedf14,10687
d:989db1695fd245eaabc731e065a29512,10688
d:98a77ff03c5b4645bfccd3e2937c1774,10689
d:98a836d2e5e74e2da1866288503c3d84,10690
d:98a8e395925641088d9dd61a84dd8bc0,10691
d:98ac464158f4495695c435879953768a,10692
d:98b2c43a41b748faafc76e11458e19be,10693
d:98b4abb763c1451c93cd9f2b3f261f26,10694
d:98b4e3776f604c10850acf77b8323be0,10695
d:98b552acd5a8464a80a30ebfb550fff2,10696
d:98b7d206a23e4d5a9535b65efb44b3cc,10697
d:98b9cb2c560b4f08878dcc4472e8243c,10698
d:98ba7e8e08634ca3ac0b85fdffa6cc93,10699
d:98bf4d3bdd70487a80a8b7804fec8b0e,10700
d:98c01bb7ff97496bbb83cfadde367700,10701
d:98c284f992d34327b9e1ac5ce8e9299d,10702
d:98c92f9812a5462f893afb59722cbbfe,10703
d:98ce9cb735aa4d13843bcd874267884a,10704
d:98cf28088f5b474aa51b9bcc1c556e6b,10705
d:98d9aebe36d242a5898dd5b7bfe7130c,10706
d:98da9c7424f341ab92dd33c72a91f7a9,10707
d:98dd716bbc294770b47b471175a71d3b,10708
d:98deebb27374427e8e54aa5f4eada83b,10709
d:98e0906993ff40f2b03605b8afbcb3e4,10710
d:98e17101e5754eb7b3a5b5036022c8aa,10711
d:98e67a1522ab4fa8ba5b40e1aeea1f57,10712
d:98e96067f16e40aeb341677bcbcf6a86,10713
d:98ed0b0fcde04f349ea4a5ef49fc14e4,10714
d:98eef5a96090411095ba0ca9071571e0,10715
d:98f1977256154e3ab3866f8a89d52797,10716
d:98f3c2c9b2cc493ab204895803a2a5df,10717
d:98f56c8a514a4da0a3a793bd4ecc3162,10718
d:98fc41d44ba84cb9993ba96cac6e7ae0,10719
d:9901cc162ba2434e9f918a8d6f17d152,10720
d:99039e9d64714e1ba2aa525496c6502a,10721
d:9904af682d094899a9da624ed7996887,10722
d:990cf85e30a44277b47b61263eeeddfc,10723
d:991119c594fa4900852055ee56f8d6bf,10724
d:99157156360943d08c55a71a09a0b489,10725
d:9915a09aa2cd4a19bb8acd4c3d5169cc,10726
d:9915d4f15daf48e8b839f4f9024b5122,10727
d:991b22b79a9045ea8924d7ed34f1c45f,10728
d:991c872be8834f9d9305b1b87028a2ee,10729
d:9922640fd3af412cbec446852390db01,10730
d:99290cdbef364a2fa39d8234276f3cff,10731
d:992ec1fd3ff84f51bbad51d9325378dc,10732
d:993070374cca4251b749d207bca1dd9c,10733
d:9934ab096dd247668553f5732dd9058b,10734
d:9938e032274e4f6fa0d5c06fe888ae3f,10735
d:9942fd23366d462182747b5aed14adbf,10736
d:994c2ef924d14a0dada85546f74e063e,10737
d:994c7653f684471698feeef7eda1f51e,10738
d:994e5a13b02e45718f9548ce0f475dee,10739
d:994fe7f0e1034333a79c658b3113bcbf,10740
d:9951cca1eef84475a69d54d6fa8fcac4,10741
d:9952e5e7edfb400587937e792e080ee2,10742
d:9966cc5b55004fad91f6c592b80d1945,10743
d:996ab3fa24f84bf59b28fa004c80681b,10744
d:9978257c13354ee98f33bd78e99e43b9,10745
d:99788f5a7724418cb5243861bfa6e6eb,10746
d:997ac9a8c41b4064944e90d8bf45156d,10747
d:997b8543a0724247bda4939c76587ea1,10748
d:997e6df16175424ea08d95c49d9a70cf,10749
d:99820854fd5b4b0eba7237a95bb58027,10750
d:998404c03525468e84cb66d0c36402d2,10751
d:9986f1fc8f7e4a108a8888a1bc2f7d5b,10752
d:998ca8e306de412882241f4d2a72d962,10753
d:998eecbe9aa44847b98223356ea452ff,10754
d:9992b501a6184d019cab4e5cbab8da30,10755
d:99947550a3cf42a6a0886eaefa2a105e,10756
d:9994d618f8dd416eac4e0de2c768f5ee,10757
d:999967a430cb4acbb4a222099488aa4a,10758
d:999f9841cfeb48a8a60b6e132cd96516,10759
d:99a2abe4847c487c9de5a7e27c35641e,10760
d:99a3069549c847949983970136ca0d08,10761
d:99a63e91dd9d43f592e939f9f734e140,10762
d:99b25f2ecb6c4726abd912f5aaf8d670,10763
d:99b59eac2ac24b10b3b48c4d4380d57f,10764
d:99b6e6e38ebd4047a0ba4ac88d5ff2b3,10765
d:99b97c119a524cf4a9a0d0f2df77155d,10766
d:99bafc7e691c4141a65ec0ab81031f2c,10767
d:99bb4eddb83948bfa0f94aedf47d687e,10768
d:99c2e7b2e80445adaa257adac165545a,10769
d:99c6e177e2a44e9483eb662b3f89cda5,10770
d:99cdb804c3e84567bfe07fcc8bb44f54,10771
d:99ce5aa7a04047e495aa2f473aa8d9ae,10772
d:99ce6712024c4a90a186ddd96dd3c710,10773
d:99cf1d9b45f442a99da44b43c4e6f297,10774
d:99da1d36e45d420eba4cf080f8a92ac1,10775
d:99dd2a99a9fe47139e775634e23b2ffc,10776
d:99e290a4afc847c68b7bc494b802b1d8,10777
d:99e301f9c6ea4d26815cf46f357b8fa7,10778
d:99e77c1f11394866ad738cdd713ff9ad,10779
d:99e91b743a3a42188267ee9afa3e4b9c,10780
d:99ebb831d6fc48079326408762f19594,10781
d:99edda67017b4a74ae41955038c87689,10782
d:99f2fce3d8204bd8b1841dda0ed58a02,10783
d:99f3a47f7849461683ec8baedfc79fb4,10784
d:99f61374085b49feb92839562906ac6b,10785
d:99f6a9232c3d4799ab52dac6e703206f,10786
d:99f6fa21ec4f4f9ca807d377f3b6afc0,10787
d:99fa7c53ceb542e9acba6d1d8f79f156,10788
d:99ff56ca810544c5b9d75770166047e0,10789
d:99ff89b192604d0ba5b92747c154213b,10790
d:9a08445325774726a91a849d9250b51e,10791
d:9a095e5daebf48069138fd1382b7ed4b,10792
d:9a0e84860a1741bba6d7a3971a4420c7,10793
d:9a16d298b84e437ca434412590219ef9,10794
d:9a1dddec34904e65ab450556a789c39b,10795
d:9a1e31910b164d708e60234f6d585a1a,10796
d:9a1f7e7accf442058d57c26d29e42cc9,10797
d:9a20dc413a084b49b69496a16adb41b4,10798
d:9a222c34173041078bff1267083b9f12,10799
d:9a22311d703949c9bbf23ce5a4780ed6,10800
d:9a22f142efba45d88649b38850832ec2,10801
d:9a2a71553c2e4108b1914f4c020fa51c,10802
d:9a3f95abdc714959ac2e453acb69708d,10803
d:9a40e4e259d647508e316c9f71217065,10804
d:9a49eedcf50942c8982994967525cf2a,10805
d:9a4f7c399a1e41b392be397c1ed66fbf,10806
d:9a552c4bd3ba451982c300dc273c798f,10807
d:9a564da9582a4e09af81fd5f28fbc0ed,10808
d:9a593d135ec14deca91fb8d5e62a6b0d,10809
d:9a5a962c81204cf3806ad1743fbc327b,10810
d:9a63052002a440ef95e516e4f18770f8,10811
d:9a64656abec34ab5854d600268157196,10812
d:9a6b5d1caa1448a19a933c97d0ba0b14,10813
d:9a765c536b214a10b9603e46898cfeee,10814
d:9a83521303424f66b24b7ebe4c18426b,10815
d:9a8cffed4be04c1e875120d917d18007,10816
d:9a8e0dad09db45d19f1353229d7c5e28,10817
d:9a8fc7f961ff4beb8a83396a67615513,10818
d:9a91e1fabf9f4c1eb646d83e093eceb3,10819
d:9a99bb6782c043ff99ce529cf867085c,10820
d:9a9c7d13af2e426f91b42c9eb82fd1ad,10821
d:9a9da65da0514532a2736a6045b8346e,10822
d:9aa01a37a0ac418d9f0663a9c632c803,10823
d:9aa0468d9a9c40ca997dfa5083309c2d,10824
d:9aa0fa0be292428b9580973b63eda484,10825
d:9aa797031e8a4e95be4c8baee33b7da2,10826
d:9ab18e57874943dfa6d062d448228253,10827
d:9ab3c2b6d7bf4b218b6ff2f0a423fc7d,10828
d:9abb07828cd847efb98fccba245acb75,10829
d:9abf9306b3b342f9aa2b11093e5d4f24,10830
d:9ac78ab537b84bd6a6096f2fdf6c193a,10831
d:9ace83505e004331951018818438177f,10832
d:9acef1c4cbd9417187093ef545fb4205,10833
d:9ad27ef7d4b841169906b06e0288372b,10834
d:9ad7649c4b0941bda174b9626f548fbd,10835
d:9ae74709497c445aa41f7da247fa91ff,10836
d:9ae9a18934094e34bf70276d6324c877,10837
d:9af2f464211a45d8a13f6f2b8b3708dc,10838
d:9af95b19762a4e469879ee63439ab0f4,10839
d:9afc6f9b524944aeafa55fdd6bdf03e8,10840
d:9b04c4bcf77f447fa496aa6037084584,10841
d:9b0673d0a09e49778506e65d3367e10b,10842
d:9b09268c6cfa44c3a1d5cbe45eb42b74,10843
d:9b0af299aa7940b785691b46f2af2102,10844
d:9b13c40f1f49415dbf2d327886b6ec35,10845
d:9b2051a125a84443a42cda9ef4578e94,10846
d:9b21443a3bac46b5a133917535a07d5a,10847
d:9b23b28a195d4464bafd331fa0d3ca39,10848
d:9b245b45585b4de39352232a944b7c6e,10849
d:9b24b1e91f4c47258b62f1d68889088d,10850
d:9b2810227450486695d37d45fe906172,10851
d:9b2aae5c3fc34636881c38967416ee1d,10852
d:9b2ac90443754fafac70346ce2a87161,10853
d:9b2af991f7964f4895f5b00d38149a2d,10854
d:9b2dd22b2d9f4b5db37e4fb96203914b,10855
d:9b2e2947dc354944a4c4935dbdd5b8df,10856
d:9b2e2b482bc74b59bd0a2ead90a73d1a,10857
d:9b303c8f61854acf9a31084f315ff806,10858
d:9b30c2966e9e46e5b35ae68b3fcf2ecb,10859
d:9b33edf59f2544878aa24fefd256aa85,10860
d:9b3d8b6ef8ba4acc974836482924a5d8,10861
d:9b45b9e2bda6409b934fcc2fd501b0c6,10862
d:9b4877080d714799b8934e5d6151c5db,10863
d:9b4c1eae560a455bbb4197baa2ae01d5,10864
d:9b50186452b848209c5e60a1e8522fb4,10865
d:9b526d3c9f4949fbbc2aed41cf423b57,10866
d:9b535847d5694d678b2cbf93c18fb895,10867
d:9b578ea493384be3828e4a83da8ff00f,10868
d:9b58032fb1214aaf8ea05b2fcb6acb63,10869
d:9b5d4d7f6e0d4d81aa0b0f5a1ba68e92,10870
d:9b5e86bb9ea64b71ba25c34ca347cb60,10871
d:9b6183d06ec040f08939bcddf0dcbb23,10872
d:9b63f4b963f74ea0894b75e57dd7be96,10873
d:9b64218c7f494bbaa80c7b7f2aa622e3,10874
d:9b64bc2106ae4dd4818c72796c842737,10875
d:9b65c9c54c81428b9c029583e14347b6,10876
d:9b6784ddf0644c0e8148af7860e723b2,10877
d:9b67b5014b7a490da99b7238c8c65306,10878
d:9b682d1446e74c98bebfc82f86a6e9c4,10879
d:9b6a1de146314531a2035233cf3a822b,10880
d:9b7038ce17394ea190de8be9d83e759b,10881
d:9b76c4b0a15e48709aa47c2047c494fa,10882
d:9b78052918f14e3483af8edd37eba845,10883
d:9b784c372c8c492ea073c7e8b879c051,10884
d:9b78c91d8c904ae9b48951691d815fba,10885
d:9b7976b3a72144f4a62d56c81ec69d7d,10886
d:9b7f70560d8749bba23f958e5ed542dd,10887
d:9b8007ae9df94ce6b1f01cf79576a20e,10888
d:9b8aceb95f3a4a0e976a8d6f82f36d22,10889
d:9b9010561f2f42b9af4ee663a5cdf90f,10890
d:9b9146d7ac414b6883a71bcdb1dd91fb,10891
d:9b91742fdbb34e23a0a6b3ab466d3aaa,10892
d:9b91c98c50644974b43c6bcac8cf441d,10893
d:9b95939cd1f74b6bbe2ac5f7805ae892,10894
d:9b95fb2a59ec43c4ac5cf077adc410cb,10895
d:9b9763c86baa4f6db55de5dcca9cc557,10896
d:9b9eb2354a2f40648344cbf22d721e44,10897
d:9ba22e4871b444029a8881841468ef7d,10898
d:9ba9144bba124250a46c694fb7c979f4,10899
d:9bac0fd836904964bb3dc3ac2f215e49,10900
d:9bb20766671e4fdf953144cdbe091dce,10901
d:9bb2bace62c0437c853e5d07551ac11c,10902
d:9bb5e526f27f44ffaf99c7986a8e8b69,10903
d:9bbc33eb227a49119980a281526db6be,10904
d:9bbd50fdebc14754a849a513a433fe75,10905
d:9bbd92d255814e6a9e3c0332f78cb1eb,10906
d:9bbe2ae8616f4ac7aea36f1f40c88033,10907
d:9bbf5f9802cd456f90f89674ee3f3620,10908
d:9bc01bf351644b6799b6960217783167,10909
d:9bcbc52228f34bdba5434efa49f3a5ed,10910
d:9bcde71206244ff68fa2713712054f08,10911
d:9bd4bd816c524ff9aabae37ff0ed5ed0,10912
d:9bd7aa64342d4f13bc718f0222ea9412,10913
d:9bdc1ab7eb8c413d90549270de41ca94,10914
d:9bdcda8fda774f78bc5b01c139e92655,10915
d:9bdf738401ef40c483936863d461eca9,10916
d:9be15f094de84485892c9290fc4f8620,10917
d:9be1abae325d40f4a55a0a59b3ddde96,10918
d:9be7439c5bdc4619bb84b7ffffaca114,10919
d:9be913ddf0614183b2b505ae723a41b8,10920
d:9be9862d6818407c9eda4c57de9ce82b,10921
d:9befe79b8baa407c93ede775f52a4a1f,10922
d:9bf1afb694ea4622beb028053985ce54,10923
d:9bfc174f179d4fcbb02e13f03802578e,10924
d:9c0622e28c3d4314afcea918d2ccd008,10925
d:9c06c98dcc414179b4caf3d7199d2ad3,10926
d:9c09b6eeaf9a46289c84efa60fb63648,10927
d:9c0c39c5c1b64672b7897b0beff0da8d,10928
d:9c1070762b9d44e089c89e98b4f387d7,10929
d:9c11ed7556e7412f869949bc1a2e3044,10930
d:9c12c2ab09b445a7a2f8903fafbe58c3,10931
d:9c1aa0e83066446a8d82f7635c124c30,10932
d:9c1c088405984e9796b53df5bf57f214,10933
d:9c20997d59a54ef48a484663f19fad50,10934
d:9c229ddb0cd14a9a975992f0db31dca2,10935
d:9c22b6caabec4e3a9d4880dffd3df913,10936
d:9c22dd1b76924df08fd2c50280ce71d9,10937
d:9c2fc41787834329a5960c68197d4231,10938
d:9c36ccb156bd45c1af8884262219645a,10939
d:9c43032d175f4e3cafba87479f518eb0,10940
d:9c474b9cf7dc4b2a819041f476432823,10941
d:9c4de2b701cb49fe8c2757fb757f7844,10942
d:9c4e5baf23d5487882d4245ac9f1f6e3,10943
d:9c4ff5aafc5a479581350d79ebcb98fb,10944
d:9c51c5dc399b4cd5aaa3a0290b0eebf7,10945
d:9c54cb348e4b4ee0b7fa932092df6c7c,10946
d:9c56e765fbf047d7bdefe934dabf5f21,10947
d:9c5ba4b9d2c2423db2289bce4b3880dd,10948
d:9c65824850914730a833e079f03bf1b4,10949
d:9c6fc318522c4b4c802c5d5393458157,10950
d:9c77ef1df95049739d2fd5cf8cffe90b,10951
d:9c79be5c81d74c76a21658ed196f288b,10952
d:9c7fa615ab6243338679adc90b69162c,10953
d:9c829bfbe8454401bb47b37444c815e9,10954
d:9c84398248794a94becddde8297e91f6,10955
d:9c914bcaa5d6452ab03d9ab3df151eba,10956
d:9c914c11fbf848bcbdb7b5415f094e1f,10957
d:9c9808baf7804658b8620bf4e9152eab,10958
d:9c98a4c139ae4361970da66d1965ced2,10959
d:9ca3c659b844475cb7262b5ec3dd0bdf,10960
d:9caaac04bf3c453e8a7a880ad4bb3ad4,10961
d:9caca33b64024932a753f27b6aeee470,10962
d:9cb05845604544cf86a1e77fa0aa568c,10963
d:9cb13e699f09417a886938bbb39ce2dc,10964
d:9cb1daf2f8874ecf814a36722a131389,10965
d:9cb3261e12c148f7b91e875c3b8a4230,10966
d:9cb3860e4c7b460c93dcdf860010a27a,10967
d:9cb57a6513e9427294961d65240e55ed,10968
d:9cb59e405bc54fcea60e5ab76a56e7ac,10969
d:9cbabf0c35ee4ad4a6ce7937ce49f6f2,10970
d:9cbc2fd041754da89b5c42f90ad58e7a,10971
d:9cbf8ac947c14543b971b7d4dca548eb,10972
d:9cc015289fd047ef932dc4e23e1aa662,10973
d:9cc0648dce754d47aab0bc3575654279,10974
d:9cca20a840eb479d952e59c43f888243,10975
d:9cd08f848f204c559b4bb47fe68d682c,10976
d:9cd2aa06241944a78e34f3d7d9400324,10977
d:9cd441ac925c4265be08b4a1222e9b92,10978
d:9cd4445a754c4e0ea09e6d0b3ddc9dd1,10979
d:9cd48342dd5b470b970b5560e0430cc4,10980
d:9cd91b2d5dad48e5ab3c0afb2c8dc4e9,10981
d:9cd995726d4b4ea3b24d7ed0a74d56ef,10982
d:9cda7225ed65475d8c7286d780423ed1,10983
d:9ce992621ba24b7593ed9f06dd232502,10984
d:9cea5fc572d348ad9bb7b7dda9fcc5ae,10985
d:9cf2bfa8d1f64c7db60ebe59f48ee8a5,10986
d:9cf9c24897ac4b36b6056b8182c59bf0,10987
d:9cfb3b6345a54b53a1b2c7a320459107,10988
d:9d01dd7970fa4f10afb7aa0fd58967b4,10989
d:9d0228821ae249efb6473c256a6bfe84,10990
d:9d02d209b8ef4733a278f6398379730b,10991
d:9d0f570ad7e148c5a71c381731892279,10992
d:9d1d249f3cce4d0eac57880550f6268a,10993
d:9d1e2397fbb547fdb8eb467094c099a3,10994
d:9d250f5dc10d437d93c4de4d17ee0666,10995
d:9d264a67e7db4d04a4f62a0c879cd1b6,10996
d:9d2caf6d05b548fead95ef1ce021b632,10997
d:9d30be555eb54136b41c3d59a4ffd6ed,10998
d:9d30fbc4a46e498d969db3af600eb133,10999
d:9d35f47729cd4291bda97f6c0acffc6e,11000
d:9d37e3a280f141b28c4f6431862864b1,11001
d:9d3cbd267a5e4f998e841d397c4493ba,11002
d:9d4111bea69b40cb8eec46bc7b7e7fae,11003
d:9d46073d443f4cfd9fc2335c88b59500,11004
d:9d490402c2b84f50bd17a87e4d4799e3,11005
d:9d4b782fda8147f68944326c7c6454b0,11006
d:9d5d0d7183df4b35bb7ddb0fead34c2a,11007
d:9d6541d4423c44e8bf71256094a7872e,11008
d:9d69ad1240cd45b58bfadc36d56079af,11009
d:9d6d706b33e44677a919bb984faa0285,11010
d:9d71ab19946d437aaca21c251fa1acbf,11011
d:9d731b40c06444698c4cc5f1b13ccfb6,11012
d:9d741ff61aff4c1ca90752b61fbf0b51,11013
d:9d7fb07ddff8431b820305224749ce4c,11014
d:9d80854acf214b5696e3a9f282f3e651,11015
d:9d8085c812d44f8a8fed36bbe753d8b9,11016
d:9d8ed598899248db94faa5734a9a174d,11017
d:9d93481d178d4485991a391fb11c8f78,11018
d:9d94e540dd1f4f79a5d2c877c4c83a19,11019
d:9d9ba44821c6440cb7614247afcf3f0c,11020
d:9d9e9f01d1fe43a09d83fa2eb2b3f3d4,11021
d:9da7ae016cbd40feabdaec152ed22943,11022
d:9daf10638aff4c51bbfe1c4ee5b2d021,11023
d:9daf2025c98b4371a438f4680804a879,11024
d:9db0f210be764a5fa877c49673ea1706,11025
d:9db28b3232954bd98f4379490bb2c014,11026
d:9db36051d330424285dcf660491b4e84,11027
d:9db5c84e7478434b9d6c406a7d90a646,11028
d:9db7248460c44a638b928668ba90283d,11029
d:9dd77ca281ed414688e455d5eadaf35f,11030
d:9de1901d8dbe4066b2ba1a5e394320c7,11031
d:9de89b6191c44068bfee11b42250ccac,11032
d:9ded4df1516e41739ff8810c827d9495,11033
d:9dee736e3cee4acb92488c7f5249d436,11034
d:9df0623bd7164beb9acafb639b534ac3,11035
d:9df4fd516c114806b21e79a2d2ed62fc,11036
d:9dfb0df815524e84887f20f9b72cc988,11037
d:9dfd987203f240b399c138352995fc0d,11038
d:9e0aa9a5db96412da3afa5213b48f5c3,11039
d:9e0d25b9cf3f494fb87d269bb05d07e7,11040
d:9e0e2b843bc64d7eb03f417a1d0567c6,11041
d:9e0f25ebb2134666a0ce349c6a9800c3,11042
d:9e1d9d4284cf4f4eaf0f559a231a369c,11043
d:9e217ca630a548a59760a786a64f5373,11044
d:9e228c99b4e44832a6052571e5113635,11045
d:9e27b6a4c4114828a6a62aca75b12314,11046
d:9e2839cbffdf48fd95a462a9fd45c2e9,11047
d:9e2ba06714cc479684aa82ca28447997,11048
d:9e2cef5a3b564e39b84c9f2d1e235b8f,11049
d:9e2d66f61a174ad1b108e9a87e4f9be6,11050
d:9e2dac4f20214b0cbfe160a7ed98e300,11051
d:9e2e8c1af37f4e93976d39809e9b7488,11052
d:9e314a09d82347009b77c0ffe49f63e8,11053
d:9e3d461b06b44a38b344b91fd02e2749,11054
d:9e4398c9a30447549d9eeaaee999d6bb,11055
d:9e43ced046c54317805035e2b3ad2b1e,11056
d:9e48069b84394418b683ac837ac20b55,11057
d:9e49ea5d48ac4ff295ea651307b68644,11058
d:9e4b546c64864285bb2cef1e14f8e028,11059
d:9e5466484b6342908d07a014cb9da113,11060
d:9e547cb420f643c29b501c195593adf6,11061
d:9e589a8e0ee64bb084d35385304f2197,11062
d:9e58a93d7cbd460cb64f57de1b39defd,11063
d:9e5b95faa4444508847ec16dfa955f82,11064
d:9e61eb5f01b34b62827552dd95501af2,11065
d:9e640f4dd0d5470bb8248a7f9845ecb0,11066
d:9e673200e9e34aed928e795f6a3b8f6c,11067
d:9e6c7581e9644521ba369450e5346b95,11068
d:9e6dcdf366ad46a5a9b47c0fed0d0842,11069
d:9e71941065ec4212832aa5908c4fc3f5,11070
d:9e7a012203c84a0e990a72491a8da112,11071
d:9e82d8def9d647c8a250c425c2396ddb,11072
d:9e8899b1ec1b4407824132e98c86ca18,11073
d:9e8b08d3a23645388e69545bda7788ff,11074
d:9e8dac0a38274a2e91a115ea634c4b01,11075
d:9e8fb316c1fc415c8ce660e9c9e64737,11076
d:9e909ed17c1149e4a37df2946dc9ec0f,11077
d:9e9845e6419c4be18e0a3cd57aef1f1c,11078
d:9e98e2a348094054b61cbb41c6fcfec2,11079
d:9e9f5d07a0084cf49ba410dbead19f46,11080
d:9ea5e445764e451596a8be19f58bffad,11081
d:9ea71780e9d24c75ae622bdbb0d49cd3,11082
d:9ea8b1c41a424a0db105a608bb87abcf,11083
d:9eac7b68bfec4366a04203d0ce6b4e04,11084
d:9ebbdbc42ec04f18b9981c2263fafa92,11085
d:9ebce2d548144fff95d7b4921b5aead6,11086
d:9ebd65531dd647fca7c3264da507dcd3,11087
d:9ebe7bf663244abc8fb3416ea31259fc,11088
d:9ec4bb7ee6ef414c9a26c1ca493d37e1,11089
d:9ec6cea7c12b4e93bf2d97fcccbf9094,11090
d:9ec911a9a4e84d75a37d98bd21221247,11091
d:9ec9162b17314c4d96a15b4279048f40,11092
d:9eca9ce247464b9697e60a66543eac25,11093
d:9ecd06588e374fc791ea45e40d0b02c7,11094
d:9ecf67b0777b43708a0e41133640b480,11095
d:9ed1a614d67c4ab7aa791413bc3129d5,11096
d:9ed22a6249c348fd90fd8acb2cbcff3d,11097
d:9ed2de6102e2479085b9973d8e7e8be4,11098
d:9eded658c4984ad79875185e33eae95a,11099
d:9ee19a03ecff4302bbcb79901d20dac3,11100
d:9ee6b125830e46b9824ffdb10136a468,11101
d:9ee989ae1b3945249c97be0e07acaa59,11102
d:9eeede9b28d544df8ebeefde37199e99,11103
d:9ef20f44e50c4a27a7d1e693b3d9a6fe,11104
d:9ef8c8bdcfef4437aef33eeaa54c25ae,11105
d:9ef9fe8dc1ac43db929b62d2f6145186,11106
d:9efbe53daab7493d842967b91f38fc09,11107
d:9eff9ee958204991bf1f580d079f6bdb,11108
d:9f00bed1f7f74a578def4e225dd60261,11109
d:9f024799ae3845d9a3a86c68e4323f8d,11110
d:9f0b12dbf7244ab19c99475e5ca090ab,11111
d:9f0b9441399644668ac50a54263fd079,11112
d:9f0bd1ead9ac4faba371dcce6a6aa36b,11113
d:9f0e20edb3844f67a272362d7beb484c,11114
d:9f0ed2ce6083412a937da0935c036624,11115
d:9f13bdfe96d649e3926a210a8a885077,11116
d:9f14c3df935a40b6ae3b631b0173da05,11117
d:9f177bcb8a6b463c91f221d86060e4e6,11118
d:9f28305c196e4ec38a394b31f794b61d,11119
d:9f38e921fae54b629a38a0bceb693c9a,11120
d:9f3a24416f0b431a9a7a2551c33c7126,11121
d:9f3bf5063a6f462e9f168b241e06fde2,11122
d:9f3d354496564bfcb0f65f218ae05886,11123
d:9f3d56601df84f5aadea2723d28a3aa5,11124
d:9f433e5f2c0240cdb41cf71f19d18b33,11125
d:9f4642c0e7224ef1892b2716d11659a4,11126
d:9f47115a380245e69bb61497ccc7ce52,11127
d:9f49f4c083c04a858250c7b8c3963f12,11128
d:9f4bb4feb57f48008468ef88c6a44c36,11129
d:9f4f32adc4884b319e6551cccf335d54,11130
d:9f5284d1b6a44e7c8173f7fcbeed8150,11131
d:9f58583cf4fa465fbd9c38fefa629c2b,11132
d:9f58a24b372c48e2aa62ae2432d6785c,11133
d:9f5ec026d3444ba283fbfbff1bd05a7c,11134
d:9f5eec6eae744bf68f21c7b13947e4be,11135
d:9f5f1b263d1b4931bfb100e9fc186d41,11136
d:9f63ebf35a564d40b207827718aa77bd,11137
d:9f692e5dbc9c4437b43f6264f1702dc7,11138
d:9f69ab7990084d91a96df79a33970874,11139
d:9f6a344a833342d789552597b516b170,11140
d:9f719719f1d64f0e8df510e7aaa3c144,11141
d:9f753a49272f4bc28a3d3f2d88f1ac5b,11142
d:9f79bad026054a69b13434a772eb3fc2,11143
d:9f7c0ac6442e48df945b5642e7a409e8,11144
d:9f7e4b6a2aba43d3bfda6bb090a68d97,11145
d:9f7fc501a83b4e9d988659d9d3308d08,11146
d:9f8740c6799844eb85c688a7dfd878af,11147
d:9f8cfff14baf4ed0832236262edd7db5,11148
d:9f95a1ee0e2c476aa03976d7d0d5e33a,11149
d:9f96f752ff1d4fa682bfa5b0a5807f72,11150
d:9fa323a38f844aac98875f28ee7111ba,11151
d:9fa83c8e7676485aa16e667451c5f16d,11152
d:9fab11b75b504395a72103bc15ab1f93,11153
d:9fab8b59a46f449f833e7f37214558a2,11154
d:9fae712a429c45c28d37b8f998db153d,11155
d:9fb5fea012a140fab78be6dbe602810b,11156
d:9fb74e28c21b4379a6813b4c49c29c98,11157
d:9fb7da130b8a49beacd5a2b96e5d6aa7,11158
d:9fba8b97bce34351a0ca723fe32a38bc,11159
d:9fbd808b932a4a839ce3eaec85a0da12,11160
d:9fc2a9488d854cb180236f7139882842,11161
d:9fc5b73ebfd04acb8442261ef7367eb3,11162
d:9fd1504dc1ad406ba67d916b90090fe6,11163
d:9fd34eaf380a4036bc136018a720010e,11164
d:9fd38e4d6f66408d9d86dcc485656079,11165
d:9fd64371d0114b3ca79876cb604860dd,11166
d:9fd6f9b86c30455db6c8058c637c5c9a,11167
d:9fd7e7259b1647cca34c258463d2d314,11168
d:9fdc9fc4f7fd4c059c08cd3d8a68c2fa,11169
d:9fde9abb85fa480bb170f7b9fcfe40ea,11170
d:9fe1a4f897c5457fbfc76bf960076ced,11171
d:9fea1725388f48848fe9deaa48d269d6,11172
d:9feeeb24a0ff441e93ad8865e0dfcc85,11173
d:9fef2d7add804e6184adcdcd7b15090f,11174
d:9ff21ca9aba249afb4eb45eb26d9033b,11175
d:9ff6b6342f4a40d4ab624fb23236d739,11176
d:9ffe03fe172641fc8ceff5737b7353fb,11177
d:a0009a02842e482eb1d026dcbf342b69,11178
d:a00773d8bf1b441ca9bbc97acd4e0efc,11179
d:a009aa353e00410cae32c5df56946dcb,11180
d:a00e4710c6e74f60a6895a4ddd182415,11181
d:a016b496c66c449280aa455de309c6fd,11182
d:a016f4c37c4c4062b766e4874dabf7f8,11183
d:a017a7477d4e48f18c1b1b2795d295f3,11184
d:a017f8b1767c4c4d9bed39ce52029c85,11185
d:a018a80cf466416fb34d23857b24efc1,11186
d:a01da6707c4a42bd9afa28ba1f6cc249,11187
d:a0208af175a2463086e9507274aa1cee,11188
d:a023284b78844e73b5d40af975f7abc5,11189
d:a025fa2bcc5946ec80a3e10b090dd1c8,11190
d:a027b03ae2ce45f1b5efcc99eb5b2017,11191
d:a0286fb7b65e44e581a82312a9646caf,11192
d:a029e14d1db7499bbbf590191f29228b,11193
d:a02a1f2b1bfe47eda45b70693896a4bf,11194
d:a02a32fea0344f738ae881d308f0132a,11195
d:a02bdbff835d4057b422d58f36127e01,11196
d:a02ce00a23f84187aaa01d1b9d287252,11197
d:a02d78f18d17406191e98bab5ec636d9,11198
d:a032e787ba4f43c0b1f11f94145dbc22,11199
d:a032ec5998304841b74b79088c04ea7d,11200
d:a03c2fe1bb984a67b0604976a94a7e76,11201
d:a03c8ae09eb1470aae95aca7847476bb,11202
d:a0437bd7007b4764a947ee4b952e983e,11203
d:a0452ea30fcf4a6c8a047386e3183162,11204
d:a047ec8826e34818983765883c71964e,11205
d:a048f26856cf4ac3a8ce656695b780ec,11206
d:a04fdd27c2844a81bd84a92634e80734,11207
d:a051ebf5400b46c2a9c1018d2a13352e,11208
d:a052752758404298bf0e921efbd0a159,11209
d:a0530562105742cf8e83f9940b4602d9,11210
d:a056989fe2e74353b5dfbdfe87eeb2e1,11211
d:a05c29d9ad8b424cac5c31c2828857b3,11212
d:a06b62a4c78648b69f9f7da81fef1921,11213
d:a06d932d81c7416da0533faac1e57f79,11214
d:a073080b3d4c481d863d8bedba8a81b0,11215
d:a07633b0af1045efb73f3a523890165d,11216
d:a07e43cf15aa457aabf8984e502f4b75,11217
d:a0844104b99f4936b12b2eb7a8b5201a,11218
d:a086dd2b7181454288f837a4480d3bbc,11219
d:a0899e154fce4aabb838a12b017568c7,11220
d:a08aeabf853c41cb846335ac3f0a52d5,11221
d:a08e8fb628964d6497d4df7bfb462923,11222
d:a08f5fcb7a1b44439e3fdae4ed9f79b5,11223
d:a092a2a1229a4a158a1f5c459d17662e,11224
d:a09564b0eb9f42e7a0697e66b23902b2,11225
d:a09ea19577124e34918e044859bf0a70,11226
d:a0a1e7cc19744215b5838d20f6c6d024,11227
d:a0a364899b534f90b4c09f86dd3a326a,11228
d:a0ac381c61d24720b3a5f6fca5094b95,11229
d:a0acccba84ac4e6fabcfd43a52f9d005,11230
d:a0aeb455d2ff4e53ae2e7d3d8d6c508c,11231
d:a0bd7a7d4814460db5c852f8c59a9892,11232
d:a0c24f86205c48b7ae2cf015f8616f24,11233
d:a0c460fd43c244d8a32ec8b2b7d3cc5d,11234
d:a0c570abb13b4fbabae3c23229510be9,11235
d:a0c95d35b2fa4a1a8a43b54d1beba03b,11236
d:a0ca81d3d22d48e5a22cb7061319b09a,11237
d:a0cacb9f60c347ba950f29fa5b701c46,11238
d:a0d58c6a51da481dbda8154d4c7b83de,11239
d:a0d78a5b2fc94aadaa881e021706dca6,11240
d:a0da6d0e7da24cd08d33db559f5a189f,11241
d:a0dacb34707a44088a99343ec2a7c4bd,11242
d:a0dd328bad5a48fda3515e7bd6828ffb,11243
d:a0de634a95d14e048be02f0d0d8e5bb3,11244
d:a0e36a0bdfd148e1b9ecf98f2ad451b3,11245
d:a0e4ee2b42f34633a342104f658b8120,11246
d:a0e77c7acd1e49b995d0916441dc466f,11247
d:a0e9b151851642ad86e10ee7f0df3667,11248
d:a0ea01fd90db451bb98ea941686ab4c5,11249
d:a0f174c84d22410caaf9c9dcb1d10469,11250
d:a0f17783e4b7461da241b071beb8f258,11251
d:a0f3cc8d8dc443549741e04ac7e2239d,11252
d:a0f662a374314c4b8c9c5d763725b716,11253
d:a0fd0e56ca4842d38be9219ca37bed50,11254
d:a0fd3e306b4a4f67bbca2ec6740e464e,11255
d:a103364c36eb45d19b44067b81f9368f,11256
d:a1034cc0f4f64bf0a80accffdd5a23f3,11257
d:a1061d5fa24f4fac96eb4496084bb7e9,11258
d:a10be7e0cafa4ba2b1c5ff91bab1f448,11259
d:a10ce0b1435c4a74aa2ea5f0d940342c,11260
d:a112876c75134a45bb8ae8c0f0d45daf,11261
d:a11d005003264d1fbc264478c570ce82,11262
d:a123d72cec6a47aa989e1d23a8617a8d,11263
d:a1297163e4a14c2a9854c539e83b81c4,11264
d:a12be3ed146a446e9176d93e11b733a5,11265
d:a12f7cf83a124c1987a886cb789a1bc5,11266
d:a131c2ba10184769a44111291c904a3e,11267
d:a1373248b1184a999292b82cfddd182d,11268
d:a13a9ebc92004cbd8c668984f96d4af6,11269
d:a13ef5b1211e4a91bb0a49be6ba1d849,11270
d:a1445ed22cea4cb1b762d3e3115654d8,11271
d:a146d15d971e40368e7bdffa998486ca,11272
d:a146eabff865439cb9311b2f697e5d26,11273
d:a14881b7c81c471c989d382790108d9e,11274
d:a14b610d53a148ed8f9b84409f4ba06f,11275
d:a151d6b4f1334d1dafd51b5426804be3,11276
d:a154a7198a164c85961c109305465d47,11277
d:a1556259a84e46ce8a7745ad09e0b292,11278
d:a15b50aae35842b1856ebbef3c902a84,11279
d:a1609cd030e34536954eac4c53655d27,11280
d:a16266c957b04fcbaeb442ed96813dcd,11281
d:a16a33c76bbb4d5e8da9e4699821e66f,11282
d:a175367e50294e738973fe36847b6268,11283
d:a178534329e347c09296739b4987afde,11284
d:a17af021deca48639bf0a9bf2df226df,11285
d:a17ea3a52b57432d8946a6bf85a9a17b,11286
d:a180f42bc9e44f10b789ff6ed83eab1e,11287
d:a18567ec4f4e462181fcc0ed0bc43e14,11288
d:a18814303e3749bea19d1a4023945387,11289
d:a18b1447ae5a49afab307426c5838690,11290
d:a18b70acecd44315a240a1506f445b39,11291
d:a19269eb9eeb4bed82b594c3eef90e63,11292
d:a193c47ec25545b2a335df068d92fe7a,11293
d:a194785e448a40b1b0cb9ebdd1a5a688,11294
d:a19b788c7a9e440b8aaf5272eca71d78,11295
d:a19bafa90eec419cb3098cfb6aedb764,11296
d:a1a43246b73847859a07bef92291cbc1,11297
d:a1aab72e2e3348dc8db462d664af4526,11298
d:a1b3488b1af54a10a29eafcc1617b35f,11299
d:a1b5cbbb495c4d59abfc27f8ed5e6852,11300
d:a1b70d26ef0c4cf9af2f1733397713d5,11301
d:a1b7cdf233a74dd39f20ba9cea05185f,11302
d:a1bc386cd3d94c599f00d6fc5e767c44,11303
d:a1bd8f94c5f0442b92b8b2293beb7891,11304
d:a1c5a209b9384b39ac7d6fc98328faf1,11305
d:a1c6bd5e21b646deaf65ce39e8dc4efe,11306
d:a1c6de8e41b049e2962c9d3164e58c53,11307
d:a1cae75a9109457aa8a372beeb9608d7,11308
d:a1cb6adf7c0b48acb69acf08ef9cb1a4,11309
d:a1ce6151f93b48f88f194d6a63ad539a,11310
d:a1d1e558847d4e2e83c8c23817ce4b90,11311
d:a1daea5170b64ec2a1a240b58e7fdad2,11312
d:a1ddac45fe494922a8eaf02caf968d0f,11313
d:a1e4400b5d874a2fbea2e1524ec37ead,11314
d:a1e60bb697b34004ac66b377fb51e5d1,11315
d:a1f57e2fc8424618b30108f27b5f952a,11316
d:a1f6ba22dd654702bc69b9d60f4a0f36,11317
d:a1fc21586a2e45929e0f7798c7079753,11318
d:a1fd6843d2ca42d3b1672957bc23a327,11319
d:a1ff8adf54a74381b4cbc28844dbcaf1,11320
d:a2008fb22d0843b5a3e95d819c411075,11321
d:a2032c46d17b4e9d99382d9c51476285,11322
d:a20979f66241429195ee0beefec0db29,11323
d:a20bafc431724114a675590d41b67602,11324
d:a21618baf5484a4eb78da7b8524600f2,11325
d:a21623a4ad1d4dd3b710e726c5ddb626,11326
d:a2176dc663ac4738a0801fcd11e0fd3a,11327
d:a21a508cb3874eaf966b9f579f2bcc87,11328
d:a21bf6d35a6d4b0496ec597e093e38ad,11329
d:a22035c48aa349a7baca73c260029186,11330
d:a225f0082a4e4e3aa2ef01749723dc89,11331
d:a22bfe4562ae4992b9a45c5334008692,11332
d:a22c285dce6d401080bb9ba9fdb55760,11333
d:a22ca251e1884c4dbd76f0106e2e6630,11334
d:a22dd65c10664380996462892705552b,11335
d:a2305d3460d64d3481afd3b0b098fe11,11336
d:a2334a77df9b411ba39842fa67e9de14,11337
d:a2350c49d6be4f07a55a2072a1e215b8,11338
d:a23630e4bcd048b78b69438914c1542c,11339
d:a238c46db1f24a63bf1f71cac58e4862,11340
d:a239f6079ae040d89ebd6724ddc9fb82,11341
d:a23a97cac67c4681a3d7bc1cb742465d,11342
d:a23abc6abf354597b0e5a4de8abd2bc3,11343
d:a23b3035b16e4e6da42d065687fc6269,11344
d:a23dcc6951c64f9581f073b4a4bff02b,11345
d:a241dfc9294f4e17acdd8c4fe7a18874,11346
d:a24c97ffed8047268aaa6a2cb39cbd43,11347
d:a24e5050a3f84e74bd163b856bbbd0b5,11348
d:a254be1f5d3c4817968d995f5c95fd73,11349
d:a25892d74ab14d378333c73a2846bfe7,11350
d:a25b501dd2284c8bafe1b46d69bbcbbd,11351
d:a25d96bca09c45e2801d7f85c3937d46,11352
d:a25f0c5fb89f402e8325749dde089789,11353
d:a25f2810662b4ecc9220a1516f43d72e,11354
d:a26143affad64e558cefe137bc61f9d9,11355
d:a26a0f90e13544e78b8b46db85a1021f,11356
d:a26aff8b67d64637b26ab33be913fa33,11357
d:a26e811d7e204ae08cf53893bcdb7af2,11358
d:a272b57a426444f1b6d19a70974716e5,11359
d:a27887b08d1d499bb187292cb9d09469,11360
d:a27c455ebd9547e4acb2d73633d3bc82,11361
d:a27c9ed919cd49c38617b4a69e7f3f9d,11362
d:a27d888e61274687830fcf19b9dba000,11363
d:a285fce4e05846db85cb491b18e58fb4,11364
d:a28a364dcf0540878c4d689a100b9782,11365
d:a28b6e48927a425193a6f518d1983dc8,11366
d:a28d9456286649fb8599f6369d711ec7,11367
d:a28e1cbd02c94799afb4bc298ad4e65b,11368
d:a299cae556974a6d9daccd0353f09629,11369
d:a29a967a35e644c0b279bd83009012ab,11370
d:a2a4ba945ce64c769a2e9cfef05a49b3,11371
d:a2aaaeea004a4fa790723cd30d45bf90,11372
d:a2ab5ba6722e4e979ca115b37cd63523,11373
d:a2afdf0730784dc0983baa6e54539a87,11374
d:a2b03263cbd448fd999b4c705adff3f3,11375
d:a2b35be58d7d46abb283ac0ba9d7de69,11376
d:a2cf27806e6f44a486a10b47349fb2aa,11377
d:a2d20e5352a94a1aa09af849a0d9e1d0,11378
d:a2d379403ccb414d8a6c01dc8fac3fdf,11379
d:a2d4117eefff491998fd9c32d1549eea,11380
d:a2d5bd4051a249b88fc0bddfeda8b433,11381
d:a2d8e277818648828f55d3a8fe7b873f,11382
d:a2dacbc726f24f44aa495022916e75ed,11383
d:a2dc6903c2d4487f9e5fd02e559c9078,11384
d:a2e0abc8c4c94f9bb7f6f4d38f17c471,11385
d:a2eb2ed32464495bb2c20a05e9cf2b1e,11386
d:a2f0b28c45c841609a278b86ab5a9c3c,11387
d:a2f3239146774fc2b69f0bc503427ea9,11388
d:a2f59683776a4638a1447d19330337da,11389
d:a2f65ff17847486c940f73b62f05a4cf,11390
d:a2f75a2b7e364170b567c6c43c9cdc61,11391
d:a30260fa2d87462a8c063452c4498987,11392
d:a30c5d6fcd0a420cb4a37b683160d1b4,11393
d:a312dcd29701490b9ef861cd9970c713,11394
d:a313c5016c624e418741ad7ecb328088,11395
d:a316fae597a74113bb2d20a671fe6068,11396
d:a319931fb5914207afe179c24a0c0f25,11397
d:a31ed8e3f3734c54ab18f7cde937ae75,11398
d:a322b0de9f9b40ffb6ec642c4c56dffd,11399
d:a323841f52e14361b4f193b45a3fbc62,11400
d:a32670ee5ffc4b268d2efbd7523b9d21,11401
d:a326ed6a0f5643ec8920c4f7635b2ad2,11402
d:a3279c0b12054cb68310dced663e05f6,11403
d:a327e2982f914270b257a26827e7becc,11404
d:a329704ec3cf430c96097281f8c623fe,11405
d:a32d0f8d53384a8da220edcb1fd5b111,11406
d:a32ef6afcfe146f3bf22cf9d72c30e90,11407
d:a332a927419d40b3aa345ea20ed015ec,11408
d:a335f58b1f1f48338fe669182f07fcc7,11409
d:a33daa03249045648216fe794dfae1dc,11410
d:a33df4ae03bc49af9eeb92886de879c5,11411
d:a33e05dae7b647ef948d6fff80e43236,11412
d:a340519c42b146869962d512cc80aaca,11413
d:a3458674bba042cc8f6c8a851ee53fb8,11414
d:a3485747270e400da952a760ac539035,11415
d:a34985ca9e464397b4f1d6f6f0d40e3d,11416
d:a34b157d05504f1ca9fa0f2c900c9d0e,11417
d:a34b7e63ea104440be3611b7580258fd,11418
d:a357da082bf24c599d8ba9b59f3bf808,11419
d:a35bd07ab9984a75a4347b00ce5439c6,11420
d:a35cf7e790c64a4e8861d8a05062101b,11421
d:a35f3ecb99034691839fb918a37a7975,11422
d:a35f96e0e68b4731b5f3d1eb23387623,11423
d:a36cc740de3a4dc4ae8c69f89745a00d,11424
d:a37446456b544dfba5c1b4bdcc50baf0,11425
d:a376dbf1ff3549a0800bf39dbb9f4c8b,11426
d:a382ec2416414a35802ffe5f2888af6e,11427
d:a385849606d440d89437496ec32f83cb,11428
d:a39322e5feb5479a9188de7ed8dcc0bb,11429
d:a396d3b51f6b4b459d35706381c78d73,11430
d:a397783341af4a8ba43cb48093c98201,11431
d:a397fcd4c66d472b8e44501ac14478b6,11432
d:a39a3ffbbabe46108953d64b3ba059a1,11433
d:a3a3b311f9e6449a9751c9cb932f48a2,11434
d:a3a8fc60ee9e4f51bb5dee2cf794d1a9,11435
d:a3a9996a416d462bab2cc4174e4faab3,11436
d:a3a9bd2f5a024fc8b68244adabb1e7ff,11437
d:a3aa35a66b9a461da554ceb940927171,11438
d:a3afd8a349e04cff9839fd81fb8e8e5e,11439
d:a3b5b63c55fb4588976a35179947dd9a,11440
d:a3b99f87eede4d90ab2e07f100978efc,11441
d:a3bae36e09b04557b1da6785f1b33211,11442
d:a3c95cfc97f344b191da6f66549d1e69,11443
d:a3c9642d0fa24b8d94ba3c23a16b47c0,11444
d:a3caac58ca6f46ffa0bfc318b45ec068,11445
d:a3caaceb39674c7b8fe1a06812219221,11446
d:a3cb4f0c40c5419baa2a9f50a4b84071,11447
d:a3ced29ef1b54ff9931d9b08618ae4b6,11448
d:a3d100b1ba5a4b50ab36238c3509f40f,11449
d:a3d390e58b3f4ca0ae9342c63549829a,11450
d:a3dc64be0b364599bfe4bf7fa44c5543,11451
d:a3e002e29c4048fdb4154a56a8702e52,11452
d:a3e37e820e1f41aab06f20df7efa305b,11453
d:a3ebe6af97fd46378119cc82cecb9aae,11454
d:a3eebced657c4bfdb1c0f3f82c699cce,11455
d:a3f91ed229d74378ae57c77a1e573177,11456
d:a3fd50f7a5a14bd4957f081b4990d292,11457
d:a40257df58c2419bbe0aad44567aff2e,11458
d:a4034e58bba04b8298704ed8b51dbc27,11459
d:a4066bd1d3fd4a9d8801f93a4888036a,11460
d:a40a41967ed24fe6bdf119d9fc91db45,11461
d:a40ffc5842584cc88cb7de15311bc54f,11462
d:a4108a54c01845e5a0335d6eb7ffa15c,11463
d:a410ae78d1c94126a1927c842c458dff,11464
d:a419b90213de44aeb48126e305db7992,11465
d:a41e2426b3914d5ab393c6af96deffed,11466
d:a421bad7eb4c4e24955eccc18e50edf9,11467
d:a42ee98ed8f74c4f85d6488d2849fbd8,11468
d:a43121b3a06e4e609321b2928c8f265d,11469
d:a439e2b7e5a54ea58e932aa9ad1f5562,11470
d:a43af32a496c4346bbafc15c5fa7e5d8,11471
d:a43f3e3ff23a4f5eabde718fd94730b0,11472
d:a454d4935e244eb08de4e1a61f981252,11473
d:a45b285de5f34149985e89e31f3ba2b2,11474
d:a4659c75edf7408b97e85d410fd5323e,11475
d:a46cbc441e524171b667fa98ca33446d,11476
d:a46d7372464a4d0abd0dd37560fc58e8,11477
d:a472170e7203431d9a74ccd21da17372,11478
d:a474c1396301467aaffe8cb86a6e0a54,11479
d:a47cc865aad849d9b25c9efb24766590,11480
d:a482adbecf824894932bda873536c158,11481
d:a4850212308c46f08d225caf4130a340,11482
d:a48729ce327949808d31c5339fb4971b,11483
d:a4873a354bee46df93776cd6731371ff,11484
d:a48bacf7c0bd4fc7a7f2e552d1d0ec04,11485
d:a48c44dd614e4ada9b6f21d51293d8dc,11486
d:a48e52db60094028b40e31b900d2dda6,11487
d:a490b716624944a1a7c272c392b623de,11488
d:a492a58b72be4970ae56a7c9c6d00a6f,11489
d:a4932b432b614cb894a95c9d3d2d3c44,11490
d:a49795d0d33d42ce950241cbddd52798,11491
d:a49a65821e0445e1ae91f4512b14a60f,11492
d:a49d1d5e729d4bca88418a7d3ff1a27f,11493
d:a49fb6202e17494fb7221a8f28e1af2e,11494
d:a4a4abaf82c6498a9d8557d440cf8ada,11495
d:a4a4ebc1f1b5416a9d0eb156d5c2c54c,11496
d:a4a56fc85c1c430ab9fbb3f77ea95fc8,11497
d:a4a6d5a7639247fab9d79d75e07108dc,11498
d:a4a9ed28a72a4cb4bb3deaf228fc0c2f,11499
d:a4b07c6710a5421b97e6b9b5d5e853b7,11500
d:a4b2cd35c5014f94afb7f259e391cb86,11501
d:a4b3bae1036f4d2798a91aa049458834,11502
d:a4b3fdd578a14a3797235a26e26be892,11503
d:a4c0e265196c4655a313370033736594,11504
d:a4c3cf4a4ed94790809cf4bfb682ff1a,11505
d:a4c4f5ea353f43c3a437c42a8817fa2e,11506
d:a4ccccac96c3489db3fd9dc66bd5b66a,11507
d:a4cee4e4ba034d888135c8dc8d4ead80,11508
d:a4d8b498c2f24267a8da30593d257769,11509
d:a4d9adde31824d5f8b1cf871f2b71bdf,11510
d:a4dd8463afc642cb8991991a4f8778cd,11511
d:a4e101b6086c42ea8373a60a1099052e,11512
d:a4e3984465764a79b6cda1975569ffe2,11513
d:a4e5fc8673814f5d841390f594dd7673,11514
d:a4e6f911554e44cc8bb8e554533626a8,11515
d:a4ee1ebba82b491dbb2ce040f022738e,11516
d:a4ff9406a21e49de991e85c3f5da6d5e,11517
d:a508a94a074a482bb492d90222f6524f,11518
d:a508ce19d69a4d21be7528601f7c0f64,11519
d:a50b0dcb5f194183b5caf2694ca94e49,11520
d:a511f6f62a744e1b874b6a895e641213,11521
d:a5131b4ad18b4ad6bd6436c6f46364ee,11522
d:a513a0238af14bc7b4291cc3c3ab489d,11523
d:a51445a93a334b64aa4c98286459acfe,11524
d:a5171b2bacc340f3bccf725d58319475,11525
d:a51e6aa526c843529493a87a6fa063ec,11526
d:a523dbd2b53e42768adb5c6b7d4b46f9,11527
d:a524094e63b64e4bad48470cf646f34d,11528
d:a538f19094184069853aeb2f953a3965,11529
d:a53e0d87792b4a29a1138acf0d63c9f3,11530
d:a542e4d641064fe194fd5280d81cf7ab,11531
d:a544f6846ba441d8b97a2afc908b392e,11532
d:a54f1674f01743ff92fd9a42cf0c9f83,11533
d:a551e2f77e7d42c3beb15ace94c57e0f,11534
d:a555ca133bf64e67bd25491aee203fbe,11535
d:a556d179a9884cea8c5587241064d95d,11536
d:a55731f899d74ab884383ab9e9a3d92e,11537
d:a55c8b9236ad4b6abee69529ee7e025e,11538
d:a566396789844392b736d32f770e0fa6,11539
d:a566a6dc53f44dea8e0f2b75c2bf9f00,11540
d:a56c37d70de64b7faa67b7b77408c5c2,11541
d:a5701c4b7923414585f63c8800731361,11542
d:a5711217c7714250860cbdbd858afa34,11543
d:a5717d5b37e3489990488c22add03fc3,11544
d:a574e745babf416799ced8c3e138e00f,11545
d:a5765f82f4324ea3ab45e5587f25e561,11546
d:a577324a6ec445a4a321099fec797cb8,11547
d:a579bedc6866403caaf9d1828000f9f1,11548
d:a57bf377ea084bcfa7d6cc9b3d67ee9c,11549
d:a57c6cec468543a880ae727786293842,11550
d:a5844a0492534a8fbacde87b3b2b1dc4,11551
d:a585c34b55e74ed4984447afcd206e25,11552
d:a58acbd9987747a6ba0374cd24520c05,11553
d:a58b4093a02a4b0fb7da669bf732df8a,11554
d:a58fd5a82a624ebc8b58bbbba97b123f,11555
d:a5928e02db2b44a19b78bb51e1637a18,11556
d:a593301f8ed446598fd5b61a1a9ab557,11557
d:a59730f9e7aa4e1a88052949ec3d11e7,11558
d:a59e4353fde14015925d8b5e672a9cf4,11559
d:a5a2aac148cb42c7b669455881337861,11560
d:a5a5903c2098473b89b5fb703819a619,11561
d:a5a612b641bf44118fc788c31bacbbb8,11562
d:a5abb04f2715484985eaca27e268d8d9,11563
d:a5b0d2d07a164cb79c26ddc6e363e6c1,11564
d:a5b0fcb739ce46e29bb51a44fdd047f5,11565
d:a5b2b0ce985949a3a9d78868499b301f,11566
d:a5b2fce1f00b46169f85e1470e9e3b49,11567
d:a5b32ca4ba7643078983d806ff20e73f,11568
d:a5b4b210ffad44409dbf009330dbdca2,11569
d:a5b9bb65d41b41a9b66a396b732f81fd,11570
d:a5bcb39cfb5940dca90ab0dd656a5491,11571
d:a5c1c229f10746efa31597293c4643f3,11572
d:a5c2087c1aaa42048b570edccfff48d8,11573
d:a5c354c8359944df9da73a2cf4c31a4f,11574
d:a5c6af27f7974c1d87e67593d73dfbc8,11575
d:a5cae9c5d785432881fd85c21bc0c2c3,11576
d:a5dd5518be44483db942aa73a8e0c093,11577
d:a5e1661e2e7e449c9b837b902eb42189,11578
d:a5e57f13b63f4a5da6226792af208035,11579
d:a5e8f7e4dac9428b9d9df086e3aef5f4,11580
d:a5ed7fa74296418c9332d191917a27f4,11581
d:a5f27387c3c94dc5b322b7463776389a,11582
d:a5f42cf7961345c7b54a171c28138757,11583
d:a5fabeb5ec3248e69b0a44ffdc4c39cf,11584
d:a5fde89102f542298a160261a87b6a27,11585
d:a5ff5aae646b41db82b5a4077eb05556,11586
d:a6016987f97141c6bde2d007948e8269,11587
d:a607d53e0c324a7e8df69967e474ae03,11588
d:a609e5e63a8a4cd8b8c7e5772410e94e,11589
d:a60b67cf419944e48284b3960f76cec6,11590
d:a60c34f892b048fdbcff7b9b6086564a,11591
d:a60c6bb0a1cc4b49b4b480f36b2bc817,11592
d:a60db05cea2c4d388b4f1250285b8a81,11593
d:a60ec4ec8ee84f5c89f5dd2ed6ce685d,11594
d:a61097250a1647efb4cebc5d174621a2,11595
d:a6159617dade45228f755c7475d5d67f,11596
d:a616b7b2d2b04ea4932857f8e2a450de,11597
d:a61e87f50c2d4910869d38741d03c3b8,11598
d:a61ffa7fa0cc4c619282315a1ab6eca1,11599
d:a6214553a3f2497694bc0216bcf9d8bc,11600
d:a6224992b3ed4a628c43d17e80061630,11601
d:a623b033ea5a4378bc277853409561cb,11602
d:a6324a40fd43436d8736c0b2b3e7b61e,11603
d:a63696b4368a4503924f3188811f8558,11604
d:a63a8a90c5694587b9887072fae0822f,11605
d:a63afa55ee854270b51b8c153f1a8913,11606
d:a63c785e136f489ba821cddea9eda468,11607
d:a63f96b6ff8247358142b1688bb529f3,11608
d:a640e0b7964c4e42b6e55af720709f21,11609
d:a647b8f66de44873ac31157f2be78ae6,11610
d:a64802ab61274734b862ff39f80736a9,11611
d:a648f59db4e846589da0f02dca5af8e5,11612
d:a6504483abee443998e0fc5d7efe92e6,11613
d:a656444077ed4c949097a5d90b6b8235,11614
d:a66157d2a9fd42809e5422a191409db1,11615
d:a665872c60af4d2bba54057a43fdf26d,11616
d:a6687cb8b62443d2bf097c746f6cf020,11617
d:a66cf775932644659c6a3307a0ae64d6,11618
d:a66e2282cd1a4094b04b752ea11589d5,11619
d:a67b37a1634440b68a6233a91d64d1e9,11620
d:a67b789c40784f22bd95ced43cbdd5db,11621
d:a6832d76fa0e417b81bf7c36b6f60b2b,11622
d:a6890afc4a134b8ebe8042441a8aa661,11623
d:a689fc91558b4597ba0926174c00a949,11624
d:a68b57d583ac4d3b86e6dc58fe774d53,11625
d:a68dcf555d424a2183971469b2185021,11626
d:a6902c90862e4083a7cae5799a6a1223,11627
d:a698519d747f460ab85f5bd8a0425922,11628
d:a6985fb00ff7492da86d0f7682750cee,11629
d:a69c861bee9a4f12a439f2774be7f5fa,11630
d:a6a20552ce6b45428949f5c896ec869a,11631
d:a6a4f711b92e44eaa1723bc71112e9b7,11632
d:a6a887a8b4f14f6e8e78d4002aad9b0d,11633
d:a6b3be97e4e94b5993abb8e1a6bd59a2,11634
d:a6b55c0263d84e479fde934a172530fa,11635
d:a6bc07913048403e95b33bdcd1bb10e7,11636
d:a6c23eb842bb4e2b86c7cf50a5a71e17,11637
d:a6c36ae887a34e988c12fa640c567669,11638
d:a6c6d2058a0d408991112281535bb8c7,11639
d:a6cabb58b2b74e749573a96307940729,11640
d:a6cc716665264c82880a8eec673e5bc7,11641
d:a6d0b5c53f4c4513aba3347a4b6b4993,11642
d:a6d1d9208edc4b7db50b886b1b5e08f9,11643
d:a6d244b4bd7a44f58bb7607fbfc6f044,11644
d:a6da416146c643a795899bed609a18df,11645
d:a6dd29cd285f4e73b5e271241a27a026,11646
d:a6e09634e02f4a809562714dc6745195,11647
d:a6e2e57ed4964f6fa1caa4dd1aa09700,11648
d:a6e9938fc2694643b1363f4d9c0b11a3,11649
d:a6ee52dd86754ed9946103e0907bc8bf,11650
d:a6f141e02c5c4f2aa385d25e7c90b37a,11651
d:a6f70ede9c0e4dc89c5bc8d0cbfd4985,11652
d:a6ff3ce4b0744a2099eb634d772d9013,11653
d:a700a8bd2bf14e8b9f0b1bb4281b16fe,11654
d:a702646c92134a53a62fef0b3ce77053,11655
d:a707047e7a7347c0af3e8fbff9113348,11656
d:a70f56d276454419818ef3abcaa31089,11657
d:a71187eebfa1412e8651870f035a3852,11658
d:a71523d6949744b28778ff889c66e2e4,11659
d:a7157989cd594e60916f02155f0ad698,11660
d:a716f6c853334e29bd081aee95114987,11661
d:a7213aab5ea24fda972a100be6ee1e70,11662
d:a723267f9bed4cbaa027cdf3c5dbadad,11663
d:a72ae4e3e295491c9d6b5e6639c8a2d7,11664
d:a72ed08f9d6f42798de8e136dd471522,11665
d:a72f277943d54c85bd971e731e7824b5,11666
d:a7315df58a16416aaefbd71bb9c306b5,11667
d:a733dd41c13644a2acd8fc163ca7c4d9,11668
d:a73566d420c148e8ad9b80dea5b98f51,11669
d:a735bfb62e3e438aaebd48d43147e265,11670
d:a738aba116a9493aaa4e9effcbc559c7,11671
d:a7391e71dab74f0483f2bb1fca31c561,11672
d:a73fa47d8ffa4371a3ba97650b462ad7,11673
d:a7423eb2ef7a4abd99cfe0592e6e8fa2,11674
d:a74dc010c3a742aaaac1da158985589f,11675
d:a74e859dfe3f40c6b372bea6aae9f8ec,11676
d:a751cfc811964fc4b674548a0e753ed8,11677
d:a7523fef22d64cbbad314c8567e1ffa6,11678
d:a753e19fc0774570820208a025dd3793,11679
d:a75609c8fbf84096b7b9ad290013b834,11680
d:a757af4b147a463897a4cc8b94c8d89b,11681
d:a761945fa3734b87ae0e724dbceea9ca,11682
d:a763817cf2a54ca2940983d4916effaa,11683
d:a763e05c2e2c4094950e7681ad8eb20d,11684
d:a766fcfefdb44e68aa2df2fc26e4fd88,11685
d:a76a9eb1766f41fcae854bed8b9b15e1,11686
d:a76c6934a5b446c1af94e86a17c23369,11687
d:a76cb083ba7e4b94837437693b137b98,11688
d:a77677e5ebe24a94a53343efe30a0b8a,11689
d:a778edb56e744966b624aa88407cd682,11690
d:a78203e5d80044f5878802a60789fa40,11691
d:a7848719882146efa308198696852339,11692
d:a785e378d4244a3bbf2d55b18a9a4cbc,11693
d:a788e24b08634b81b83757df33f8241d,11694
d:a78ac7b14da14543a47e8e16270359e7,11695
d:a78db90455f64350b2feddecb77b726b,11696
d:a7956459dcb84e2eb61758000536a750,11697
d:a796159e4a0d4e5aad397b82fcce0d20,11698
d:a798442b27954b509b32c1b259c0b853,11699
d:a79da3ba4ea6418a89d0bf39022ba652,11700
d:a79e9a9f6f6c41679061a5497b912b17,11701
d:a7a370ecf2624b6ab39e923233363819,11702
d:a7a43cf5e1254d9ca22c07d034900252,11703
d:a7a63664c0824d889c121460650a0c5c,11704
d:a7aa680eb3994a80948b24d1d6fd680d,11705
d:a7aedc61793546089b89fc4229660679,11706
d:a7b139fd5c40489f95be74b333354d88,11707
d:a7b485a820844a508ac67d5213e6c8bc,11708
d:a7b4f9012d774fc48c40ae25a56637f6,11709
d:a7b871d7db0f41fcabe2caab35f5f755,11710
d:a7bbb868f5c84bee9c32b1d36be3ac4a,11711
d:a7bcab1a512b445bb7c2139322ce6e78,11712
d:a7bdf8dc7f7f41a2be0d99a18dc595a1,11713
d:a7cdcdb5473748b682cdcbbcf22a1789,11714
d:a7d473685a954a04877ee52f92c62125,11715
d:a7d6392482354a019b38eacc85ff23ef,11716
d:a7d9a01a61184003b4bf9fe19dbeb3a3,11717
d:a7db35b68682465abd941cc43e46c986,11718
d:a7e029e76bef4432b54582e5070cfcf6,11719
d:a7e1b18398494556b51f758567412296,11720
d:a7e1c90d80c04a998824462cf24d274a,11721
d:a7e67ae89d51463096c62573a7410326,11722
d:a7e6f4b41999499c8ec6935ef418b9dd,11723
d:a7f3d1f130044ca58eee3e128208e507,11724
d:a7fcd108d92d4f85a150f9e1bfe3ae10,11725
d:a7fe053242ab40c88b49f9430ab41286,11726
d:a7fe5da923284df3825f613806981409,11727
d:a8037dfdec3347a280ed0a9f005ae232,11728
d:a8080558922446189f3cafc068a83cc5,11729
d:a8088a808ad24f1f8473ee042ef22159,11730
d:a809573026864d818f5190cf012834ff,11731
d:a80b5d82f7c8443792e79fa83c67b1ce,11732
d:a80c05f39f3141a9aa26f12ee81eeb36,11733
d:a811e1e3c42545afba77add122dccf2a,11734
d:a8125f7a4a81468a93a61161c9403ab5,11735
d:a81dc7948ced47918c6db0a2de6aaa7a,11736
d:a821cb6a41054902bcfb47f34476eec5,11737
d:a823d9a0618e411689dc56a3f9f469d0,11738
d:a82a54b9cbb448df888e79adb18e06c3,11739
d:a82a634afb4a4d5385babe0cc1af9cbf,11740
d:a8376f2859c14b0499d6aea1693cbd0a,11741
d:a838e90a8ed44bb08bc92ae8f8e97d6e,11742
d:a8406f7ef481470fa62f95a2a8600729,11743
d:a842e914c98648fcb1a86aada5a8dd32,11744
d:a846e9cb08a24d92918fab3b1598c086,11745
d:a847b2eb71804a4780662cbd95c7809b,11746
d:a84855158b134655acc1639630eb96dd,11747
d:a84a0ef84bb94fd0bcd49ee5149595d9,11748
d:a84d60f01a084f9e9f6682810518f9be,11749
d:a84eba3c8e09431ebd318c293117f5d6,11750
d:a84fe253ccc24ee8b26fdb8a6c32585c,11751
d:a851360fc8024ff4ab2e57f467243c1e,11752
d:a853237527f34a14ab879ed63ab97ae5,11753
d:a8542615e65a40e09481dcbbd15f4012,11754
d:a8568533c7b048c5b2c795c6001f2350,11755
d:a858b5041aec46a9a94ca45a02fe2b81,11756
d:a86547b86b3349a9be5f85791096ab63,11757
d:a867d351b2a44bd89f7b32ce1dd1cb3b,11758
d:a86bd6df468142ce9d116d2c942abfc9,11759
d:a86c69d3f9b44bfbb5815169a9265f9f,11760
d:a86fbab47c8f4614912d99cb7d9613e3,11761
d:a873b59f01eb40baa14be2b37f30fc70,11762
d:a87b59d8f4ca46bcba4ad10f78b48cbd,11763
d:a87b8d59d15f49e89ab3b8a1b319fb04,11764
d:a87d56bf4f6642e59ee21e43d10c831f,11765
d:a8841fb21b0f4251ba5c4a900b7c0a31,11766
d:a889a18235b043b2bf80c939f7daf8b8,11767
d:a88ba39629654a49a32229feecad5b32,11768
d:a88cfb1b45e44de9a58945297f861b89,11769
d:a88d250bf2034de5ab0c76eeb82a95ca,11770
d:a88e5db95e60492690e1c16015bebf1d,11771
d:a8930405e2854bc4b2329aac7adde30d,11772
d:a8965f88453f4cb59ce185db4e9867c4,11773
d:a89d679297ee40a28af1a415bb63bccd,11774
d:a89fcd4f18694a369de47b374bc2f20d,11775
d:a89fed1e18964edab34fd64c0e266714,11776
d:a8a7b50022af4915a947e7e9ea3f0b7c,11777
d:a8adbd49224e45b796c5259099d13cc9,11778
d:a8b179a49ca6431d9e557f9401a9c1d0,11779
d:a8b38c05288940b98f7e040493b47d31,11780
d:a8b5c5d8d6cd431eb9b73e097fa2ac76,11781
d:a8b904a2cf274ea2b8b37a8d44f911fe,11782
d:a8c1ed057c384e648ae6603590b4c013,11783
d:a8c2307214a74bb18ed4a4fb7117a412,11784
d:a8c28b5dfacd46ce81977cda9c14eb50,11785
d:a8c52547ccd24942927b8dfcf23523c1,11786
d:a8c9267379224ec9a116956f39c1de9f,11787
d:a8cb12f62cbb4c0686efa38253d4feea,11788
d:a8cc7362ba194b7ea3b49f73ef498577,11789
d:a8cdd37e107249c4956793ad0772266a,11790
d:a8ce1b40eb0341bdb5166269c7493c69,11791
d:a8d099afee1f4919be0acbbaf12f063c,11792
d:a8d3c0f5ea87451788f1f2d13e75f751,11793
d:a8d45f336a834ca5bb47ccf6cc01ac5d,11794
d:a8dc56926372498eb6a2cad0b8556ff8,11795
d:a8dc601019ca481f95fcfb8817b8bb90,11796
d:a8dcb62c60fe49e1bc3971c2aef72b9b,11797
d:a8e2256068a0476aa625e5330869feb0,11798
d:a8ebd9f79e3b422e823ce77db15fc148,11799
d:a8ecc25e28624e38948e331e90602ff2,11800
d:a8ef07b62c9c4f2aa5251d16f048f826,11801
d:a8f794abcbd54baebbf324fbad95c5b0,11802
d:a8f7f294c84442749c61b2af07ecd1d5,11803
d:a8f9448a69fe45428e41b2d1be40c489,11804
d:a8fc0bd649db4ed291fe64a363b10bde,11805
d:a8ff4e260a5c44fb8fdb27d514f41c67,11806
d:a9022d959a4f44328654bc28ddefb23a,11807
d:a9031e631d2640cfa98684384e89cb58,11808
d:a9057dd0fb4c43a3a089020231affee5,11809
d:a9107b29677d4e90af6fb564c00b770a,11810
d:a912c4fbf92b458e8f92d3addeb1ade6,11811
d:a91bbf0640984692878ba39129bdabe1,11812
d:a91e0a798077432f9eb800d6ee41c245,11813
d:a91f82ffb6d341828ea2e81906b7267e,11814
d:a91fc3a2970e4a28922a0ffd7a969afa,11815
d:a9220be356044a7bad7d052a763eef27,11816
d:a924681c6fad47b9b60698f8f99c63da,11817
d:a924c44bbabf4958a497f3a1c4713de2,11818
d:a9256ea687a54a0490d157ff33cdbb5c,11819
d:a92ca7a90d8044c29e1f7dd8a79d6c99,11820
d:a92cfe716a624f948566475f8dc3137c,11821
d:a92da35559224ebd8788315c2ecab671,11822
d:a9341d698b394d5c9bd2261d330a1c23,11823
d:a934f177211b44b0a7dd18c90ccc2b25,11824
d:a939994ca4c84587bbfeb24fdd9d1215,11825
d:a94a977fb7454069b4ef65dc8fe7cfa8,11826
d:a94b6651482b4f3f82ff9a8259352f2c,11827
d:a95067d86ce04b4db08256cd25772016,11828
d:a956e5b637e74f49924c0ce147ce8760,11829
d:a968837632014b8da7720306a9cbb0d1,11830
d:a96c0fda1884471983812fcb21c2bbfa,11831
d:a97039f6606b4f32910a0b78080ea462,11832
d:a974633672ed4bd9868dac4337acb98e,11833
d:a9756bcc3c4d4b45a3b463628facda91,11834
d:a978f97a239a491a9d40c47c071d3e71,11835
d:a97a7b99b9594c83a824fb5c53a38a05,11836
d:a985f8a6b70944dea5abc337217238bb,11837
d:a9862d3706434c62a4d205f3d7bf9b4a,11838
d:a98b40d8072541ef8063bea0bf64137a,11839
d:a99343f071664916b0394141b9c79510,11840
d:a99384d20e4447ba86c5c6ba0bd66d76,11841
d:a996c6587aa848e19abbb03c6c51eb2e,11842
d:a99736315cae4c50ad8d276d182b3b29,11843
d:a9976e0e64494a9ba0476d1024cdf879,11844
d:a997dd886fd64339a1deb3ea67a920d2,11845
d:a9984957b683463d80d66803f112ceeb,11846
d:a99c163cb0f8443196d08dfd48a202f9,11847
d:a99d96d2509a432a8b13448dc0659b3c,11848
d:a9a2236b058043a88fca66351bab7926,11849
d:a9a296f5c227448f9fa2174f2c512b94,11850
d:a9a6aa32e9df432bb8120d7ce33e5ddd,11851
d:a9a6cf3e52e74f44b8dd27d6ec7e3dc3,11852
d:a9a8921f21bd4cfd973c4f673134b531,11853
d:a9ac2ff6391f4725a61758e1a0ee7101,11854
d:a9ae23b4cc9f4dbdb5a6db86cd146576,11855
d:a9ae753481a24a75a5f7a63c1552234e,11856
d:a9b5dee7cc2d4bf08d0972e0e6b37210,11857
d:a9b83dfbc9e847babfa810d81e8fd833,11858
d:a9cb6d0724c84f45abd419d00e4d8c1e,11859
d:a9cdfa7604d249e282bfdcbcbe1a7939,11860
d:a9cf637a87f24e98833b3fbbc92261b2,11861
d:a9d11d7ee5364039b689b09f67393ea5,11862
d:a9d38bee403e48258d02d7186b7f7f7b,11863
d:a9d91c532b8e499a8a5fcdb5e5c9a0a3,11864
d:a9d93f1caf3942018e4ef3958fd45708,11865
d:a9da74f2b0664d7bb81ce0672fda194f,11866
d:a9dbaa5278ea493e813b890c5f967044,11867
d:a9eb46b32781499798fbc90b80f769ee,11868
d:a9ebf684d6fe4134a4c4b8516ef06c99,11869
d:a9ed220e621d4227b05e362251289164,11870
d:a9f1a2a6186e4330b0d214c408b15dd3,11871
d:a9f3f219919b4be9a7f203257c50ff13,11872
d:a9f5ff1f9b9a41f48fa5645ea996fb37,11873
d:a9fd2c62f45d4596915dbc0cc71d09be,11874
d:a9fe7c08a286432382d116168f844b54,11875
d:a9fed0e8d20649049f9de83d9dd7aa48,11876
d:aa01c125a2594d99ab42bc38a2fa8676,11877
d:aa092c0924684b4d840c09db3f3bf6e5,11878
d:aa099a2162ec43dfb05b365b2e49088a,11879
d:aa0aab86322546788e5239cd84c5e4b7,11880
d:aa0ca33178844aa99896772a5e3feeaf,11881
d:aa0fc469073745078d8e1e4d701cce02,11882
d:aa10a92eba9e4510827c0eb81a322d84,11883
d:aa19779191ce4cd086c7332ca2d1342e,11884
d:aa1bd2d3f04e400b8f88f1dda09b9db0,11885
d:aa1f108228834b5c964a89e415d9972b,11886
d:aa2100b6fa344763a626138a043faa29,11887
d:aa22553e6f39404598b90bcda100c067,11888
d:aa255f71cb9f49a6a8da23f92613d501,11889
d:aa2784b2b16746cb977c5b0b6771533c,11890
d:aa2c89b971074b0999f551c502041c1b,11891
d:aa2cf5bde7b6467294ef388039d0ee77,11892
d:aa316a2e14794ef5be107b0d994d2477,11893
d:aa35c4634a6e46fd8b97831bad9afb06,11894
d:aa3d1f82f4e544f4befe8e5921f6cff5,11895
d:aa40aa350de849068518c023c416d553,11896
d:aa490277043c4084863c7dbbc4198d56,11897
d:aa551abb5acb4800aa4414142577114a,11898
d:aa5b882efa694a829dddb8e14342bb86,11899
d:aa5bee8a188041538a896fdb2b01f37f,11900
d:aa5f5dc2d70a48eea016a3efb3e780a8,11901
d:aa615ae4102d4ebda972894172ea1018,11902
d:aa64dd53ba5e4d6f923b2a301036ac82,11903
d:aa6597a6baeb4af6970b3945582a4637,11904
d:aa6a6ebc996b4bb4aeadb2ee54ab2963,11905
d:aa6af6674abc4ed2a39b55addfbfcddb,11906
d:aa6ea443976340d0bfe27ebd2fcab21b,11907
d:aa7b949ef8944ab49f933cc1c89e5e4e,11908
d:aa7b9df8ca9a4742b4c1af4fa597fe8c,11909
d:aa7c792ff242473c860c25cabe0c5f10,11910
d:aa7cfadc449647918e8387e6dbc556df,11911
d:aa84a8a4475342439e0f75fdca4f7bcd,11912
d:aa8b5b80529f4869a4ecd877ca868eb6,11913
d:aa8d4fbf9afd420f9741eed5735b032e,11914
d:aa8e75d45c394b15a430befc673a453a,11915
d:aa91d447c42c458780a90c1b28c9c0d0,11916
d:aa972a85ad854d96a4792b1d173510b6,11917
d:aa97e131c726440dbbdb4ad54f11a274,11918
d:aa9981dc05f243b4ac6fe50fab892a39,11919
d:aa9a3b337a2a4036b9243296a7458f47,11920
d:aaa03c07d7504856acefde3ea5c6abc2,11921
d:aaa055655f154092a790aa8a5903736f,11922
d:aaa8a761fec34ba392a4b3441fc57979,11923
d:aaab48b2b5bd426f99b96b6e680e2c1d,11924
d:aaafd8892314455abb943f6c56247ef1,11925
d:aab58080715b428cb0b4c277a97e7d3c,11926
d:aab6148385b444eea5142aacbe08a3a4,11927
d:aab80f1d351341f497004091598c1175,11928
d:aabbe6b98ba547688e05a6d3a4d0c9e9,11929
d:aabc6e9ecae443a3b6af08520c2ab44e,11930
d:aac0a8651e1344de88f9acb0e6a18cb7,11931
d:aac93b4c35ff47378946341e82a10945,11932
d:aacc9e4b641547ccb7f0bc9085530d12,11933
d:aacd443e176c4df98922ae232488d1d1,11934
d:aacd90a747744fe7b31adb3b028d2f00,11935
d:aacf340b36ed4759a7737ce4065a5217,11936
d:aada8fc075254769bedd3e8196d471d1,11937
d:aadd495e5c4243b4b68ea7dceb461618,11938
d:aae11085a3cc423895af80d9ce20fa8d,11939
d:aaebb7b98d944b7681190dd497ea7fc5,11940
d:aaf3953f62f04a659efdb7ada24ac3d7,11941
d:aaf4f94de567482e8cdc86417179f729,11942
d:aaf6f6c518844773899e58687ba744ab,11943
d:aaf87d8f8f4c4448bcca8fd378109ed3,11944
d:aafd04314df741e79aa763eea980bb4c,11945
d:aafdbf7fc37749b0a173340afabb4071,11946
d:ab1209afc9e84ac1a36d7f56cd8a392e,11947
d:ab16c0fb14df4aa68ff4cf7123c4d8eb,11948
d:ab191b1f2e724f2e9c87967b9f275c68,11949
d:ab1f96fafa0b44d993dd65f6418701ef,11950
d:ab227f351eea4b59a6b1747bd9ff186e,11951
d:ab22e0a439e8435c977fc249e10fe385,11952
d:ab23d2b8cda54a218133e923ff42fc8d,11953
d:ab28869ff6a144138ce20c2207588e57,11954
d:ab2965e15a324459b1f2e2502e22644d,11955
d:ab2ef745ef2449f4b42c2d0341e94c28,11956
d:ab343d4af1494ed9a8b713f9477776d9,11957
d:ab36602a81494db0b6c7a151489cdc39,11958
d:ab3ad2c5107e482784f2b3f285efbe12,11959
d:ab400ad39ce749d0b3e366afa2c22920,11960
d:ab42442cad6f46a5a9471195d2118df0,11961
d:ab47b3255e274cafbac82ee2b48fe4c2,11962
d:ab58cb86f7814f50961d7be575a64657,11963
d:ab58efc6bad94bca868b8789658f7be4,11964
d:ab5b5985db8a44c9ba0dde0dfc509761,11965
d:ab5dec1c703d4deab7c975dba7f33182,11966
d:ab616893e07a479397e88a1a413a0315,11967
d:ab6686477f6c45039d44b3ba0a299956,11968
d:ab68f30408114c0c912655e1738eb733,11969
d:ab6b2beca3a74132856ec5af5152cb79,11970
d:ab6ecc141c684f3e92b607f161688361,11971
d:ab720005c6344f21a1bf76badcfe6688,11972
d:ab7b8a1d5ddd410e807c080c97806221,11973
d:ab822536cf6146f3b5c7b5d215630e4b,11974
d:ab8782e1b89f418b8b2ed9bab0c67799,11975
d:ab89423461ee483ebfb522e1ba6336e9,11976
d:ab9255f3376a446f854a9ca02342f738,11977
d:ab9d2029b1764a089b371c242594133e,11978
d:ab9d7e5eba3f44a2b2d53b4880b8bef4,11979
d:aba0e8874c3b4fb9b0849987a8e99453,11980
d:aba17aea98144c678dc453ba04c467a7,11981
d:aba42f7d4f90430d862c27b2b02489df,11982
d:aba660f5d9824de7ae72131680279853,11983
d:abab8e94ee5b4cdaa825d38ba0d24dc1,11984
d:abb6d022c86440d4ba1eea446c09c0fe,11985
d:abba0cb48f8f41c5a75bd03e527e6c6a,11986
d:abba798edbb74db995f04bc0399c5065,11987
d:abbf7bb477884170889a62a0a9622897,11988
d:abc16411460746a982dc97552d63a317,11989
d:abc34eaed56148bc8fa54a9e9daa4979,11990
d:abc42cb4e9d0491181a800a223174031,11991
d:abc71254c43e44089bddf181552dfd01,11992
d:abc7ac45780f4b3fb3590c508faa12c1,11993
d:abcaaaed23fb443f9264dcda904399d3,11994
d:abcc9f76ed614d518b8ee2ecdff49308,11995
d:abcd828d899e43809b2c3840742df322,11996
d:abce5e6d6215485ea5c315e261567faa,11997
d:abd1ad0f8876461896c26477543a4b2f,11998
d:abd2e708ad74496f9598e85118f511b0,11999
d:abd7d5d394a04abe9e74227a6e79db18,12000
d:abdb3d5760fd4d0c86dcf01fc37728dc,12001
d:abdb4940e5ca4130b8a106b429fab7d8,12002
d:abddd689289a4b008f19bf75649f0e71,12003
d:abed6083d0df47caa9a97c90ab231704,12004
d:abf1dfaf16c94aa1a2898351c6282baf,12005
d:abf9ce8e02c041f29d2dbc53ebbeeee0,12006
d:abfcd0e6c7ab4147bdba19588c34157a,12007
d:abfd6cd105d242dc9006a549d4f7318f,12008
d:abfdeb2220724f60a6d88906faa31d67,12009
d:ac008e962b4b448da17724be31c35046,12010
d:ac06bc15856b42518e5210a56af9e7b2,12011
d:ac0bd9994a534fc3b8dce1de08ff5301,12012
d:ac0e8abad57e4f72b1753f61193253fc,12013
d:ac10594c3a9641cd838ab3521ae0225f,12014
d:ac14abe80597401db45e41ced314bf1d,12015
d:ac1be3f49f8d4243bab3a6c69e12b624,12016
d:ac28245ab84147519980a2709241f9f0,12017
d:ac2973c8599d4d57a036799e650d5d92,12018
d:ac337d6a2bae4f29b6e83c9676725c9c,12019
d:ac3433f09e5d4ffab4d6001eb4031302,12020
d:ac3681f01c6340cd842d9c0da58a7c65,12021
d:ac36f16830d34233919dcad6b63a4a07,12022
d:ac376fd7f2764223b534ba9e6b2d5325,12023
d:ac385a5e73c24d7abe0b6cb5a6bb27e7,12024
d:ac3962de401f48de841578301413400d,12025
d:ac3ab01b1ec64d03b405dd0b488ab94e,12026
d:ac404e286b5946668cb7f62c20db9b1a,12027
d:ac4280093e2b46a6bb12cde2daf87ccd,12028
d:ac4485fff08d4bcc90957dd8e8522804,12029
d:ac45e3821b1449c0b94f5d42ce5e488a,12030
d:ac5dc4baf3f64a0683a26e7ecdfb4bd3,12031
d:ac5f665db2174e5f945e75f77aa4f63a,12032
d:ac63a87392ad44019fe6459305323d7c,12033
d:ac69cc86895e4cc0b5fa150644130e2f,12034
d:ac6a7e47b7074308bce9d76169d0c854,12035
d:ac6bfae2d62f4119a68c8177cf7441c0,12036
d:ac70e6a10a5b4ae4a610ae7ec2fb80c1,12037
d:ac73d4777a2847ba8dca96dd2b779d7a,12038
d:ac77b2fd79df485da33930c5d34337d1,12039
d:ac7eae9007cb4a18857732d071bbe676,12040
d:ac8097fbdb634471b1e8e5a2014b1ca0,12041
d:ac821d60ed674c51bf340217c44aaf8e,12042
d:ac8a1c95ee9e437aa61908928d3ff063,12043
d:ac8abdcec6be40f29e6e1efa91009b58,12044
d:ac8c3202a14349f6b4875f27a3ba3620,12045
d:ac8d630f27d7403fa4a64a29c3e47f31,12046
d:ac8ecf691e514b489e8c0cb9253b007a,12047
d:ac8ffbddcce344038105d547daa309c1,12048
d:ac97c6625b614dd5885558b4eaea87d5,12049
d:ac9b89411fb04762acd8b2064e8a7e2a,12050
d:ac9c289db3e44a698d20d2eca72b8ad5,12051
d:aca7061b3862468f8484dda3b1110735,12052
d:acaa860060104272b2676d6710ecfafd,12053
d:acaaebd5607f4f36a8d3ed21406168e2,12054
d:acad2660d8e34cd18a1348848de58576,12055
d:acadf34ecf5d456f8cc65dd4fcfd177d,12056
d:acaed1f711ed424884d48264b9104482,12057
d:acb27ee6b13842878bfa0c5daae864fe,12058
d:acb29752f18242b1b66f689f9ec6fb2c,12059
d:acb479c8abee4bee85f600ddd9b9739c,12060
d:acbe41a9d55344d1aecce3873badbe8a,12061
d:accc1cf7dab1470e8a649b7dc18cdab4,12062
d:accd0caf37754bd8a0591ffadb4778fb,12063
d:acce941c33ee4c05bc78e277fcc980ad,12064
d:accee2281f6d4df9968e7edaa355d008,12065
d:acd191439a6342049a23183ae7074169,12066
d:acd8a811a63d42aba4eee157044b193a,12067
d:acdfe96bf27141d9a76abb8bacce668e,12068
d:ace275ac636945d48c35c71991993ab6,12069
d:aceafbdfdd1347a08439226ba2c80065,12070
d:acf6520dddd6468c86fde5bc36d7e8df,12071
d:acf74396eea641439f29e1091e3dd6c8,12072
d:acfde070cbe94a45a30eabf13ebf02d0,12073
d:acfff535a5e5447c87df8fe82b1a5184,12074
d:ad019a1cd5f641d6b95f52ebfc72ca4b,12075
d:ad01ca9dabb94c4b939d5dbee509f827,12076
d:ad03eaa06d634bb59a07193d04db2b51,12077
d:ad10681696d24e09b8689af368d3ec2f,12078
d:ad10891db9844c9dade383d40d219af6,12079
d:ad1144a5aa364ed7a2225df0f4dfdcd8,12080
d:ad13227f584244b79a06eeb0a4f72b3b,12081
d:ad18150924954793807a2519b623d97c,12082
d:ad1f71a6bdd64bfd9e4d0766d19b5ef2,12083
d:ad2000429dc64e62bbed4f84d278d98f,12084
d:ad231d58d6b34f42bd3d9d911cc3a396,12085
d:ad355e51736d4628921cfe28a0592580,12086
d:ad362585699f437ebcbf59d6fbb5f54f,12087
d:ad36784695814a3290f8fe08976463b1,12088
d:ad409cf0f4e2488f8b3dc6dbf8369587,12089
d:ad494044d1b84235b036e084d17748dd,12090
d:ad4a1239a5e54f55bcdf503893891aa6,12091
d:ad4f5300bfe144a88573a75379896cf1,12092
d:ad4f7a02f8074d1ab36d9fdeaa6a978f,12093
d:ad50761060174cd0b96c0d49af5bc3a0,12094
d:ad5161ed1761492693993a79188fc0e2,12095
d:ad5e49d7b1764b30aad822de209e943d,12096
d:ad60a91dde6e484e8312961dbdfffe3c,12097
d:ad68d899588e4f5698ba70963433251c,12098
d:ad7024331c524c5291f922995ac6f838,12099
d:ad7577db280740f9a092ca8cf5ed7e50,12100
d:ad76b4fcfb0c4b108f710e4c9f95380a,12101
d:ad7969265ea0423eb4288f374b4523a6,12102
d:ad8067649bbc4e319da09c2661c5eae0,12103
d:ad842abc190148459eeb8bd8e41941e3,12104
d:ad902db91ca84f12a8dbb4f80cc9f3e3,12105
d:ad93c2a907d449b7aaa97099f91620c9,12106
d:ad97cfcf959b4a2290a627ff416c88fb,12107
d:ada341d59abb4121a041aa0936793b08,12108
d:ada6a37721d8437ea9db905013342b81,12109
d:ada86e029cab4fa582473a02af195874,12110
d:ada954559ff746aebad3f60feffdee71,12111
d:adad44147ea64151b2fa3e2469a44b45,12112
d:adadfd56b73d479fa7f84230669ca9f6,12113
d:adb86498092a4b37a3720b4df10daaed,12114
d:adbd262a869b4ec49210572e4a65ac8d,12115
d:adc86db5f84d41c7a10e285bc01cefd8,12116
d:adc97ecf61884598a62c4e36c54a01b7,12117
d:add85ccf30754c8fadf420766c79e733,12118
d:add8b5e164284b3dbf82b61fa8dc719e,12119
d:add8e6c8e56a4b8d964c41b025623a97,12120
d:adda4dc99f2f4d9a9438adc76f3dd4ef,12121
d:addd1d65f2bd4277b156273026736149,12122
d:adddc3ece4a44b9c84c3275d10d1230e,12123
d:addf1a9a4fd64bbc84a9f1e800e51a1b,12124
d:addf1b105e1a4fefb19321d1bdce657b,12125
d:addf2fdc5aa248adb5214301123661ac,12126
d:addfd98971a84b9391ad6238b21e3a72,12127
d:ade359358e50438b94d9dc38a3fcdd41,12128
d:ade7c78afa114f9685f9f1bb17e8f478,12129
d:ade8a0e307c94969910ecf139bd4ec5b,12130
d:adeae8d0bc9e4f48948411071cc90cd7,12131
d:adee8504aae3456595ea0a9407ced965,12132
d:adef9a3d2ec64d4884fd6ce8f72789c3,12133
d:adf33510e3ae4e119dae8e175196f764,12134
d:adf3aaedf3804ec5ab69f6038e4ebe81,12135
d:adf6298efe034986a116e86ba6fe9d42,12136
d:adf94197d48748879589852605b5dd48,12137
d:ae03cd3b83bc4cc6a269fb7f72d93e5b,12138
d:ae072456290a4d7e9aa551d2a6424f16,12139
d:ae07889972d5440f81ea56670edd4806,12140
d:ae0848ff204942b8932690eb436cef09,12141
d:ae0d6993eb9649f4a8a9ce61eedf5fa1,12142
d:ae0f016268bd476aa686e21087b55012,12143
d:ae1807e934aa4e1e9f037ae56f78fff1,12144
d:ae187d9395784e15a545ba70a6b25f17,12145
d:ae1a9d74afd3477fa0c6d26968ca59cb,12146
d:ae1a9f5d6a4246308e55b37461ec3506,12147
d:ae1d3dfc7056413cbf3b162e73920a34,12148
d:ae2a70a724ce42e0b2eacefa834c7304,12149
d:ae2b75f3ccd148a59e5d828d49fb5366,12150
d:ae2bc71aa80f46439abb855538d4ba52,12151
d:ae2bd48422ca43ba8aefac8b9ea43f89,12152
d:ae31592952e94e40a1a67625f6f3b269,12153
d:ae33d2da9ef4447f9ad71e24561a5d56,12154
d:ae34a66ae0b646fda295a6b5d7f2ab6f,12155
d:ae36e8d86c53420581e5f8cf56656f58,12156
d:ae3d4bd6d0dd4f868c1f7dc231d79f74,12157
d:ae3eb62aa13d44b9b808621102a11797,12158
d:ae44624e175b4fdbb095abfde7e74cc8,12159
d:ae458079dbde464bbb17d911f38a4c9f,12160
d:ae4919be9bb54377b7c7c771dfbaee60,12161
d:ae49a980dd404babb6c56bcdb8aa2fa9,12162
d:ae4c4727a36e42ec9ca63f4fe7555c79,12163
d:ae4fd01b7949410da45b09663090f454,12164
d:ae53012620544068aac2096b7ed39b67,12165
d:ae584511fee54dbd9c7a7f8bb13c3be7,12166
d:ae5c6cdbd650406aa6b20d9f81413ee3,12167
d:ae63a3d861344a339ab64bfdfb51baa7,12168
d:ae66235d51eb4eb19b7279f0ee8fb96c,12169
d:ae71de154a04413bb945caa96890bffa,12170
d:ae7997a097aa468a9379564b9cf55ffe,12171
d:ae83ef046e4c4ab2aa8bb06cb1226f82,12172
d:ae89409a16de441dbb1c51d2c96cc356,12173
d:ae894a9bfa304166a97c9d5d90bcc976,12174
d:ae8e42aff0be41f09769d1681a21417b,12175
d:ae94e20ff2314710b56e2700ebf99ac4,12176
d:ae9f3516924e4a5d92a2f8b0f85a8fb2,12177
d:aea0ccbf2cb44e9c8c3df3b465992b2a,12178
d:aea1cf6a739042eea356c49e9948d3e1,12179
d:aea41b2fce184c9db5a441ed61dbedf4,12180
d:aea88876ff794b47bdf47f9996a2e6ac,12181
d:aeb53986e96f42508d5a74c0767d5d21,12182
d:aeb5d4f13ff44d958e35c595c93d3231,12183
d:aeb6f509bbfe46d8b5dbc98fb751b275,12184
d:aeb919853aa74abeabf5fa1afa688612,12185
d:aebaf28e5b744b32be676d9245069889,12186
d:aebeae56f12d4c2bafe7f5d8937c9ec0,12187
d:aec2074befd94fd7a03d332f3d4c2be1,12188
d:aec809ce49a8488f8c5b3d6deb557798,12189
d:aec9197e0a6b484a893fc977e265c851,12190
d:aecce5fdbc974f15b4d56d503995b91d,12191
d:aecd6b940dc54ddd8115acfb7d8e133f,12192
d:aece246f98f24a8ea4a5854aa387cb69,12193
d:aed348fe7657482a8fa038ecd7980ea3,12194
d:aed35aa932234a27ae0ce917929d0ddb,12195
d:aed54ed280fb4ff691ada1170d1c55c8,12196
d:aed5dc2496e249a7bd8a4c6a5fd6633a,12197
d:aed75f6ad69d4649b067e258c10d3b2e,12198
d:aedb7a7f76724b9380e8ac428cafd156,12199
d:aee1599d636c49ffb727d4152d2cb6df,12200
d:aee5f45bd449495d89328f3aaf3b2073,12201
d:aee8eadb98d644fda37e011b53677b7b,12202
d:aeed325fff22437fa4f0e28fdfbfc317,12203
d:aef1f0ecb85b4015aca95a0ce1d10763,12204
d:aef839f4c9ae4ece848f21c63a8ff6e2,12205
d:aef87c879cfe4d408dc04b449f45c420,12206
d:aefa58e357e84db3ad122e279278c9d6,12207
d:aefb2f5cda664aea915333e8d059b595,12208
d:aefc2d7043c74aa6b374500b5780b267,12209
d:aefc4f9e319e4371a0e4d895394b4528,12210
d:aefdc3b97afe4644b367a3de103bb94a,12211
d:aefe7d572a934262975a928f2d72c70e,12212
d:af043a33e73e4f538985387731decd79,12213
d:af0fb3905c3f4f63af6006635cca32b1,12214
d:af14250f57514b2dae8bef20d63ad217,12215
d:af15c531b6324160ae9a3a16900911aa,12216
d:af19674ced0c433c917bbac4f50a0d44,12217
d:af1d734cf795404383ce2646db8a6375,12218
d:af208ee6730840e881680e7a6976cb94,12219
d:af223df1d45840cda21dc4de2e09d7ac,12220
d:af236b1d4f7d4c5ca3b8d83ed91ad39c,12221
d:af23a92a55644a9f9ddd7e50721bf8f2,12222
d:af23be72c52045d9ba28d1818a33ba01,12223
d:af24d26a1da34e92a65465b1f97e5cfc,12224
d:af263f18a0c04f5daaabaf08aeecc726,12225
d:af2779351f69485c9be1b0d8248f2d9c,12226
d:af3098a30cd941b4abce463950530bfc,12227
d:af327fd4682f4be087ddd0305137ed10,12228
d:af32f94bda3f4b538f91dee883e6c36b,12229
d:af38df99ed7e42ce83d0294877e7b096,12230
d:af3a47685cf44c8d9b7abca1325dfd3f,12231
d:af3bacb9f70942f8aa0cb3332f5cedf9,12232
d:af3e0dd10eb04e6aaf7ffcf04b9ff178,12233
d:af434c6945724b9dafa5468118137a4e,12234
d:af53d27f7bab4e3fbe0e266c3c354168,12235
d:af53d379cd184351af45eb127f739e0b,12236
d:af546e3fa2ff4a3ab0c46688b8c27778,12237
d:af5737c4dd3c4146b25668bca9801207,12238
d:af57ef3eb0414251b8985ab2b38ca548,12239
d:af5a169a8b3c4d1eb58f8dea5d8218fa,12240
d:af5c66ed2497476594136de89c51170d,12241
d:af5d087f7c844e14a35244ee4e583cc8,12242
d:af5d68fe98ab429580cf0cda116262ce,12243
d:af5d6e316e424dbf9b992314cc27622f,12244
d:af5fe29a97354ba1ab7f967923642a01,12245
d:af60159990d14f4d8ea2af692f24fbda,12246
d:af60ca6a9a1d401fb9b40a18579be6b8,12247
d:af61d5c7179e40ac87a75bb1f048c289,12248
d:af640b1e08784810a090b460f1e9db27,12249
d:af659623a2d44ae9baf4f7b8e7356b3e,12250
d:af6648f0bb72423fa175c0c31abb7ac7,12251
d:af685b27f1714d4284dea73815895b24,12252
d:af6bc039e5644cfe8956229153377d38,12253
d:af6bcf5bda2042e2a4bd42ae263de7ec,12254
d:af7037e6e4c84392b740139badb451f6,12255
d:af7605d3bb7f4509813b2557e38768b4,12256
d:af76b5580bfe4e7885a15e79a8bf4773,12257
d:af77c4fd06544afd93808f37ba0e2786,12258
d:af7879bacc914472ad371192833cbafa,12259
d:af8213ca877f46779b41cee9750d4e8f,12260
d:af87fcb28f424dd2901a69650f0ed723,12261
d:af8f231d2d4c487090d8ca15a9478f2b,12262
d:af90089765924946b8d526d3c7fb3bfb,12263
d:af9912e89b4d469c8cf004b30a61f35c,12264
d:af9e5de59ec44120bf4bec16aec66665,12265
d:af9f9276fabe4bcdb423bfae2538920b,12266
d:af9fa3e5a6cb4779b85354009421d771,12267
d:afa1f4d59f1441389ebaae68472d6593,12268
d:afa867b61bac4111b8827ff1682a8c4f,12269
d:afa8f7ff6e584384ba8e338dcb38e791,12270
d:afa8ff19bd044ac09e28654f08b1b78d,12271
d:afb3ae5df9fe40aaac2e3e6e39e52165,12272
d:afb5f2cf7c7d4466ba9ec8ef0220ab1e,12273
d:afb656e5f499460b97bbf7f84170dabf,12274
d:afbb33588cba415bb6ea518284b03b05,12275
d:afbbaac58bd14ac48ed3866faae2f522,12276
d:afbda099a42a4563ac6c1c01d15dd5a1,12277
d:afc59c38567b4c42bea1bdf38639fd27,12278
d:afcb120d358f4eacbf133e5e2218c79f,12279
d:afcfc6b432284e3493427403e3e81986,12280
d:afd0a700805045a2b42151abf2feb478,12281
d:afd8a129ec63494f83825d6e81e8eada,12282
d:afde92c7102a4fb4aad4f476bea5e4d6,12283
d:afdf1b88a77f42acaa4b97b648392b9a,12284
d:afdf471fcee949f99b15df0d8e04b0eb,12285
d:afdfad19f87348ae88233e32290b0814,12286
d:afe01d4066de4b8098afcd320f043d95,12287
d:afe192e06daf440e94ce45b8d972354f,12288
d:afe2638db872478490698c1c752ded3c,12289
d:afe65a8cb0f5407a8d48e898ecda8235,12290
d:afe66b8147b7468dac7c8212ccf29530,12291
d:afe6b6c3cbaa4cabb8399f95208e3299,12292
d:aff12ba43eef498aae7b7c767b2fffec,12293
d:aff1d14c179f40c9b3f1ed83508b9fc1,12294
d:aff4f314079348a1b2bb23fd3d276418,12295
d:aff54ca0a8e54866b14622800a70f7fe,12296
d:aff6372e7c0d4a23b1ef285ef9062aef,12297
d:affcc3beb5c84647add00d497fc5f4f6,12298
d:b0019dcaabcd4e7380f14f9edae4a042,12299
d:b00ba1299d7d485fbbfbf2ee992056b3,12300
d:b00de68649e84fa789640cd27d72e93e,12301
d:b00f081137264fd18bb145ba6070b3b8,12302
d:b010df69095a48b28ea67045e5eddeaa,12303
d:b01152b78e4642c6ab9257c008c3ef7d,12304
d:b016431e09df4f27bfa1158dceb54587,12305
d:b01eadbeef0d42ad9e6e982456c142c1,12306
d:b032da25e7bd40119b71c910d7aeed01,12307
d:b03bef41d95b48b9a694effa9e45b439,12308
d:b03de0f61c2d4117b7fce1722daf3ac3,12309
d:b040bc0842a54a17975f53a28731f471,12310
d:b040faad81a24b939d5dc6d8de9a6337,12311
d:b045027cdb1d4d0daf89e6e2fc286177,12312
d:b0481369f9c247e9a2c4e6ff71bc013a,12313
d:b056d2a5dc0f4c39bcb2e3619f181edb,12314
d:b059ac3f3e334bf89012bac8b4fa36c1,12315
d:b05fc9f02ac04dbaa4b7ae79df093580,12316
d:b069861c97cd4d168c5e9eb411ac94a2,12317
d:b070a295ef1a4067bdc945d0e6cae04c,12318
d:b07a7ebeba6a40c698a8cd4f960b3f4b,12319
d:b0837dcfbe0246369e4684e08e029a99,12320
d:b0880342307b437594dc32234902024a,12321
d:b08876b3d7574354b3b277a65479b36d,12322
d:b08ddfc1b3d84a0d8a2ce0a0274be121,12323
d:b08f97c9f7a543eaa060f5e5b04c8dcc,12324
d:b09424a4214e4ca4a0c142518537767b,12325
d:b098e6e368ad41a7b1e5ec00aa77d161,12326
d:b09acb3ceb5d424e8af8dc0c1cfc66ab,12327
d:b09b3bbb944143749ea03340d2c6fade,12328
d:b09b866fb4c3484e94a44bbe16f01b4c,12329
d:b09f83a32aee401bb83837478715ff87,12330
d:b0a10632e5764511bfac5f0cbfd65618,12331
d:b0a551168c514f378444b487bdd2c28f,12332
d:b0a8a08767a24a05aa3f9e6d940bbdca,12333
d:b0ac7bd58c2d459787bbbedc0b897033,12334
d:b0b05fe1c5304bc3b72f7e376878a242,12335
d:b0b16bed212347a7815ad51ac4c753c6,12336
d:b0b67d68295d4baa8610a01518014871,12337
d:b0b9e938ff0241838a4b0d89403b09c3,12338
d:b0bbbe3d350e4e32a1b5e795b798f541,12339
d:b0c33cb81c3244e6b9f61b9892014ed7,12340
d:b0c8b23e1fd6450395c060b97946d72b,12341
d:b0cb55b591b84fbfb7154b9209a91d94,12342
d:b0cfc1b2fefd4dafae764fda7725b1b2,12343
d:b0d09ec77b3b4e3cb625ff2444d32fed,12344
d:b0d1912c25164d2e94ff1cf5da420cea,12345
d:b0dac9686bf64bd9904482aae894e250,12346
d:b0dbcd758c474d4693b6fdb21f8f830c,12347
d:b0e02ae3cb41484890ebfad2381ab432,12348
d:b0e150797ae84368aee887d63fb00471,12349
d:b0e1805229b44c8a98f1651bc2b999b1,12350
d:b0e2cbda4dfc48e79d5fbd7ccf953081,12351
d:b0e3c042514044988889d57280899617,12352
d:b0e71924f24d48babda66a332ce4189a,12353
d:b0e7969d58224f5dbdeff3055ff96347,12354
d:b0e7db9fd80f4b3e86779139db1a020f,12355
d:b0e9f4c9463f4b6cbff4f58cdbd3ec6b,12356
d:b0f76af468884a6e8b3e3cf0f8c6e62b,12357
d:b0fd281af056419290b74b906f8c2efc,12358
d:b100b9efb9964b90b2dc95262071c108,12359
d:b10682fcfe5142ef8b457c45a36628e4,12360
d:b10e26971e994abeb5c7a6c5c9cc836e,12361
d:b116aad4be134de2b4d7bc94539b7275,12362
d:b11a82b091304636b90bfa14b9e82e32,12363
d:b1202ec5e44946889dd8d4099a2164b2,12364
d:b1243d7d788844d582f8b03ad9af2009,12365
d:b124b644068540f3b0efd99dbbfcf623,12366
d:b1256be3032e471ca0f5bf82b0873232,12367
d:b12927fba5a34eed92683ea8e3d8bc01,12368
d:b12a43e57ff94c1e997483a46f2ff3f9,12369
d:b12cf37656584aba9499fcd7653845e1,12370
d:b12e7e060bcb402db9857ec1f1ccb194,12371
d:b12fce4d9ce344c88d1b47b2b56f7599,12372
d:b132c464cdb441058fce4bc56a48ca1f,12373
d:b134f03cfd3146e8bcdf69537864b478,12374
d:b13fa6a573e84b2496fc3fea611eaadb,12375
d:b14350a085b34fe2a82b9b405267d960,12376
d:b143852e770944ab9ed6a7b8c90b5400,12377
d:b149310ee74e4137813279472139e5c6,12378
d:b1507b55b630403b87a83fbdc56cf022,12379
d:b151bfee7a824c1fa25043a3e4b9d698,12380
d:b15414f8f65f4e6f87f2db74f47cd1dc,12381
d:b154b7dc71df43e4bdc16a881227899a,12382
d:b155a5d4468a4ce8b6a3f142075c3b6e,12383
d:b157be7df0a647e5ae1a982073686e6e,12384
d:b15e11ad85a1470abbb63592f9d8dde4,12385
d:b163891caabe4027a5122126fcfe1b65,12386
d:b16479eecf09405480eb21756e899c14,12387
d:b16651c49ffc4da5adb5b0f873ea5998,12388
d:b16a2af597824fd0ad81a19a6fe047da,12389
d:b16e895a18174950a05de05e7715f31a,12390
d:b17689e772df4231ae4ff4a3eeb38712,12391
d:b176dfc498c5484cbf8bcce1ae0a7129,12392
d:b1834a6293e24891a9176379e4dda610,12393
d:b18fe5e802f34a8289a68a04bc490236,12394
d:b1931fb1b7bb412aa0284cf706824287,12395
d:b1957109968a4cedad53f64013c874d5,12396
d:b19707a0a73a46ddacb4e97d84bf9e60,12397
d:b197d5a6e5ab474ebe088e0862f5b4b1,12398
d:b19a17c482164971b0c8f3adfeb428cc,12399
d:b19ceef3483f4f7994e37e5fa991440f,12400
d:b19ed7d083304ba6b12d11082438ebf4,12401
d:b19f53f35a324a0da10137069b9f42b5,12402
d:b1a419633beb4e58869bac66a19f36be,12403
d:b1a7be50a0d74c16a95909850b5ae448,12404
d:b1af5f06559d42d7a83f7e39c286e58f,12405
d:b1b344864507491285a2f05307f99949,12406
d:b1bb3ec6d4a84e01b24f3c8a0b102a28,12407
d:b1bd0a59ba6e4f81babbb5b2520de9cd,12408
d:b1bd17085dee47bda8e689eeb89cd6d3,12409
d:b1be853f09384580a48cd1d795fc6708,12410
d:b1c36e973d3e446d97a01bcfe128a7f4,12411
d:b1c3bd1d7eeb485d94149b858ad1abee,12412
d:b1c9d8c9f2764874887f115f4bcbace2,12413
d:b1caa40f9b92495f9c4ced75141c2e18,12414
d:b1cb27574ee740eea54baa27a4ba2096,12415
d:b1cc3e1eaff84da99081e21dde94e262,12416
d:b1cc64613cf64839a57aaf032909e4bf,12417
d:b1d223b3109d4461b6d3a79d3c1cb8a1,12418
d:b1d3457e80ea40e790fd2f2102bc6bc5,12419
d:b1d49a177b824c0b820dc469509d2924,12420
d:b1da9d5ecbfb48c59aa89dbb92ae9f03,12421
d:b1e6541b6e774fd5ad623f1be359f3bf,12422
d:b1ea02c5166c4e7eb6d3632429bcb02b,12423
d:b1ee217f305147dfb5c1ae1fcb71f771,12424
d:b1ee93e6aa9c46dc85f171c7221c63d4,12425
d:b1ef0895655748a29c723501c436f64c,12426
d:b1f5a02e2086442296fa0d46aeb54713,12427
d:b1f5e45567c447cbb67872500d0d4bef,12428
d:b20717a987084b47b73f0764315010dc,12429
d:b20c3780d1654e4e98d1704601d2954a,12430
d:b20cd2ce90794f5da8867ab157ccfa68,12431
d:b20f5466886043a581800ca6d28ad244,12432
d:b2121230e310419b90ff78c760d0e704,12433
d:b2178454132b4b19ae74dd6dd0c06fd6,12434
d:b21916a8bb4f4330af9098964d579d19,12435
d:b21a6de7bc414fc6a8d5f3ce9da0267b,12436
d:b21fb1e9acb04bc69653f92f423357d2,12437
d:b21fc02fa09640108a7cc3be545b8369,12438
d:b21fffa094d8475099641b9893ddb529,12439
d:b227ca148f1c4bbfa6788da65d783511,12440
d:b2285353173d4178af415b68ffb6114c,12441
d:b234cbef2831449b94976755eecf4b23,12442
d:b239ea34ea1a427ebcd6219f5121116b,12443
d:b24099f706644f15bbfc6a9cd46518c0,12444
d:b241b4c40a02464c8eda15ad6d9501db,12445
d:b2426fb9ada44f3a83a7ea911bc80a9f,12446
d:b249592b4b514208a6e1171d79ef81c8,12447
d:b24af6bd6d41495c9618ac6eb7d3f21d,12448
d:b24e5a4edc1c42f68e4d8f66b7fc5ddc,12449
d:b25bec677fdc41559df6ecb9e3b4febd,12450
d:b2659c7d69454dcc99ec1a05f8f9a534,12451
d:b26608d0622a43f9b982ee55877142f9,12452
d:b269cdcb56a046449ba2c135060a778b,12453
d:b270a78e46954194b2e9600cc6fe1d0b,12454
d:b27819d356734a6b9cd46fdf56e82f37,12455
d:b27c8067d6ef44dba412e5a1a3c77a89,12456
d:b27d658c57a24a818ff295a130d99b5b,12457
d:b28108abb16d46938733a0f7b0ff5561,12458
d:b29562efecee4ea488e4f9c01592a4d8,12459
d:b295faf9db474d11995e2b7c8c74462b,12460
d:b29ade7d046545958aae4ae795342b1f,12461
d:b29eda1b584d454695be5a833fead9cc,12462
d:b2a6a38dbac24d088a2cd5b67e098075,12463
d:b2ad07a4f6b34cf69c76ea22aab2352c,12464
d:b2b06c99db9c4c99b13c67ef7f59b9c7,12465
d:b2b33933bc0542529bcdc08bc2e7d5b4,12466
d:b2bd32e8f5fa42bdbdf45569e692e326,12467
d:b2c1a5a9cfb0414ca20818d427972a8c,12468
d:b2d383c903654980adff502986ae6c0e,12469
d:b2d48fb15ebc42728d1cfc1430c41783,12470
d:b2da207e481d46af84d6a9d720d85d10,12471
d:b2db1344226c403f9a8a335a7749eb9f,12472
d:b2e1e5e008584454a93bd7c94d3b9f8f,12473
d:b2e201d9183c4a1b87174ede1eeb72e5,12474
d:b2e25d6be31b46fb8230808af2c02bf3,12475
d:b2e56aef507d4fa686865cae6eaf79d3,12476
d:b2e99c07df224bff95f0e6c8b366139d,12477
d:b2ebc58a214044b9a6ade5ea155beb36,12478
d:b2ec69c47f69487e8750f96bd65ba5b2,12479
d:b2f290c732e546b38542ab7ced206835,12480
d:b2f9ec1c89b049d095e389e5e8a4dda1,12481
d:b30512a011b348c58dd1a45bc43548e8,12482
d:b3075d48c9dc4c55a46ff5d5a9482b4b,12483
d:b307c64280874f97814c712bf52357fa,12484
d:b307fb12835e4c638159cb9f8cefaab1,12485
d:b30f09fd4d3a48d39122ba08d92894b1,12486
d:b310807a019746f09fec78511eb2f21b,12487
d:b3187220684c4a75b2764c8a59aa0200,12488
d:b319ce8c5487413bb0814bf9d8334940,12489
d:b31cc5f070134dfa8256a6ef3399dac4,12490
d:b321656c51ff4e0c9ef1eeea2aead1ed,12491
d:b322e638ce924a49ac339543622d0cfb,12492
d:b3233c77e24147cebf42ebcb4cbc87b5,12493
d:b326c9e03bec4bb191c976b0aaec1845,12494
d:b32eecd3a0214c91b357f16ec042f411,12495
d:b33582de324d4f7ba1e6e3df423a12fd,12496
d:b3369047f20a4a5388658beced8b319b,12497
d:b339d53e7528411582efc678384d0947,12498
d:b33a93f858864af09dfbf3aa4ffc6b88,12499
d:b33b1c98c4204483ae6df69bdf17dc8b,12500
d:b341a776f01c4fa0b425463cbeaf780f,12501
d:b342848ec9ca47c39362c145093db3da,12502
d:b34545dc2cfd4ee386ed5f67562010cc,12503
d:b3464263dc2f4cc88c40548c870d2ba6,12504
d:b34887f287c44877b01ad3479d0ab207,12505
d:b350284a69984ee3ba7f250e2478b402,12506
d:b3527cc172bd46c8acb1ce091a41ce35,12507
d:b355c5fbd1e64a9bbf94eee328b8238d,12508
d:b357367328b747229e51437ec8608369,12509
d:b35cd56ebc3e477d82f40fb2cd885595,12510
d:b367fd72baa94a9eaefe3ecdc509d822,12511
d:b36ce2dbfedf400893967f2337971a63,12512
d:b36e626e221f494e98199747c3e785df,12513
d:b370f4e83cf34d05ac0adf92e7fdc31d,12514
d:b372a7f2ecf44aeb90d93620f8361b77,12515
d:b3736ab77c5b468392b6fe91da19807b,12516
d:b37522eedfee4275b088746c26bdf9de,12517
d:b380cf7887784d11a40be7d8bded3b1a,12518
d:b381f89c1a234c30bae06ca2d41607fc,12519
d:b382b8588a724c86a8e3620e70f64ebb,12520
d:b385d564e1d0474eb36703893b230849,12521
d:b388cf069e55415f811f7a1746f1f86a,12522
d:b394aa96a66a4130a03acc7c4cc1e558,12523
d:b397bbd734e7486e8ca783b856c9c575,12524
d:b39b49ea92aa4212a4305380e911a269,12525
d:b39bc24dead04d25ae818f4eabb8e51a,12526
d:b39c66250d4147eb8d76da46ec8c1989,12527
d:b39fc1988e2e4cdeb6722429fed4e6ec,12528
d:b39fcb1b628c44cbbb61c411c7c6c598,12529
d:b3a0d2439c604609a215ca326b570bdd,12530
d:b3a2e217307649ab8833a068a267ad6f,12531
d:b3a9b1b0b8bf4f6794329a06d69d0876,12532
d:b3aaaa76dbab43bfa919c3e2ec6364fa,12533
d:b3abeb32e5bd4c13bd6fefa5ac886c34,12534
d:b3b284a14982416f9b61efccb1e7ec51,12535
d:b3b64801f1fd41839afff57fd2500e80,12536
d:b3b67aa350904cdc873bb1a646d60cf6,12537
d:b3c6877e1979433d9be91894b0ccfba2,12538
d:b3c95e83c9b54200a384f5423ff9f6e6,12539
d:b3ca373e89f1405f8f40990a5737fa6f,12540
d:b3ce49cbff52417d98b619ade80bf0c0,12541
d:b3d9fc1833c84f64bd76666a0c89fc99,12542
d:b3ddbcfd9b874db28673de052be98086,12543
d:b3de2493787d42588160dedd6d8d0cd1,12544
d:b3e45ba0096a4e3f89fca1258b235622,12545
d:b3f3eee48905406e8b843342659b2103,12546
d:b3f87699c13f4acfa64d6e2b8c33152f,12547
d:b3fc8f0d496449de9ae222d6fb956beb,12548
d:b4082ef651e14282baafec8deb079ea4,12549
d:b40858b29e4e4a619b2671f29b856549,12550
d:b41c18a91c2b4ed4afb4cc579006bcee,12551
d:b41d2ed2d6ae45669baba5fa807cba2f,12552
d:b41e932ce2f24c3b96b574a648cf93ac,12553
d:b422cd96171d46d1afb38f682202d64a,12554
d:b425db42beef4c3891eb555bba3f033a,12555
d:b42642015af94d189a439df3b28a7a73,12556
d:b42824a800e64e47bea83944474d0203,12557
d:b42b35b611cf4704b6e366e08d7a856d,12558
d:b43640fa16b1418da5c99b4e158835ab,12559
d:b43b6e6e9376489aab82201869e24dfe,12560
d:b43df431a6e44a4eb6babfce87514488,12561
d:b43f20ea0ef949448681f7d1b99d7c02,12562
d:b440ae67b83347758e4082d0ccb2082e,12563
d:b444080ab35248e8bd4e8274b2b755c7,12564
d:b4484e18940742229a5d8fd79a6c4141,12565
d:b44fb254735c4b10bfd5acaac0179533,12566
d:b44fd61a45874475bcccb250e16ad000,12567
d:b4519ac2bb504359b0e2ef6b22845e8a,12568
d:b4554c10a1a344628f51aed3145f18ef,12569
d:b4583879c1884653a27ec2cd53148205,12570
d:b458f2de529a443e9295268b0cf4c0e7,12571
d:b4591f8268b840fbbe19267f5ec9a197,12572
d:b45a17bd267a4111a8f6cf128ffe923b,12573
d:b45b1b1beb9e4ec4962317efb812b099,12574
d:b45f6cc72a0c4c9aab53ac564134cdb5,12575
d:b464a30f2a264d9aa580ece837221d9a,12576
d:b46974f9b17846b58b3fb5dec9b61f31,12577
d:b469bbdffae54b91b7b9f9e01c8a2c17,12578
d:b46fab38a52c4edfb7cc783112c489d9,12579
d:b4720d75b7b84a74ae4a653464dca889,12580
d:b472798f58d64f9b826e796ce0896e74,12581
d:b4768f2a4d1244dbb86b7e32b9a5765a,12582
d:b47b4725fa374892a624d820466eb2e3,12583
d:b47be0028978417883dede14d8d98054,12584
d:b47ce88c3b8f43958bb2453108d9fdea,12585
d:b481e91209e94d78b54e364436443225,12586
d:b48757824c9d4dc1a2ea02fca53210b9,12587
d:b48c7488f20f497c9b08c1617b6f4d9c,12588
d:b48c783946b5405193f5e12c134caa59,12589
d:b49337cf42694c0e94241d807fdcb597,12590
d:b495037a1b3249c7bb734ddf1d5eeae7,12591
d:b49c462eb7db4caea7020a44d04fe768,12592
d:b4a67aa2e3f6405fb0e244528cb6931b,12593
d:b4aa2bd93d5b46dd81fd8d9557d3d862,12594
d:b4b2761d342d4dac91b549025f4a422a,12595
d:b4b4e212992e43fa8332490ff5ed5bad,12596
d:b4b8c46c6bb84f23ab0b2629caf6873d,12597
d:b4bb90b702dc4c529454b4fc41bd6588,12598
d:b4be2552e49c40a080bb7aa5e6e350c0,12599
d:b4c1e579e14b4aca82d1a587fa930012,12600
d:b4ce50c95d0c4a7d80d731bcd14b63d4,12601
d:b4cf2c7cab7d4162b5b940f8fd13c645,12602
d:b4d4abc9a77940eebb92f2dc9a410ded,12603
d:b4dcc6288a0640339f52db7be06eefc7,12604
d:b4dd05c5d5cb46e7b0916a73aa73b3c1,12605
d:b4ded2c6ac9a4cfdb8eeac8c8f01a96b,12606
d:b4dee4b2c75c4cc58ca2144d0e2cba4e,12607
d:b4e3b9d1571a4f81911aad684e0cfb1b,12608
d:b4e4846391fb42189d0ed8941fe7f185,12609
d:b4e7314d28e84029a90326e3df5c475c,12610
d:b4e987a5657c426ea01bac2135a991ee,12611
d:b4e9e8d1c36947358cac5475372d85de,12612
d:b4ecef88d90f4ee5ad81a9a1d4afe6eb,12613
d:b4ef6666e8f24f5a8f1abb7302c9bb3b,12614
d:b4f00b83fc764a10bf5ef4397587a1a7,12615
d:b4f2c0aa14504337a2fbc9ce71b00e05,12616
d:b4f33e559b3945d9ad758d17b48ecd81,12617
d:b4fd367e7768483fa27e2f8bd787569a,12618
d:b500386d0ed44feba7e0239b05e0a2e9,12619
d:b5016e643a634f199682ec8e84cda963,12620
d:b50687761d8f4ff19575875738a84361,12621
d:b50886381e8142aa96a07874bed5132f,12622
d:b50bdb4b07f44d13b8f89444e2b36813,12623
d:b50ef97fa504477eb77ae7a02e2f6688,12624
d:b512ac8caccc49148251d44fd915492f,12625
d:b5135d95216a4f80b7ef0ffb2f39d120,12626
d:b515e9e80b7547fab50544a5fd99c2a4,12627
d:b5183c9e791c4f239f5a7340f7d2b0cc,12628
d:b51a72f737994104a4645757504bd68a,12629
d:b51c4cca30c74df8abc85c703e62c27c,12630
d:b51e3e702be641fb9112ebbe41addebc,12631
d:b520b2c252984f14b82f3330960950cc,12632
d:b529cb5d9cb047c488a8531ab7811bc1,12633
d:b52b8dd1c993427bbaa7cabe9495e1a6,12634
d:b52cda9b8cc041b7ad1c233f4ae8bea7,12635
d:b52ee919b6a7480683d78c7e62780de2,12636
d:b531909b79be45dc96cbf4d59172ef45,12637
d:b5335f9c15814a27980d2a69c093b336,12638
d:b536640956904a08a94c503b0c3739a0,12639
d:b536aaaaf63b4a23af4ba74c66c519af,12640
d:b53bde699e4447e2b442096f5806f0e6,12641
d:b53c4d8700034c91b6f969d9c95f177a,12642
d:b53c90b96b174443ab6b7869594c40b8,12643
d:b53df228e9ff481a84cb4a6e539f22d9,12644
d:b5406f6ae8bd4c63b7c389a315766128,12645
d:b540849610e8483e898701af5a0b58db,12646
d:b541ac06d26a4a08b884fd2ea5a76430,12647
d:b547ca217ae24eaab6ca85aae4b0b585,12648
d:b54c527e73fc4b17886e32184a48d5a3,12649
d:b54e5461b1a14637aa378d5e08a1c64d,12650
d:b554768e7a2d445da0969d0248fe395c,12651
d:b5565a1b740647c18c29767b16a5b5d7,12652
d:b55d203dc433461f9df7d519f28ba221,12653
d:b561e1804f694cc6a765d8acfc9e9388,12654
d:b564999bc3014c7e9ad51d40833cae14,12655
d:b565b9f8f8914e0ba568df3701f54fa9,12656
d:b567d71d9353434e80d0227d432bb8bf,12657
d:b567dcaa354d4b248cea8033486d9914,12658
d:b568c256e27e4076a56b0366b8513163,12659
d:b568d1302bc94acba6446a24877d859c,12660
d:b56e0ac4491e4d4dbdf7ac5575f3c046,12661
d:b572bf73eeb84a02a6ae7ab7070b05c2,12662
d:b57425068cba4ee8b1ff83bb482e4cdf,12663
d:b574d550e4b348749257f5a4017c3c4a,12664
d:b57813e17a5048e9a3fe3d6e2874f9bd,12665
d:b5796be8f30b4c89b637077dc9eec709,12666
d:b57b1ea8b08147f4b0442a43221887aa,12667
d:b580bd6099ba4d6d8d4242d593654b4b,12668
d:b582821f0e0d47709ff3ef96f7e1057a,12669
d:b58542e784be4ee384928cd1525157e0,12670
d:b5854d5a2fc0481c84bf9459e2980469,12671
d:b587f967c4844d6fb036c1b806635883,12672
d:b58b216ae2434bec80a97f4f3c347fde,12673
d:b58e599c650c4a738b76fa7a29564d31,12674
d:b59a83dd660c497a81cbaf093396a173,12675
d:b59b6ea953a04d00ad09537528a25a8f,12676
d:b5abecab16e94dfcacbc2abded38ee57,12677
d:b5ace3b991304203bec4a9bc83db74f4,12678
d:b5adbb6ef8464000ad1d10c897e446c1,12679
d:b5b18358c908451e845ae08902117267,12680
d:b5b2bc1b21034203ad18b74ba8a3df5e,12681
d:b5b35dc766484df9bc8089c0d0acb6fc,12682
d:b5b53843d20244e9a5188af7d35a1ebe,12683
d:b5baf62ad7374aab80b590ae7ebd8f16,12684
d:b5bd15c79fbd4668a85b88b81da55073,12685
d:b5bdce7e5044461789e23c7994931d49,12686
d:b5c7a4a02b984009b24cd7a6a783fead,12687
d:b5c7b51dbb3e414284090e2270723706,12688
d:b5daac70007d4f61888d6b7c3ebe1b32,12689
d:b5e0af5309294ca7823a661fa593d8e3,12690
d:b5e12519360a466b9cc46595f210220b,12691
d:b5e64640a38e4836a441d1a065de309b,12692
d:b5ea4da637044773952cde885f13b9d5,12693
d:b5ef403cf9034c318c29ffa966f05ad1,12694
d:b5f55e7f092241f8a0dcfc49de0c6297,12695
d:b5fad139e976494d96d31cf3a3f52c6e,12696
d:b605492d629c4726882fd0c14f237032,12697
d:b6095c9c03b640c098d812c2fbad6aab,12698
d:b61024f230c64cef84a7c2d10da9e757,12699
d:b611a4d3ce0a4c37961f90afab13936e,12700
d:b61380df6fec4561bbde4c04e0130bc3,12701
d:b61a538c14db4ab49e622ceb75f4b0ee,12702
d:b61b7326f6c046f58e681cf14aaba2ca,12703
d:b61ce3ec330f434998aa92990e2be844,12704
d:b6202c43ed6c4bcfae08ff58f57ad0d2,12705
d:b6205eb0eb114d31b689e04c12be77c3,12706
d:b6289c8cb8da4c9f8a7ad29956055f0f,12707
d:b629731ba4ee4de4869a0bc9807b0dfc,12708
d:b62ce30734724e1cbed93fed649a850f,12709
d:b63834f82d8847a79153a1ba42a09660,12710
d:b6393a3935dc42879e4affce37da09e7,12711
d:b63d84bf7d704ab0a071417206c61567,12712
d:b63e309b48c24639882a2c7ae71d861e,12713
d:b64601cb365c4de2af77a0b493679405,12714
d:b64c65467d4d4fa38c2c5f7e1875f3f3,12715
d:b64e595c74204c628f26e5cfaf12dc9d,12716
d:b6532fd7304441a6a57502dbbd895800,12717
d:b6563d3823f342d0920087797710c7be,12718
d:b65d60b1a70442238dbf0a35f6792c52,12719
d:b66086fdbb364993af3e38aec59fbe53,12720
d:b664694c53c34f8f9e25c94a3bf0fb95,12721
d:b66665e78342456c9b76946b40dfed48,12722
d:b6674c87c97642fba088df00400eb6ec,12723
d:b667a8e2651e483780fcf71078df09c7,12724
d:b6689394169a472786d2c9e3e5787043,12725
d:b66b2b96a3a344e99a40f1df927c6bf1,12726
d:b66b4ef29c814e14bf2fa7f671f1ad5c,12727
d:b66ca377c92e4beaa6ad70f7f2dcdce5,12728
d:b671c135e8bf4b15ba1fb57d1872132d,12729
d:b67240307fbf43d48fdadac99bddaca8,12730
d:b6845ecea275468b9453538c31d63e29,12731
d:b688546cbc8444dfa196d9c61f13b62b,12732
d:b692c4b3b78942fc89512734db906d14,12733
d:b6979dacfe174c5589bdddb5311035f7,12734
d:b69b56178677420e9549df3ca6fcf867,12735
d:b69bed8043714ffda701059ecc436013,12736
d:b69d4999e41b453a909bc3f7cf92eac6,12737
d:b6a588d835aa42098a96a0fbab6e4918,12738
d:b6a73a4af91e462290a8af8d4d14e4a8,12739
d:b6af2852b5534e4083a6600bc10dc2f6,12740
d:b6af47ac8ec34e699c4d0ec65a0e925c,12741
d:b6b524281bf3439e9a0666f512a6ddfa,12742
d:b6b77aba8f634b1691bf3a9cd474bf83,12743
d:b6bb447911ff41bda36448982b0eb9e5,12744
d:b6c199c82bfe4a4da836b647a2d264ff,12745
d:b6c4e05f34d24dcfb0fdbde41ef2caae,12746
d:b6c7036996054676bbb986bea2b7b6a4,12747
d:b6cb6838dae84c308c8a6b225cf32f0a,12748
d:b6cea7be433c473995c1ba0a7c461a60,12749
d:b6d5aa09016849d8bd30c686561701a6,12750
d:b6d6007a824a4fcb900cf1c0ce91c3ca,12751
d:b6db94dc22f5429fb7bcb18307e4a7ad,12752
d:b6e0897d34fb44cca9ea4da7c6ff35c5,12753
d:b6ea60f058334203973341be4565ffc1,12754
d:b6ecaa2c78884a128232caf5105c4c4e,12755
d:b6f4c773431941f3ab2b724009baba25,12756
d:b6f5371f87ac438e9328b735f319f7bb,12757
d:b6f5bfaf1de3444c82bb37030a9296a5,12758
d:b6f96e68e1df4d79835588ede536695f,12759
d:b6fe9ecea6dc4834912f2419cdefde92,12760
d:b707452026414479afc1ea37ab41f390,12761
d:b70ec43231254c87ab808cd6127e534f,12762
d:b71b23f1549040f1b814370630fd5011,12763
d:b71f1199bc7a4d28a173ae79a4a96533,12764
d:b721f0a406144b478629192c6dd37663,12765
d:b722087055784e51aa727a0637821ea5,12766
d:b72310b924bf4c20a7eb795087f71827,12767
d:b732795874b546199a4f1b0c8406f822,12768
d:b7338e5359bf411aa9910415b99f963d,12769
d:b73654ea758b42249500bc9899e0ee4c,12770
d:b7377f5878b84b01add26b95f6d38489,12771
d:b737b9b297f941caab32aa222406264f,12772
d:b7386b61e928430f9a62f12d46f99999,12773
d:b738c0c2c6b74b95aa273133a419e412,12774
d:b73ba1ded2db46eeb74db5b46df04830,12775
d:b73d091225774ab29cfb263068137bdb,12776
d:b7403b53690740d2a32932f44df4ec74,12777
d:b749dd7449564bc7bb802f63484fbc46,12778
d:b74a6f11dc3544aa89bc338129a92a1d,12779
d:b74b4f8173864bbaba399f4365272922,12780
d:b74f2b70c0de476ab569b678eee357cc,12781
d:b751b7691f8d4421804fa20729b5386d,12782
d:b75d3e90918449daa6b9e494312abcd9,12783
d:b75dcd3becdc44a583c95e8d66903232,12784
d:b76081c61e194ed69d5b7ae67d28d739,12785
d:b762e5b8ba3449b4aab42c46b8385f8c,12786
d:b766bd10f44046dd9d1da8f9630c0075,12787
d:b7741037c4174fc0be968ffa9e12fc56,12788
d:b7776e60d3694c7086696881ecab93f1,12789
d:b77d87af946f4861ae803ac6f564d9a2,12790
d:b77f57c9bc804d4d8663358a35fbc298,12791
d:b787b09897a942d6ba94fea62424d8ca,12792
d:b78d88cfd97e46ea8afa7acb6dc93ed1,12793
d:b78e8e8719664836903ae9a4f979873a,12794
d:b79d688d4cfa417eb994db10ade4779f,12795
d:b79dc1083b1a4b4887dbe5ce16e17455,12796
d:b79e5a7832b74a078ce944e790b19fef,12797
d:b79f2f923e704a39990c6a384bdf27c6,12798
d:b7a11d728f02421ca7b84bbf4b147640,12799
d:b7a3ea9d35ad4436ad56df9cf6986d30,12800
d:b7a64609fb9a43b7b42de21b897e7f03,12801
d:b7a91766e31b48ca8452ae51445565e2,12802
d:b7ae35ceac77471cb29f93ba6f3b1867,12803
d:b7b423b9541245b486db35afb91eed05,12804
d:b7b9b460fe9d468f83defbc26a4b6f81,12805
d:b7bb8158db984f3ba1956ecaa784d8b9,12806
d:b7bf396bd5bd47c9a18af3ae67897201,12807
d:b7bf765e3c2042e18e7059be925eb791,12808
d:b7c3c5330c2841f2bcd4823f3f56901d,12809
d:b7c4d134fe6949b2bead5f094846f49e,12810
d:b7c5f1137a1f4c16bef420f7f33c3bea,12811
d:b7c78f88b136489ab1bbe21d7007c226,12812
d:b7cbe1e52ddf4df3aa82f45e8c80e20a,12813
d:b7d1e2c2f839491fad7e73834f8b2d5c,12814
d:b7d29babfce24b10bb45e550e88cb3a1,12815
d:b7d7701642944d54867c44d5de2267fb,12816
d:b7db4f9424ed4423b7a19d8d408d094f,12817
d:b7e293c1c1dd4918a53c2f2fa145cf83,12818
d:b7e585435b664e7cb1aa196250161fbb,12819
d:b7e883282bed4c8c82b013163990d53d,12820
d:b7f63df992d84f39bc2e17301d5ec39f,12821
d:b7fb71241d804425845c2062ab955f1c,12822
d:b7ff47bbe4ef4a8883cc3468bf7c207d,12823
d:b800ce19c9bd4388bc0493f8ce846454,12824
d:b801f7e6bdc341caa815d4c70b12cb7e,12825
d:b80210592f7c44c3a679a0500fa2a27d,12826
d:b804b4fd407b4ae09adc51cda464e360,12827
d:b804c4530acf47a796bd0e27cb555887,12828
d:b805ec336efb4752a46766f1493e6736,12829
d:b80c2ae47caa4f768e41da24b9eecc21,12830
d:b80c68c8aa2948b4919c3065b3b7800c,12831
d:b8142ddcfaa04876823c4a09fd2cfedb,12832
d:b815f3bf899c426598222d8f3b8b25fa,12833
d:b8172cc040c14d0abfeb0110b8865c9d,12834
d:b817bc5c5ec5457c9add71529f769dc1,12835
d:b81e82410cc2443eb6f6b18b8cc05820,12836
d:b81ed15fa8b147f78133de304ffddc73,12837
d:b81faad9d5054c2a920db83f4798f7c0,12838
d:b820e4aa212d4bf88e91698b1ba8b6ae,12839
d:b821808540394c6d94ab9647a4c4142e,12840
d:b8219798caa241328f28165d04d1d467,12841
d:b824e4efd5d64b5db5418cf87019030b,12842
d:b829c71aaafb4451b1bff97836ce1c06,12843
d:b833ace521474366b6796e7339961021,12844
d:b836020079e6473da826e05d02226525,12845
d:b8376af533474237a3ad3f4b5afd15df,12846
d:b83e9fa04ad74000af2ac8945114eac8,12847
d:b84360adc9fa4979be7d51f77abc0669,12848
d:b846d7040b9d4ae590438a1e2c73ba9f,12849
d:b84c17e9c8d8472789ac27158fdeb466,12850
d:b84cdf81b6114ac7ba55d3175e909cc8,12851
d:b84d4058f00f432c8f5ae7dca4f3fcb0,12852
d:b863b439956e455a9e77966d1e162f72,12853
d:b86405046052493082a122622c27d86a,12854
d:b8644cd523364cf4a860328d7eab6153,12855
d:b86605557eed48c688298a6577e0a9a6,12856
d:b867e6dde4d640979844afaf50a55ad7,12857
d:b870c7734efa4352970601dc86ec9d68,12858
d:b8714e141a2d42a1a53c241028c5b26a,12859
d:b873b7d49bf4453ca7e82ee4c1f0cfbc,12860
d:b878e4b170fc423ab6395581a701c735,12861
d:b87b9b1fee9c477e98e3b030ca6d7373,12862
d:b8806f5fbd144ac6af4089aede6b3f3e,12863
d:b8827e9fb9eb46ae97bcec1e0314d640,12864
d:b889f66b43a940ce80b0337add40f0a9,12865
d:b88e6fde50f945f5868827a1194df1b4,12866
d:b88eb516d808459bbb5a229a2b3a1947,12867
d:b88f62cf9aea4184a4106719cd2e307c,12868
d:b893b45098184a6099262cd03b115cb1,12869
d:b8944cd954f7436da36c99571848684b,12870
d:b89e37595fd64c2c9bf581182c4d4541,12871
d:b8a33581400345da807fc8ec6a50646e,12872
d:b8a45274675e424b8eb56e263321f675,12873
d:b8a4a1f2d363417ea2b234271491b8f4,12874
d:b8a4da279e714497bfbbc43f6c3bae8d,12875
d:b8a992f43bfb4dad92159e350c4780e8,12876
d:b8ab7e0480534918b539cba93e41c7b5,12877
d:b8b2883a21114f9bb2b6c935f4b2b477,12878
d:b8b7ce31b943476aa5c54b97c81e3823,12879
d:b8b7d092e5074db8a3053c983418d5f4,12880
d:b8b988a5b656451288f1963b9f3aea7d,12881
d:b8ba1deeb07b4b18bcad3f8b57272f9c,12882
d:b8baa82092904816bb34c1ee0d4c895d,12883
d:b8be72c20b524eec85f4f303e60585cf,12884
d:b8c602468b1b48c6b85a69bd9d4ae8d0,12885
d:b8c69f6b263041c1aa8c8e562913ed4c,12886
d:b8ca1e9c52364c88ae99f8d2c6f74deb,12887
d:b8cd47bae0c14550b84a68d6a17a80c4,12888
d:b8cdb8498a2a44a4b873d4e9bd905686,12889
d:b8d0f27750e442c5b2879d8623e6704f,12890
d:b8d18e118c424fe79a680ff2f144a56d,12891
d:b8d26d1f453c42e8861285a985ef657d,12892
d:b8d8fd18867a4c1493ccaa50d813aae9,12893
d:b8d94f10392d41ff92c51ea713127984,12894
d:b8dd2b93bc3745bd8f8ebe53dbb58324,12895
d:b8e1a895b6d641598bb354c8be4fae3f,12896
d:b8e2b293d9a64b92b7ecf16a20a9ae66,12897
d:b8e38a346bad4a8a9ad3554a5baa7096,12898
d:b8e5caf8b5724602902b8e1f94cb4434,12899
d:b8e722f24631453a9354e5b75c5f3d73,12900
d:b8eb3410a4f84318936ada3883c793fb,12901
d:b8fa689faad64863b72249afc79c5a0c,12902
d:b8fca5c270174e9594eb0607745a3cde,12903
d:b8fd659f87244d1c84f7ef1eb1d37343,12904
d:b9007b3fb8a04b8088595eaa51d95152,12905
d:b901293857164c26866e3cd26d602ed2,12906
d:b901a4e63ef94b73a93dfb46d274b5b3,12907
d:b903afaa4236431e995324b5bca4e8ba,12908
d:b90d88d7d34c4980b0f1cc80825cca0f,12909
d:b90eaecbce364fb0933241327dd59dd1,12910
d:b910e448730e44c5a6d4cd2222a1a1d2,12911
d:b9157b0a0a69404897e348e8be40a3e3,12912
d:b91778e51db045509b8d2b89f85fe2aa,12913
d:b91abba45a6e40888fd21c6a67b48c8b,12914
d:b91b5eaba0f04277a314aa5aa0054c7b,12915
d:b91bd3a57f7c4fff93dc0ce280115f5f,12916
d:b91cc174f9a24d1995840e0d346849c8,12917
d:b91cc176d2cd4f90a58ce021a70cd999,12918
d:b91dd7f07ccb40268a94a9282cf3e06e,12919
d:b91f2b33fa4547429369fa733eebece1,12920
d:b9216d5c1aec4ec2983563f5999d395c,12921
d:b928645828ee4e0fb52a08f80481e11e,12922
d:b92df4fb76d0481984bd71e7a4379734,12923
d:b931242e7b29417799d0b8fb4846d29d,12924
d:b937178723714ac0ba078f045efb78a9,12925
d:b939e9571d724b568b4974cac51486e8,12926
d:b93ba9bd02064c34b4b36de38dd803a7,12927
d:b9459504596c426dba446596ffb83c3a,12928
d:b94a55a6211e4c8fb130133987a145f9,12929
d:b953bfb58ed04d96881db91b6da1d335,12930
d:b9540966d412476cb92a405bc42459dd,12931
d:b95536cca1394e48b1ba0ea9235ef984,12932
d:b9590cf790b542cb8353ffa043039a89,12933
d:b95a82a86b2c477199e57993f61a410d,12934
d:b95f46fc20e14e8a83babde695bb3a29,12935
d:b9649dc5b9374184b363f4198985ce63,12936
d:b967c5335d054a2898aa405d74023b62,12937
d:b96a895016a5405683740632d9a4400b,12938
d:b96d34bab8a8430f80a31f80cda3cca3,12939
d:b96d4c55118d4a07a73cd3c171d81598,12940
d:b97270b1b1d14d06b53ef1bf890d742f,12941
d:b9739f5339f344018d8883b46e541d47,12942
d:b97518a50acf4d8cafdf95eb8b3db040,12943
d:b976e79095ab4c528f3f9afb4727451e,12944
d:b978341062c7422f9e3ba44004220b1e,12945
d:b97884d0b5a047618dd87ba1ee5ce07f,12946
d:b97d8324197a4c80a25284006b16275d,12947
d:b980a043864446bea42d3ae0c552c9dc,12948
d:b98245992cd74d3580fa7cf94997013c,12949
d:b98bfbb610fc48aea4ea0abaeb819b0d,12950
d:b990c9aaae41465eb51c44c5de0640ae,12951
d:b998e6ae74944d118caca8f391d68c06,12952
d:b9a053dd05984f64a57a69f4182539bd,12953
d:b9a1d68fb0d64e3e906106f939b87357,12954
d:b9a8c28ba4444a3883fafee9d9d00cff,12955
d:b9b53e8961844997acd50592139e6520,12956
d:b9b7a3e1a98c4a88a8af0cc558571199,12957
d:b9b7a5ab83bb4e4ea8797a81fae1e6ce,12958
d:b9bb4beb979d44f6a2583fbc46fb9a26,12959
d:b9bb6f5bade44c9695bf0aeb4a4b875e,12960
d:b9bcff9e120f4f8f871dd392c09d1c09,12961
d:b9bd30c1fd434e2cac3dfd15b91ecd83,12962
d:b9caf6efeadb41a08601126ee7894986,12963
d:b9cc251ddfb74e86b593205a1f7118a9,12964
d:b9cd4538c8224d52a4df40ab70a2d21b,12965
d:b9d1286bf649490b9d2c45b88d55f381,12966
d:b9d5dd8eacf4474c9ef0bcae8ed41872,12967
d:b9d91be38e6e4da1adad59c2a72b08c4,12968
d:b9debcebbed24ec189ebbdc7f5b64053,12969
d:b9e6f6a7bb274efcb15a048599973f99,12970
d:b9ebffaffc854c07a1f57d6a1ad324b2,12971
d:b9f18d5cc8d24574bddef590b5d35082,12972
d:b9f35a20f25644d2b9c634b8d1eae3a9,12973
d:b9fa26faca40488c8da7b839ccdc97f3,12974
d:ba011a605b58458cbb3f7dd952748d19,12975
d:ba02c5bfbcc04965a3807466ce2e8693,12976
d:ba0518ae900b43b489620e2c803d1931,12977
d:ba071c86dc5342c7b4d06981549c3941,12978
d:ba07d1e9f142460e947050207a547e87,12979
d:ba09cfafc8f34498975732ae0a91ceed,12980
d:ba0b6d5df1f446ab818fea774b8a1faf,12981
d:ba0d58297b684ade9ee2cae56d124e54,12982
d:ba0f00c4abfb4e4caca04ee667897fbe,12983
d:ba0f0412d1004d24bfce95fd59fdfb9e,12984
d:ba151baeb7d84113a0babfea0eb643af,12985
d:ba18c1e11a894ddf878bc90485285e74,12986
d:ba18df7ccde0494d9966c1cee5f6c0ab,12987
d:ba1c728b0a7e4fc7a28d735ec5267202,12988
d:ba1ea417c249469f82d39c7129a1b7b1,12989
d:ba23b60f0e624031bd14529d19b4a857,12990
d:ba25297135a948169d2d8b91231d8d75,12991
d:ba2d6ce6a6944468a73dcbd645c6ba39,12992
d:ba3cf4a4659c4f9eb9cb4a14b42c50c6,12993
d:ba409b1ff38b4bc78fd4b7b676e5bac6,12994
d:ba41bddd45194957b5d90142c318f6b3,12995
d:ba4555412ada46119453692fda5aa34c,12996
d:ba47636172564e0888fb40e08d628c9c,12997
d:ba47d115e552497b9df533e5d14d4211,12998
d:ba4c433a0abe4fab818e91ea471a7872,12999
d:ba54a28487354681b1df7380bdc4d6e4,13000
d:ba54c9d135e9463c97378baba9c8be6c,13001
d:ba5896b407ba407a89871705bf67b58f,13002
d:ba5b518a8f1a41f99e1e92535ae57699,13003
d:ba62616ce378435a893ba87acc441ddb,13004
d:ba642431103a498a95786922faa8fa78,13005
d:ba6ba09604fa4807bab71dfe01c2fdb2,13006
d:ba6d26bbce87459cb00792a744fc4449,13007
d:ba6e1aceafa549359e316012d3200811,13008
d:ba722e7b19264c9ab2087f5055442f0c,13009
d:ba76b93ce7ac453dbfb096820807a6d1,13010
d:ba7b1a6d4d9947db98659ef84839f19b,13011
d:ba85b39c36404b349a98d5e7710e5a08,13012
d:ba8c00d12dd845129c142c9318dd5dca,13013
d:ba935b821f73448bb021d9fc7d1a616d,13014
d:ba952947d83549dab46bf638391152cf,13015
d:ba96174ecbf84df3b506493efbb60004,13016
d:ba9813a4d72947f8ab4775fe19e98346,13017
d:ba98eed1b515415bb5fc6417250300c4,13018
d:ba9c3fb113c34e95bdabbd678d2bf623,13019
d:baa3dbaae3fb40c1b410ffdb408b3e4a,13020
d:baa9de3fa4c145a7862ce3688576148e,13021
d:baae798091354ec19e689ec0f9ba91ad,13022
d:bab2e04e3e2a42d2b46891c25d577eda,13023
d:bab4237f489047d68547b1c6df8b71ae,13024
d:bab6a30853314964a75599399107826a,13025
d:babdbb46df2c48a1a11b17d471d51f87,13026
d:bac0f7e0e56d4589afa2ea4b866a83d7,13027
d:bac172b1f2584a50bf4f2a045ebffaa6,13028
d:bac3d61b65324571978104461b3e02c1,13029
d:bac4b96fdafc49f987f6c8b973240b24,13030
d:bad451e1f69943e49f5d68d9cf4f7431,13031
d:bad64d5e6a214709bf8cf9f0840aae9d,13032
d:badbfae368d44de68f00970b594b0a4b,13033
d:bade31035d564a82a50a504670825744,13034
d:bae02727c3844fb297c72d4369762fef,13035
d:bae1081b87054f87897e6dcbc2fa74fe,13036
d:bae1dec35719477b8415ba18ceb66cb5,13037
d:bae3711071bc4498996b6659c7dc1fc4,13038
d:bae4cac8720643149aa87359a196b258,13039
d:bae518e207e04b78b34e83a4a15a14c0,13040
d:bae864a0b4ed4336a481cae48c60a491,13041
d:bae885b3805d4e048bee5dab69c4c5f1,13042
d:baf297fdbf3049f18050c906a48081af,13043
d:baf392ed3e2144a9a06972b5559c1fea,13044
d:baf5c266031c49199d1e69c90c4e77a8,13045
d:baf78d1ef6014debab8e572b0802f91c,13046
d:baf821a558c24462b64c2af1c3afb1e2,13047
d:baf8e08ef8a94ddc8cc46961d51101b1,13048
d:bafa03f163e143c3b0db89df7d0ce09a,13049
d:bb0338474f394deea1789eeb1b05a817,13050
d:bb066cc86f7e4c3495b0b728f5607a7f,13051
d:bb06cfbd699a4e0e81d373a4f548fc9a,13052
d:bb0af22249fd4be3b2e8747cf436ea24,13053
d:bb120a6d657f49188eb6e4c0ec902dc8,13054
d:bb130f83009a44fda3821736c7b81662,13055
d:bb131101f39c4d8989b4e79fc3aef5ff,13056
d:bb175ddf1c2146a1a95c3b78f22e462f,13057
d:bb192ea22c574e6a91b1b275f44cc3ee,13058
d:bb20072177be4f49babd5114ccf5f7c7,13059
d:bb22fcffc8b4404aaa0bc371503ced5f,13060
d:bb2b1b37007442d1bb24a5d34604f427,13061
d:bb2f4641862941b695d6bb74fb72b29e,13062
d:bb317d010ff54cbcbb29f08ea409c59b,13063
d:bb32ce6c35424a04bcbc61d4b724ccd1,13064
d:bb350641788044f485a3a70dc47fcba7,13065
d:bb36d6c351d94f518442798cb6ad148b,13066
d:bb38fd4034824584b15f5d6cee33bccc,13067
d:bb392196d3b34372856b990424af722f,13068
d:bb3b36c64c8847ec92384b372b0aed8b,13069
d:bb440cd5a445416c986f8e80c01d3894,13070
d:bb46d6d88ec34b248996d417fdb4f1a7,13071
d:bb4c3d96893644caa8372c2393ca5aec,13072
d:bb4ce5bdd21642d1b2b89de4bb3e889c,13073
d:bb51e91d106c4c3c9a460e483fc0d008,13074
d:bb5485db91814bb583961b6c99f1206a,13075
d:bb54fd79afdd43f899a1b2603031d65c,13076
d:bb563c301df042a0bc0cd976d92fc537,13077
d:bb5b406064df4f69a4e8895b9581cf5f,13078
d:bb63d902eb5944fdb7097d240cd09cd6,13079
d:bb6a30b492484e48a0e0e82c3cfe8abf,13080
d:bb6c3ae5a2e54be68dc9b41d600f4f47,13081
d:bb6cffacc55d4adf99aacf9b5932a81d,13082
d:bb6f771ddd2540dd9447c35da8771658,13083
d:bb7169b2e23c4ba8be2183640295296b,13084
d:bb7316cde7454d42973e7f7436a530e9,13085
d:bb7946ec95044ad598e5e586af3be281,13086
d:bb7defcc75f940bdaafd6a12f7c02b6d,13087
d:bb8600d5c77343cf8a603f56c7aa2375,13088
d:bb86d2fef472421c8fa41c1800c33064,13089
d:bb8c619714cd4f56b4d810b3d2c809ce,13090
d:bb8ec7dd00fb4864975f2bf67ea70628,13091
d:bb916b96795f46b0a98c9b72ba0c9ac5,13092
d:bb961b2ad5694148a906b58876f66f85,13093
d:bba09a17a1324f88acec7049efb0a847,13094
d:bba74f059c954e65bb91e55b81c0b587,13095
d:bbaa6a822367485cb358a86e3c1d2f0a,13096
d:bbad65f4d01d40b4990df4cddd208ba8,13097
d:bbb00c0ef0a545d3bfbcd73646dc25b1,13098
d:bbb017930dad47f8a70cbd4eff4a0574,13099
d:bbb2712f3c954677a7eebddd88dff7fb,13100
d:bbb273fcbf964c3e8aca6b8656a6d0b8,13101
d:bbb2e1e45a254bc7b3227acd178bf36c,13102
d:bbb4530fc2964f229d7df8ea0b565c2d,13103
d:bbb4d17e7645481085d4950c0871d385,13104
d:bbbb906560f3403a87c9fa6bda8b0e53,13105
d:bbbbd24772c54fd2ac3607b889e9b135,13106
d:bbc504528a48492786d7f0be2fd5513e,13107
d:bbc9f7ebdf964c5994a7ab54871461ae,13108
d:bbcbf78171cb430099da426d75e30146,13109
d:bbcc87a59aec446eaa8eecb77df87173,13110
d:bbd012ac31d648c780412ace1a5189ec,13111
d:bbd50cf11b1c46db905f1b8178687275,13112
d:bbd9d2f4a6794017853950d0a79b6844,13113
d:bbdeb2177b5443b1ba7a7d11e0d6ae1b,13114
d:bbe16d11a4244bd8a6752a5f94defc4f,13115
d:bbe9423fc0144ab7a3e8984d81e38019,13116
d:bbeb15480bc14e93936577dc934095a8,13117
d:bbf028874d00461f855a96e2933bb72e,13118
d:bbf0ecd3142f4547afc25e81199c013e,13119
d:bbf5a81126f94c268bdc64c601cb0e1c,13120
d:bbf92bfa87eb48c3b0534a9c20c02194,13121
d:bc000d53bd0049e7ad2a7336477dd3df,13122
d:bc01304235724c728e06def179da038f,13123
d:bc015c8d68eb441c955fe141fa2f0439,13124
d:bc0871007fb84047a054ceae5f54c62b,13125
d:bc0ccd6003364051aac1f1ee890c7c47,13126
d:bc0e2bee16ae40bcb9ffd13cdedb4b98,13127
d:bc0e747e3eb745fc986d268ef7663844,13128
d:bc148a6e133748009bc205a665c1b33a,13129
d:bc1a64e9ef7e426eb31194ace6bdac76,13130
d:bc1b5b3538394e329f373ee10c20802f,13131
d:bc1bedf6801d4fcbbe87dd20037dec05,13132
d:bc1ca5ee5a2d43a8b8255af4b4f959bf,13133
d:bc1d2d4f077d4013970715e7a0599467,13134
d:bc1eba50392344bfa947640cd60c500a,13135
d:bc1fb30d8ad14dad995dc8220109fe14,13136
d:bc2635bd8ea043e7aa7def1ae725833e,13137
d:bc286268c360494b85e968fd199899bf,13138
d:bc2a746e11a84088861bc1ff38157892,13139
d:bc2d8d0fd530410b97a3b3e141a4661a,13140
d:bc2efd073902495ea35f33f2c9f4ea8e,13141
d:bc32dcd6062b467680e78ff920c10754,13142
d:bc349fbfa0ea496e9d0e5a7f8625e610,13143
d:bc4292856e4641b4b38999a6dd3d8db6,13144
d:bc466104538c40ceb9bcd9dbba9f0ec3,13145
d:bc47b6b7d84d4f0faadd7fe310979a04,13146
d:bc49a563087d4d6ea81bf0ae5f7fe23b,13147
d:bc50ef0bf66e451a90cb87805335a1b0,13148
d:bc566362e7864bb49e4022221e595247,13149
d:bc583ef8a7314e919127e64373d8e1c6,13150
d:bc58e6dd497f4454beaaa5e16452d5cc,13151
d:bc60472427e9400a9f4fdb655128e8fb,13152
d:bc61a3117dd54352abc98855d7bddc42,13153
d:bc63e01abc6947eba8602d835e306929,13154
d:bc64724626534b43ba701d07337afa47,13155
d:bc64decbebf444e5bd5dd6910f23f5fa,13156
d:bc69a328afb347beaafb2dbe0c830b8f,13157
d:bc6a4678a1bb46f18496eaf68c79ab12,13158
d:bc6d49f953ea40aa80ea0b0098985905,13159
d:bc6f21cab8034bb3a8262148a19cf1c8,13160
d:bc740b765f1e4ff1b9a3445f44c6d8c2,13161
d:bc84040a80e84f558ea43667e2f8f057,13162
d:bc842577485f438bbcab5b388507ef65,13163
d:bc89d7003d024bef852186d3904ab370,13164
d:bc8c429b3ce742849fa01a19d1e033c8,13165
d:bc92c45937a74074ae2c69ef80977a12,13166
d:bc97b997800b472a9c0c07ed967f8dfc,13167
d:bc9abc24e045435ba4ea68ee4ac68c66,13168
d:bc9b48c29b9b408d8e0d2e467b392fb5,13169
d:bc9db983d5f5416aa919e469284304cb,13170
d:bca4a90e6bed4b77ad7c0a870048015e,13171
d:bca67532aa1f4e5aaf64e0245812381d,13172
d:bcaa0b6eba7845b4b52de9beb170a05e,13173
d:bcaab59a53274b639d0780d34f2bb96a,13174
d:bcaaceda323c4ac9b45e009d556bb331,13175
d:bcad3c01b68c4d47891b3512bcac6994,13176
d:bcae930fd95f433388287048c7b4a39b,13177
d:bcaeafd8e3ec458aa938b2ff5dc12b52,13178
d:bcaf6909cf824b70b8c860817463a456,13179
d:bcb0a645552042dbaa2598a2a99152ed,13180
d:bcb6823835d74fa38ff17f3a2116f1f6,13181
d:bcb9ac499ac749a29d5e31c21e73a0be,13182
d:bcbdaf58fccc4dd0a13fa4d09e0c8bb2,13183
d:bcbf883081cc4eb8928694b3a1f5f96d,13184
d:bcbf9f7f09b84ee883cbbf713dc41717,13185
d:bcd4eee71742489c9e2ea3d5e5714771,13186
d:bcd7d78e3e9a4cf19a5f4a472b9d2246,13187
d:bcd9ffce9f32473cb50d153a5af771fb,13188
d:bce39452ac53427e8130b0ccecb96801,13189
d:bcf7815ed28440deac1833cee1a5c31e,13190
d:bd02e0f0cdcb4685b5bc4871a4d06b0a,13191
d:bd039717d92743319481181634b5cffc,13192
d:bd0acde2775c4b1f897613d38f390b1d,13193
d:bd0d2b50dd684bd0925beb7774ea3aa6,13194
d:bd0eb8651da04da799f8e9294bef7c4a,13195
d:bd107f898fb847158bd1a491eafc36b9,13196
d:bd1403a994154feeb7ab17842f117c16,13197
d:bd174314a02e4209abbd2637847d7875,13198
d:bd1af40aabe14653b741d079e7d866eb,13199
d:bd2cb0eb927b4c519e8564cc258628d5,13200
d:bd2d958c5ba84a64a9b382544bf41b1c,13201
d:bd2dd53752f44735a459d63a9ca9333c,13202
d:bd353189fa2f41bc8969eb4e6a0b83a4,13203
d:bd36e34dd05a427786bd08bb97d5a278,13204
d:bd3a92c21bd040be898f3013901fb5bc,13205
d:bd3c3fd2c83042bbaee59f6246a595a7,13206
d:bd3fc405b7fc483488936e54656a4f8a,13207
d:bd43d082a6964552a62e439cb49e35ba,13208
d:bd4970ca7bb641ddb0f91ebab445c77d,13209
d:bd4d5c0102004c63b053a4cdfa3fd529,13210
d:bd4d7980a20e4cb0883ee03626eb77b2,13211
d:bd5259675f434cbc8fe88801cebc63e4,13212
d:bd5402d8224b4c2c883d8e9e032c23c8,13213
d:bd56008930594da88b681e61ef56486f,13214
d:bd5b9eca2625491991353aab243c3ec2,13215
d:bd5f791d742f448696ddd3220bf7b4b9,13216
d:bd6487b0484a4c45b72f7b29237cdeb8,13217
d:bd67145394ae4f279664f31cc6093993,13218
d:bd6b6376e8a34c37a1dbd327707cb991,13219
d:bd6cab1968ca49de802e083f8cc8ed6d,13220
d:bd7e73024ea14e85952ac7ed104e77ca,13221
d:bd8368e0ac7a4befa1aa7d9f6a576953,13222
d:bd885166cb23490f9c95e3e00c2c3247,13223
d:bd8d59cd38fe4c9eadf967dbd680a218,13224
d:bd8ed5bae3944aa0ab9620512b81df0f,13225
d:bd937ca19df14e20bf19336d0bad14db,13226
d:bd942e90abe94449b0940c185208e405,13227
d:bd96731e93664dd2aecc826992ea8904,13228
d:bda759ecb9f64d04b3726201e0e88ffa,13229
d:bda918b5171e4195966de5d9c6e67a71,13230
d:bdab067af8894264a93357eb5b72a82a,13231
d:bdab59de596b42d4b51f871d4c5dcf42,13232
d:bdabd375c2cc4139bfc33e320b7ebade,13233
d:bdad8ab36c324a5ebf80af9a32baeede,13234
d:bdae556626eb4046a80f29810cb21531,13235
d:bdafe35ba78a475aa00905eb3498afd8,13236
d:bdb12de1fd1f4d5981e3b38a6ada9fd4,13237
d:bdb4d3c16c894a6a9a80d4fca3992612,13238
d:bdb90abbb04d4a2789b67959c775fac5,13239
d:bdbfae47a04d4d86be15a035432db972,13240
d:bdca4e00e3e74442990e504e618df0b4,13241
d:bdcc95d3639440c9890b50f555e4b2b1,13242
d:bdd649651bed41b29ca9f3a6d0cd728d,13243
d:bdd6552f5e4b407db608f5557b2fe428,13244
d:bdd7c59ab7924ca886615ea233b99cc0,13245
d:bdda2d152c0745e5a4c460a43f658b61,13246
d:bddc3fe87cb34ee88b0c3f51e89a9f77,13247
d:bddd3364fce743aaa6646b2dce81d21e,13248
d:bddeb72cf1b04c34b8a3ca6eb32e8316,13249
d:bddfe38692c8481397223b61c40fa983,13250
d:bde22c8a086648828d4815f87a53742f,13251
d:bde52186a9ac41e68f6a3e16e75d7366,13252
d:bdeff324b0274feea3db20dc1079d662,13253
d:bdf36303af894e849123037f89845dd8,13254
d:bdf869d2b64c4fe0bbecbd352e6b966b,13255
d:be0b4e78008c4e90918a9b53170c4eda,13256
d:be0e53699fd54aa789bce99ca9229c92,13257
d:be0fd4d546f44f1c9391878d68662215,13258
d:be1444d90b9245bfad1ecf50e43cc7b3,13259
d:be18eb50a25a4d168fe9fd4d87920b21,13260
d:be1a5734a8df4a119e61316cceccb2c2,13261
d:be1cf00d98ce456ca6290bafe874dfdb,13262
d:be2c0e28d232461aa48d0b7038da7bc2,13263
d:be2c5930bc7445968f92f56286ada892,13264
d:be3768f0cf6b4c77bbe84efc3de7d06b,13265
d:be396a4dd9b5444bb99fdb2034143350,13266
d:be3bc777aa52406a97508fed27473987,13267
d:be3e6e475219438bb0396eee04f7acbc,13268
d:be41cfc2a6124633a297ea368e138d01,13269
d:be42aad11b8a4c938fe611e3f6669ec7,13270
d:be432eb4a4304a4f8374d6d523fcad56,13271
d:be4406b1050f44efa4f384aa3bdf7206,13272
d:be4798d66540412ba9c167726b0d79ed,13273
d:be4a70c77bad4f80a121b8436f6d152f,13274
d:be57b665488b497ba3d6b6d91346891b,13275
d:be5ab759dbf44fc5949e7e27a856d0de,13276
d:be5b1f6e067e4a28947ff1236a031faa,13277
d:be5f956a5bb249d88e78b0b344b3b2b3,13278
d:be5fefe843b745149eabc129a1c8dfff,13279
d:be633cdaac814e8cb1f7ea25d4653ac8,13280
d:be664814a77840d49bc52691f16483f4,13281
d:be67857b8af94181bff335101ac737fd,13282
d:be6bbdfed223457bacc81787a1c1f907,13283
d:be6bf2c477bd4596a8ca21a3a801e8b9,13284
d:be6c03e1572e4e2495d0ced2716eafcb,13285
d:be6f6a7240944af4859850b90d7c7004,13286
d:be734c1c129049a8b18d2abdedc3fa78,13287
d:be76d39fee864bda96f6857515b38e56,13288
d:be84c5ef2e96411ca8eee74165a032d1,13289
d:be86f05da00f440684ae1db5f7f4a54e,13290
d:be8dd9b86dd64c5abce566d41b830571,13291
d:be8f16b354f44aa1a289236ddd0f259d,13292
d:be90837abee2409f8c10bfd3958f9f8b,13293
d:be973dc93f584fc983dbc39f0b57d69d,13294
d:be9da4ca94974a0db2d4a47c14a5d71c,13295
d:be9f043ed6e34d30bccfe94786734db1,13296
d:bea688bf452a4b35868f248bc01d0bb2,13297
d:bea8ae24ddff42ce9672083348923238,13298
d:beab416c302e44b88541e24744378772,13299
d:beb69080e77240818fd01b7320cf952c,13300
d:beb71b2a4b224d44a64f7700978a8f37,13301
d:beb8ddf28703494ebcff8c4f0a7b9274,13302
d:bec0b4f9192e44a2b144951126d79a42,13303
d:bec207cc4d184f52a81c57ce28c60967,13304
d:becd36c1732b48f5801fa4fc756120bb,13305
d:becfa3a8e7844c7bb4f69cbcf2c42b87,13306
d:bed62b5bf772486e818b55341a7054c1,13307
d:bee248283d68493d8bfc31cb3307cc8e,13308
d:bee2f8ba56a044a8b7ae25175fd93770,13309
d:bee3a2d9e49c44fe9e700e3018a5e167,13310
d:bef0ac9dfd8b4ecaa08638b43a49f166,13311
d:bef8f592145947c6b701419ad25a19ef,13312
d:befa047e61ff4b0eb6fe1fd5ef36757c,13313
d:befcac4e28fc49e4ae7f7ad0c35c1f30,13314
d:bf00e2f67f2a497dbf77aef6d8b2fab5,13315
d:bf0106933405425bacb9dbe41f6fde3c,13316
d:bf087ba58e4e464d83c9658bbfdeb71c,13317
d:bf0b8427ae94496f82a2aa1dda70b543,13318
d:bf0dbcbdcfa64427bb1f19fbbb00f35b,13319
d:bf13285c564441d7903bc7147219b9d4,13320
d:bf25b20aa8934327b39916a62edbd9f3,13321
d:bf2fb66564b440b1a51c67b0a676f07e,13322
d:bf32bc134df64d94aee8e19c1ccb960e,13323
d:bf33154869414225a9f8564b67607a4d,13324
d:bf3bb8afbbe04ade865834f0e67828e3,13325
d:bf3fd55ce879482fb9f9ffb86b68673b,13326
d:bf46df74723d4daca6d95ffaf5f5a940,13327
d:bf5026a727f44d7ca29c4d9c34b19169,13328
d:bf56769b1fd6485f988e7ef4d72c851c,13329
d:bf5c26d8f794418ba0b66f441be7f310,13330
d:bf63ac6079664101b07c1e287adb3b74,13331
d:bf6ce15040c34879a9495c322834e4b4,13332
d:bf6f0111427f47c99f8b6c9e990dd3ea,13333
d:bf75536520404e1baf09e22659eb8bc2,13334
d:bf769736f7a6468d8e01da99371c643f,13335
d:bf868f7312684eeaa13b103355b0bc5d,13336
d:bf92150d08fc41e195ebb19093e76a3b,13337
d:bf931149ff0b4a6fa46dc19b0608f142,13338
d:bf93ff8feabe448692d745bcc2807b4a,13339
d:bf9474c58cda4ce28b9fdb501dea0626,13340
d:bf96d6ea4cb94f4eb73ce69a01afc236,13341
d:bf983deb35ad4467aa2b0c6090662e4d,13342
d:bf985e51428e477cb9730413f697accc,13343
d:bf9c1007cbd247878a9d1ca0bbd3736a,13344
d:bfa224947da64545b12486eb9ecad068,13345
d:bfa622d864af4a7a817534fef5b9f5f6,13346
d:bfac0314ef184a7aa9650e7f077b7500,13347
d:bfac4c9bf9644dcd84c7902e885b144a,13348
d:bfac549d5bb2469e8fcacb70b2373c5f,13349
d:bfb302242bcb4006a7345db269aa8270,13350
d:bfb692e715e341b8a00abde3b92997a4,13351
d:bfb7cbe1561143abb48d98d33a0955e5,13352
d:bfbddf737ced4704b9c46ff6bb95b016,13353
d:bfc7297e4a7e48cbb920af4120f4141b,13354
d:bfcbb400b64a43b6b6b5938090bad81c,13355
d:bfd01b0e0d2e4fcd9fc4d287da10269c,13356
d:bfd4f311427b448fb4309171934e2d27,13357
d:bfd6f510a2054afb80594e80cd87d648,13358
d:bfdaa6ee2e7e4b22880de70215665964,13359
d:bfddc0f1b1ac45ce95e254cdb4b65611,13360
d:bfde66de6ea8446ea6fd29fb6945cc06,13361
d:bfe18a27a2cf48a684f2fccbcb5c2e3c,13362
d:bfe2eeb4cd5c43d58b9e730f1f9df546,13363
d:bfe3ef7e827344a184c6a63f2b1147bd,13364
d:bfe47fc45ca54fd0bed2e75871e388ba,13365
d:bfe4e7b0714d4d02b56d4826236089b5,13366
d:bfed266f87ee4e4cbb122815d389db24,13367
d:bff45101e5fb48589f5b56181069d9c2,13368
d:bffa272bd92b4d7fbb646b9e9fc85029,13369
d:bffc588ddcea4e0795282321d0f998cd,13370
d:c0169378a28a490b9f98202b5ed8d9fa,13371
d:c01961c95d2a43faa4ebca0d412ba60f,13372
d:c01adc7cdf7148d09300103a8fddf542,13373
d:c01b320896e54d299a655071e5626fe0,13374
d:c0207e4dd7ed46958cc2e3272d459e68,13375
d:c027c87f66614015b4ad6d75867b843b,13376
d:c035903efa734dc893d1462057b164c9,13377
d:c038d75622714029a70fd4f0a1cfd57d,13378
d:c03b3e10931048e68c8f42b0ce7466ba,13379
d:c03bb4cdb7264a5ab8adb46b03103da7,13380
d:c041038d3fb04e7f9bf568f2059aac2e,13381
d:c0425001d97c4529bda0c329eb96b93e,13382
d:c0425dd9c246483d8053aa50dbed8ef4,13383
d:c04c1a4daa1047e9986a45448c166975,13384
d:c050ecef9dca4484aa1fb58bc0521df2,13385
d:c054daf161854f70aa480861449002de,13386
d:c0562fb7dc5a4564b5a8d039876cc6b5,13387
d:c059d7d9af294984b7b899d234a0d082,13388
d:c060bcfa4eb24844a161b023012a8f98,13389
d:c0656f6011d44ce6b0fff2def33b42d4,13390
d:c0662ab0ae3a46a4903fb053f1a69769,13391
d:c06a20f1b87c4bbe8995eec46b395104,13392
d:c06cf3a184654aa5ae891e581054faa8,13393
d:c06d9a6c7a254b1dbbbb0575588587cf,13394
d:c070e6ba271e45799ceaecd0b342624c,13395
d:c078121be1d547989e04d6e1430954fc,13396
d:c07942eb03b8457599bc8d943c8791ad,13397
d:c07fe8b7146241dab3dbd4774714ed1f,13398
d:c082fcbb29b44042a46cf759d2d5d864,13399
d:c08ba9e2f757486d86ae1c0a5c3a7f7a,13400
d:c08e9347b864406eaf1c796be365dad2,13401
d:c09340938fab4ca5b05de32ef7a26007,13402
d:c0997249b77a430abf7f08db1cdc9164,13403
d:c099ec90de11446ca2924a140fc12fdf,13404
d:c0a0ec309026416bb8bdf647b2951326,13405
d:c0aad40127174b4babedb4f55a4d2d8f,13406
d:c0ad2e90fc034f1f9a470e9aa977a86f,13407
d:c0b100810c504f35b9af18d970d71ac9,13408
d:c0b22490b33d4d8691fd8bacb9afecbd,13409
d:c0b33433641f4d3aab11083e108017db,13410
d:c0b477587a9f4632b864868ab604045e,13411
d:c0b711b154dd42b88b54847e695af1c5,13412
d:c0b84d14f4da40e9ac661ffb62d22f64,13413
d:c0c002722dc84053b6f5d41614579c22,13414
d:c0c0f933154a4ca4a6f8b5f00b92cb51,13415
d:c0c31d06a80b4555a37bcbe8c6ab7d4e,13416
d:c0c4a06f03a34d38914217202f5adc03,13417
d:c0c5f17c2b56485bbb37eea05d2c5c57,13418
d:c0d2c7ab90cc47ebb6bff81ef70898fe,13419
d:c0d3a9c5b1f649bd889986c7a842aea3,13420
d:c0d3de9011e242a6bcc9195f3fbdcccf,13421
d:c0d487777bc94a8689c8f3e5498f06a9,13422
d:c0d5f71cc33e43a7a02e5fe095583fb9,13423
d:c0d638b01a7b48f58dd9c3d3f075d52f,13424
d:c0d78e82dc3748bf9589f55e7b6bd7a7,13425
d:c0dbd04488a045c68e65cdb6823723dd,13426
d:c0dd84150b4b48deb486b9432ca9088c,13427
d:c0dffaad2af745929fa779ebe2ab6ed4,13428
d:c0e0d0dda7fb46869997278372314269,13429
d:c0e3d9dd0fd944ac97503612b9087557,13430
d:c0e949d09c394f4b825cb68d451d7f8a,13431
d:c0ec1786f31c474a88daea80205ab913,13432
d:c0ee3e1519fb4c469af3a30ac92e7291,13433
d:c0f45217d43c4a2193359840d765f3ff,13434
d:c0f6269501fc429a92018c8ea95597e5,13435
d:c108e42ea7984bbc947a233593b0703a,13436
d:c1090bffa7a34d4cbac01a8b232ef0cf,13437
d:c10b16b178744f74b477b9ac1f0f33b8,13438
d:c10e98777f2f4a60b1cf203defa3fbf1,13439
d:c10eafce7a0d4c9fa160dfba5a9fb47a,13440
d:c11328d291de41ce8e52c12c796f4e41,13441
d:c117a04a8ef34544b70058da020c723e,13442
d:c1273ae057a245bf98aab67096ac02b0,13443
d:c127fcebc0d44f1985d14909ae9ace4e,13444
d:c128057a80194f4d930646569954a569,13445
d:c129f101711a475197802441391a2cc5,13446
d:c12be977868245bc91b4fdc89a251a11,13447
d:c12ee0641cbb40af8f08b169d61de880,13448
d:c13470b39b0247dfb2a92a0907d53bae,13449
d:c136cd384fad46a08f5685705ad1f0cd,13450
d:c13d07a6ce2f4b7a87fe24206da5372a,13451
d:c14235af468e44138b0994578a2c4203,13452
d:c14dbbc92f0849de8724d7df522b67b3,13453
d:c150dd9c30c641afab2c1b84a6a7554c,13454
d:c152509143f94d0b80b1cbeced932a1c,13455
d:c152a0f0f3f44a038ef5fda90a0a36c7,13456
d:c1592fed45b942c897ba718ab9cffad2,13457
d:c15d12242f6e4a049372b4eebae427a7,13458
d:c1655d7b733741888281f82df0ceb41c,13459
d:c1683c370ac241109d29dbe1e1e986b9,13460
d:c1695bbde14f4c6bbdb2c28b268c1ee5,13461
d:c16a68eae3b44fb79bc2fc914aaa7677,13462
d:c16ac42376e14475a442cae10a398a4b,13463
d:c16ed99c82144bc1a8c12c466b2dc66a,13464
d:c174a16043a34278967bba8bcd74fc69,13465
d:c175830fa51e491a8a129520ae49f202,13466
d:c179c155e4a040cbb7ef13aedaa33c30,13467
d:c17e03b2621f461d8f13bbcc6ed3a154,13468
d:c17eb7722ed045cca97f1af62e53523d,13469
d:c1805d87b0d9471f81a394e50eab8376,13470
d:c18be97440e94191bb69c3e1ae4b53f2,13471
d:c18c40799a8a40b9a8071cb098546ad9,13472
d:c18c86acf74d46118112d28f54d7a623,13473
d:c197d19537134bfcafcb569b42c82272,13474
d:c19c7d918fac42fa8cbb5e61dd36a63d,13475
d:c19e9f2a132042ebb192c1265dfc9a57,13476
d:c19f58a7117646d0b37d11a04955b480,13477
d:c1a112d63ff345e284f909e4a5c3ae72,13478
d:c1a2f8051097457188c4394ef59b077b,13479
d:c1a94112a14f406ebf0b36a7e9195818,13480
d:c1afa585e962472196308c41391b0d3f,13481
d:c1b18b9f07b343198384cdca655b402a,13482
d:c1b3107b657e4570b0aed62821c0ffa9,13483
d:c1b62018871e45d19d8fa34c3f66738b,13484
d:c1b821ddb38948bc810069bd25293f12,13485
d:c1b9e6cdebbe404996e64bd98fee84bd,13486
d:c1bb25f1834f4fc580df2da2625ced92,13487
d:c1bd1c0c3cd74f4bb3b07f820e5ef007,13488
d:c1bf82fdf16047d4807cf064089a430e,13489
d:c1c2866e892141cf8f4a2df4b0f60177,13490
d:c1c654df10a046d7b75d27e43f9b1327,13491
d:c1cbcf4584de4790b75d7ff2cb5b4742,13492
d:c1cf625d1e674319aa174bd1573f929f,13493
d:c1d1bb3b644b4a008d2491dbbdfd33c3,13494
d:c1d654ef0acb4a1992bef327662ec9db,13495
d:c1d7e2259b4d48e8ba134cd9ed28327c,13496
d:c1da176b67d04d60a15ec98278cf1d1d,13497
d:c1db791e31c64c6d89333b272d4a6934,13498
d:c1df4fbe282e41ea8db3f485196ac9ec,13499
d:c1e0759342a143f1ab04470b4d7dbde6,13500
d:c1e17c700aad48d2a128dccb9a0c4aab,13501
d:c1e2327c7f064050bbc7b624c6d47b39,13502
d:c1e471492c014c33bbce53a6eb923536,13503
d:c1eb313772fb4dbf8f939962b78fb859,13504
d:c1f24a429b2346069fbb0726c0c4cbc6,13505
d:c1f4e7e6c8b44bcc81d327b4b79a5398,13506
d:c1f6abf0f95840e7a97ee2b683e8abee,13507
d:c1f6ca5d3928434f96a192d042a4c9e0,13508
d:c1f861c7cdb941f4b924c5707f010ec3,13509
d:c1fba2bcc5ca4d84b054a1f0a1c315a8,13510
d:c1fe76b57ac64b36aa60ffe5d0668369,13511
d:c1fff9fadf724853a9a1b134cde46298,13512
d:c200f25a6ea3415ca9883481168d6d32,13513
d:c200f754c58c437793bf51fc9ac9e556,13514
d:c2028cc205e14f59b74af29a92e895a8,13515
d:c2049607cd2a43a7bc21b4fe3223123c,13516
d:c21787aec4ed43b9ae7ceeee0dd33326,13517
d:c21ad38a1ccc45ebbd583699cec24e5f,13518
d:c21c81c6380d493ba7d0534ae0ca68e5,13519
d:c221954bf81a47e5b7cd2d2c14c2b524,13520
d:c2241646120b4eb995b50d06be100690,13521
d:c229bd6e0214404fbd68fb285d516f55,13522
d:c22c27c6982c485f81b6929dadec0dc0,13523
d:c22e48c2229b47aaad8a748e6be7d9e2,13524
d:c22ee4830e4f4cb1b96e1d58771d0f3c,13525
d:c2314121b82a4dc4bad9b481bb1233fd,13526
d:c236ee34a8d3481eb826ce11ba9902e0,13527
d:c23813a7e3044bedb76bf8106c4bb79d,13528
d:c2384405d1e1440984afe0d76285a32f,13529
d:c238be42c20a4d3aa8ff2f04b4ee75a2,13530
d:c23dd77c581a4b62a20713045ffb821a,13531
d:c23f43fb464244f4b42c9b45013effa9,13532
d:c24100b49e784f27a5c7fe611093c9c3,13533
d:c2434dc6c4fd4c84a196a4e67bf42b7e,13534
d:c24429ec256b40568beabe6db527b849,13535
d:c2461e64e66e40a09cf6f20c2d88fc88,13536
d:c2470f79ca7042fcb82423fd4bc0109a,13537
d:c2474cdd3b0b4632ae8abef62cbcb405,13538
d:c249e56ed2734bd096a79eb6f34a3bfc,13539
d:c24dedcad3ef45368504aaf68c6c964f,13540
d:c24f509d8e7b4018a4aadb091b7eb181,13541
d:c251e32b0cea4e1280c483e93766c516,13542
d:c252eac81db5482e89c4e0ac23bd2475,13543
d:c2574681124d48388a58aabcd0c831f1,13544
d:c25e7fda5c9244c993075cc03faad075,13545
d:c2600bc8c442447c986ad9bdaef5c0be,13546
d:c260ad84f08f4759b3049109d92c4e4e,13547
d:c26504120dbe4d13afd11cc534dd5eb8,13548
d:c265f2e5c6c94ac78593cee57b557bdb,13549
d:c268aa0855de4c90aefdb23d7e623ebc,13550
d:c26bc06a50f7427f96a266fe44a72b07,13551
d:c2776e9c0208477abeaf196477026aa5,13552
d:c277adf7b1504945afc80814bb8e0d08,13553
d:c27870a408a343cbb6386affd5745079,13554
d:c2798b3c278d486a9d6748d5a19f4ec8,13555
d:c27a39fa783d4480aa302d5f32d05327,13556
d:c27aea0492934531b298e452b89001e2,13557
d:c27af7ba1594422d9a74ea7fb42dbf41,13558
d:c27c9d2ce1c6490792930057d9c0868f,13559
d:c281486d0d90491198202f8561f6a845,13560
d:c28250aed82147dbb672024d82941485,13561
d:c28b472d69b643c58836c0e1799d2eff,13562
d:c28c24e468f54a0388e66c36e0e2da2c,13563
d:c28c48d768914a66a51a8d865c3515c2,13564
d:c28dfcea4aae4f2b84d829bb34d7b595,13565
d:c29058c253914ea4827dfeb29fef268a,13566
d:c2911fb57c0040f28f5c7850aeb9d327,13567
d:c29a24a046304b61a05f3253966be2a2,13568
d:c2a393e2968c451bb8fa4735ab31f637,13569
d:c2a5ff4e5c7945989f94461ba08aa986,13570
d:c2aae7c192104344b46de860442d6c93,13571
d:c2ae5d34072a47a1848abeb2ad6068bc,13572
d:c2b498bf5a6948328f82f532843970af,13573
d:c2b4e55d10e5428f93b1ca5353742947,13574
d:c2b572222e544462b4b3c35cc8cf293d,13575
d:c2b82729ada349f590aa6d827ce524c1,13576
d:c2b84236e7ed43edb96212aec42138e5,13577
d:c2b9d58107bc447d80faf5be961bf6f7,13578
d:c2c4264632784cb0bb2235737e363e34,13579
d:c2c522f672804b69b6b810d882c9ca9d,13580
d:c2cdf1cb1f3b44dabf35daddffe17b8a,13581
d:c2cffae5ea774530916d0f8d4150efb3,13582
d:c2d0da21ac194b8594bca86d9de8b519,13583
d:c2d42a48da8c48719b7e01b13bfbf6d3,13584
d:c2d4317b33fb4183b25ee8b78b18fd31,13585
d:c2d6b6b636204d34911f2ac92f4315c5,13586
d:c2e4993c89ab4e1a80c068fdc67fbd86,13587
d:c2e5c470512b4078a12b3ea028045ec0,13588
d:c2f137af5ced4659b348e6cc5192e1db,13589
d:c2f5be750a074a428d10179b1185e80b,13590
d:c2f5f001148849779e429ff96979963b,13591
d:c2fe3ef60ff149ebb372f3c4df53d188,13592
d:c2ffc1786a1d472ca9dbe0108d50dc09,13593
d:c303c1f684e14b63aa3e9742595849e8,13594
d:c30aa8a6597d456b9e409fb1fc59f4fe,13595
d:c30d6efb78ac4a6cb48ada778e3b42db,13596
d:c30eeb1977b34f97aae8159dbb79f5f8,13597
d:c30f6320cbe14a5199b4770d49fb3a7f,13598
d:c3157676e24a4b459de7aacb2e29f614,13599
d:c3167d2983514e67aebf83b74e5fe91d,13600
d:c31941fc87104a0d963c5e825a4c2707,13601
d:c31d9b3592d6442892900abf0a71a3c2,13602
d:c31f2158a1704a399c6c2febc4439107,13603
d:c3252138a0944748816d0e83659371bc,13604
d:c32571d3935f43f688ee9ed9de9526ab,13605
d:c32fefd2fd3a4098a4c6c33f4a499bc8,13606
d:c3386d270ffe41c9aac6ea2626d3a78e,13607
d:c339fc6327b0420ab168810ed7e7536b,13608
d:c33c7bc46ed8461c9b273fa22f92b030,13609
d:c3430095ebe94e609c23c3cc1cb2b543,13610
d:c347690ab7d343799f99390f77d22c98,13611
d:c3516229e23f4360bdffcb9279a7213e,13612
d:c3594696c6394a7e8227ae1832627f76,13613
d:c3683c53514643e09d253be1fc74f2ed,13614
d:c369b0564654447692980b2f00ab9a80,13615
d:c36a82df99ff435593760a58554df376,13616
d:c36c479d846c457589f41f64d354b61c,13617
d:c36d49851ebb451c94c39f3a45c17c6b,13618
d:c36ee17e0ea543c7a770865e66214d4c,13619
d:c37053b35dd3465bbc20e6c2482a0b9a,13620
d:c37658e2d83b4d3eb1be34ccca7cc3cd,13621
d:c3786b294c044b938edfaeaeadfc7d1b,13622
d:c37c97fd855b4aadaf23afbf3f127161,13623
d:c3829c0ddac84a21b2b7212a219caeba,13624
d:c38cec93fde740d3a48fc5c16fdcc8d8,13625
d:c39237b340b34cdf9e34d5bd2d18f00e,13626
d:c397eeb1c19743b3813377abeed8344d,13627
d:c39cbe0d1e9648b3b389f747c5afc5e6,13628
d:c3a0d8fdd40c4435809d3aee40bc43ba,13629
d:c3a0edd13ddf499eb8fa2931b0840254,13630
d:c3a91fecfbbe4d75ab268123ebfb2eba,13631
d:c3ab43d09ece4a4c95e4cffa28ddde5c,13632
d:c3ab659875eb46d2884d726d73fcb6cc,13633
d:c3b207beb2b54b9c94eb3cc481ea0aa4,13634
d:c3b260a7fdc34184aa82be5e37a978e4,13635
d:c3bfd3eb4d284238a1b39da01cb1b609,13636
d:c3c4781987394f3d9dc0b7b6f1a3d23f,13637
d:c3ca1befb5184a818886db36ea39815b,13638
d:c3ce7e4ac3014ada9db1e6cbca4692ae,13639
d:c3d07b2998654750a98d97695ae443de,13640
d:c3d30dbdf6a048a5a333406202357986,13641
d:c3d4544ea3d648a0980897198a28ba15,13642
d:c3d688ffaf7f4caa93c827a335f5ebf3,13643
d:c3d751de2e574941a4fde4319d63e1a3,13644
d:c3e20f57e24d4025a18573cbcd2ee426,13645
d:c3e32fac95494db999a542bc018c7a63,13646
d:c3eb37c50b07435fa2ce6f399dd8b3db,13647
d:c3f786c916764575b8d20908472cec37,13648
d:c3f92e7b12704370b46fc7bdf90ac742,13649
d:c3f977d404894c37ac3d129646e0358c,13650
d:c3fbbe06732d427994ecc0050b1095fe,13651
d:c402576f8b8e436eba53d4db4e2083cb,13652
d:c4040cc11b0f44308b2bf85112f0795f,13653
d:c40680c4dfcb4505ab5738a7d6130e86,13654
d:c4080ef596764377acd6c10da73124a5,13655
d:c40ad748679d489fa14cba61ac638c40,13656
d:c40b791b31a44f4b8aab77f29d765dad,13657
d:c40ee2bfb026419fa220443551949118,13658
d:c40fa57a64164e5faf70b904d2914f60,13659
d:c4152c60d05d4639b71dccee62d79e55,13660
d:c4157c5990f84f04b89d349a2912f044,13661
d:c415914f90b849e684b4d9c4284e955a,13662
d:c4253012e6e442ca94fcd815391ad3fa,13663
d:c42c932faf97499a87fa41eb00bd98cc,13664
d:c42d28c4d7bf48cd91ce9fe56f568075,13665
d:c42e916e5f9342e2af1f3fe641588814,13666
d:c42ff00e846a43489374bc4d95e08061,13667
d:c433d41a5bc94ee09e61bda5f36fe9dc,13668
d:c43cc428c928473aaf586bf37b80157d,13669
d:c4414b69f97b4f5a8e3e22fee0a5929d,13670
d:c447a38071ec458c8acf03894c797957,13671
d:c44a970eebc34808ba318a3efc0652b5,13672
d:c44e881c98e441f3a6301a2cf7d95893,13673
d:c44f228885464b13a6040399864614b3,13674
d:c451cd5dcd44413ea78ebb880bbfcc5c,13675
d:c45f9d2b4da9487aacc91034032a30c7,13676
d:c46a7fc550ab44a9acc54e0da2c6cdff,13677
d:c47c8b4a1ced4a9db57639e075ffcb2a,13678
d:c47cff81e2834adab07ee05fc577bb2a,13679
d:c47d1230234345c6b380af8a040bf5c8,13680
d:c47ff86c28a548058b747cd748880a69,13681
d:c487b4b1e2284e779d1910da466789bb,13682
d:c48ad2dfcea642858d208211ad92cda4,13683
d:c48b8b92d702427ea387ce598713ed0c,13684
d:c48e6418c57a4a339465611e815578d0,13685
d:c48ebfde674b4288b4f7e89a5bcc7dee,13686
d:c48effdae8454b98a87c26cd44a90f94,13687
d:c48f4489c7f648e69c7a6741c0814a5d,13688
d:c49078d39e694e41b7d9fbcb85870aa8,13689
d:c491499d53364339b1009613e92cc36f,13690
d:c49787fa69b7426da326fba1522be255,13691
d:c49948fc278740b7beb321de8785ca3a,13692
d:c49b70d51d314699a67ad9dd998b2e9e,13693
d:c49e2bf93e0643cd9b3965a8fddca071,13694
d:c4a3945927434101a3974e62b78ea564,13695
d:c4a51613d0c0475091eca171421c1370,13696
d:c4abb79aa04d4b27843a2ea88391379a,13697
d:c4ac13e75b4d4e3ebea45782caa1da2c,13698
d:c4b9b1cffebd4f10949d335c55455804,13699
d:c4bb698fbf45429cb09ef1fc82967fa2,13700
d:c4bef6d2177f4b45b00d4ff855ddcb8c,13701
d:c4cac6f59ae44427b797acfbc3644409,13702
d:c4cefa699df6446c85717e5fca23395d,13703
d:c4cfd1427e0e4ce382692c646b24fdf0,13704
d:c4d0dc8d8b344cd9a3b8ed3eb33f8450,13705
d:c4d13217de8b4b2eab1c19af7a6e4e9c,13706
d:c4d2f33618684553b2ce4a65697d31c7,13707
d:c4d8c6cab6ed4188b4e5dc48a84d405c,13708
d:c4d934cff23e4acab17b74a554800802,13709
d:c4db801b1f424817932120aa5b445a5e,13710
d:c4e496d99e5b4b18bda63cde7ab3cf3e,13711
d:c4e6308a4b9444509a4f6be5b89819ba,13712
d:c4eb80c1460046bf8efea90f24ad4ef9,13713
d:c4f044a0c32b470c9b56c79b54664876,13714
d:c4f5c18a39644f8880f43c648b20275d,13715
d:c4f7a9fc4c3047c985d50fbd377c4785,13716
d:c5001aa73aa84cb7ac6683ad0e1462df,13717
d:c5049f3b94d149058ab62caf7f4a711b,13718
d:c505df0fa09a4dd7998c7470914eda5b,13719
d:c5063553c7744d02a45d949c9a124841,13720
d:c5082be691e44b31861310e034fe7a12,13721
d:c50a8d186d6d420aa86c1f698a6b5ae4,13722
d:c50cef314be84c3c9933a8766c2ee422,13723
d:c50ea4a6fc54448e9164e72cb2024da6,13724
d:c50fddac6a4c4edf9cf52c5f9226be2d,13725
d:c515af81b5ff4e4f8cd03034790d1a2b,13726
d:c515bfc43322429ba9653a831756ff32,13727
d:c517851a2c684580924e9b9e2946d5c4,13728
d:c51a9a92b7e24502867a89bd35886ca6,13729
d:c51e41ea905a47bb9ea53690ce126211,13730
d:c51e8fe54e24406b8ce7eb9da1859679,13731
d:c52bbdd53f294d159c3a4393c624b4d2,13732
d:c52bccca8a4348e4ae12ac5dc9b31d08,13733
d:c52ce8be1e0e4cbd8f7c0cbac5701e3a,13734
d:c531d7435fa04bd399d0700b172c9e74,13735
d:c53b907d16694ed6a103923ee79919d6,13736
d:c53f5b7a722146078d6e264a9048cac9,13737
d:c547f4557ef84702bf82c006d884a7f8,13738
d:c54840988aec4cdcbd203ad4e39f423d,13739
d:c548f6e9a7b14925b7783cc69b2f0358,13740
d:c5495b91ab924f21b0f9bb73caf1fa74,13741
d:c55097d384c14665bd3d4075220fb2df,13742
d:c556a76814e54f52bd7edfcfd0f2ab9f,13743
d:c5630925fc644156b231f953e4280feb,13744
d:c56312cb969d43c895a8ff41ff70204f,13745
d:c56b599ee8854d5aa1ed3757bcb87575,13746
d:c56b9e7822f34fbf871d8ffb2ab56b9b,13747
d:c573533936a74d02af0945203421d9b8,13748
d:c574a59a745f4ac692cdd22beae130fa,13749
d:c576716f985144159934547180f5dff8,13750
d:c5772971999e4d80b048ee6981ad3af2,13751
d:c58234390e294404b14a61ea93091e9d,13752
d:c5849e96429141fa85300e4b160fc994,13753
d:c58a8654b01847ca93e278f479978095,13754
d:c5920a079301499bbbfeee40176f8570,13755
d:c5934405b1fd4f49a05a48be06ef2e0c,13756
d:c5939eac8f1949a2ab5b842cad39da1a,13757
d:c5a1be418ca545909c89b2601d1c5b30,13758
d:c5a1ec4166ce4ec29969a71280cc478f,13759
d:c5a528f166904ef49599cf8dd2d3c3bd,13760
d:c5a6ceb0a5ad425bbcdb39aacff2899d,13761
d:c5a9aa9424ac4e059421406dc98c2db5,13762
d:c5aca0ef239e41c0ab3285b274decaea,13763
d:c5ad44f3ab374f15994ec7f04bba2216,13764
d:c5b02dd66f3c4f58b7b5b11d59d67c6e,13765
d:c5b35f44737940478a07af0c4f7ee57c,13766
d:c5b4080764c9431ca5d9627c99af41c9,13767
d:c5b602ce341f4b4a97c9074ab85c2664,13768
d:c5c4ac53a03044deb6e32b18892b2371,13769
d:c5c897da23de48918d16ec1c6fcb77a0,13770
d:c5c990278891491887338df4807ed196,13771
d:c5cd5f4af05e45169c5b145efaafff11,13772
d:c5ce5f6d7a37431ab3d8a8e368da854e,13773
d:c5d338b31e0e49beb22e722aad6a1e6f,13774
d:c5d3678b77934c4882fc9399d9dafc25,13775
d:c5d37ddf92ad408e8dccc67dfa225329,13776
d:c5d79f12103241918c666a7cfce4394c,13777
d:c5def15b4c6242f19acc6e97e3d45330,13778
d:c5df2bae2de14222819cf5854fe19107,13779
d:c5e00f7cc3c44cea985bf02b55c95fef,13780
d:c5ea787577aa4c12a62a8cc187039135,13781
d:c5f265cfa22646309a9879c83cd87caa,13782
d:c5f6a95d4326410cbf593a175ac2f7ff,13783
d:c5f705c387ac429f8d8fa5a0470a357f,13784
d:c5f8c24264284947a2da8577d5cec522,13785
d:c5f96de81ed74a3faefb76a3a8240431,13786
d:c6021bbdaa45444ca8791c821434568d,13787
d:c6033a11d86e4e2586766b4a11d48212,13788
d:c6037cef30ef4cc6a6e2d25af18b7005,13789
d:c609ad39aa6d44acaf5f194c0bcb6b69,13790
d:c60a5f8c8ac94052a173360bf6ccaf30,13791
d:c60c9771767641a8984f9c82decc86c0,13792
d:c60df40ac54445dcbd26a9aff85664ff,13793
d:c60e72eee7ac4fb7a297daf48e810ff9,13794
d:c612a3fbbb614464bdf5b3b5a3c38163,13795
d:c618d162f60e46dea800875ff5b0c593,13796
d:c62bf1ac14564812a46c3d81b6e4b19a,13797
d:c62e85e27a8b4c35a2bab81db4fbfd30,13798
d:c62fbc60f15f4510ae226c3bacdadd2d,13799
d:c6331f59c7304cae9cea5168587a28e4,13800
d:c63416497e28453da3ccad5d813a7fda,13801
d:c63d75a52024409ea856f4646f666dbd,13802
d:c63d9141dc25498f806462ebd09b1e6d,13803
d:c63f313602e1469abe6336f51f36e0af,13804
d:c64e35e90794496dbfa9efc0e3a67fb3,13805
d:c655448056ab438cab07c03e7327d8fb,13806
d:c657642a5b9c459caeea0805eb7b0a1f,13807
d:c65cab2db6c34340aabc4dedbf9ceb6b,13808
d:c665e01fdf764619922aa25f2ea73de6,13809
d:c66a7c3830cb4aeebb094d6233d2dbce,13810
d:c66cf9c5d87840019fc8ba95ad6daaa5,13811
d:c676e68e65214a1c8a31414f403d4498,13812
d:c6788c215b254bed9e17ed6516a094eb,13813
d:c67c54e9fc62495ebc3cfa6ce484652f,13814
d:c67c6b95e5e841fd91ee4672da684d2b,13815
d:c67de3085ac94611b49fcd78fa232e72,13816
d:c67e52207d8d4cf094fe970d08f3ea85,13817
d:c68296664dd945bd85b106dca3d1865e,13818
d:c6857f5a79854ac3b271eb419b8595f6,13819
d:c687d722401c4081ae28f6abd6ff19f8,13820
d:c68e39fcfa884df891c3552321d73d57,13821
d:c691472ecfea4758b89c74f78c2eb10b,13822
d:c69c567bbd364216920193eb79b69199,13823
d:c69d9863c07240179c3368319c7f504d,13824
d:c69df593abc54b0981bf144b0dfe37a4,13825
d:c6a3094706f147c498be4f2d29d5004f,13826
d:c6a4d6ae19eb4fecbb3885aeedf113ed,13827
d:c6a624358f06441e8be17f493a900eba,13828
d:c6acab387e9d46539be9011036b2cf2d,13829
d:c6af1164f58b49f8a899165eaec07ded,13830
d:c6b1df3cdb444aef96db0b4a85123511,13831
d:c6b5b5b113934b0a8cf4fbfc99a3549c,13832
d:c6b894e67823422bbbb78b3b039275b6,13833
d:c6b8ab40522b4e358b851904bcd5fc0e,13834
d:c6be8eb482164852b7947fb59abc91fd,13835
d:c6bfe2814bd94c66ab6dcda3ccc3ff10,13836
d:c6c0b3144de24c7d8335189bbc91082e,13837
d:c6cb228babdb48ecb0cbccba32ff13dd,13838
d:c6ccb22f3ecb46a1ae33af6bae1f611e,13839
d:c6cfbc2759884de8a8ad8ca93ae8405a,13840
d:c6d2342b7d354767bf90a222230b1c70,13841
d:c6d319cbf56d4913b3dbc12d0aebdb6e,13842
d:c6d58a88f321494abf56cc83c81e9400,13843
d:c6d7871358064dbda3239f14bd3cb3f6,13844
d:c6d97fce123545eaa1c2fcdaf7c98b8f,13845
d:c6e3f38e7d8a4418aab093c23520bafa,13846
d:c6e75ac7f8304a3f9917ed0ed3acc478,13847
d:c6ebf3d5a21c444d969ce2b2e5281e4d,13848
d:c6ec2020aef441269e8d4030c0fe7b54,13849
d:c6ed32b850804d529767ca3371fb8a4c,13850
d:c6ed4ef93d85406bb17ecf43fabe6d02,13851
d:c6ee6690fc794ce1bdaa97099432e431,13852
d:c6f00a507df84eb29f67cc93edc4c737,13853
d:c6f35ddd98ba4ca0b5746c3e10f633ef,13854
d:c6f76a30685d41d6a14b629c89a88dcf,13855
d:c6ff389d875c4ec1a41c42af91af3f58,13856
d:c7020ba3609f4ef0b81e3206be3a5548,13857
d:c7063de676df4ac4a2d48dee00895022,13858
d:c70d415d6b914c2383e0498593a381ee,13859
d:c70d70c3507c484382bf0c58df7d2106,13860
d:c70e20f68769489eb70dd064acf5a8bf,13861
d:c70ef447b69b42ad93a46faabe6dcae1,13862
d:c7120017205b4ae3a3c6083fecf5489f,13863
d:c717631e61d049ea98216c11db978a55,13864
d:c71f1072f5ba4484895e7954568a1428,13865
d:c7206abffe0c44c69a1245a56c7ec7c9,13866
d:c7244ab7629d4bcc9857d99d64f1b42d,13867
d:c725456ed9d64692ae09d79c21326a46,13868
d:c731da6a9a244b68b9b27e552bc29bf8,13869
d:c73ed8e5a38b4c879b6ee68b86ecf019,13870
d:c747dafaaeba43268db6ec02035e9cb3,13871
d:c74c2d0234084ea48ad74c985485d823,13872
d:c752903b64914deb8be6ee46dce1683a,13873
d:c753c395fd0b4f32a4406b6a1d050b73,13874
d:c75f432864c74612b6fb101227ffc1a4,13875
d:c75f77c8286a41088c7a97b312ebc82a,13876
d:c760d2f2a94549c0ad02abbf52823510,13877
d:c761b00c30974aa787d6bbef297af6cd,13878
d:c764aeb33e9947a09aa9f7139aab540c,13879
d:c76b95bc32d14ea0a9d3a544b2bbc2b1,13880
d:c76ce8e32f5a46fdbf409f146eced843,13881
d:c771e8460f094eef923bd4ba72249447,13882
d:c77b030049aa493c933e11046fedfedb,13883
d:c77bf3953bae492e85935e5e81831bea,13884
d:c784e54a0b5f4151b69ef12a30513715,13885
d:c78ad8cb08b648a8a5f66f3ea2e13626,13886
d:c78c7f54987249c4b609430e28037ae7,13887
d:c78ce91535fa45f7afc7cb0416ba3c7b,13888
d:c79073db81ef43cf9b6973305e3b3ab0,13889
d:c790e9764d6a4b6f86c7287fee75b4b2,13890
d:c7912a07c064427d9fbc6bdb2c1fa082,13891
d:c79140435e92426a85b25ab36446d9db,13892
d:c79140615234473a86f96728e7083bff,13893
d:c7970fcec3d841878919507b1582a0b7,13894
d:c7988b5d7ae346e28eb218f5c02e8f1f,13895
d:c799c2be5c1d44798c8d2cb1df3c69a4,13896
d:c79f16c1ed0447d4a1d59ef4755f223a,13897
d:c7a43aefc68348ceb023e981980355e8,13898
d:c7ac5ad4df4b4f5fa92c961cff5e4f8d,13899
d:c7b3de1f948f4ea9a2bb3b81782ea546,13900
d:c7b516bf94f24c0399ca25318879f1f5,13901
d:c7b6f816dc534a0296c9b9a811fa8a7c,13902
d:c7bc7e7fa7bb4ca697c5f72f73aa05f7,13903
d:c7c33304811a4eb3bf50fd64f8c06d90,13904
d:c7c6201689374c70a845977248e25ebd,13905
d:c7c955cb49a24568b34842eada5329fe,13906
d:c7cc0ae3bff04f418b58e4a7a7c993cb,13907
d:c7ccadafcdc640ffab8b4d543f177ec4,13908
d:c7d178d6eab14a9fb0d42eb6f54b21a8,13909
d:c7d32f59290c4c74a091194ce179f32a,13910
d:c7d5b149dceb42a68ca8a8c75b697570,13911
d:c7d9b602e0c443d3b955f3e5457796c2,13912
d:c7dc7dfc4b0543b6bb6b7342611eb1ee,13913
d:c7e340a6024d4609ba16c1d4e26b0ec3,13914
d:c7e5dd8c08e84cfdba6c306abbb16bcb,13915
d:c7e7fe87a6834c84abed89f8e5202ceb,13916
d:c7f0096c2b9345e68ebf2d0d74394dc5,13917
d:c7f6adb6fb4f4474bd7ebe24f9294a1d,13918
d:c7f79350ed824d82b242eacb900293c9,13919
d:c7f8f9b8b91e4b828ab3b9b76f97ef74,13920
d:c7fa110143544fc3a67a367c1fd25945,13921
d:c7fa507daf034e34b126d597b6aa4c63,13922
d:c7fdb3438f2441ec8cd1abc6af11e8c6,13923
d:c801d840392b47b083f329aceb1ee32f,13924
d:c80407d7551442a1ba8ce8acc96f1d1a,13925
d:c80575cc9ae047ac912831d37eddd124,13926
d:c805d3c280f84ea894c20a587eed04f0,13927
d:c80c29e73c8b444b9f16292c70adcf3c,13928
d:c80e4438826343ea925bfbf12e6a983d,13929
d:c81af21f5c8b4658aa4b064e0fa693c6,13930
d:c8237a82a6aa4fc88885d7b3c255ea20,13931
d:c823e3a7fad543a1894e3854d2a82f29,13932
d:c824553076a842618d71371f76a6529d,13933
d:c8287aab9493407faffba2a8e2549792,13934
d:c82a44eb4e38439cb52aa823b0c80ced,13935
d:c837fa6772e048f3b756140985de028e,13936
d:c83dd189ba944606ae74c8b5c42f4cfd,13937
d:c846e924a44f43f0b918599f92e2e92d,13938
d:c846ff7c57b3439fb8ac74ff6c3d23a5,13939
d:c8499b55a8cf4e27a2e9692f9b0ec995,13940
d:c8589791329f4ffca6458e9c34d0b5eb,13941
d:c858dba8ec24420cae7fff6fcd50815a,13942
d:c858f7dea4b94536a5b58f496bc7f9d8,13943
d:c859ce951a1241df8c1651d587cbdf7a,13944
d:c85b27f1fd054eb2af9186830d4a9d6e,13945
d:c86823d8608f4eb8b06612d44b875029,13946
d:c871c7950d98462583008b147d3c38e9,13947
d:c871f77354d745beb0d68b9f643fbc00,13948
d:c87c250d3a00477ea22492be6254ad99,13949
d:c87d3e103eec4b96b6132f6af0533560,13950
d:c87e3be7937b494988fd1810e558e1c5,13951
d:c881a5c5977a4fb6b2e9f3d73d218f27,13952
d:c8841b36691f4b60ad41bdac08f387c6,13953
d:c8852a3439b14634b970f316a293a072,13954
d:c888d86fd58b4f8ba707d51f2d5c47c8,13955
d:c89aac782ce5400d805ef3bde6a7b75c,13956
d:c89c6e05587341b69a5ddeb0f2c22ffb,13957
d:c89cef454a894099b975940d54b5c371,13958
d:c89e381f299a48a9920766839be2b792,13959
d:c89f5514def24d72b11df9fc9672ac50,13960
d:c8a3ed8bde384bb797dfa8fe4974d8f2,13961
d:c8a568e50bca43d6ad3c4ab563abef54,13962
d:c8a8a00d51b74a819d33f64594658fa0,13963
d:c8aaab5e2c3848899df92b9e5516e969,13964
d:c8ad151d24f64f6b9e79dea3f0ab7cc2,13965
d:c8afc3c2f34c4599b2ebfd6a6543d3e5,13966
d:c8b14ebf2cd247c0a76972e0a754aacb,13967
d:c8b444e16c7a4f23856fa6318f192bda,13968
d:c8b7764bbd35485fa445c2b3d1219448,13969
d:c8b79a1b251b449aa0739b3cd411fff6,13970
d:c8c08733a4574f93aa26b12689580550,13971
d:c8c8a7904bed4f95b2e4d5f1399d6992,13972
d:c8da59bf4aaa46d99832742cec248a07,13973
d:c8dd182696584ba18bd7e0e842d5f2a8,13974
d:c8dde9bf18104814a5d5e611da3041d8,13975
d:c8de1b7dc9814f4088d4a65de9f8a08e,13976
d:c8e558c29be248beaa5502e838d67835,13977
d:c8e80f8cb70e402080e3643164ae4fe8,13978
d:c8e82052576444058a62673213e1e0e1,13979
d:c8ed27c13de044448c2747fb2a17d65c,13980
d:c8edcbd43fe845ceb0be4e885c971100,13981
d:c8eed778ef664eb9a0e9108e9a6d77be,13982
d:c8f44156764c43cea12dce8a5a52bb88,13983
d:c8f5b73fa3294377bb07cf3e2bafaf56,13984
d:c8fb6859123d4604a178dc4f86a303bc,13985
d:c8ffb9c494b44616a42ad48f07273c72,13986
d:c902748fef614bb895be558907ae181f,13987
d:c9083c22d8f14648af12ec08386c1445,13988
d:c909fb1466694234aaa3c38d7fbdf4db,13989
d:c90e9983b2534933ba5ba580723f82fe,13990
d:c91034749c884f5290c76e0b73da0bb9,13991
d:c91129876ad9428a9c00059249a67e1e,13992
d:c916c79c69b34709b87c6a4c69008715,13993
d:c919f426a7b448089030865430fe8043,13994
d:c91c58da99f441d2878903ea3793ac9d,13995
d:c92215bbe44a4febbac9f4938f276fdf,13996
d:c923c8eee0d2401cb14f73a6ca756087,13997
d:c9253281775341209eb911cbd039fd6c,13998
d:c9264b073d494d7ca136ebacefe88fa8,13999
d:c92689fcaadb40ed89610e0f12e7857f,14000
d:c927a216148a4c558ce1341a0313f5ae,14001
d:c92edb2fafbe48e7809d7fc86f9ece52,14002
d:c92f645d0523440bb16dd5d6b3ed0893,14003
d:c932bb5a5ee548d580480fee31889a4b,14004
d:c9345ac963824a998de3b37adae79dc5,14005
d:c93d2fc9c12f446d9c482d6a68cd7d21,14006
d:c93e8d45a2db4273917c77ba3420d33a,14007
d:c93f0755a8334cb189237b2efae5e144,14008
d:c94274c2a3ac4f58826aaac2531062b2,14009
d:c94abae75eae4eec8519942799cbd754,14010
d:c9503525ed2e40ec9d6fe8d0802933b7,14011
d:c952220e0a4f41698f8edd575c273eb9,14012
d:c954b6972f8d46858fc500c8d2e089d9,14013
d:c955117e5b9d4878814eab3852ab4f69,14014
d:c9566feba34c41d885f0883b84352e07,14015
d:c95c2f0b148e4ee38d05483f1dec66d5,14016
d:c95eb25871a74670a5b333bf9d35e32f,14017
d:c960f603e0d24fb585f5759387b8787b,14018
d:c9666c4ba75d48409f5533b86a75409e,14019
d:c9668259788a4f8597d6ea2cb98e3315,14020
d:c968cd39af41495bb40050ee423f0e22,14021
d:c97250714f1643ec8f4f02a12320bdcf,14022
d:c9756714b574442691dc75e3c50553c6,14023
d:c978ea465e3e4e2f99d8d6a49f871938,14024
d:c98283ce36f3452fbf71af6f05a62e7f,14025
d:c9844820049c4018b5680c7569ddf4eb,14026
d:c985e05fb7e044ca83c1c2c256f9bdda,14027
d:c98adb264926499cba2c77cd8ea56b79,14028
d:c98d35417cf041798f4860cff79c2cd2,14029
d:c994ef37272d406f94bac421835680a4,14030
d:c997d957dfed4496bb22c386986e150d,14031
d:c99f8869514e4efa967afc3748780749,14032
d:c9a1fe1aec9049de986bea05d4e34ff2,14033
d:c9a93adc3c864216afda10fce21a7b9f,14034
d:c9ac2bf0a673463188e1dfcb51ae8018,14035
d:c9ade98066234a409105089602231fa3,14036
d:c9b574a8b6a847d9b24b5822554228e5,14037
d:c9c1195f01264efb82bdbda3c51e57e2,14038
d:c9c3eb58395a4624bb8a173f39b9c3ab,14039
d:c9c6f38839034d90b4365f299b81e71a,14040
d:c9c7ed3212164c90ac2c3d6350e47004,14041
d:c9d6b24edbf5457db0625425b3d82c39,14042
d:c9dad3ef362f4eabb3019f208915e823,14043
d:c9dfb7238d184271bfb1efb6b75b7f5b,14044
d:c9e0f69183ef43b0b9fde7e2c3d71d50,14045
d:c9e3cbf1109e451dbf61563bde123e86,14046
d:c9e73062e22c41fc97d88658fbed6ef5,14047
d:c9ed8aed97da4e69b56469abeed4b40f,14048
d:c9fa6015e43a44b2b74cefdcc020b28a,14049
d:ca0143e0f4cd48dfb11c68356cfd4e31,14050
d:ca018c47f3cc4fd3a04691d50f43e18d,14051
d:ca0279af89354c8bbfeaa474655c814c,14052
d:ca097c6f6f7e4e35b029e0d45955d395,14053
d:ca0ad880d86543b99b9b42971b8f471c,14054
d:ca0b07c5fcf84b0a87576411204e686c,14055
d:ca0eaa723ccd4b3587a8121340702c3f,14056
d:ca1155a1645b49128019ffe327f8c137,14057
d:ca154ca214a34efe81dc58b6af306d6a,14058
d:ca15a1a56d5e45cbb05b133cbb6c66ac,14059
d:ca17750d0f8c4d779a49e37594d90c06,14060
d:ca19c164504e41ec962598d2577d319b,14061
d:ca2320f44f84411c8c23a6895c35549f,14062
d:ca26be1f88ee40059c17c612a20e894f,14063
d:ca2b9a2470844876bf150fb531935a67,14064
d:ca2f5d72ce45401690290e8082a2a708,14065
d:ca35765e27fd4460aa6a776e0f454c34,14066
d:ca388602794845a28fc7ff22fa3abb0b,14067
d:ca3ac235c9fa4f9fad44ffc0ee1a36da,14068
d:ca3c56dfd2c34a2e8501657bbda8e734,14069
d:ca3ee6855be340d18c1f10d0aa464400,14070
d:ca4297f1e3574030b5d97bfd678d2be9,14071
d:ca4451a8a31648c0b0f8402555561acf,14072
d:ca4454f27bfd43fc923102175da331e0,14073
d:ca460f1daf46482292f7130f3291aab6,14074
d:ca4bcc8d3f8447cca29851012b3ba932,14075
d:ca4e6ba49263482d83e11744078d0d4f,14076
d:ca4fa9e866d144388d367ffd3adc7798,14077
d:ca50b706647f4397a311582c717511d0,14078
d:ca529b0e928447fda2061efc2a059214,14079
d:ca56b2bd09f946caad5534c551355823,14080
d:ca5d347ca5254acabcb8c568a4e76caf,14081
d:ca5f0e92159f443ab12a5608eb638823,14082
d:ca60c40876bb4e94a1a4a9d79c180f1a,14083
d:ca64e68ded6545069fa16a4cc7d7c3d3,14084
d:ca68cbedde964c69aada0c1b078c2551,14085
d:ca6927f4ebdf4ddcaf20eeb075d91170,14086
d:ca6a20889b364bd5a36efe6e67aefd31,14087
d:ca6aebcefef44b1c9b19ded23eff9eae,14088
d:ca7f19ce102d409b88f20dac3ce0d2a7,14089
d:ca8dfa6a68bf44c68e3f11a13d3da274,14090
d:ca94744bb3e84450b562512c035555a6,14091
d:ca9eac688f4e4f1f885754f4abaea91d,14092
d:ca9ff069d3b3441f90f62d31ed1a28ca,14093
d:caa49f372cd545198ee80e59acd2eb81,14094
d:caa83fa608d74fce8ec1e5de598af8de,14095
d:caa95a311ebf43968a6c2670e2b0b56b,14096
d:caa9eaa8f7174b1c8c22bbb603d23288,14097
d:caab409456b04ff2a9d1fecc06d4d2f2,14098
d:caad034239b643a78af50e0dc3328012,14099
d:cab08d09d0d64966a5a758d3c0b4d65d,14100
d:cabaa94399434f869b634fe442bc4ed6,14101
d:cabdb0d0f00146fe9c4e297e2bb5a202,14102
d:cac027c0ab374609a9afe6539c9fa167,14103
d:cac4a2f53e584713b48969e2a23ddaca,14104
d:caca299f526e4831a4b0edc1f91d8330,14105
d:cacd4c5da8114f319ba4ad1e4ded4cc8,14106
d:cad08c052bcb41abadad84db0d1401c5,14107
d:cad4d2fb92f9417daa22d2a33e7c2b08,14108
d:cad8a96fe848490aadf8f8bfcd1d7997,14109
d:cadb5e9bcf7a44e184d50778790ea7c4,14110
d:cadcb99b097e4d4ebd21d6cfdb13781f,14111
d:cae607c9f4fd43e6969c869a83a696ad,14112
d:cae88dda7edc4eda99318cab4367843c,14113
d:cae978edf8d840d98ccf9b766a999852,14114
d:caeb715b4e4f406fb2804d1c542cd47e,14115
d:caf233b86ffe4a0e958c35f59b247734,14116
d:caf2b47a077f4283a83286fed36f5a92,14117
d:caf45c123bf74dceb0b8f886ee33731a,14118
d:cb03f71ee9b74c649e1f8c6905b7159f,14119
d:cb07d3c7b05b4f65ab63af0db6134c0b,14120
d:cb08490ee1a54890bdb48ed3a4fdf19c,14121
d:cb09bea4fc204bd6bb136afb5a59bd3b,14122
d:cb09dd8a2e924a1b91fdeba016a2be20,14123
d:cb11daa3ed54466aaa8bf2f226735f9d,14124
d:cb1610b7c6374089bfce650d63e8496c,14125
d:cb19a3cc51e747888ffd0a1d372296fc,14126
d:cb25d767ad284159ae71fa65b6726d60,14127
d:cb26feec8c1949f0bf01dd0aa3d21241,14128
d:cb295ccf467f471ab7e39ef8776ee63d,14129
d:cb2af6f04a294c398433026fb4d95a1a,14130
d:cb32315155b04abcb2601decceb6b591,14131
d:cb39041807334f0aae70e0f34ded3802,14132
d:cb3b759f0948460e95aa5115ad9b053c,14133
d:cb3f4101f56d4fc69bb2d92503c88fe3,14134
d:cb3fb6b44abc4020ae955fcc33c3bc66,14135
d:cb409ea31b73499e952694df3beb0685,14136
d:cb46d86e08da4c55ae7e455eeccb1251,14137
d:cb476e6a956649919b6e65af2fdcd6a2,14138
d:cb47988f0d5c4592b20e1aa66daf04b1,14139
d:cb4e9c2eea434f6cb79c2f3f2d692903,14140
d:cb515e2f38f148129bf401812f253a83,14141
d:cb565d84026e494c8a571633db656bbf,14142
d:cb57b125a4044518918fefc6408a10e7,14143
d:cb5c33a5d24145ce93f6635d79289321,14144
d:cb5c42bc150f4d438378de04a022030e,14145
d:cb5dc7f743504119b01b4767d0c884b9,14146
d:cb60840dae5746babfd0d8105997acea,14147
d:cb61f74fe99741f6b9e549a6f9d7109c,14148
d:cb6dcaeba49a4a599d85448ae1adf1ef,14149
d:cb6e361d7c02433d96c56250be9d425e,14150
d:cb7af5bb8d834ed6b9d738c876b99ffa,14151
d:cb7fa8abe47d44718d82802fa48f58fd,14152
d:cb8708a17552454a97fe3a7ed6ce4e78,14153
d:cb874fe79af94aed9ab8727b12771576,14154
d:cb87f6618d1a4f42ae3c550ce8b58856,14155
d:cb88c8fc28ff4d37b84d7b0445c87612,14156
d:cb8b078dc6e5431982e7bd5c59f73b76,14157
d:cb8d544386bc44e0836eaf6a830c7d61,14158
d:cb8e7433745149d886dea4151b842644,14159
d:cb933a77f6be47618abaa5770bf5b6ab,14160
d:cb95000ad4124958b7d8b1c8b97b1540,14161
d:cb964a0cc6ae4331ad1b09bc1b6d86b8,14162
d:cb96a5cf7aa3423f867171a28cef3467,14163
d:cb99f4266f25491dae9bc8bf668f4f16,14164
d:cba62ac814ed447fade15327b6618879,14165
d:cba8346e40c54664a70959d725277396,14166
d:cba9b6b516fc416abbaf2aac4db24160,14167
d:cbac5554561340dfb128b5692c4f4f9e,14168
d:cbadd790364145c2a39311283710d52c,14169
d:cbb39c4eb1564a6bb4e3761563d3bdfa,14170
d:cbb6813167e44c6e804264e325149c22,14171
d:cbbe3feccd684d92bfb970f7f4d347cd,14172
d:cbc4af2aff3a414191c1e896a719b94f,14173
d:cbc4f1e9af5a489f8a1b30960ec96f05,14174
d:cbc62b46b6e4497e96fab5902e91243c,14175
d:cbc63e1076b040a88e8361d99618a03b,14176
d:cbce4a7eded5461291cea1f38fb0d9a1,14177
d:cbcf986ec676496e85dd56620792dc08,14178
d:cbd175bda7d24134bcaebadcd6f7eb03,14179
d:cbd1b5d2f67d412db98bb8701132060c,14180
d:cbd291cebcdd48e39dcfe1cf8c34af93,14181
d:cbd4a70c0bf04063aae77c0383268de3,14182
d:cbe83f860b3a4c6291c478eee6448fff,14183
d:cbea43b936334ad0a6350ce9e54c6f03,14184
d:cbf25d0198eb434dbd74c3b2692c2325,14185
d:cbf2b5b84fd94c6d857cf6e4cec7a514,14186
d:cbff846b7eb340eda3af66058766b81e,14187
d:cc06e457fb964ba296981e419a422f1d,14188
d:cc07339c361f44d99c29098de3a9cfe0,14189
d:cc0db9a3c87b4c65bb070366a70bdaaa,14190
d:cc0df2a47a834f168c5a521d1129cee0,14191
d:cc18577d390041e79dead6b7ad0d0815,14192
d:cc2055c377b94f1cbdcf7e1b636c44e3,14193
d:cc211c3e3a484d0da91bfbb2de8dde54,14194
d:cc229b022ea74c9497d64f2e4f3fcd66,14195
d:cc25b7f9f5fc4bff86e0b988bbc997ae,14196
d:cc26555467b94f32aa4cbc6755dabb42,14197
d:cc28d5eeae5c4b01adcd0c54f9462510,14198
d:cc292576f64142bb9218cfd50505b657,14199
d:cc2d60b5b7a448cead1a8872da6e74d2,14200
d:cc30f62518f34c16912a0f93a27fe906,14201
d:cc340fdf1fd3402c86d7381dee8fedd1,14202
d:cc35001b555e43aeb0ceebf8971fec44,14203
d:cc3eb92fe0454b89bb06ce1f87ddf6e7,14204
d:cc3f4fc7bc334e22aea401003e762f7e,14205
d:cc3faff398474dc8b1eb455e7db5fa19,14206
d:cc414b670e0a42f7a5177a7dcb0eede0,14207
d:cc4275c9fd0b4c51842717efad738d6a,14208
d:cc443bcd2a614270b5d2f5a4595548a0,14209
d:cc49f3460b5c4650b467d99c2cbfbe80,14210
d:cc4cde7d57a8486b996a00dee98698a5,14211
d:cc517b8974844c8babf3967354432d38,14212
d:cc526a2a00f944ea9d8720d971145983,14213
d:cc54b26445314e43b10efc2a8627b7f3,14214
d:cc5a7ce9356a4da1a0ebffa68775ecec,14215
d:cc5dd5a0ecec44fc83e7d6926ca1b8a8,14216
d:cc64a4e0e9aa43b0bedafa320d7336da,14217
d:cc6a7c7b63e4423c8a52a346669e5f84,14218
d:cc6d59188eaa43c9a0632c6654f72352,14219
d:cc7865f928ba431d9e8fcc526f2f242c,14220
d:cc7a73588ba740728cf660a69a9daea7,14221
d:cc7b167e064d402992bd607504b00771,14222
d:cc7eeda7cbc740e082893c7e8cab6f34,14223
d:cc7f36a6695b491685794dc153b246d6,14224
d:cc8c179889464687b9013d8f8eb45b7c,14225
d:cc8c1b75e170476e9e1b7c22d1b0d9d4,14226
d:cc8ec0a824ae4e5a81c50111e7f17b50,14227
d:cc90ac801a5443aa92bf2a6f3c532dec,14228
d:cc9ef1ebd9ab4c1399d98117a158ab21,14229
d:cca3e5142c2d4a43931a5a6ab3907e59,14230
d:cca4ffeb61904d42b5b0dc375cdb84b0,14231
d:ccae505622b1422ab2b0debd80c84048,14232
d:ccb1ff9667284d7d90e4b2f58abb472a,14233
d:ccb320ffa87d4e428cec2320c85647bb,14234
d:ccb3eccb9eda413dbbe455606df9e116,14235
d:cccc84126d33441cbe57609bc7646d40,14236
d:ccd23ceab73b4165bf96b758f053e808,14237
d:ccda82dcfff44d6ca6d1dd74334ab4ce,14238
d:cce019cc3cfa41a493b0bd7e6770b116,14239
d:cce431e61b554389839106e5b6cc196b,14240
d:cce775b8d09d447ca0c04eb8c1c70b78,14241
d:cce809efe56e432cad065ac80e8c3a47,14242
d:cceb3d373cbd4c368200b436f3f10c4e,14243
d:ccec8a92cdd54153a651a5e0a63bef91,14244
d:ccf306e1bb3a44d0a1a596ad484bd1fc,14245
d:ccf307171dd24c5bbf304c8f573fe1a7,14246
d:ccf31a0497564eebaee6ae31512a0d76,14247
d:ccf70cb48f904242bc91b3076e2aeaf0,14248
d:ccfb098ab6dc4ba0a97fbb2eda66df49,14249
d:ccfdb6ab15ad406f8a673a5f8c33f713,14250
d:ccfdbd48936048e7a1abfc191426a264,14251
d:ccfe1b965d174433844a921ff7a79467,14252
d:cd11058328ad43f69ae93a9c0c1b19fe,14253
d:cd11c0b131a64cd7a2819e930f6620ff,14254
d:cd149b4560bf4b0596cb091f74f0561c,14255
d:cd24ca374ec848ef9e0777f253e9af7a,14256
d:cd2621fa92dc4e628c67719f24deb6a2,14257
d:cd26fbee622f4645b87ab93d9778051c,14258
d:cd28b784a3ac45bba303fb6c769d44c2,14259
d:cd29bed98b604ce98312c189cbcce3e2,14260
d:cd3048c6e1f5409e9ce4cb63eac3146e,14261
d:cd325a28af7445a2a49ea7dd196d1d8a,14262
d:cd390f67b78d452ab3b0ba2f746401a3,14263
d:cd3ad2b2d9ab4246955bf0ccc44d3308,14264
d:cd3f82691afa4501a3015256658b364a,14265
d:cd45eb2aad62400e951356530d74f3b4,14266
d:cd4a19e76d37434e96b69d7493d1374f,14267
d:cd4cabfe9c1d4e4b9e28d4b2580b3cb1,14268
d:cd4f48082bbd465aaec2c5e6ec814391,14269
d:cd4f5e60f3dc4193b5a1f316a6c6cce2,14270
d:cd52aabdee9f42b781e298f6b8a6908f,14271
d:cd5899f8f0c84fbd9493907001156a29,14272
d:cd5c7d02300c4662acd7e8f9a5173303,14273
d:cd600e4ff0b04ae8a5745be2d82cbacb,14274
d:cd642607a364471e81ca9b8217e82933,14275
d:cd65372fa9604db9891eeee403e3308c,14276
d:cd69705f0da54ac7a641e01c21c7c2e8,14277
d:cd69eef0272e46c29d01bd28d270db09,14278
d:cd6c7c8482ef43fca390dd2b49a628f4,14279
d:cd74135d3d114fac8c5a8be0d44bb09d,14280
d:cd74aa51a49b46e5a0ec8b3eeea3b3f2,14281
d:cd81f7e26dcc4f50b96d9c79dd2f6284,14282
d:cd89b9df26794d389a5a51b6a1e96163,14283
d:cd8ca8583f96499889963ea78e0dc718,14284
d:cd94c5379ba74cc98ee2563cf82d4b68,14285
d:cd94c98fffe44e85a2d25018c95d743a,14286
d:cda146553d9349d6a80ae4a9bbe73533,14287
d:cda64cf195a64977a204a2b694d7ad5e,14288
d:cda7fef479454ceab36001137913657d,14289
d:cdac1ca611a24ec29d1c5c2e4beef632,14290
d:cdb4b8ddb92b4e41ab7d756af55ce02d,14291
d:cdbbb08487d04e94b23ed5000d8cf926,14292
d:cdbc163d96ef43de90c58f73df0666f6,14293
d:cdbf7e17928d426184392123474982db,14294
d:cdc753393dc64d60864ebc7340b0dd18,14295
d:cdcfaf45f7aa4289a0bc0df395d2bc6b,14296
d:cdd0a0d265bb4eb2a32b908d3145eb36,14297
d:cdd13f6cb68042d0a5d38c8af4c51b03,14298
d:cdd41d24c0a4406c9780c62b8377b0d8,14299
d:cdd83f12ad3d4606a64b3883d37008bb,14300
d:cdd9b3d5054d496eb7588099a0c20f0a,14301
d:cddcec5e8e8a44b48e827d7adba4750a,14302
d:cde1cb8c4c0840eba5820e9f0bf8f913,14303
d:cde935e1f68442cd96d73aa6d89fc818,14304
d:cdea77b790d840218484c51746e91b55,14305
d:cdec6bad3f2e48849d9797636e1e197a,14306
d:cdf82828a09d4a3e8ea2fd059e6f526c,14307
d:cdfa083a5f5c43fcbb335e3c4da41fbd,14308
d:cdfa78abfd2544b6bb4837a0ba0213f2,14309
d:cdfae13786b348ba90f33156370c545f,14310
d:ce0076550e2942d3a2dcef9ce91abe6c,14311
d:ce008ee808124cdabf3336d96191ee30,14312
d:ce1985bb3d6f45349f890b8e60bb5715,14313
d:ce1f26584f544c4b9778d4abb7498c39,14314
d:ce210e504ba643318bfc35f91b9ebd7a,14315
d:ce29c6efaf1e4ed68f2fc94025e1a6de,14316
d:ce2abd60925b4a2b90360961a8a39bc9,14317
d:ce3bbb99042146f0a7b9d935388589a6,14318
d:ce44967a8a1141939803b108dfbf9e07,14319
d:ce457774db4147249b70005ff72365de,14320
d:ce48ef4065e946a0a26640dbe33e6774,14321
d:ce5646740ffa4a1b940416e831e424b6,14322
d:ce575812e1ad4a5fa2c7ffb990791ce9,14323
d:ce58a419709f439b8de1c169d8454b81,14324
d:ce5b0f8733084ee7b54ac053f0317196,14325
d:ce5ee2ef729d4189a5fc14454ec38ba6,14326
d:ce6546f41e3e4d4e9ce079eae86927a1,14327
d:ce69f17bbc234fc0b94c03bd043784de,14328
d:ce6c2a851319423498049cb115da53f6,14329
d:ce6cd362428042529e6c2bdf51bd9916,14330
d:ce6daef9d4ac4d758186e6e1fd138138,14331
d:ce7126fe67e6483ab64d36f017945d2c,14332
d:ce77507f658c42889a672c2a366f50cb,14333
d:ce794ac424684fdc856666ed871508e3,14334
d:ce7bce9dcb224a48a9c695004a904e51,14335
d:ce7f2cf5575f4d45b224c5e609efbf03,14336
d:ce801221a00741b5b725a13a6022bc20,14337
d:ce815d3e92e24c9a95766b87ff30453c,14338
d:ce8356153bfc4df9afd5d035e288c4f2,14339
d:ce878d3afea1408d8ce4a62a89084973,14340
d:ce8f5883114b41c9abea9cbc3f62c37e,14341
d:ce947015813349b797fc79980de30fec,14342
d:ce997b7a86194e0985b4e71e31f48079,14343
d:ce99cc6dedec40018326410fba3b4eba,14344
d:ce9f67738b2b45978aa1a97e249b93e7,14345
d:cea4e4e9d8834e4fb943c21c6755422e,14346
d:ceac590e05dc42d28e8b2bfa4f9b4c40,14347
d:ceadf90208ea4228b26a238cc6316a98,14348
d:ceae5afbf3f940a1b124ef815d477874,14349
d:ceba501f444a43eb8a1331eaa5d5d9b6,14350
d:cebdc868034042b09c4491e704cbc5ba,14351
d:ceceb9ead7a74af0bb28edf1b4fda3de,14352
d:cecf9877ee644f60867b64d3dfd83d33,14353
d:ced690a2869e4d169904f54bef958c11,14354
d:cedacff72b0a440fb621dc9e08549f08,14355
d:cee164fb38c147aa9888aa7dac5fbace,14356
d:cee2a33761e1403a8de373f3dc876797,14357
d:cee3c836fefa4c28863bbb1d96319655,14358
d:cee420687776499eb70d673d1acc1f3a,14359
d:cee580049da74a17a9edefdcebfb3cce,14360
d:ceeb2232f1944edf8e726c3f9ee8d0e2,14361
d:ceede53fb12a406e9b4b5ffd43652281,14362
d:cef1330f32964d1da2d24a713bdd28e9,14363
d:cef35c3f9c6c44e981198fcce44cabba,14364
d:cef975b9a92b438d9dbea04777db2823,14365
d:cefa23f1f9244493bf449be63f31cddf,14366
d:cefe3d9215194aa39a24d18a29b065a1,14367
d:ceffe053db41494b992f01191bd1d1ca,14368
d:ceffeb7eb9f4442c8e358506d0cba617,14369
d:cf057c740c8f4fd393f538e661d858ac,14370
d:cf0ce12faa7345f7b1882cc837cbe009,14371
d:cf0cfa9adfbc48a2aa4b5f7d7b9cd999,14372
d:cf0ea095667b47debb2956d16173c794,14373
d:cf1068b12cbc48398708c2f75cf45f3a,14374
d:cf10adcddcdc4b029c7751aa4194cb15,14375
d:cf1690f3c8e14086b77650cb1c65924b,14376
d:cf1b08f87fe041cfae4cce3821f9d1ee,14377
d:cf2574432d7d49fc990ba095047ad06d,14378
d:cf26242914194a1b8b0efd7749aaea2b,14379
d:cf2707c170394b04bb2bffbf670ac00e,14380
d:cf28e98946fb4530a0c73292403913b3,14381
d:cf2aca5e21f6409d9157d413c158c8dc,14382
d:cf2c2c78b5354d74acce0c27a613efd5,14383
d:cf2e2fe7c03b4dc099da3853dcdb643a,14384
d:cf31a6bc11904a91afd764ff4f35cc4f,14385
d:cf32b60ba75640aabe089c09eaa1e021,14386
d:cf34b54fb5e94ae6b5263abaab2eb907,14387
d:cf34f8bc5eaf40dbb67ea0e42f276d61,14388
d:cf3ab082b5734962ad8d09c8c8056c7c,14389
d:cf3de12c4fa04132b566acc6425936b8,14390
d:cf4a067dee5f4bb1b9fa34341b5c9877,14391
d:cf53268da88146c9be17801d6cd6b633,14392
d:cf55158e9e1e41fdb9b2092bd64f0806,14393
d:cf5a38844e9e410495a2b8b25f99f463,14394
d:cf5a88b8671648479c9b6d2595b545a3,14395
d:cf5d968d26674d7e8edc08ad7f03f7f1,14396
d:cf626caf214449bea7180e40a2617aeb,14397
d:cf63e90e069f4d3d8f0249f72197db64,14398
d:cf6473ff5c434adca7522c86fa01486c,14399
d:cf6aa72b36b74c478ef8dc5afa012783,14400
d:cf6b0ee57ac041c6aee25a984fb8f2ae,14401
d:cf71c56011cc4f358ed3b35d83e59c35,14402
d:cf76e4f6754e4ea88f2d7143f4cc07b2,14403
d:cf7ace3bafb645bb8afa6c83c521fda1,14404
d:cf8a6d47c3d14c3d996751e71f33464d,14405
d:cf8d5265a4bf4dc88640faa0bbcaf391,14406
d:cf8d95f39ad5418597fc824a80ba3557,14407
d:cf8e2ca5bfb0482a926fc19adac861dc,14408
d:cf8fb37959dd4f009451722c9dfd71eb,14409
d:cf98084904d44f5d8d107bafdef156f3,14410
d:cf9a42dff35b479e8b2adda790d528ae,14411
d:cf9c4735e00f462682339fd3129eccba,14412
d:cf9c552faad344b88694e4f22a25d724,14413
d:cfa51b0a33554190bb420753acec2a7d,14414
d:cfa523d3d0cd45549a946017b2d805e1,14415
d:cfa55e15e1934e909563e66ada66f111,14416
d:cfa6adc73384447cbc2a023e52618695,14417
d:cfa7c1f66cc44a63bbfd8f001b652a1b,14418
d:cfad1c9ca0744113afe1335b90919d49,14419
d:cfae20eb8a564086b90ba50e03d7019b,14420
d:cfae6757781a423dae8a3b2e51fd3962,14421
d:cfb1845def884cbfa724a145636f4682,14422
d:cfb5c55875634a16bb0fe639cef93ca4,14423
d:cfbb087ad9334fa1a74b2ba0e9095cf0,14424
d:cfbdd96f91444c319088f604f9de1e08,14425
d:cfc1e3de635045d39d6d725d2fd18407,14426
d:cfc21817bd8840c68541f1740a6035ef,14427
d:cfc71e81f8154a0a90062e8b752638a5,14428
d:cfc762fb946d4c328d7797cdac601a49,14429
d:cfc852305203429091a0f548c2ee68b8,14430
d:cfc9051c3c864b1ba668bac320dacdd6,14431
d:cfcbc5b322bf447ba1351483e61f8ea4,14432
d:cfce4cefea7044d79ed147b3d9f9e92e,14433
d:cfd1152d92804ff384ab1937cc415d38,14434
d:cfdbe30d95c94aeb9b5984876d226051,14435
d:cfdd93ea3c024a5e82e3c4f675f492dc,14436
d:cfe3cb04a1c7413ba062d81e8e250bd2,14437
d:cfe75875bf31425e8d9aab1b167a4b32,14438
d:cfe7ba3b834c453dbc1f7d961d72c6bd,14439
d:cfed887bbcfb45a89c63c4d4c3e11d43,14440
d:cfee224fc0214080a6a6a639263d969f,14441
d:cff61a7ab4184b7f8b86aae31422e163,14442
d:cff7a3f4e86a4a9691e9602610d8c595,14443
d:cff8348ca8924072bfd694919fa02ec4,14444
d:d004d52c09344289b71d5a2602a61243,14445
d:d00632e491c848748e132d824e09c517,14446
d:d008e9e66a6342fca92269962394f0f6,14447
d:d012323b58e1463e8f39201d939cfdc2,14448
d:d01238f550174805ba6cd870e8fbc66f,14449
d:d0177c539e60402baf7c296e9e1121ef,14450
d:d01df74f3821469f88f98877c3b32f08,14451
d:d01eec675c534737a344a9d1efe60696,14452
d:d02a6f8edfcd4713bc5f5691df58445d,14453
d:d02b13c5bb294895a7c241307b410fc3,14454
d:d03040a1d9664a8280e17adaf088b172,14455
d:d0310f3af9684842964aeb81e544bd37,14456
d:d033bdd0a36d4ca4ad1532c1f0821736,14457
d:d036fd6278064f6aac21aff821fc7c3b,14458
d:d037a99e3b024fd196e6a03f9a5ec059,14459
d:d03dd264dc474265ad30686c230f1e0e,14460
d:d03ead9ebf9248aaa6f1d727321f611a,14461
d:d043731b4c1e4d01ba2bc6cd200051e6,14462
d:d047b58d784448aa998a97d61d0a5c8f,14463
d:d04b6270e5464fc9bde495257367c229,14464
d:d04d34a959c44795810d39c94481becc,14465
d:d04ef188e6bf445993f6b6f4eccd5eac,14466
d:d0512b9c2aae4426918d806118da3931,14467
d:d051d0f8e90044308727f69010c88666,14468
d:d053062f4697417aa4e1bd770dba9487,14469
d:d053c8ca624a44d68bc0d54439ad744a,14470
d:d053cc41bcbd4880b9158e84089769d1,14471
d:d055a90c7cea48ceaa6bab5cd59f7a57,14472
d:d058cc6a62a04498870fccb555851cff,14473
d:d05f46c477914a08836fd0f4a37b1f10,14474
d:d061785a5b604a92b317de03636ef29f,14475
d:d0618b88c3184efcb6ad0448ef6f6633,14476
d:d06316255c9649feb06b10ccdc7c878b,14477
d:d066ad62e4bb4cd4886a203d1c510073,14478
d:d06dfc15898e4638bc6af00f87b95875,14479
d:d07186a3192e47d683b9672baff659af,14480
d:d07529f2b2bb449e979f33ed231211f3,14481
d:d07e42cc0d41409da4d1e440a693ec69,14482
d:d080e4739daa4bfaa03ff4cf61422611,14483
d:d082c6a1a539440396f8b6ad390424d0,14484
d:d08782e2c17e4ea78689a49b8626307b,14485
d:d0883216569f4dd9a179d8b729162c3c,14486
d:d08aaf0d3b3d400bb1834a2f7c57dc8a,14487
d:d08b6b35443c49549a7672c062add2ed,14488
d:d08ce6401c084e1f9bd904b7a3891db9,14489
d:d08f9e7cf74e4f45a4836ff0aa35146f,14490
d:d091986ae8e04ed186a10a8d8268f098,14491
d:d092eadaac5549be9c3b0b3762465fa9,14492
d:d09807b539374a68b95738cece697eba,14493
d:d09950d3346f454c922628ec7d1a2bef,14494
d:d0999a0bab174a50b875f454e758e6e3,14495
d:d09d373e66b643ac83ad1ed5a098c784,14496
d:d09f316ed5ac4855b55db2d834cfdad9,14497
d:d0a0e78444614da4817859ac30f6c9ee,14498
d:d0a29afd889c4a86b1a34c4f16e4da3f,14499
d:d0a593f4b8f246e59575a5c0bcb084e5,14500
d:d0a6e8a322f14098ac3470a0c8a38f28,14501
d:d0acfd63afd34d3ea474a00756400325,14502
d:d0ade49b973242699ef6773660708da8,14503
d:d0b545edcb8f4f908f77c015ac0b0c86,14504
d:d0baae7f42044d83bbe02342eff3f077,14505
d:d0c0d66178454e019c0ceafece51915e,14506
d:d0c6e92047ec4d87a39eb06d9807e315,14507
d:d0c89e1583814b9a96d374e911f70ff8,14508
d:d0d025b1318948d89d90f017430a8074,14509
d:d0d17d85a7fa4317b00fa3516d2e8618,14510
d:d0d8869fd4024a0a98bde15632f8ace2,14511
d:d0d9398914804d68b199fe60d9f8c349,14512
d:d0db77881f6e4c64a77c89dea85dd3ea,14513
d:d0dc556065f6453c874cb30c62bdbcf7,14514
d:d0dde8d53524478cb37a1ec0c751c130,14515
d:d0e3b7fcc898443596d219c12a2521b7,14516
d:d0e60d67c933467398c3a9c630c632ab,14517
d:d0eaf2da2f3c4296bab903395a08240e,14518
d:d0eb2dc3347b4028bee60aef1202791a,14519
d:d0f41fcbba3347719a4d26c42b5e8934,14520
d:d0f461b0e44549868f99351854ee4783,14521
d:d0f68ca6e26943ca91e4e6b28875dfda,14522
d:d0f7bff00702495383771e8f4a6351b1,14523
d:d0f8827665584f839513ea1e96792a81,14524
d:d0f9a469b1e84adcbf59ad8a21c5c8c6,14525
d:d0fa0db9e3724485a6e38964b231a662,14526
d:d0fc394f0f0f450a8deac58aa56f46d3,14527
d:d0fde4fd5c804701b1c42ba52a7aa709,14528
d:d10068ee42e44b0486fb9a39c120a4df,14529
d:d1022ef242154c76ab73a366f853b365,14530
d:d106e645d76b4c42a90047b084b4c75c,14531
d:d107c69d926e46c3b40e19ce5c925a77,14532
d:d10b16ff592347dcbe86e2c64889b157,14533
d:d111283275124ce1ba23a246f7701ca5,14534
d:d11d64bd110844bcaf30bbb9fcd49dc5,14535
d:d121de43e12a4fe9819c1bc39f5f85ad,14536
d:d124db1266af427cac5cd2bb2dd4e9ef,14537
d:d12a3e45790f4c95b65eb58295367d76,14538
d:d12bdc54c7864e01852145ad1884a288,14539
d:d12ec34ef18346219c0ef5f9a7a068c5,14540
d:d131023118ee43fb8b02704274220aaa,14541
d:d13394259f6943c8b85f077240f58e80,14542
d:d1367ce731944fc2b6e3fc755a54e7f2,14543
d:d13be91cc4594b14bb062430e958718e,14544
d:d13d1912e4c34dc09c59a44ba1f9ec73,14545
d:d13fd2d3980c4698806feaea550dacef,14546
d:d14042658a5d4a26afcc6754a3fe434a,14547
d:d140b26ce2c64ba6828d2735b8b6db88,14548
d:d142273679274976ac76eb570f80c43e,14549
d:d1459be975a7458ca0ccd3261c4fe12a,14550
d:d147eccf5eb34330bfb9240d7641c7fa,14551
d:d159db3714ee4c4daeccbb883f0620c7,14552
d:d15b9acd5e024dcaa0395d7a361762ef,14553
d:d15e1fd89b94415cbe9dfb168da4506c,14554
d:d160877d4e2d4f24ae2b9b5ddfde22a4,14555
d:d163a4db6da24086b2f880c8cb9a95dd,14556
d:d16bfa674da842d8987806a1c6f6cfd2,14557
d:d16f61dd76ec4ba0a7f45b74febfc67c,14558
d:d1727d43ee8b44cd9bf6700e99bc08fc,14559
d:d1799d274c5845f09365b932d05c3ab8,14560
d:d1829a4c8d874962808b4e85fbec1ff3,14561
d:d182dfe6b73e4df68020d16c91f979c3,14562
d:d183c06e92a841328b513470374db01e,14563
d:d187dd7786ad4d28a44e042f77134396,14564
d:d18865960bc1446b909083258bce7362,14565
d:d188c254684b44f4b4aee8dcb1fb62a8,14566
d:d18a0041f3e6465e8274c5939a33c2ea,14567
d:d18efe41867d420e93bb6ec0dbdf0385,14568
d:d1914b6eb9244adfa29f9a7a6003ea7c,14569
d:d19487380e84462a81c87421a9a3d699,14570
d:d1960cb163fe4371a3f292bc4d12d0a0,14571
d:d199ff179d0b4b2ca699dc0ad063c725,14572
d:d19ccce075864049a017fc15b417c834,14573
d:d19eae363a774e7f8eb66bd988caa822,14574
d:d1a00ee2367b4fc2b990cef91c8f80fa,14575
d:d1a2b50b4fcb42ff9c199d5ab54359a3,14576
d:d1a3fd4f6f454016b3159962c23d2440,14577
d:d1a4b29c7db8466e94903d2c1e8b0063,14578
d:d1a691a3ee4942a39041f775241d175f,14579
d:d1a9844396e34cb497ecae2d38519913,14580
d:d1aad21c395941c6848ccf221c65cc26,14581
d:d1ab81ad19ee44b3874ef81c080150c2,14582
d:d1ac8cc51a4e4602ab122dc48d76b291,14583
d:d1ad1c681aa347af854cc948736bbccd,14584
d:d1ae4d3c834642c2a28dc57d51261329,14585
d:d1b04884924f40258fa0f425ce1de281,14586
d:d1b4fc4838584a4ba69bc414ea288235,14587
d:d1bc2c6c6057455ab111e9233c49aef0,14588
d:d1bc7746374d4b3eb114141da72fdd56,14589
d:d1bc9a9126414b8f9ae1e7acd15e61a6,14590
d:d1c05f3000ce44058976ecc38741c460,14591
d:d1c1dad9a9934c6897b504cf0411f02f,14592
d:d1c4b8790ff04f8f849b927a8aff65cd,14593
d:d1c97aede21b4d9fa9e466cb76dd32f2,14594
d:d1c9a79ec1944b12ac1b71d1e436a8b9,14595
d:d1ccc6d721e440ce8864088dcbeeb9cc,14596
d:d1ccfe32f46d442aa364233db7afc616,14597
d:d1cd28e7623a4b81bfed2e7124bc392d,14598
d:d1ce7bc59929403b8134b17827676db0,14599
d:d1d024b3f23c431486fc3bab24ee37f4,14600
d:d1d27e16b3a44e2dafd562124f132d3f,14601
d:d1d3c352f28b423d96301b4d6810d282,14602
d:d1d4eb2f13424baab8ecc0ea79f8dead,14603
d:d1d8830e92f948418d79d9aafe96b9e5,14604
d:d1d93d0a02b241b38e3163866e2ba4f8,14605
d:d1e8f9d833e6452bb09a90e39c05ce43,14606
d:d1ee10c6ccb7447aac584656674ae41a,14607
d:d1ef8cf82ccb4f4cba54f3e1307db5cf,14608
d:d1f721c2585345909fc42780e0bc65c9,14609
d:d1f7db4c920f4c37a02c4e7a4325fc5b,14610
d:d1f87c3a5773498fa9e8a1d5545e7197,14611
d:d1fd2fe78bf8429c968ca1f903123a2d,14612
d:d1fd47a6fdc34ee8a17f4089bd2bb9f6,14613
d:d2026f57fd344ca5ad12411ba35b4aca,14614
d:d2053a55b202473cab54c7c3e9426ebb,14615
d:d20601e8985a4d26854a311c256f75c0,14616
d:d20f407cc2964ad3a34d0c9503919849,14617
d:d21109d763064ca89c0662f685c4e38b,14618
d:d214242a27cd4f10a839b636c0a83ed3,14619
d:d21ad1b50ee3480da406fa292ac284da,14620
d:d21ca7cd087a4582894fcb28133e904d,14621
d:d2206f46432a4b608fb5615b0abd142c,14622
d:d2247914ed3245f09c328821499127bc,14623
d:d224b369cb714a26ab4edcf3b6a65146,14624
d:d22653c7ae6048bc9dce9b734fedfaf8,14625
d:d22b15eebf89431fac803e0d68ba0b50,14626
d:d23b48bcb1cf4d67998d65a023b09820,14627
d:d23e670bbe4e47bbb3d144e7e883d6b3,14628
d:d23ed9349c404cab92429152442eeea9,14629
d:d23f266b01b4452ab01cfa01a8527bbe,14630
d:d2431fc771034e15a31eb2962bbe91a1,14631
d:d244828f902548e48de112d60fffc9e6,14632
d:d245e63c9e0941be9f96aa7d87af76bf,14633
d:d24d96c6d00f4e98975a97021ad88704,14634
d:d251b83b32fa49468e99f61ac3f80d4c,14635
d:d254bcbf70984c5486e711d0f355b0da,14636
d:d2567c13d0064f8b9d881bae15ce3e33,14637
d:d25715e9f434442096a5e929087f440d,14638
d:d25b6546abf341678ed5682f426036d7,14639
d:d25d591d289143839bcf6ec8c195d9dd,14640
d:d262407de6314ea9b2b1e03ea2554105,14641
d:d26309917f9248f4a89ce9422db52e7d,14642
d:d267893f41f04f8d9cd3b7fc9d9e0c87,14643
d:d2773ef6f93540e5bcdd97c91b77f501,14644
d:d279e79be87244e9a6962e31141c8caf,14645
d:d282bdd4aee94585aad49d8f35fb53dc,14646
d:d2830c57cf124775a1abf3b468f08b0f,14647
d:d2848d43f10f43e2948ff578c67b5cf3,14648
d:d28496a3bd1c408d8957ff3c1d5901bc,14649
d:d28bdc234f924567ae2ec2ecdf09b1b7,14650
d:d29a791771ce404390e7f2aed959b8cd,14651
d:d29c617954c648c3a107555bed50712a,14652
d:d29e36abee46414495b95bcbf181b862,14653
d:d2a101f9abd24f29bbbcaad5063bf900,14654
d:d2a6895056914246b131b0c4b0a65f5e,14655
d:d2a7c11ba7cd475b915004c7d2b9db94,14656
d:d2a9c2b505654a5b8f37252eedad9230,14657
d:d2aed055d5c54d2dba407162c69b89f4,14658
d:d2af81b90d9148e8adb82de03257ab78,14659
d:d2b3ff4fe8504e7f91a4b5f400d9d039,14660
d:d2bace58aff4442c8c393889fd4dc8f4,14661
d:d2bb3bb4a395473e9a139f8a06fd8124,14662
d:d2bcc958cdfd4d89956e15c2477ba093,14663
d:d2c112192b7e4f71af66329fded8615b,14664
d:d2c5a31248864e6e879a818291fc51a2,14665
d:d2c78c5d26a041aea5bca426fcab080a,14666
d:d2c8559ed63044fdaaa94f5c01fe03f5,14667
d:d2cbefed7436468b826727c318be7653,14668
d:d2cd6e90906c454ba169267d556ed18d,14669
d:d2cd7887ddfc4d21a7a1a0fb193c5400,14670
d:d2d26c11034d40f08facf360a8541114,14671
d:d2d2c81dc1a94759af44a4053b079524,14672
d:d2d2f01f216c47d5ad5d8d2ec69d21fa,14673
d:d2d4b8e5aa774901b23f9c75738576f9,14674
d:d2d5726dd5cd4458b3e5d9634b48ded2,14675
d:d2d78c372a6648b397b0927c5b9459ca,14676
d:d2d99a6c5fa14c16b82964ff7ce9ef87,14677
d:d2da3e65dfd6481baeac22607b0b0cac,14678
d:d2dfa1175286418fa2569e623ba5a57d,14679
d:d2e4f59c19c9450dae60ef648741f2c6,14680
d:d2e84ae6ec05417b85abff42f416d4ce,14681
d:d2e8f8709680462ea118412f2635f0ad,14682
d:d2eb7940d61245b283a6a39e0f66cb74,14683
d:d2edc6aeb70c4eb5b0eff1b897823a4c,14684
d:d2f19cb6d85e43198ae3e3bed0e6a707,14685
d:d2f4fb441b3d4d9fb26f3e4212cf25e8,14686
d:d2f5f288527d462d9fbbfd34aad36ce8,14687
d:d2fae2b247554e639232afa61b54d22e,14688
d:d2fc3f053d4c47beb0894ae6d9674788,14689
d:d305f148feb34cf8b2069dce1445e7f2,14690
d:d30a30f330c044f8ba1e9236042b719b,14691
d:d30a3ab92cad400e8a175176f032c04b,14692
d:d30cb3de53264789bc4a1974f059c3b1,14693
d:d30f960caf424b238ca259b6c3180230,14694
d:d31870189f5a4cb28ae3324eee1eb312,14695
d:d31a021c323b481b927ccac891edc695,14696
d:d32423333cfe4972baa93984e1a97eb0,14697
d:d329a630cf254def815b60af4eccabab,14698
d:d3310e618d76446ab40ccd953aca1335,14699
d:d331d5d256db4af890ebab116847d483,14700
d:d3373f4ab2b04d9eb43a91247c8416bc,14701
d:d33755e3beb949ce99e5f3a2e613baab,14702
d:d3382e152d1e43ecb0437d99170a81d7,14703
d:d338fd6ca70142539c43126e1f3a2042,14704
d:d33c2b5f81364efba45116809f2e563d,14705
d:d33de921dc4449aeb766855ae00bc2b1,14706
d:d33f6411a3d24271b8bde65c3b4ab359,14707
d:d34238d4931f49caa02476d20d2878c7,14708
d:d3469b46ae584f24abb929f5abca273f,14709
d:d347dcce309e47ae88be36abbfb23309,14710
d:d348b83de2f84997891d5743bba8c738,14711
d:d349a1149a8142398cd2281ac15ae582,14712
d:d34bbda8c2484868b2085e87571f6b96,14713
d:d351f726f02f4449907ac22b28bb143b,14714
d:d35899d1d26640e2819612c05af212b6,14715
d:d35e3608b0d84e22a3ab342a11375269,14716
d:d36a93aa58464142b89841492ef3f0d2,14717
d:d36bf9344b06423b89b5372ef12dac5f,14718
d:d36fcec7ea144ab8b046823704f1744d,14719
d:d3700f6ba64a448bb26104d28c1c4155,14720
d:d3749f93baa54010916225524255e527,14721
d:d37568197f2f493eaff3b0918c8d37a4,14722
d:d376e66d92ce460f8a31af1cccc6d97c,14723
d:d377b50904be4d40869ea350f92ba03f,14724
d:d378cbc270b247e19888cb02b5bc0d6b,14725
d:d380da5ea8e44e1690f5e04066f42636,14726
d:d380f5bffe6746c5b763a3a36e97aaa5,14727
d:d381b31c9fa348879a1bd3c99dc96565,14728
d:d386ec967dbf4763bde88f3feddf882c,14729
d:d388749921834b0b91e87865d9251edc,14730
d:d389b62190dc4d1080fb778947ce8272,14731
d:d38df3b763584666add43f4c7844c683,14732
d:d3903b4c606c4627b7d4a2f98fef47ca,14733
d:d395d860556c46b68f952056f7a819a3,14734
d:d396a3d530fe44a3885932d79d88e9bb,14735
d:d3a9c71db7884aeb9a37d5d7d569cf78,14736
d:d3ab3a7bc80c44caa2f0628b4de0979f,14737
d:d3ae5d89a2ce435583bc20a5c5f4e9af,14738
d:d3b0b182d10640a0a12ff3488baa7607,14739
d:d3b5a2d9a9844058ac6bbe93cb12839a,14740
d:d3b75d0e8e0a45a498ce4210d2704408,14741
d:d3ba5e523fe14950925f27902a83737c,14742
d:d3baefff8e5f4702a6059211b1ddc18d,14743
d:d3bc47a0f0d040a5940942556d05d893,14744
d:d3bc8fe5a6a34d2abc6fbe2945a7f85f,14745
d:d3be532b596441b4a34fa93a1ad8a459,14746
d:d3c243ac6df9487d864343bc66254e60,14747
d:d3c915f71af54c68b5ca7e445b948fd1,14748
d:d3c9271aa6f24d6dad0ee314e19ef536,14749
d:d3d0dc441c7649389d9f21d1ddabe293,14750
d:d3d4724cdc2146d99017dacf8ef58ac9,14751
d:d3d5a5c3d77141bb866f2cc78217190e,14752
d:d3db90019ec94e678d5b85290f638093,14753
d:d3e4929d86ce427098b78692576e4d38,14754
d:d3f1ed7d5e3e48b28d58b27c8570c954,14755
d:d3f1fa4e50924d6c89b3e3bdeab33bab,14756
d:d3f214dceb4e4a9787a7779ccb08cc64,14757
d:d3f38361a558470c9be86bf80f8c17ca,14758
d:d3f3f6df2df94f8d8ddffc4e70c0df3a,14759
d:d3f4d8def45a41ca913385833c1bd8b6,14760
d:d3f4edb4dca341bf831a57a8d4de75b5,14761
d:d3f563d6822247ff862329914ec3af02,14762
d:d3f5a96f067b47a2865fc5afa66ef563,14763
d:d3fade86763340ddb65948a686670867,14764
d:d3fc9217019d4ca1a08e04f79f609a0b,14765
d:d3fdc69d33d547859cc86c98ea59d9a7,14766
d:d3ff1a2f70944f27bb5caa6d757106bd,14767
d:d3ff9d8501ac4b55a312ea7fcc827b7f,14768
d:d4001c4884c741a7bd4204262cb797b3,14769
d:d4034d77280c4bd88c22a378f9192834,14770
d:d405d5f31aec4e3da59bbd04dc52b9e7,14771
d:d4069ee935c44ce9adaf362cd8ca004e,14772
d:d407474337784bd889ac4c6170967a8d,14773
d:d40cad2003ae4c75a5dc1fa23d1a11c0,14774
d:d40eba22b13d464ea5569799af6dd84d,14775
d:d41735cfd38f48b4a616f40113a311f2,14776
d:d4184c32061d45beba2358f064cafb9a,14777
d:d41ec938cf0647448e9f1d61985ca8e6,14778
d:d42007a8797e40f9a5148205b89a7c08,14779
d:d426000786504f5f80b832b2bb81759f,14780
d:d42b5edcdf7e4b62984d6f9f34df7a17,14781
d:d42d14f1e7054dbfbd2d24b3e043630b,14782
d:d42eb716da904c659c2b6d465ff26abe,14783
d:d43833364f39409b9f73e035c851d44a,14784
d:d43d3d700af8483fb4205c23d8a539d9,14785
d:d43e01947e624baf83d3d5b6c4958df8,14786
d:d43e59b6592741148765d8895b4555a2,14787
d:d44067b7725d4850af2a339993470fcd,14788
d:d4493859d8554e0e8b54291660fdb675,14789
d:d44bdc5149484990938b8c77b908be3e,14790
d:d44e0be32fe9490c9c7d5ef4cca9d0d6,14791
d:d44e5906d12c4d5caddec347e156f4db,14792
d:d44f407d03b846a9abbc6a2edccba05b,14793
d:d4549369083042a28b07e0bfda04ebcb,14794
d:d457532c5ad84bf8aabe6595dd6e75a0,14795
d:d457bf88e816409cbf088f6eadff04d4,14796
d:d45c76b17dc1499a8aeab19f36e16c00,14797
d:d45d0978e6354df28c92f288f69c47f7,14798
d:d45eb1dd70fb4cf190774accbbd3f0cf,14799
d:d46454367e2c41ecbb9e69e8a0c1157f,14800
d:d4656643c3064a86b007a0a4bdb9e0ad,14801
d:d46574130de84416b96637880a76fbae,14802
d:d4677fb5f22f4db8aace237f0163480c,14803
d:d46c65c8840f49238f0680dbbc45b316,14804
d:d46f5ceb26a94190a3bc3f2ffae32b6d,14805
d:d46f920a38ff48829ed963cfa6cd376a,14806
d:d4745859031d436085e3c832582d8cfc,14807
d:d476f68d0322420da92c819666c0fc19,14808
d:d478b877c618404cac8d4b9bc35dbb95,14809
d:d47b98eec39e4ced89991a8f5357e4d4,14810
d:d4849cd5a070435fbf6199ab6843bcc9,14811
d:d485f3b9be674d4282c90774bd381b48,14812
d:d4889b2e9cf54fa8a588a127d0c7ae68,14813
d:d4923c8aeb4c43ddbf3c2c3444a62564,14814
d:d49d7ec418a149e0940f16aad6169342,14815
d:d4a361374dc846138c23119002e428b8,14816
d:d4a5def25d274b759487c776317b980b,14817
d:d4a61ebdba0848a1b08ef8629ab4c018,14818
d:d4aac2b7a7644bf48e3eda5675781f48,14819
d:d4b001f826a4413fb62b2f06710a65e7,14820
d:d4b3ecd6f7fc46f3abe61a0e044ede87,14821
d:d4b4998204d8479cb72f44e2c57ba333,14822
d:d4bc190934254b9db4879539c87f49de,14823
d:d4bf68c97900496e91379d95e0b83974,14824
d:d4c0604c8c9242c991e2d7394627d8ff,14825
d:d4c08ce2dda14fe2aac733feb6e92494,14826
d:d4c1a3ec602845d4b4615cef76adb9e6,14827
d:d4c9e41416e544c2ba066fbc45d1d573,14828
d:d4cd6b3a3e3645698a451ea719b19f30,14829
d:d4cdff489b6f4cb2b7e638df99311483,14830
d:d4d4d42fbea947ee907c53f600de8cec,14831
d:d4d720f967c042ea82b25503ede06e79,14832
d:d4d73b71c0e04a768638ecc2a01b446c,14833
d:d4e24fc45a2442a39aa97229b52eef32,14834
d:d4e4a05716b844128ed9c08c6aa43f95,14835
d:d4e5160e614c4ee88356170c27b27e79,14836
d:d4e54d575d3945f48f48380824ab2071,14837
d:d4e6a57cf2ca469c9e596ed440a8f74c,14838
d:d4e8d33dc5f7484bbc50b999706d989b,14839
d:d4e8eac3fcd34177a61857ac3a26c2fc,14840
d:d4e92c2e2b5d44ef92a0e7673438a6f2,14841
d:d4ec7b67bab14953a26a3da236befb60,14842
d:d4f237bc8823432ab7f083cff4cf8d1e,14843
d:d4f2eb7e8d6741488f5e657774596582,14844
d:d4f9cba3fd884ea4a62b801c60bb4f5a,14845
d:d510416856ab47fba466c58c276a731a,14846
d:d516781f5b8741dfb6b51ef00a667e8c,14847
d:d51709de98e64c9782d747275c8c6390,14848
d:d5185fba3bbf4b58947feb0c535a77e4,14849
d:d51c0f715d1b4525b3e4cfd9611f46ac,14850
d:d51d75ded08c4761bfe9c14625f6a11b,14851
d:d51f613552aa4c2aa885679bf64262f2,14852
d:d52420c4770349b88b7fd8350bd5dd4f,14853
d:d5299669f64c4d8ebc957eb7a243c7c5,14854
d:d52c86b33899491a990a716947c56296,14855
d:d52d9cd51d0a4238a56d66bb06f040ea,14856
d:d530e8229ca94bb38a725efe6a114cd5,14857
d:d5375512ab3c4c238b163f6a81f14c00,14858
d:d539e62088944acf8bb3252a1094d6d1,14859
d:d5427363ea08490683b4af0adc87daa1,14860
d:d54b5658e09941aaa86aa9776ad7affd,14861
d:d54e032892c643f09cea201ab48e40e9,14862
d:d5500b84f32548f4b3ddf026d1ee352c,14863
d:d550f55105814637b2a881b4b5fe9b9a,14864
d:d5529ec0e7694836b72e4cee11488bc3,14865
d:d5534247a39d489491942148a2bdd249,14866
d:d55c2faa926948338964482959070755,14867
d:d5651b506b75406ab0e37d2a77e18973,14868
d:d56bf16fa23d47ef9e24b7f433f7081e,14869
d:d58094cccb5d4d2a928633807f5ad215,14870
d:d580f6d5ad454acfbb54bca05a3cb2aa,14871
d:d585d8738ee64722886ff1b606e1a405,14872
d:d5886e39ddf94473a23c9eafcb3f4138,14873
d:d58d164112984fbf81869ae006930c19,14874
d:d59220fa5dea4e278b7bcabcbe9e44f4,14875
d:d5963b17cce04bc59e59ca178f70a082,14876
d:d5992c2cdcdf4afb873df6c9e4f85641,14877
d:d59cbe3448fa45ef931aafb5934da102,14878
d:d5a3f53473d54b498c7ba6f3aa242c2f,14879
d:d5ab0746d6f447e0bda02eb9d2f93429,14880
d:d5ad7998347648ebb688598f9c8eebde,14881
d:d5adad1010a04602a7b97978744e8a46,14882
d:d5af44580ccb4b54a5e5c0e25cc3cb72,14883
d:d5b14cdfe83141cabb169918bf366d52,14884
d:d5bbe8f9b1cc46c0a175046b91c0c520,14885
d:d5be82fbceb845bd8db279e7c2ba79f6,14886
d:d5c31d93c61d4dc3b8886a7d84e590cd,14887
d:d5c4204228ae42ab9289eed3e71235b3,14888
d:d5cc90f76d04412fba12d6c522df9c9a,14889
d:d5d4f21b357d4b438b9aa9690b598bfc,14890
d:d5da45a561fd48e2b85c080c7bdd5b7b,14891
d:d5e3de1aba9243cf9a85e45e6e805953,14892
d:d5e4b8c2bd584dfca88c0ae087b375fc,14893
d:d5e8ac0636c4425bacb48d289e9c98b6,14894
d:d5e9871b9eb84320ae2c9c84c7f748f9,14895
d:d5f1014736384e88a2b0050b0bdd35a0,14896
d:d5f5b03ae4f44f26af519ef1e3d8daa6,14897
d:d5f76a642ea546e7bb58adc776d18c19,14898
d:d5fa7d2b656648ad9dd9f79874a19c94,14899
d:d5fc73da03454594bd22ad532b0d1eec,14900
d:d5fd0c4f007646a7886f66efcd6b11ce,14901
d:d5fe58cb56ba48ba973ccc3a64248fb5,14902
d:d601e7a7cc6f4f2cb0c05e92a09a95bd,14903
d:d60245dd8d5c43919899e129cdd0dea1,14904
d:d60b3f1b848149938150144838c977a1,14905
d:d61014797ba94b18b4b061ec69ec01d0,14906
d:d610a831a3bb47e3b6157a1ea890f07d,14907
d:d6130ac67cff44729585cd12b5a72074,14908
d:d613841089eb40cd97d4e651b0f7adc6,14909
d:d61469140d884809ab389239b82226b3,14910
d:d617e9fb0e1248498efadb058243a75f,14911
d:d619430cbda84431961011e53bdeb8c0,14912
d:d61acf763dc24a38b2ab755557834942,14913
d:d61b07ccadb74dc9b94bc9b8f3357d80,14914
d:d61e3bc9df3d4a66a73068cb0de139cd,14915
d:d627b988f9a74cb3b4680905371d63b0,14916
d:d628affceb9449c7a0d11bb5e8e4dad5,14917
d:d62c943e91ee451bb0d59337bd2bbd3a,14918
d:d62ec10c3a784f4ba5e08ba89f3b7617,14919
d:d6317def098340b2b603b350b75cfc9e,14920
d:d631b33be0ef4ac2aeac0e70ac49103e,14921
d:d63223ee69ed408ea888f953adc53ee3,14922
d:d63338eb19614740949813691af910d4,14923
d:d63a1510d0af4abdbec8cc41abd8e7c1,14924
d:d63d9c9fae6c4944a7c22304f07fd23a,14925
d:d658a1af56964bdea41032d0fe28d98d,14926
d:d65cd49ef4e94682a642ff4d851c37f4,14927
d:d65d2d951f7c450eaf9f650fba8b1312,14928
d:d65ddc93f8934008b361b0ce35daf52e,14929
d:d65ecdf95fbd4908b953be37a11db6f4,14930
d:d660f89a51864f41ba32e2191385decc,14931
d:d6630c5c3d044b6faf8436d9356c2684,14932
d:d663e34807a242bbacfeffd32931faa3,14933
d:d6675e8938d3453d880d67946ba54a28,14934
d:d66fbfed1ba94317b3be1ecec6f67b78,14935
d:d6704bd95c254b7ea82a17443d8bed2a,14936
d:d670874fb47945b29feaacda6cd801a1,14937
d:d67778825df14f4eab3721128b93c7eb,14938
d:d67efdabbfad4ab6bea5b27b4ea2ece4,14939
d:d6828558c13845a2b15a44b45649e49e,14940
d:d682ba57cd904eaf8d11d2e309ef32cd,14941
d:d685666645b847b9a6e1a937b08ad0cd,14942
d:d685d43fe7dc45d592e329ee5646b4b3,14943
d:d685dc7f473744b4bfda08c2c3a985a2,14944
d:d689ab58d55f4ae7bedd5ff189b6e351,14945
d:d697b902c1c34c35a004b110347ea619,14946
d:d697ffdb74e54caeb47b97f14b73ecb8,14947
d:d698edf771014f338c0b0136f662ec3e,14948
d:d6a504dd92234169b4b2bfadc9ff4805,14949
d:d6a95f62fadd47838056a183f995a40f,14950
d:d6a9d593296a476a92d385ed3d346ea0,14951
d:d6acb6398af24733b91cb12b53b14af9,14952
d:d6ae4efebae244dc841e1e07ddb51baf,14953
d:d6ae7034af9c471fbfeb128459ca2fa6,14954
d:d6b0998cd21c47d88079a6be808709b5,14955
d:d6b146a42cf540e59cfc997c64530683,14956
d:d6b2a42631724d0abee8f5d84aa2aa6b,14957
d:d6b2cf41f79044fbb025b5cc574d9c54,14958
d:d6b5b4ab44734913be962a16576889aa,14959
d:d6bcb7df47884139ac5c9738c3b46f05,14960
d:d6bce3509e674bdf9c6b077c5a1fe98d,14961
d:d6c17b8276e5496ebbb84519e92c0da7,14962
d:d6cb59a2ff4c464abe9d01b2162e089c,14963
d:d6d2ef2d8da344e9bf58faac6e6c4979,14964
d:d6e3b012037c49c2850efbb873cc5c43,14965
d:d6e58b0ea1fd469cbafbba6b7c5bfd27,14966
d:d6e7409c5d064ae6b57b0cc8f3481f3c,14967
d:d6e9e8566b6941db8e8a464704c1c7e6,14968
d:d6ef8990c4dd4cf78c72e140d2d9c304,14969
d:d6f00d016c884b9a91a880b279440c83,14970
d:d6f69ab56c234ba1904c7419346ce1c5,14971
d:d6f7f43bc826468bb0d597222250fd57,14972
d:d6fe0740bc8143d0b2f45123ceb93026,14973
d:d700d1f2916142a2be782c54856146d4,14974
d:d70125647c424deca4c4447812196eab,14975
d:d702c6669c2a47129ddbc6beb55af84f,14976
d:d708f3affd244d96a9845f8bb169f612,14977
d:d70e89672c0d44f4a244adcffe8a6105,14978
d:d70f61f2af094f7d863fe0e387988c46,14979
d:d725b261e2fa440f95ef5d4dcf42d37c,14980
d:d727eaa7fdc8478e924b8f253fe91259,14981
d:d72a0dbb11974d0caf2355d801d94c1d,14982
d:d72aacce2a0a4799b61ee666c6ea525c,14983
d:d72c0b88cd814d2b92af1a92cdabfd33,14984
d:d7314ab2891d47e881ac1098dc4bd1a0,14985
d:d735cbbcd7764a5bb4ca6b0c915a6926,14986
d:d73d48a2e2974007a60a8afb3cae54a9,14987
d:d73e23f1e8f54d948fd708b066f3b928,14988
d:d7458c01c09249c9b1cc3f74547e866a,14989
d:d74831a2fd1c4c6ebf9f1a890c615786,14990
d:d748913ab117477dbb7dfacf15537a44,14991
d:d74bace91824442ea0e6c096eb5f3122,14992
d:d75365b8998b4ff79b0d6b9655eea068,14993
d:d757f0a0c49d4c70a3364e6930ff451b,14994
d:d75b34204c734e49a77421ab970583d9,14995
d:d75b7536a22a4062ac0e7dff85d86280,14996
d:d75bce867ae8465b94d5331117cfef5b,14997
d:d75e04a065214b3ea4da6bf3058e2243,14998
d:d75ee514926949d9a8b4363a528dfd28,14999
d:d7620a042ce542ccab4973ecd8768979,15000
d:d7653e78ea87479f9d09b0cc947b063e,15001
d:d76fae2857b148659e16280e90bb7f60,15002
d:d76fe625a0bd4648a77b0e7d9e7cfe96,15003
d:d774ed36e96c451c9000f78029748d25,15004
d:d779ea25942a47008f9342b9f34382f5,15005
d:d77f1d694994480bb9b04480cbea8e8e,15006
d:d785342e4ec4493f9f5b730c2ec1992e,15007
d:d7885dd9dd874276a6b8b0e5da16142c,15008
d:d78b5d8f27de48e19f1bd041e1711325,15009
d:d79139c84f954e3497da5f054813f3e9,15010
d:d797cf01bfd542e3ba42beb4c93b5a8d,15011
d:d79a041ebf4b48d1bcabbce3461224b3,15012
d:d79afa19a15243b7be673c5239f80f18,15013
d:d79b0d3a5f5e4b9ea6e096364298d362,15014
d:d79c58592c544ccc86bde5bf0193f3d1,15015
d:d7a42c0d920649928014e752138d7387,15016
d:d7acda5ec892466c9dd71635bdf50f33,15017
d:d7b05524f39241e6861a64b8ea8e5726,15018
d:d7b22115ccfa4f339d29605dd6de2b1d,15019
d:d7b490a37b0640f5af03851239f8eb10,15020
d:d7b4d7fe2e584271826b0a857a44f49d,15021
d:d7b7d22225fd4d2d8dc4422241ea89c6,15022
d:d7bf03d4ee354fd684997557c67ef3d5,15023
d:d7cfa83fb9104c50a13b43780f986096,15024
d:d7cfb77a4cc64f23b73fde47b46272ca,15025
d:d7d6131429bb44f3997bf466478e1580,15026
d:d7dd50cb2ad24c70bacc0c5aa4173b82,15027
d:d7e0b66a1bd642c6bb044529ee376aae,15028
d:d7ec3e7263144978b305924592587822,15029
d:d7ee66cd200a474fbb4022cd0246d000,15030
d:d7ef9040f65e412fa8d5d31f2357888b,15031
d:d7f08f725abf4ee19358d99956f69827,15032
d:d7f4b73d5af7428da5f82ce5eb6bc966,15033
d:d7f78f277da04c9ca8e289b0fd7cdfa6,15034
d:d7fca1af3b064c9a8596e5178aac089e,15035
d:d7fcd47f535448269afd77c5f0f06c80,15036
d:d802fc04a18a4c799989e2edef202279,15037
d:d806fe297a8c4e778410048f3f69d7d6,15038
d:d80754cb134d468aa48fe1061be66340,15039
d:d808486bcb99442995ae9952c9b0a689,15040
d:d80983b9c37a4affbefb53c5855bf2b6,15041
d:d80afeac8d914fc9b663bf4d8b953bda,15042
d:d80b427c79a24145ab6f7554432f621d,15043
d:d80d6e15df4a4c1cb8a861b02debaf6e,15044
d:d810a6cf90e94e29aff5d5553efb34e5,15045
d:d819982ad57d497baad8201dc7b4ad9f,15046
d:d819ec24aac445ce9e6911bba02a1879,15047
d:d81ed083240d4faf8882650e7985dbce,15048
d:d82168c339e14f6ab84f890b50405d8b,15049
d:d82332b04b6543c88172d22efff3aa7c,15050
d:d823ad87b712476080fc03cd3d68a686,15051
d:d82bcd33bcfd48edbd552ea0d31742d3,15052
d:d82e6923215545c1979e800d3d76ee8f,15053
d:d8306585b727458dacc774cf325e4068,15054
d:d837cf8560b54af4aeb6eaecf46e049b,15055
d:d83a79162e8d4959a89bea815905c46e,15056
d:d83b6fa6e3bb461282e8aaac1ada7ba9,15057
d:d846086bc1e744708d16ea15d194bf7f,15058
d:d8471fcc4acc42e8b60063a6620f0c36,15059
d:d8479db5d70f4fb697d20975d2a4ea79,15060
d:d8490cec0c0e481e9370d875300aa478,15061
d:d84922c3ac97425482493fff1278c132,15062
d:d84b6b2a01094bc18c420eca291f401b,15063
d:d84c39a94d0649c3b8819e892eb08ad2,15064
d:d84f2f815c264bcdb559f0266e1851a5,15065
d:d858579fc20e4d5586c4431375280c87,15066
d:d859eb6c3cd94f05a0099249061e1f8c,15067
d:d85d3103e00248c1a8bd61f3efec495a,15068
d:d8605a5921fa447081d4cbdc289f8e39,15069
d:d8622f717b674d98826d88290c018039,15070
d:d862d9d59c07481a8721df49b92a99c8,15071
d:d86772c193424f22b30b4f7f7366bc76,15072
d:d86acf97aa344ff59620a3c3fd58adfd,15073
d:d8761492210b4967b2a3cbc4bb628882,15074
d:d879c0d6fc5f4934b5a1d704b3f5980c,15075
d:d87f622c48304d04a5bdf23212a072df,15076
d:d8801f0b29bd4f44a205700aa3b6effd,15077
d:d8871ccf46c440fab03ab81ec3648808,15078
d:d88dc28f78634f79b808cb1c5b3f1081,15079
d:d88e69bfca9546428fe0db4ecff05a80,15080
d:d8935fb3ddb24139a892084c32ddba04,15081
d:d895a501607045198a5a2d9e6c1c31c3,15082
d:d895f002765f458f8029c74c6659f1c4,15083
d:d89d8b3b20a241f6aacc134d048a7954,15084
d:d8a0d47e400a4f85b16364c0ef5441f7,15085
d:d8a3c69acade480497ab0c28c19decd7,15086
d:d8aade69685e4f0eb45a5d47659e9e2e,15087
d:d8ad365c12a7412e886ca8d45d98bf6d,15088
d:d8aff12ca0fa47d6be5b156ef29f5960,15089
d:d8b4668ff2384cd5846fdc9800b9d010,15090
d:d8bb83e70f894fcfbe57a3adef87cab4,15091
d:d8be1018b15e4bb3a3d61cdb6cb39cf8,15092
d:d8c06af2c3324d53b1276783c6a47520,15093
d:d8c3a8161b264df1b4eb6de0e0dac847,15094
d:d8c54213c88243b3a1ae4670ff918eb7,15095
d:d8c69f26e17c4ee1abb76ed27ed4d45f,15096
d:d8c78632723f4b0a9c36fa1bcacbb2cd,15097
d:d8cb10351e754333a15d755854878288,15098
d:d8cbbcc568354ff594e02afd8182bb91,15099
d:d8d11790c19b440b8e371c6a3f16ac98,15100
d:d8d4901e03434708883417b726ccec8f,15101
d:d8d83f506d354bb98da8ca2bb9ff72a6,15102
d:d8ddb5da46b7497c8add0e273f7606f0,15103
d:d8e04384428c42eba24c0c1509049bf9,15104
d:d8e28577dd2242d582b09cc28a7a9ebc,15105
d:d8fd4febde734b77ba6b049093a64ad0,15106
d:d90831100a4943aab1ca5f49a44b4d90,15107
d:d90ac223cd1841a5ac4becef883b8cf3,15108
d:d90ba41cbd754574a52b4e4183bdd82e,15109
d:d91100626ba64d6899cc2e397c5ebf05,15110
d:d913c124a8ce450eaeb9404ffde6f4df,15111
d:d9148265aa3f458baf92bd20f4fbca04,15112
d:d91a773e34f447a1b7eb863f3d608f09,15113
d:d9249052689d4a4bab4d581cc9a0e193,15114
d:d92d47e8feda4571ab9608ab8faab0bd,15115
d:d938658618e342119e7199cb26f51abc,15116
d:d938b00d73a84882906af05569472735,15117
d:d93c4f7343fe411b97b611eacf33bc0e,15118
d:d943ba7c2ac6401e9f3501dcabc63103,15119
d:d946792ddd3a49baa657f389384209ef,15120
d:d949d1d5fbde4491bcde45b9b75f5fbb,15121
d:d94bdf3009a249479801890f15726c47,15122
d:d94d0bff7c344a05b036d150a8c8291b,15123
d:d94f8ef1e3c949729d54961b47bf5611,15124
d:d952285152d34af7b1225cb4e7f4f2f8,15125
d:d952977b54d640d0b40db045e92cac4e,15126
d:d95a794ac93246af8b00b034ae715721,15127
d:d95c6296246649beb12597d314d88225,15128
d:d95d82a05a2f474988795154d9a236f7,15129
d:d964b6fe1b09414dac17b6cc4cb1b0ae,15130
d:d9690771549f4dffb07feae1ea0254ee,15131
d:d9690eeb77a642e0acc243ed9b7502c1,15132
d:d96dc939de3d4688b03e675215699587,15133
d:d96e424ec7c54922a5f6a756fd570579,15134
d:d976e8368fb6419c82c43cd48a643837,15135
d:d978ebcc9d2342369b1dee0796272b97,15136
d:d97cbd88639f4c479d1b1d6b39519c3b,15137
d:d982b91c7ac64c629755fba7683479a4,15138
d:d98787975fd04dabbf283b20fde0394b,15139
d:d98b044534f547a3895b7fec03f7f6fb,15140
d:d98b4289dd54441cb00ccf175886e5da,15141
d:d98b7ce309c948c986b39fcb02870e15,15142
d:d98befc324384d4ab4385cbd21d018ee,15143
d:d98c7e7d5d504250a9cc2fbed700a01a,15144
d:d9911f105c4a4660a783de22a66aee95,15145
d:d9918bb3f62a46c5ace50c100567c15f,15146
d:d992d188c52e42b585855f502005dc5a,15147
d:d9930279d9c648c184d39a7bc9992657,15148
d:d9945ab07433485e96ca5ba4ec55c954,15149
d:d99b5ff5a5834614b136356fb61354bb,15150
d:d99c5b7728cc4148a80acf9ef5fb11d2,15151
d:d9a0dd023d9c435e92a34690298e55b4,15152
d:d9a102fca527430ab8c2398108beb2ff,15153
d:d9a662b5ba25435196db9c6367196d43,15154
d:d9a805d0658d4959b28769dd5d698d99,15155
d:d9a8c94f791b4985bef9e45dee0bdd4f,15156
d:d9a94ea76b324d5cafad671c26f64603,15157
d:d9a9bdbfe31d4bc89c9791986bf5ca58,15158
d:d9adc15e9c5a4319ad4afd0dcbe91015,15159
d:d9adc8394f4a4464a3273685956b4c8a,15160
d:d9b22da0e5c64b1b9dfa33ebbe6a957c,15161
d:d9b345b3133b490aab2e8c1dd4112fd4,15162
d:d9ba660c9a034df3a49f73247d3ea55c,15163
d:d9be4e478ace45d8b1f4504d6584a21f,15164
d:d9bf631341d74e558b4c3c83bf4ad022,15165
d:d9bf87103dbe42fcb8789840ad1f38fd,15166
d:d9c6e3efe8574568868eb06995cda864,15167
d:d9c89257e0bc4b2da881397580681456,15168
d:d9cb8eaa3e674419862833d5615caaf5,15169
d:d9cc34ca179a4e58b55cafb69a90bed3,15170
d:d9cc9f40a41042e4b03c1372b6fdb7ba,15171
d:d9d40d8c244b4d2e88e73607aa06e7cf,15172
d:d9d5d18ac878416f9a51849c1dbd30ca,15173
d:d9ddc06d0f014e788993013e820e3217,15174
d:d9ed19b5c9924525be15663a3a415c33,15175
d:d9efd45b73644297b06c7b5eca0a6209,15176
d:d9f5d13a1523495f87b40c94a45361d6,15177
d:d9fb2f0f67254238a70fb9eb39502ae2,15178
d:d9ffbd53a5904287a63243d24b9fb744,15179
d:da02cafa83ce464b91241bf5251849cf,15180
d:da02d8fbfad443e187606cdc2a056ac6,15181
d:da07656fd2ad4c1fa34b05283d5cd880,15182
d:da0aa471ca1746a2873dcc5d47d44f8c,15183
d:da11c27e44b94a11b465bcb0b35d48c9,15184
d:da20fb5a45994b6a8ac5bcb63e5d36fe,15185
d:da29925e23004ecb858525d233c3357c,15186
d:da2b8f35371a4a9ea1663462197eca07,15187
d:da309eade5954b1babc02e135058844e,15188
d:da315ebcc310423ea9b9c0b5bf4c340f,15189
d:da31e4a392f34ee2a5a3809fc07f83b4,15190
d:da331281f567426fb06ab73350aa1a01,15191
d:da333bf5987b491baaf9f2f76d70c148,15192
d:da387615d9704607839ae052b8786529,15193
d:da3e4ca3f1d34f929aa05734ca9bc4f7,15194
d:da5f102a387e4694bfd5ee25471fccb0,15195
d:da62c117a33e483d88e0caedaa2b6865,15196
d:da6b94bdcdea4185a110317be577557c,15197
d:da72b90d0dfc4879926b0db6b1f83e2f,15198
d:da76186d30614ce5af4463a7e3f2da60,15199
d:da766460af1f4fe6a2e1f85ca4cb02b0,15200
d:da77b4f7336048039800c71ba8118cf2,15201
d:da78fce8aa4a4f68a4e5b8dab866ffd2,15202
d:da7b6b040db140f38db09f7970d4960b,15203
d:da82b2cde7cc4713b3aa7aca478647bb,15204
d:da86f9c5f4d445f8aa8cf3418e885147,15205
d:da8b62117e2c4d7ebf619de13c593861,15206
d:da8c6063740c4daa96e7fbd371457b3d,15207
d:da8eae4449404f25ade4b356bbbc89fa,15208
d:da8f02e835f04873901e27784afd77eb,15209
d:da90fd5e176a4e028d9c640bedf3b197,15210
d:da9120acb1ae4cbe825fb95569296ccd,15211
d:da91932991be4357b8e9dc9163e7ad99,15212
d:da958332aa4a485ca904f8c1ae3ff590,15213
d:da98e88c0d384423a6afad725f5a0e53,15214
d:da99eb452af14a00b133dd8b75997841,15215
d:da9b345179d743d1a28fccda09e41947,15216
d:da9d07f0931b425881fe9aa0fb70e4cb,15217
d:daa0a54f0eca4f228032c109ffe9fe3f,15218
d:daa3021a44444d87b2957caf6295d1b3,15219
d:daa34815dfac495d8002dcda6f4cb511,15220
d:daac283e83b2472ab1b0160b336b6359,15221
d:dab334ec3de7453e88bdddd4b4364ae8,15222
d:dab57838045f4affb09f0f9e223a9ce7,15223
d:dab79dc41bbe4d8ebac35f8eaf588da2,15224
d:dab81609da344927a4689ea94a653b16,15225
d:daba8a08d9ab4898aae3fe07e0165723,15226
d:dac4f6397f604da48a0f20ab04a859c9,15227
d:dac71b20b06b4dcd8459d9264e2eae22,15228
d:dac73f1be3654d54be96ba9c27558886,15229
d:dac8b14c7fa64f02b011ba97b5d4945d,15230
d:dacc4839a7d4414abe04b31ff0c0c104,15231
d:dacc876adac5408fb840331ba7d7cd31,15232
d:dacec7a3bb3e47e7b3f94bb425de1672,15233
d:dacf5b6945464426812b7d4ab7ef5284,15234
d:dad38ee13bfe475a8c32d6d4bbe5a3db,15235
d:dad90c35688f44ba8a1fe1d6b82222f2,15236
d:dadb60ae8552400993959feaf8c64239,15237
d:dae2350846884a138a78a90210c28ccd,15238
d:dae6dda7664a4aa1aebbb7f77ffd2e7a,15239
d:dae8e96edac04f418b7308d98e2c0a18,15240
d:daf59596490845768ef8bf939b979109,15241
d:daf6d03ff1964298af54e129cd730643,15242
d:daf94dbbf1404cb098427cc004946dc6,15243
d:daf9f81196344a268bc4bc6b28fad855,15244
d:dafa0cd405024e059982666ba594ff64,15245
d:dafa31145bf04904893dc8e13eaa9bb4,15246
d:dafe74addce74c9b8985b975db8037ac,15247
d:db019b4a4ceb445ab9593ab849757632,15248
d:db0a9a4eee68442aa05f1b2945a30573,15249
d:db0d6b6117a04328b5b5032318ea6521,15250
d:db0e47f74b8b459a85088d0c2404251a,15251
d:db1d4607928a444c9d898c78a2d7bf73,15252
d:db207468690d437180ac74c6afdee30e,15253
d:db22c3a51eaa4be3b4ea3cb52afafe42,15254
d:db2918f63c7d409585ba039e7b07d413,15255
d:db2c5d65377f4c0caf44fe9388da9d40,15256
d:db2dcc2f11024b9f9ae2b3d01d3c6e51,15257
d:db2f8e75a59941dd83d1e05367a1e2d4,15258
d:db31f8c7e60f44d9925ca9b7adc102ed,15259
d:db342c59bb3c4d78a9fcdda0b2b4c296,15260
d:db3796f5603948c38251f0b2a26d8de8,15261
d:db387396a9894a95bfb4c3d1a5dfb6a4,15262
d:db38ebfa50674978bc536699224e126b,15263
d:db3a840bf5724f4c8b7a84629b51bb93,15264
d:db3cc80881484a65b049db8ab82f1c46,15265
d:db40076d17254aefa546d1e95e393b80,15266
d:db44eb1e44504b2ba444c6bbfc3e1f73,15267
d:db49e2f552a64719982e81d769c2766b,15268
d:db4ec6573a004443ae033f35083e00e8,15269
d:db5265b7d7fe4e2d9466e41e8504050b,15270
d:db557025800f4d999a3f65aaa7ef1cfc,15271
d:db5d45d8c5ff4b94be410c52f4896de6,15272
d:db60ceb660e9418aa8f99ece0d84edde,15273
d:db71ca10249345aca6c17db5777244d0,15274
d:db7689e61d0c4ac3aa7e1380ac0bc8df,15275
d:db78cd01efbf45cba4d8bb4d04614cff,15276
d:db7a8697b4eb42ef82d651607d94a4f4,15277
d:db7eaad147b04646aad4ce6ed85e217d,15278
d:db8a37e802e6413d9c30aea8d29564e6,15279
d:db8c553371c34605b202df588cc0756f,15280
d:db915b726502408681811f857db91841,15281
d:db932cd9928947329c0d6ce7896a5220,15282
d:db933ce5bebd448185e21289447af426,15283
d:db959b585bac4e3b87093f91aeef2cfe,15284
d:db9ce45b63124be193126ced0a4f7369,15285
d:db9f8074e08e485a8424442309dfa251,15286
d:dba19b04f4c543fc828175e520c6faac,15287
d:dba7d69527db4d2fad5113d1a6198be6,15288
d:dba812357813492b88b05a95235c700c,15289
d:dba86f2a420a474bb5e20ac6ffa2de08,15290
d:dba9168de5a4449b8627953f737c84eb,15291
d:dbaf2fe420104af2bfd44d702b1a01cd,15292
d:dbafcf6c2416446199f9e092cc5bd68b,15293
d:dbb0854146fc4e78b29effce08813dff,15294
d:dbb493414a154621aef1d28c4fabea89,15295
d:dbbee10e19944680903b7bafc0dbb7f8,15296
d:dbbef6993ec24ed4ae095cc368df72fe,15297
d:dbc185987a6946a1a09a6c02b55551c6,15298
d:dbc409949ee145bf877cdbeb8edc10d3,15299
d:dbc562e01069455db7dcc64e8e20328b,15300
d:dbc79eaa7a1f46a1bfc6d169f932352b,15301
d:dbcef9b4e6c248fe84a9f5a34b344171,15302
d:dbd2778c74ad4eb699934bebd0f51f2d,15303
d:dbdaf0333c26486f8714081cb7b2d07b,15304
d:dbdd2a3546a34b168c532740684b515e,15305
d:dbddfee41c0b4e95aa7001476a6a69a6,15306
d:dbec5ff2f5ea47388974838dcd779494,15307
d:dbf21aa75b5041f2bbb292b1284f0ce7,15308
d:dbf9108a44854043a71950f38a039401,15309
d:dbf9732882e4464c98342bdb7456ad2c,15310
d:dc0013f919b745809ac0eead96133778,15311
d:dc00c8e9883746eba2ee83752c662a25,15312
d:dc02e398e3834be5a128397d56bcc2dd,15313
d:dc05a6b8db6a467f903b9c436066312e,15314
d:dc05f7755e0046e99baf6930787444b0,15315
d:dc0a5c61be2c458fa84d90330347e15c,15316
d:dc0cfa908e9a4f6cb049842ad9e3f2ba,15317
d:dc16622a7dc94cfb898a3b9b2cac8fb2,15318
d:dc18a12a8cbb4a68ae443ba7adafadff,15319
d:dc222e4abb4441ef9e317fa7080d45f1,15320
d:dc22f6a973c6409fa85fd1195d78469f,15321
d:dc25558ca8fa4af5afc4abda97abfecc,15322
d:dc260ba86adb4a938ca347b2f1f5ef91,15323
d:dc290ba9b49444a39d12353693b82de0,15324
d:dc2feba42581416a9b2725b689ad8ab6,15325
d:dc364bce972b4a418b7738ee276c2a37,15326
d:dc3d5639fec64eeaafded314271ddf43,15327
d:dc3e6ed4fb9a432e803b1cfdb7358814,15328
d:dc3ec80bcd4c492294a3f1e18fb86d4d,15329
d:dc3fd288b3fa451191b13fcd48eae1b2,15330
d:dc45e15e9fde4f3ea3abcbdc2b364f93,15331
d:dc490ad75b7140f2951ee13b8a970cb0,15332
d:dc4c47dfae874839ad654275c86f5a4d,15333
d:dc4d42f5414b4b8b949393bbadc6e821,15334
d:dc4dc6df1edb4b8bab60e296416861c8,15335
d:dc5825c94bf447bc83260abaae3a09c0,15336
d:dc58efcda44c46ad9b2605f9e30cae31,15337
d:dc5b1f9d302e406e80613474a3162e8f,15338
d:dc5c953c9a454430a5673b29393c5522,15339
d:dc5d89d1898841c2ac15aefcea31cee7,15340
d:dc5f7de6a91e408584572b18b06eafc3,15341
d:dc5ff1b038854337a5430b364e43ebfb,15342
d:dc6f678c077b49df97d13de071003911,15343
d:dc6fcd85297e4881a587242897f544eb,15344
d:dc751cd18b76445d8bc2a7cb0ada4367,15345
d:dc76dc226a364aba9341b1caf1f07253,15346
d:dc7b5d5ba38845eb9dae8c196d58a804,15347
d:dc7e820bbd284925ac2e23603585d4f5,15348
d:dc811320005a49ff87343b9bb3b06fef,15349
d:dc8a48870a904327bbf7628fc7090d84,15350
d:dc8d06f0c02d442892db160830582064,15351
d:dc95b29d83ee4a1b857c4138b8d6ecec,15352
d:dc97c059f3ea420d8f8f8390ae9254a3,15353
d:dc9bf2de7b90489ead7022609d7f3b51,15354
d:dc9c0e5c193e4f94b500fbd6ebba283e,15355
d:dc9f7ec0bac24a64a25089743710bebe,15356
d:dca2b61aadf349f98dafcee39d9c35bc,15357
d:dca88b6f714b45509545a05800b98d8b,15358
d:dca9b54b2a6b4ad09ec64c8da05c4dee,15359
d:dca9ccd8075c4274b0217b02b00fdda8,15360
d:dca9e97ea5d54473ab0b8106e3128139,15361
d:dcb04cbeb52b4ddb963c84a1583cbaaa,15362
d:dcb6a0d9c8c049df8ec2f97654203914,15363
d:dcb79f90510a4a9f9c59c9eb9cbf2785,15364
d:dcb92d78a19b4251ad6617e24cdc0191,15365
d:dcbcd94bfcbb49479a574679db204512,15366
d:dcbde8690881446fa5b588db719e6e25,15367
d:dcc3cccc7e984b8f98c91af270180d29,15368
d:dcc42e7d9f00470d80a630dafeee8f71,15369
d:dcc57d3557f44a468aa7e397e06b3450,15370
d:dccb7b6018af4c659219484618a76f3c,15371
d:dccc4139bccb4489ab2a310f2bdb05f8,15372
d:dcd17c53317949f5a83dff3a12511468,15373
d:dcd8736b7be444399b26f1947a3691c3,15374
d:dce12369b4514e96b07748d427b14eda,15375
d:dce4276c2b9e4ab1b241f4ba11935620,15376
d:dcf373585bf2451696ffcb5fd9276148,15377
d:dcf3e1174f5a4a33abaf2abee7e7d7f5,15378
d:dcf754d998244d9bbc4f06c94f901ff4,15379
d:dcfaf00505c1490699587da9151220dc,15380
d:dcfd1be598aa4823b7b2f405566df414,15381
d:dcff7a6591264694b52da535457ddab7,15382
d:dd00b84929d54d0099f9305db60160f6,15383
d:dd0266bdfd054799ac8d1a4b35f2fd2f,15384
d:dd03643cf2b4437bb3d2abc8678cd1f4,15385
d:dd051029bd4849d49dca80d7f679f881,15386
d:dd06844f71b04f4680c7016befc908c0,15387
d:dd06d78b007147ad89dcfa31e535d567,15388
d:dd103e1bfc1e412cadeebaae2ae9b929,15389
d:dd1482bcbcc94ed992dc4f9159c2842b,15390
d:dd18acb2cb1e42929dc73f974200b33c,15391
d:dd192e1d21424380bae32daa4bdb67d0,15392
d:dd238766ea3c424fab7f5ba05874c9c4,15393
d:dd23a701ca814ac892fb7ad02566b1de,15394
d:dd25624dece9443a964ba176bc60df90,15395
d:dd269dcff834435ba414ffadc833e671,15396
d:dd2b5b6fbf7b4fa4a26be13e3e9b2681,15397
d:dd2c1d3509f545579099f1adab3b8dc7,15398
d:dd2c1de8fd2b4190b1edb6e2ea3edb03,15399
d:dd3d3aea0cd74a7684e80ccfb5bbe898,15400
d:dd3fc78b85e246508dcd278e9c773dcd,15401
d:dd453dd60c7c4bdd88f5ec4cc6b36953,15402
d:dd4b56266d034a7aa4439ae9017a345d,15403
d:dd510b6450824b8f84eb5a3ee57d8873,15404
d:dd60b6c3fc0749e2b3077b6bea7b6d87,15405
d:dd61fb26c568422ab033772cd477d1eb,15406
d:dd63ab1fafe147cd9c9076267571f489,15407
d:dd649e30631b48cdad9c7c46eee2c959,15408
d:dd64c46efd1d46609d3d5ddf228d46c1,15409
d:dd667f4bd79a412eb45fe6bb4de9076a,15410
d:dd70f60c1326434084bd828e277c8d1d,15411
d:dd761ec94a1a47e384e2f96a1489d929,15412
d:dd82c6151e2e4948b79b28ca079ae75d,15413
d:dd8746fa85cd4e5fbf06268ed2787637,15414
d:dd8d74580cfa48c481781412c0952a43,15415
d:dd92553a89b545618c461de29e3bf8cc,15416
d:dd9268ec4c464b4aaaa4ffe90af5859b,15417
d:dd9310e2147143a48a8cf42371651080,15418
d:dd938c24aa8f4998a29dcf525eed2bb3,15419
d:dd9475ad852748cbb7ff051176c77c69,15420
d:dd981e15064842b59c5f18b41a6c5f55,15421
d:dd98faa0de4546078df8d825e70781f9,15422
d:dd9be8ef25e449e68f4c61bffcd6e2d3,15423
d:dd9e0775f2d545098cbe2a5a03b956ab,15424
d:dda08bce0297494194ef0ea18c0c00c3,15425
d:dda2849a717f44b89ece56a0dfece428,15426
d:dda397c557a34db0910128bea4b2ec3c,15427
d:ddaabd05d23b46cba54422e2a72e571c,15428
d:ddabd48e5d7140fcabe01cdeff424ab5,15429
d:ddac022c35854faa8b426dd1681e01be,15430
d:ddacf55217e14f16bb36f388105ecbfd,15431
d:ddae6e7693af447caead05d58efcc751,15432
d:ddb01bfdb87d4c8682ee804c040ac647,15433
d:ddb2f9db2fda46ba8340d0a77954c2f8,15434
d:ddb65b7cd2ca46d6be128d498b1b7756,15435
d:ddb7f5182a9448558e8a33ac9403d829,15436
d:ddbc102d6b834b2eb86fabfb5849402a,15437
d:ddbd993205614d57abb9b2e7e436d44a,15438
d:ddc02da9c6cf4ec2ac596a859dc53c4c,15439
d:ddc0ae5be0e744fe935b16ccc63ee357,15440
d:ddc3d0c4a1674786ac4875ac4e3ba537,15441
d:ddc7b001a359429d948b3b05e241d2a9,15442
d:ddc872b457624f079d09db6efe5986d9,15443
d:ddcbf43bef2f40548be5cb6227fb4677,15444
d:ddd17b69941e44d49b5183bf67bb68b8,15445
d:ddd1bdd6af2640358c0f1c03e3392874,15446
d:dddb00104f0d470eb539bd0f2cd85bba,15447
d:dddc6f6d5bd7490a988df77057b4dca8,15448
d:dddc83d8493a46cfa1f18e84f9c689ef,15449
d:dddd171e894e4695ac4816ca39296f88,15450
d:dddf9bea60cb49c2840098301a19ae0a,15451
d:dde3f7e08c324badaf8e204c3669e431,15452
d:dde6f0d1ed1a46d9b76c1c7aa6a837e6,15453
d:dde7e7b3c0d14626b7fdcc944b3cac4f,15454
d:dde94d7a6924471587a9a8bf33983928,15455
d:ddeae34e15ac4ad0b9b2c58831b5d2ad,15456
d:ddebd84cd9d04215884fa01ed080b079,15457
d:ddef9cdaf22a45d1bb2ab0652ddf17fb,15458
d:ddefffa91b5f4a298a9672fe5605e4cc,15459
d:ddf60a2c900b473aae38639ae012eca0,15460
d:ddf8a9b7ee8a41279d33191b98b71b37,15461
d:ddf8d65f3d1842df8a05412ce1ec0a3e,15462
d:ddff0b271e9e4c8289a85227888cbe7b,15463
d:de031ca7faa04efa9a9edde3f41bc6e6,15464
d:de0332f883714cf0b92b77eab94a6898,15465
d:de043cef7559455e9e2eab366ddb55a9,15466
d:de09b7d6639b4eaf82c857f2ddd1d2e3,15467
d:de0aaeee826d4ce7b83ad7b919b9bddd,15468
d:de162e2e802f408f8cd239ac35d8c191,15469
d:de226fc7f85b44e1848cf7eac3673725,15470
d:de280a00bce04f44be7442ef8c18bb60,15471
d:de2851d6180547c9aa1d31fde0146e3a,15472
d:de2d297dac7d4364854948ed91f37701,15473
d:de32b2f4f170493597abeba46e6c4021,15474
d:de3435295f7848b287416f3101537d4e,15475
d:de362e37678a44609d7e99022b21fecc,15476
d:de3765a6f4fd41ce834774f2780b845b,15477
d:de377ba17d8f40008144f148c7a5d466,15478
d:de39358796db4e65b9da59c29a6eb8d9,15479
d:de39cbfbe1b146a99cbe2a1b030ccdc7,15480
d:de3eb1a6deb84e948a423f575b584d59,15481
d:de4204483e874c0faa1494210968ee34,15482
d:de451d45aec54814be64ebea4f78c4e6,15483
d:de46a912dbb5423281bdbb596bb90eb3,15484
d:de48c1afd6914e059ad456e0b3e24ae4,15485
d:de59cf7938414d1e9bfa6e0d09401a18,15486
d:de5f35834a7748ebbc8dbe5fe8174e1f,15487
d:de6193f3dbbf422bb50617e14531a2cc,15488
d:de66dfb7ece249f68bd8dc3f863028d0,15489
d:de6c2858692346239ceb17b40dad54f4,15490
d:de6d58d0373f46a69f25ff4d245cadf4,15491
d:de6fb0bb95104a46bf4f7813d0c318a3,15492
d:de78a9fc2e7e49c5884275376566589b,15493
d:de7dc1f7a4a64b86b7e2bc1e7c64ad59,15494
d:de8019b5a0f448a69d8305bf86558891,15495
d:de8202466e7248829388fc88b2a4314b,15496
d:de823c867e634c35bf295d1181d1f18e,15497
d:de83cb9eaf2840e9b9549289c41a6028,15498
d:de844aeea8c94d1cb81e5228c2c9e117,15499
d:de84c7bb9a594c4db1edbd463c6a9293,15500
d:de874a50cb8147adbd53f76a73c81aa6,15501
d:de8bb691db344a949eb883ffa3ce403e,15502
d:de8cae1663034f68a30bde5000bebbbe,15503
d:de8d05cec37949d0a679996c1dce2fc2,15504
d:de8df36803d2489aa263cece41c7d9be,15505
d:de904dc5c0d7447dbd57afaf03cdceaa,15506
d:de92718a50bd4b0ba56c1d646b61f7fe,15507
d:de92758f48454d82b8446238b63e54ca,15508
d:dea2e756ab9442cf96b74c47ec11ae6a,15509
d:dea9b5dc04654c85946d55519b94f5ec,15510
d:deaaa4f0dbd048e7b987c2518f4a684a,15511
d:deb16364f2474c3fba89e48b86660b7e,15512
d:deb6edaa1d7240baa54e1b8876070310,15513
d:deb7c3b4a4054d2e8d91a889bfc3a588,15514
d:deb9ebc5b4a84076aa26a6bd0f4e7fec,15515
d:debaca7e48b84fe18c60f3f97733caf3,15516
d:debc83f26f9847e2be05b5304d6364a8,15517
d:dec31c0ec37545ff829d6d35eb4f1ef4,15518
d:dec5e56a96ea46cf8edc9e4322b7aaea,15519
d:decc85a7bdf74324acf9fafaab9c3538,15520
d:deddbdf9e20f45a796346804cf032033,15521
d:dee457dca0e44bbfa3dba20fa5c54b90,15522
d:dee502719b374f3781583b494fd1c4bf,15523
d:dee71c281a964a62a785aae72f428404,15524
d:dee874dd466d43d592e9340b7b8a9a09,15525
d:deea38e56cd64254abc08249d6dd29b8,15526
d:deed2fb87d644d7f99701cf20e3ceedc,15527
d:def0cd20e79040f1b79b08728864e8c9,15528
d:def81e4607a34410a10c7ae48a02940b,15529
d:def873afc2e24dfbbf8e885e42cba75f,15530
d:def9c56723084ce4a63caf32fc32f3d6,15531
d:defb21582c194383a4f93b54e87032d1,15532
d:df00ee984f02485a85e055d38219386b,15533
d:df024e42bfa44599b9f5805895b3d2eb,15534
d:df03b99b50444a989f4c552c6c76382e,15535
d:df09e476c89a41c2bc2c4e5859023438,15536
d:df1b9ca8f83c473880bae008cf45cf5c,15537
d:df1dde286bb8449ba75b5a2e2dc33fa6,15538
d:df1f120e42124137b987fa52947768aa,15539
d:df21a52df7bd436a916a1505d88cba06,15540
d:df24692c64fe455395a4c2f956766dc5,15541
d:df25de5d3a704db3bda4891f2b91942c,15542
d:df2a37a5ce5e4b0b975c4d601b3cbe0d,15543
d:df2bef903c6e4724ad5d0baeccedcfad,15544
d:df2cd94947e54fd3bad73dde4c38c326,15545
d:df2e0fcac2cd4e2ab0f277a929c65763,15546
d:df305662f5d24a2b921c3c1354b3d634,15547
d:df30f4b9774d415dbf0d02ea03d46f92,15548
d:df31bdba875a4a589943caf027787da8,15549
d:df3681c5868a411fa6cdfde481e6ad03,15550
d:df3e9ba3da0949c687fae0b5ee49d077,15551
d:df3ea3c7179f4ff8bfd5e5142d3bb77e,15552
d:df4aecd5343d4023999c39b4136513ce,15553
d:df4e8a4e61114fd491048c85d3a580b6,15554
d:df579e3ff53543d0b523311a4c7791d8,15555
d:df62f43ab24346d69f06859da621bdb8,15556
d:df647c45480a492ca5fff099f2f6eb32,15557
d:df6db214dc394cf19270ccbe3a96547b,15558
d:df6e50a5582341b9a12955913b372bea,15559
d:df72dde221ae4e53ac2b8a9a864d965e,15560
d:df784dbb98124305beea823cfab37351,15561
d:df79c31bd7134a5d8dcabada62fdf0de,15562
d:df7c23cd3efa4ac6a019efe468e72c21,15563
d:df7dd4d2a2054c368d25a97dc2a56e00,15564
d:df81d18551934e46a6e043b46a90515f,15565
d:df84d752633f40dc93ca8bec29347f76,15566
d:df8917fc9fcd4dc5975543c7b349fe67,15567
d:df8a68c65f4c4bc786333f3745a44376,15568
d:df8b32514a6d4139b34b312d4c288219,15569
d:df8b464b883841938925e715e754e889,15570
d:df9286781a5342818f262009cb2a8344,15571
d:df955b4cc6ed41649e5ed8556ba130e8,15572
d:df99872d20e740b9bac2eaded0cade39,15573
d:df9a082532e9417a955822edae476dfa,15574
d:df9a5540a0d74a5bb2cf457908c24f3d,15575
d:df9d703096904889ae8d024d927a7743,15576
d:dfb2dd0f1f1c4313b1282a731327c98c,15577
d:dfbb6a1deda9493a9eb2270fd9ced90d,15578
d:dfbdcca3e8c44fed89a0d3818e2f64d8,15579
d:dfbeda2ada1749ee8bc504d2712782aa,15580
d:dfcb223bf7cc4396b318baf066fd89bd,15581
d:dfce4299d2d144dbaf028b5c66e01e07,15582
d:dfd509377a3943c5a3f825526a1f522d,15583
d:dfe204e4f50d4df3b0ee348537e234d9,15584
d:dfe48019931b44efb23255e4efea81d1,15585
d:dfe66a2a76f84c00bde4521a17e97a37,15586
d:dfea809ec09e419f9420422561ed326e,15587
d:dfebd3318eb34e7987b8692b45c08554,15588
d:dfed71b168f347a289aa32486ae3f365,15589
d:dfeeaec19aee4571ab57d52c3815707e,15590
d:dff5d45444d34bb0bf11663694e0b2e8,15591
d:dff8ed1ce3e74b60b3a810a8be0d6a27,15592
d:dffa3ceb4c3d410780ab20f2535e864e,15593
d:dffcaf37c3d64cdf90d4744efe0d67d1,15594
d:e003c3d241e34b34bdd80c96535357e8,15595
d:e004e7ab31154a30b576b87c7d37c331,15596
d:e006bc02bdba4bf4b42833c960188684,15597
d:e0130d50b8fb497088e4e740af2a8139,15598
d:e01384b7ef5a4941a8fd21f1bd6c6b24,15599
d:e0143c6a4f7a4aadbbd17ed9b567deac,15600
d:e014aab62913490b82f7b963195018d8,15601
d:e0188ea7f7b8490b9aaf46d7f9de2d9e,15602
d:e01c5ad1e3534a17be00696f36edb92a,15603
d:e01ec2cdf4ee4334956435478df526c0,15604
d:e023ce28826343a58dddfd90cca764ca,15605
d:e024aa64f7764a21841edd51df105b4e,15606
d:e0286a273af6482e948025b881099be2,15607
d:e02e8166e77242fd90801a61e587c7df,15608
d:e0306c46cf4b436694228d2b8624ca92,15609
d:e03571bc6acd4c5797519240770d44e8,15610
d:e038c4cd759742a4912b0cb8c51f004c,15611
d:e03bde55e1ba4baead9951344a1951f4,15612
d:e03c0bd27122411f9e8baf2f862776d1,15613
d:e03efcfbb66144c4a7da639430ed69d3,15614
d:e0402bfae7f14ba2b63252c41ff086ff,15615
d:e04469ba20e34484941e38558322e944,15616
d:e044b20e3da64636b84307e787e7f26c,15617
d:e04701467cdc47fca36fd9607e90b278,15618
d:e0474964d6fa43a78959ea33dd60f503,15619
d:e04a6dbbc6d34393ab5a4a2be5c96921,15620
d:e04b77719569473c8669b7976c65b548,15621
d:e04d5022a363482c87348b54a3220bcd,15622
d:e04fa374d040424c8c4f4d087837ccfe,15623
d:e0571060f3774b67a0f41110cb6d2e9d,15624
d:e0573f604dbd4888af375dff9c43c6b9,15625
d:e05cfcb6ecbd4249aff93d978a3fcbde,15626
d:e062ba487e724a059fcaa6db0c6e8235,15627
d:e06436408d8048b193662302dc4d11da,15628
d:e065ed9069924588b3fe9379701fe04a,15629
d:e07321edfa0f4769aee153c8597e411e,15630
d:e07406afe2a149ba8cee32dde6ad7b92,15631
d:e074193445f942d3bdf7247f4e662b5b,15632
d:e0774b97665f41918bc316937a2589fd,15633
d:e07891ab7494425c9fd0a39fc4b13b2b,15634
d:e07918c92332421a9d32af7df362a8e6,15635
d:e07d465295484e4ea850282404cb6fe0,15636
d:e086cff9297846e682e4e40f8f423786,15637
d:e091b08b2e5f4b82b48984bbcd7131dd,15638
d:e092d2efa0c548f897b561128c5629c9,15639
d:e0944bb233b74eada81f2f9c9913df57,15640
d:e09a91a184374033a050341ff0115776,15641
d:e0ace4c9f3bf4fa7947e126c84fc9e74,15642
d:e0af2ede19544507b5088c8bee29d7d7,15643
d:e0b37529da5746658ace46e1f5899574,15644
d:e0bebddb8c3d4c44aa93ec9cf9ea179c,15645
d:e0beff4e153742149c56552d8ac2c40f,15646
d:e0bfe7daeec84649bb6c61c1206aa51b,15647
d:e0c960b9bbc741f89a34eab5cd9d1fc5,15648
d:e0ca5b2383654882829b496d2916760d,15649
d:e0d18a5196dd469d8418ba3283a77604,15650
d:e0d1c6e0a9304bbb871e4565fd3f879f,15651
d:e0d6205d9aed487888cbb93aaf533db7,15652
d:e0d794b1efd848ea91dced2d82526e6e,15653
d:e0d810f44f1749299e33e174ef3e1cac,15654
d:e0dc9a486f8e403cba86740c9fe9e54d,15655
d:e0e2301319504e78a327359841ec3db4,15656
d:e0e453d867c1497aa26b9980c5ccc589,15657
d:e0e5e94b52624937a00da0f2f19008b5,15658
d:e0e86bef65b94da885af98e6f3ec0c86,15659
d:e0e98eb8c7ae457ab25e85a202986111,15660
d:e0edc425c00649f0bfbb4af70ece35bc,15661
d:e0ee867eb1a044168259108e87a816fe,15662
d:e0ef2914acd149959d453e39ba826567,15663
d:e0f023f420114f659b19f40d157d85db,15664
d:e0f075d631c24fbe842bd04e242b348d,15665
d:e0f9c0307bb746ccb6d7eb85343161fd,15666
d:e0ffd618c4014a159ce7b4e50ee01631,15667
d:e1029c35ee2e40b1be4964db58237b2f,15668
d:e1030577d50f4b2385e15c7b92af773d,15669
d:e10ffcbf5a654b17b81cc90cb097491e,15670
d:e110502d000848efb1f2eb638b27ff6d,15671
d:e111015494f445ccb9b4bfe79a16514a,15672
d:e112f6837ace4d05a7cba75d0ef00e3b,15673
d:e11353ff6e55428ba44342f2873d42c3,15674
d:e1182109c47c4bc5a42205bf5dd50239,15675
d:e118c2367e974ea08f2586e9286f87eb,15676
d:e119c010177d425ba2630f572c92803e,15677
d:e11ac011a7ed4f9b8ea1b44f78acd4f6,15678
d:e12813ca02cc45f780f00858200935a5,15679
d:e12ba3e5cab942b99486748aa8825a9d,15680
d:e1353352c8cd47cfa4ee413b1f7383a8,15681
d:e1358b19aa444680ac1f0d6c82f4bb6c,15682
d:e1364144661b459ea3a770f03e6a4061,15683
d:e13774db4c7e4d4eac245d7d0b5b37ac,15684
d:e1397c9d290d45c0a128fc2af634f6b9,15685
d:e13b568b2b864750b0121a01abf69b10,15686
d:e13dc9f1b8c84d14b0a5379b264dee77,15687
d:e14045833a684093ba7cfdfb02f3f43d,15688
d:e1409994eb394dcfaed21099929695ae,15689
d:e142d6a99287452694618a7fb5d30ecb,15690
d:e148bf34ae72491ca9cd02ee6419dba3,15691
d:e14abd121f8f46f3948d650abc49cbe2,15692
d:e14cb1acdd294050b006910e015c8209,15693
d:e150b27a42bd441bbf0a72891598750b,15694
d:e1511624584741719c5f30246af1c1a6,15695
d:e1523838cb114df6aff0bfbb806b3814,15696
d:e1570cfbc1c04e31bc9e4d8067b09725,15697
d:e15b126b59d14156a1ccd37c621b4a45,15698
d:e15b2f78858a457daba400f8be44388e,15699
d:e15ee1382bea4d93a75327b203e2c587,15700
d:e16434d2a73044fd8ad592f67aeea210,15701
d:e16a44d7f9c74ac795d2446bc2e66194,15702
d:e16c46c6d2f2426893551469f8ee64d5,15703
d:e16e3e31379a475aaddc7e54803bed93,15704
d:e171ba4c88e1406f80da682ebaa4a9a9,15705
d:e1724e72fd004a3493c7499c5f3f0df1,15706
d:e17451c4db1d4ebab91b12caaa5eef40,15707
d:e175c883afe04387aeefeae27b4cc6be,15708
d:e1784a935f4e4a17a295e79f31df8bca,15709
d:e17a7b4adb614aa49d6e1cf5f1f382cc,15710
d:e17f63311e3f43d598dbaa964f1d9a7b,15711
d:e18081e82dd34938aa14b7baecf25b86,15712
d:e18522708ed64d0499fbf513f28519a9,15713
d:e1869b01f7554fbbbe24a19605126490,15714
d:e18760626cb943d497bef53425f9b4c3,15715
d:e1890d59433a47538dd1da789e754523,15716
d:e18c2c113e0643e18642f28d351345a9,15717
d:e18def7903634f7f80785c42b02b0e02,15718
d:e18ef09a10a14693b617731f79f0a093,15719
d:e1907acc76854851ba2221b08d55ff5e,15720
d:e1908603269b47bf84e0c2cd6f23fec5,15721
d:e191854820bb477b974537804a050f0d,15722
d:e1946cc7bdda491fb3d3304478c2ca75,15723
d:e196b0ad5b3e4d83878fcd7397bc255e,15724
d:e19d83573c934c79a5e483a2d29d855d,15725
d:e1a01a749ca54c448d6914ffa4d5bc2d,15726
d:e1aa2fa28a1e4047b1b1b03e387c1dab,15727
d:e1accaa2355a4f5b8aa58735191e36cb,15728
d:e1b20e91e90b44f58358d2e9c09c59ef,15729
d:e1b37cb1ba5443e1b0f966ad36631d05,15730
d:e1b909534d9749e6869372aa2fc09d9f,15731
d:e1bb70f7f08c4ee2a050146f851ea57d,15732
d:e1bd9bc8eb13419384e76b0541be0bc1,15733
d:e1c4af8cd72c46fb93530ee3edd56c0b,15734
d:e1c5ce6efe61439e86727d8a51fcbf01,15735
d:e1c6246ccedc4936be183c87560e8cc2,15736
d:e1c76a419a264b3a9d58d690fb5ce782,15737
d:e1c7cc2424cb4f16bdaa2b4c1602feee,15738
d:e1c924a887524990ad59e38e6b36e7dc,15739
d:e1c943aeb5c247ac9ecf75d3f974951a,15740
d:e1c99dcaf6d34811b4a952337942622f,15741
d:e1cb14fc03df499ea2fb45eaf8bb6049,15742
d:e1cfdec11d4e477680752053771c77c0,15743
d:e1ddc55a3dba487e9561dc0562df7803,15744
d:e1e2d55f9da742f588818967fcbacaea,15745
d:e1eee309af8048829d258890f69645e6,15746
d:e1f1374d28c0458083e73d60edd24569,15747
d:e1f2d3a370754ca48eeb81e74d0f8bd4,15748
d:e1f2f98d608349619c91dcf3b2ddac40,15749
d:e1f68af230d64a4ba5c1db4bb7647fc2,15750
d:e1f80b33cc014d01b6446803e2eb94b6,15751
d:e1f90fdb9bd8452fbcb51153bd04622b,15752
d:e1fac454b7554c4f8529b049047d3449,15753
d:e1fc92392e4146d389705448b18e5e70,15754
d:e210c5a2cc61478da02d77c1a945a72f,15755
d:e2125d300ca749888e96ca4d8c26a909,15756
d:e216fcfad20241ae9b389491fec484fd,15757
d:e21f8dde8a01490882e1999d44e910ef,15758
d:e22724828a84423c9e0df0655c5616e2,15759
d:e22a1671dce8414e9f5835be4b2a2346,15760
d:e239b5f91bbe4ac3a97b10bf5ad55790,15761
d:e23b5380574d4f0780d0463e4a97662c,15762
d:e23de7b8852c484c94ede528dff6bbcb,15763
d:e24279145faf4f179cf4e824a93094d1,15764
d:e246b3df06af4f1eb2281dc16a8185b1,15765
d:e247e05a814c4d8c9674d85e97b48716,15766
d:e250310022b249b783d732e77023dfb9,15767
d:e2540e40bf504f2190f0ac6be72a9b9e,15768
d:e25542c078d744f08e7762209636b63f,15769
d:e258a6f1ac92482a9b65bdad31126e84,15770
d:e25dca166f01466cbaedd19d15bc9335,15771
d:e25e846323df476c8f2d53403d7dcc43,15772
d:e265ac99213c4dd4b48e89a826d09152,15773
d:e272ea2bc6444b199befc10228cf088f,15774
d:e276b40bec774f2db8cafb47c31aace3,15775
d:e27d634554244373b8277f7a5feb7920,15776
d:e2832b0df3df4ea6aef9461f24de986e,15777
d:e28e701a82204e8a9cfa2133163cc72c,15778
d:e28fbce6a4b64e6aad9b7c17d80b9de6,15779
d:e290d79cc11c41129071a1164083c538,15780
d:e292688325d84bf2bcb38cf485f97383,15781
d:e2968630ab884bcd8a93419d05f99bd3,15782
d:e296de1c617446378248657bfac352e7,15783
d:e299cb65b5714c74a7bedabcf91be702,15784
d:e29d11abf67d40bbae9291a9ff4f31e5,15785
d:e2a3af0cedc94929acf5f7c6502b7e7c,15786
d:e2aee529010f45aa9b73c2883efebb2d,15787
d:e2b0031a4ab540ec91da5d473ad717ce,15788
d:e2b4b78d6581404c957f062e5ae42377,15789
d:e2b57c0c26a047a7ae39d8d62550e620,15790
d:e2ba5abde99740289a0b582ec94b163d,15791
d:e2bab52a5a954c42877f08458e652153,15792
d:e2beec4a1a684feebf1156b09d812a08,15793
d:e2c14d2cbf0a46da84f317e900f86ca0,15794
d:e2c66c8afa0e4f1580e28f779bfd37bd,15795
d:e2c6c1cb311a41418473397b6e5ac63e,15796
d:e2d2da3c31f8420898f3ead99b0ed403,15797
d:e2d4b6f707374581b5fa64e41ba13830,15798
d:e2d5a9a7e4434ccf90190166fad9f85b,15799
d:e2d674ad30294fecb6fcf3ac93f336ec,15800
d:e2dcb5d57e2a4ddf913e7635016a65f3,15801
d:e2dd6919e0a845019c44dafb2d8457de,15802
d:e2de56b44fd24e089b6add2c834a63c5,15803
d:e2e461b0d1b94b82a407085ce4703a02,15804
d:e2e478cc175f48b695541778ed5d23eb,15805
d:e2f14380167f40a5bedc606e7661173e,15806
d:e2f6ae01390b45f493509b16bab3378f,15807
d:e2f81ea234bf4c78bdfb4cf6bed39e0d,15808
d:e3034bf7b5c04d7f9bb3bec1430994fd,15809
d:e304e6c56dcc4d3aba1faae5026a3f77,15810
d:e30540f714af475db90a4903ecc11583,15811
d:e30b3f6705224b0094cb356834ff1092,15812
d:e30bbd6f8fdf46a58907bb760f9b9863,15813
d:e30c5e090afd4e28928e60e30137a1c2,15814
d:e30d535ab80245ecbb337511ffa96dfd,15815
d:e30fcb5069ab4a2ba4dc299d9c728361,15816
d:e3102848c7ae49a38a87bdb119064cb3,15817
d:e312dc991f204ad2b04aaa2a6bbf735c,15818
d:e313f5715b67451fa1ef794a9887401f,15819
d:e31da54ad6274c88a460960f1918f59f,15820
d:e31edbdca9194bc1968a84d8cf88f09e,15821
d:e320a06c6df3454690268ee2b4e760f2,15822
d:e3211c65ef624d6daa4e70f9952442d2,15823
d:e329aa97bfbe4fca8f5f0c75735b33a8,15824
d:e329e4528e314be4880a62e46aafdf4e,15825
d:e32a5e0d76744121aaaf1dfa56520e9c,15826
d:e32aa447d2aa4f1bbb7ceb1c086c4d37,15827
d:e32f61f8c2f549dcb2751684ddb5ed84,15828
d:e3339c7258eb4c13a8c93a28e49cda2d,15829
d:e334f340135549ed9baaa25b735b0337,15830
d:e3351a0f16864dd4be735b8bcfa16b79,15831
d:e3351f61e88648a8b2eb75666824ecff,15832
d:e335de41d1fd42c69d7c20f2bd05b80c,15833
d:e3361ea3ce1a41ce9fe3f0e39c59dca9,15834
d:e3382ab0994540f19cba1d99a8e21f07,15835
d:e338a81247ff4e8a885865f0c341a9ba,15836
d:e33c3f5e047b41acbab42803fcb495f0,15837
d:e344a299b6da45c4a7737bca7808d1e3,15838
d:e347d4abdcb44f04966cf3878fe2bfa2,15839
d:e34e1a92f7194b419e5ea09f52f4aab7,15840
d:e34fdd83f1d14e48bca46b7751beed55,15841
d:e354303ef1784aa49d897611ac9d69b9,15842
d:e35b5c0fd0c74d948bb7a93aff2fd59f,15843
d:e35f985c05654b5ba1f76edcddfc529e,15844
d:e35fac2c286748a48501f14ca948e963,15845
d:e360208af4a647d6992cba3a1577c2aa,15846
d:e36214ba223145da924dc4062c940ee1,15847
d:e363a24473c34b81a693eba9fa2ce4ab,15848
d:e365d75840d54ce784ae4d990c1e26e4,15849
d:e369c4877b244876b2f611e563e38d7f,15850
d:e36cb230a4d4415f8531c645b1c9fa50,15851
d:e36fc51052894181912aa9fae530dfe5,15852
d:e3786868032240c5bd4809d4d1470154,15853
d:e37b2a1fa80046608c4d8769de68d91f,15854
d:e37dae70d35a4c00a4345293e19a369a,15855
d:e37f07ea8e9348c6aefdfae7beab774b,15856
d:e3815d23d44d445387491bda96c484ce,15857
d:e383931379b2468d8080de6362822f13,15858
d:e383e709c35c49c8a3727d52a1d60d84,15859
d:e3896c11220f483ab3ec35c9ad6af6c9,15860
d:e38d1977ce704c438b42d8cde01b94e5,15861
d:e38d21ced7954f2fb77bbe54cf807637,15862
d:e393c3ccf01643748dd2a42389353412,15863
d:e399177430dd4fbc973b1b3be72c4669,15864
d:e39d3c5641bf4f6dab058cd7974e3343,15865
d:e39d8f1b7c504d84afe2e6953e6efc29,15866
d:e39f490e1b384d20b22f3b79ea55919a,15867
d:e3a746c412544b9988caba00dfb0524f,15868
d:e3aae46d26d34b6bb79afeb87c85eb6e,15869
d:e3ada800dbb24c1fbbbcc972d10142a7,15870
d:e3aeef2043404e55a421e652b8879d19,15871
d:e3b215da2aeb4092bc937dc3102ec691,15872
d:e3b7094ce075415eae4384936714efc8,15873
d:e3ba487075774834baa3c6dd64b204bd,15874
d:e3bbc7400b8d4d8cbe00c4ff7dec06f4,15875
d:e3be81476bb145a49e6ace681597a106,15876
d:e3c07e742e944e63948b388290791b4c,15877
d:e3c1f85196e448f1b787702905ad4da5,15878
d:e3c33a918ce94182a8b3eff7cae01f85,15879
d:e3ca5e3de4104761a00ebaeedda2b2e9,15880
d:e3caadc75f5c4012829b12ad28838213,15881
d:e3cb9f6163e345bd97a7c283196027ac,15882
d:e3d809ae54bc4ce8974ecd457add3f82,15883
d:e3d9adeada574dfb9cecd063a7db7788,15884
d:e3da389304274ae3aee7a151eed9273f,15885
d:e3dadbcac6b141708f606c48998c39f9,15886
d:e3db7f25ef2147d1ad51bc2ed7d56bbb,15887
d:e3df64a18c09466f9a723c311ebb2919,15888
d:e3ec2aa9b78e4b648faba7544f278a86,15889
d:e3f1a0e56d6f4c379bb6a743913928e1,15890
d:e3f7e0ad4c414d9cab05b1bab4cc13e6,15891
d:e3f8e82b3aba4a39b16c353a5202dd7f,15892
d:e3fcd4f421e24903bfcfda22ed3dbfaf,15893
d:e4020449892841cc90ea87c38b4c7f97,15894
d:e402d00493154368a7ebb5454a2a40f2,15895
d:e40499782be04fedbce306c8373e4c99,15896
d:e40530771f2f432d962d816447875a1b,15897
d:e4068a5a3de04a14b2171d565d32469e,15898
d:e406af66bcfe4d14966fa1805bb082ab,15899
d:e4073de9bfa34ddb95b979dc71645787,15900
d:e40916445d154de39a08696f03ac870f,15901
d:e40d9bee365443c3a66b9f9bfc3060ef,15902
d:e40ea11687e54b518ab9ffc0db5604bf,15903
d:e41bdf4c8b9040d78c6d856db3304bd5,15904
d:e41d33b54e3a4f789944e97b10535d09,15905
d:e41e952a373b4c3a90baf17d99bf91c9,15906
d:e4202b02ab05463cb9327295b544e216,15907
d:e421c608c4a5484cbe08489442a352f9,15908
d:e4224ff8f19e46e4bd821d1b26ce017b,15909
d:e423e2f25c564217a507161f5cc04378,15910
d:e42a7a068821430cbf23b39df9bb32d1,15911
d:e42c6da5b4a743e1a9d1160135d88920,15912
d:e42fd1d376dc4330a97c564dec58bb03,15913
d:e43473b16a4c413490fdda8c6022595e,15914
d:e435fd8ccbca4c01b7728f2a1475262b,15915
d:e43e26e47a404a56b3712e34edf687d8,15916
d:e43fcc9cbcd74d439584c35a0689d313,15917
d:e44a7f3a6eb74fec9da97f029544c34b,15918
d:e44dd9090edb427bbaec391d86a3b98a,15919
d:e453bd9194624042b5b35ef178aed01a,15920
d:e454b748a62b4494a96f486eac06a8e0,15921
d:e45c29952c484dfdaae09cd0dac452cf,15922
d:e45d329d07d541b38dc4dac9bc4ee180,15923
d:e45d9a1e23e343998f8adb2f76c5e066,15924
d:e45e0e38069c4f3c81068c73289c119d,15925
d:e46601b6e2c348a88cc2ae95c170df94,15926
d:e466976b9e4e4e5897e7dc3ae7e6694d,15927
d:e468d6db2bf44873a26c8575aa8d065e,15928
d:e46f6fd1275e4be0bc770bc5cf567107,15929
d:e475423ee9054f66b983728c36d657e8,15930
d:e4871c02b4854760aaa8338e9b0c3097,15931
d:e487a1e1e15742f99c88412e73782820,15932
d:e4883d8403e545b1a25426200169cc38,15933
d:e48d13a232324003bf686c65c210a266,15934
d:e48ff52408084199a925f1e466bdccae,15935
d:e49496872b06452a935e80931c17a8b2,15936
d:e4a0d9fde30243b3bcf3f11e8ae838ab,15937
d:e4a7175e063c4a05a46144d9995301c9,15938
d:e4a7bf7a17124d4dbbb25f8dcb313cf8,15939
d:e4b0a98637b24e2f94c027edc4a28181,15940
d:e4b229108492434fa6bdcd03be41e5a7,15941
d:e4b53b09849a4f2da5540dfb615c57dc,15942
d:e4b77e6c457945eb9f5cae5fc40aa8c3,15943
d:e4bdff14c904448fafdb8dd39ee67081,15944
d:e4c174d1df3746bebc8cd8267743487a,15945
d:e4c3c5e6c39c405a9514c898b8c682ab,15946
d:e4c4ceb7e93a4810aeee69d16b2bc9a9,15947
d:e4c69b3edddc44a9b4c814bc19221ab6,15948
d:e4c82832e4bd40be98a6b3d0ba2580b8,15949
d:e4c878479e2545d1b6fd35b3793c1166,15950
d:e4c8eb7a5d30424bb8bc21c29b8b5df0,15951
d:e4ca3a2e084f42c0ab441d1d9579fc52,15952
d:e4cba115b04342b2bc45dfff2fca7f38,15953
d:e4d0e65627c54bd7a803eb3bae02da3c,15954
d:e4d2bacc7eb54efd984482abcc3ce135,15955
d:e4d33b2e81d34e4ebe410c3278e2ce45,15956
d:e4d6c60632ee40a88cf62b04909400d0,15957
d:e4d9cf8bae6b4a3f99ee9eccff533521,15958
d:e4dc6543683e4a9fa9e692e6b09cb152,15959
d:e4dfbec2c474423387bdbc0750c10aa9,15960
d:e4e05c089fd64ab68fdf8804bb5505de,15961
d:e4e5b164f0564da1a95dc12860e296c5,15962
d:e4e8001b821d4505b7134cc6556a2a62,15963
d:e4e9cfed23ca4ca0b5cc8580764c04ef,15964
d:e506c1315cb3434593a9c94a5c8e7600,15965
d:e50a305b83c646b585b52609819dc5a2,15966
d:e50cbb72acbb444ebbf297fa5fbbc77f,15967
d:e50fce38141041bcb4f208d81956be45,15968
d:e513327050e1491d907176d2222a344c,15969
d:e513d2acfed74715a54aea17d1fe87e8,15970
d:e515f2b05f374005be50f1aaee230818,15971
d:e519b7ab69be48ca8313917e23c0991d,15972
d:e51b580a5a1142e5a5acae0e771348b9,15973
d:e523484d56a1409cac4dfaa2450b7969,15974
d:e528040dd6484ef0886aa1924e32afd1,15975
d:e531d77c70334a7c95643efe9a94da7f,15976
d:e5327915546b4fbebf761b14a9c05b7e,15977
d:e533323f6de9485d9318de96666cae29,15978
d:e533bcf007994fe9bcaa879ff235e900,15979
d:e53453f91e6a4680b72ed111e80e255e,15980
d:e536b2c73d1e49f2b6fed0b19c838dbe,15981
d:e539f617350a42b680a1620ba1eb0ff3,15982
d:e53de8e979e648f092acb630c7f38d6e,15983
d:e53f406040a3415eae9c4934b806c166,15984
d:e543495057354c50b77ee8939c1b244a,15985
d:e543f79298594559b21372dec65e4ab6,15986
d:e54700edb81949d5b044d29d89e26c4b,15987
d:e547269efbc94f3abf7b05836a98794c,15988
d:e54f42ce2eec472c9a00f72c61eab242,15989
d:e5524860a3c94fd49cd7d50530da0531,15990
d:e559a494af8f44f3bd898f4203cedbd9,15991
d:e55edeffb7c54f5db79bfe0242159989,15992
d:e563abe732924b6ea89cc564d53ecc83,15993
d:e5678f1fe1d549b9a20cfb72411ddcc8,15994
d:e5699786b1054d7d946a73b68db36744,15995
d:e56c16d39ff64de0965c5009aee391f8,15996
d:e56dd28e71fe4887b1b24d5fe794843c,15997
d:e5706d9d34b743559e5bcfb2f671ef67,15998
d:e576e8cb84e4458abee1f95a91228019,15999
d:e57a7175789545719199d19029ba64a8,16000
d:e58110085a0f4c7a87e0938e9083002b,16001
d:e5837c64dd094186a592a216e07f763b,16002
d:e587bf2a049f40bcb8f22af19be676ac,16003
d:e5890f4f883846c8af23d400cdb05887,16004
d:e5894dec19d54741ba7b0928ea54932e,16005
d:e5907079191f40f4b69ee4aac7e45185,16006
d:e593c33b2cb64a71850e6ce0d60f2fae,16007
d:e59598ca2689437ba7518222e566482f,16008
d:e5a24085a1e641b6b26eda7b98ec465c,16009
d:e5a90d7ad8534a34a4ae8f5f7b88b607,16010
d:e5c7b8b0097844a198e6b332204bf577,16011
d:e5cc871f00824263a138600f227a06ba,16012
d:e5d8971bdc834e11bc61b70fec702afa,16013
d:e5e38f676ab44bf4b42010935704f81a,16014
d:e5e3d35873d64ed0a651d93767ede3dc,16015
d:e5ecce1ba4f849aa816b697c1d256963,16016
d:e5f1c4903d2f4ebc90d38151f25b5ad9,16017
d:e5f48db335844ae1956da45e7cd2e16c,16018
d:e5f49312c2504d9cabf0e2e6e7de8229,16019
d:e5f86ff1d7624f96aa3273483a62bb50,16020
d:e5fc1d8a49cb473a9795ce8d19d504d4,16021
d:e5ff19af89304683a438fa79741b2647,16022
d:e60c0e0dd9f54256847a8d5eb784cda6,16023
d:e61179e36cd8454c8047eba54f676cfb,16024
d:e621217f2b944f9f9b043020c05b5a40,16025
d:e623b8a1bfbe42f582849173b8dc8ced,16026
d:e624c1f0e3a046409b4ac28d4ea8ef93,16027
d:e624c2c65c0b405aa9ff6aed26ca7cae,16028
d:e624f20f15fc437c9eba6a987f8d5233,16029
d:e62702dccee44b6a96cd3a60c82f21d2,16030
d:e62bb535daef4a7b8b1114d9cc6b3172,16031
d:e62f82616c19435a8fbd5e3b51be49d4,16032
d:e634951c3a39479ba84ad8ec66b4eb55,16033
d:e63523b6a6cc47e4a8167e973722bfb7,16034
d:e63a08637ea24da884a940b7802c1f11,16035
d:e63aa57ed84d4fa89d2a9de0159a81fd,16036
d:e63b5f874ccc4cab8d68f2b66af227c6,16037
d:e6421c62d361496f80f9267b8dd4e488,16038
d:e64627f3a2764cd199140cbcaf484c42,16039
d:e6466f0158594316b65b7bad94cce261,16040
d:e64a1ec6fa8f4dfa91e48cedd7408f4e,16041
d:e65287d425f045baa91d2f9f78e19b57,16042
d:e6575a896b0b4e048251fa5bacfd7c56,16043
d:e65900aef82845babba4cf65f8a3c7fc,16044
d:e65a044fbd0244fabcfcc55155c74241,16045
d:e65dbb2ecd7347ebb033db85b0cd703b,16046
d:e665dc9abe3e4f909c302b672e217ba2,16047
d:e666c6ee9f8a446081739451c2d4348c,16048
d:e669835c869f4ad3a64f81df69580201,16049
d:e67690db00374fcd9870aa788332ee78,16050
d:e679e74379714aba82e28d1b65ba2a3c,16051
d:e67b5c8578174566b0ff951288900c19,16052
d:e67c48cdb72c41108923e2923b8492ad,16053
d:e681e3391bbf42a6bb4e8342cc7fe66c,16054
d:e68a1d8643564caea9a95ce874a1363d,16055
d:e68d0e72f727456dacd494425efee8e4,16056
d:e691de3bcc444fdc9e18dc348ab22b53,16057
d:e6930b0b86d746f18312c0a259220fe3,16058
d:e694952e7fc24538ad0c385f257b82b4,16059
d:e694d8d97d3d4b55a3e19af9d94c99c7,16060
d:e698529aaa9541f296ec32192703623d,16061
d:e69c199400af4b5ea05289d6d9078c8c,16062
d:e6a94d8d744e4950bedd29264be8715c,16063
d:e6b4df86979f4a479bb718f4dcf092a2,16064
d:e6b55a31f82d489b8f83e43487fa4f30,16065
d:e6b6734a58a84dbba5b6b7e9bf0db8ee,16066
d:e6bc608d74b242ca9696ea4c04c9d5d0,16067
d:e6c2508ee707436cba654e360c8dc091,16068
d:e6cb30bff2834554969800b409ed83ea,16069
d:e6ce85b5230348b29116576af34cfee8,16070
d:e6db7ec4498348f8a75d840e9ba66d96,16071
d:e6df3809a0b046b082e92f4c59273e29,16072
d:e6e109b380e5441586a76b97a1ad5ce6,16073
d:e6e9c8b4747f46ba8ea2cc7c3cad88c4,16074
d:e6ecad40ee9946fa9f2c2fd67b78f7f2,16075
d:e6ed6a143b64414eb5b5763d6dd2cbeb,16076
d:e6edd2a4ef9346e7ad60047e02a7f8fb,16077
d:e6f5901969b740c680d3b77ba5b4372a,16078
d:e6faf3c59056464ea4065fa73a9eb20c,16079
d:e6fccc36285a4fe7b40cd4cdfa23aae5,16080
d:e6fd0d25a2a74693a2508802ed1cb817,16081
d:e6fecd5c78de47fb9e9d6e0480ad121d,16082
d:e700a0a0ab914c0880a94654f25e339d,16083
d:e7046425920c4406a51b2c2c9a124fe4,16084
d:e7083de283a5489f92db3c4d4067e2fe,16085
d:e70a5346336b4297ae74caecf826cc03,16086
d:e7117173e0e04945b326c55a4d270461,16087
d:e713ef7a11f246fc90a6dec9c9fec74a,16088
d:e7165edbb4854a36bdd2b2e741040d9d,16089
d:e7350f73942e428aa957883af41b2b3e,16090
d:e7378d79805f458bb8aa7e3f5268d11e,16091
d:e73867e9c97d4f6aa0bc87073d14b0e3,16092
d:e73b0c855d2547ad9363d98bb8863584,16093
d:e73d98fd79214a38b316b7c5e10dc5e8,16094
d:e745976a4ce04db0a419983299cb18ac,16095
d:e74a087deb1d48ec806dfb27a53102c9,16096
d:e75099bf0d54445fb50060e830aa875e,16097
d:e756dd3466774df2b22447273baefe4f,16098
d:e76a09e416104f009750819532ab0530,16099
d:e76ab5a2a45b4372a84cc7c1c009a9bf,16100
d:e76d706690b9463eba948f6ae8935ad7,16101
d:e76db2b72faa4728932d14346351fc29,16102
d:e76e4d82a2204a76949e086849fde619,16103
d:e775fea9e94f450b81d9aa9ace3350a6,16104
d:e778fdbf248a422a8692ccdecefc8399,16105
d:e78683a1594b4543a57382b6a3a6254a,16106
d:e787a402c8814358948618db2b7a55ae,16107
d:e787f4c04a3a4816b4d615a0481ddba2,16108
d:e78927574f1f418392303f37fe339332,16109
d:e78a2cc867bc403cb13e4ebba32513ea,16110
d:e78b3381294d4f67bb1bbf9420d248d0,16111
d:e792ffb80a2748ebb53c93e2c8924578,16112
d:e7986ce5938a4fdd867d5b8c5f0243d1,16113
d:e7a68387cac64eda9b10fa893de2376d,16114
d:e7abb6f940464aff9b71b8109c64ed20,16115
d:e7acc511dba341db90cde3a521ae0c2b,16116
d:e7ae1a07d7c94d9b973fec800d2efcb0,16117
d:e7b17a1e81224f16b570f9ece59cfb68,16118
d:e7b18e0817844ed6935d302a25d67fca,16119
d:e7b1cb6540cc463da2b500794e0d74be,16120
d:e7b5ded903d94e75bdc056b1f7f51cd1,16121
d:e7b650404ad345169cd0715c442fe301,16122
d:e7b7586a34ca4e30a9e50ed1ca9374f6,16123
d:e7b97687b16446cd96ba6d914247692e,16124
d:e7bc86e7b54341778d98491bac956478,16125
d:e7d2f47a1ca347408f7d56a1ed11cc6e,16126
d:e7d4b9cf20514400a5850555447387f5,16127
d:e7da9937d28b4b789ee4542b5eeaafd4,16128
d:e7dbd19f8e914e7784a0abb60f0dea2a,16129
d:e7dfed07cfb04ee698d900d3b33474fa,16130
d:e7e1f6354fc04edfbffcb05260960272,16131
d:e7ea83992674482a9707c9a94ebb9ce4,16132
d:e7f849d710a3423e8166ff81baef9283,16133
d:e7fa7efb7799449d824f9c84ed49e95f,16134
d:e7fb569b4cc74cb5abf388e16c37b10c,16135
d:e7fbb6a6a4dd4842bb6e030be163ddb8,16136
d:e802fdceffbc474781a9eb93e1169ea7,16137
d:e80610bafe4f424d9755abaf2cfcf0fd,16138
d:e807167495404320a2d1e024fad4b351,16139
d:e8089ad6937b4f50a7457f4548102d2a,16140
d:e80bd4cf74be48b09b39e2f78e6722a6,16141
d:e80d4f8c002f413f819c4c43a6711a05,16142
d:e8108567f7cf47f3ade71d5e71b7ec58,16143
d:e820bdbbe2e14d5eb4cf2f8d0e646e27,16144
d:e82212d691b246f398b204c25592a00f,16145
d:e828c902e84d43a48561b6a87546974a,16146
d:e82933df59d74682babfd698e5ea488f,16147
d:e82babed8f9e4fcea8c28a287616b6a6,16148
d:e830dcbb7ac947fdb4b470b7b491b6ad,16149
d:e8359d9cbe9f4489896e4b9250384480,16150
d:e838f3bfe0ac441fbfd39b23e533534f,16151
d:e849629ca94c452e825e5d3e3a5967ad,16152
d:e84c2099832f40dfaf3c671b6ecca86f,16153
d:e84e10630bcf4cacaaa323993e5af23c,16154
d:e85760ec368748f78d6c1c5a735dc180,16155
d:e85b1b912e2541579ca8b08c45c6188c,16156
d:e85f273534a54f4b8bc23737f6a1123c,16157
d:e86258f2a79448b4818a4480ca8a293e,16158
d:e869a8d43d884e70976ba152ffeb3f29,16159
d:e869b9ad533f46a482576fe9a7997f2c,16160
d:e86c45da5b9f4e3bb7223b44384c2639,16161
d:e86d88d609374836adb1bbf1a41aefd0,16162
d:e86f9cef84f24eddacf53842e4cac1ea,16163
d:e8715a30af6d47d1bc9e1a6b6fb06413,16164
d:e87d4fd7b1b34da6a6cefc348c6031bb,16165
d:e87edc9782a6447cb72f00c6b646cc42,16166
d:e88de1cdf08a44d3a0d4f0459025e106,16167
d:e890fea21ef84e688e4face009a508e3,16168
d:e892d0ce4c0c4643b0a694db29c219f1,16169
d:e896f5960b254d2182eb5eba82deaf7c,16170
d:e899dc4aec924b4fa36b45dfcc2219f9,16171
d:e89eb83f50744efdb33d12582b1b2879,16172
d:e8a5ba7b149243e596e206b9292f5b8f,16173
d:e8a694c1c5524fb290870420b5c9d920,16174
d:e8abb0b68cf440d19fb77fd97c53a0ba,16175
d:e8acc30f27b24929bb8dc026097293d1,16176
d:e8b212b9041a45db81d2ce995712cded,16177
d:e8b4acf2923f45e4b128f678853ccd34,16178
d:e8ba3b8d692a473f873226c598d66164,16179
d:e8bc54397e324e8f8cc15b08c28be8da,16180
d:e8c02901d6344a73928939af19bc40fd,16181
d:e8c2b8c038964100889155116ba6601b,16182
d:e8c3fa8e57894aef969624f9734e0115,16183
d:e8d6fadb718245a8b4675ff298d089ba,16184
d:e8d6fbb80d164c238d2c08a7ddde7689,16185
d:e8d9ead1330d424789cd5438b925680e,16186
d:e8db9028344f47b1b2be5a8e47c20ce0,16187
d:e8df292c89af4e5a88c458184b23f490,16188
d:e8e9f949b09c479da7d1d0e99d50bd5a,16189
d:e8ebcd462a12442d81cf424f4e00e1eb,16190
d:e8ee7a56f72c46c382ef2d97dad340d3,16191
d:e8fcd7b482ae4c2cb62ff873fa50630a,16192
d:e905a1ec691e4f3ead12be307a0fb2a7,16193
d:e91016a5b7ae4c189f4a1e077ceb71d4,16194
d:e91245ed16ce4f368f3fa05b1acd7049,16195
d:e915fa3cfd7c467fb5f965f0f73d08bd,16196
d:e91ac07c24b14143be1ae17dbe7f6157,16197
d:e91cba7af6ff4e86be49bab9cfa0c36f,16198
d:e91fb694cb7444a5ac17ae62f4f769a3,16199
d:e928280027b04df2a6ba2795eec70d98,16200
d:e92ab851c4c64a5487817a29e5330bb9,16201
d:e92c7a2b36ce41ef99c5599d84c42c94,16202
d:e92deba05922456c9a7eb0df24b852e6,16203
d:e932834ed1fe46beb1f70ced9879d5bf,16204
d:e935ad3b92a541d7bc40b7241b165f8a,16205
d:e935c35b8c304992b94164ae97707cca,16206
d:e9383b5db9074d1dbeaf63c4e6eea2eb,16207
d:e94b81a8f03844f68f22d77340728774,16208
d:e9520a7a1b974fdc964e3752091c6c0f,16209
d:e953ea411c4d4fe3bcb6172c8529845f,16210
d:e9569d1d8c1e4eea8103a13559388c62,16211
d:e95705ca62c84c98a6ffef96db03295e,16212
d:e95f770beaa94d54816160d780b155d8,16213
d:e960e58476894c76b9d0ed321d6f20c3,16214
d:e962ad3c09ad4f5bb791021b586ccc46,16215
d:e96bb1a0e60343df8d6e7a37019dea03,16216
d:e96ce17d9589483ab2e0029a24b342b8,16217
d:e97112d08d90471db694a02ca97b46d2,16218
d:e9731011a6d648a5a6330ab763eb93b5,16219
d:e9772ae38cb6421cadacbb8a2eb32340,16220
d:e97a41e5a21940e4b08d6c1134cf9127,16221
d:e97aa2dc6e794839bd2d56410460f51a,16222
d:e9853ce6b5434e5e9d5e00bee0ed9be9,16223
d:e98e6e643a634daaa4574141e087cecc,16224
d:e99046589e95445fb874063b61c3ea98,16225
d:e996723eea53450f8e46fe3f262a5947,16226
d:e997c97b52d143c0a9cc876ca8873f4c,16227
d:e99c096dbb0f4e83b674319bc7bee2d5,16228
d:e99d02df2d474d1ea50b52b52a0c6fcd,16229
d:e9a1d232103b40a39ca6461766b25fb4,16230
d:e9a25d0309dd45ba9d02b88e2cadce70,16231
d:e9a4ad02db27480a92b71cf480129bdc,16232
d:e9a8685b92be4ffb871376be7efb4641,16233
d:e9a9e9fdeb144960960914306925e636,16234
d:e9aca1a6567442ba8be2ad6448ea0049,16235
d:e9ad517616a84d1d9fb71d82cf35a3e3,16236
d:e9ae9ea0f63e4e7fbb7a92971e48a4e3,16237
d:e9af7f6190384b079a2464f2ef077cd8,16238
d:e9b600e1129d4afd9ac9d5140d794e75,16239
d:e9b836e75dc944cd837dd518d5662d2d,16240
d:e9bc3767fa054a5f884d4caa1b880a49,16241
d:e9c33ac0bd8447a1ba5acaab8507ca22,16242
d:e9c7a4fe3128495cbdbd3af8797c2647,16243
d:e9c8318459c14220a7ce6f3736f4122c,16244
d:e9ca9e6e7d0446e392dc72be046408af,16245
d:e9cabf2c5c1d4c0c83feb6cce8c2f85d,16246
d:e9cdb5173d1a484c9d98f57a4e749087,16247
d:e9cf0c06b0fc487d8b73ff41fb43ef4b,16248
d:e9d961f20fa54f47b3dbdb4d8b81689d,16249
d:e9dd862820a34efa8804d5e6f5970156,16250
d:e9e3a28ad9384ed79826d94edbaa726d,16251
d:e9e3edb1ea7c44b28fc4ba219d0bc061,16252
d:e9e413583907423b9a69914e24fb3b14,16253
d:e9e666bd7a4f49bb8dbdf8af84c6eb67,16254
d:e9ea38c4b754472395d1f57040de6fc6,16255
d:e9ed4e9998b84fb08e673a728edd6584,16256
d:e9ee2e585b674e7ea513566de1cd750a,16257
d:e9ee3e57b6234531931b649b24a30c38,16258
d:e9f3a6f7aacd4a69b07d1eec5752c6d1,16259
d:e9f481340e5345a99386d22ba7c51431,16260
d:e9f64c44a0c941f9aa3eab70682d84fe,16261
d:e9f75aaa548d4cffa63f307634f66d81,16262
d:e9f7d718f4d34e8a940d90c8a9d80485,16263
d:e9fbe6ddd97c41f39520b1ad00bd07ea,16264
d:ea018954dab747439a4355d24f6e68a4,16265
d:ea064bc6e49244c7a6ab35217c456190,16266
d:ea0834b79a5c46768ce9607faf7a7aac,16267
d:ea093d8092cc417ab92014a3b227c9f4,16268
d:ea098ff1ccaf4f81adb1cd4ab1edf8ec,16269
d:ea0cb427bcd2499f9a8b8ae6e6e8b111,16270
d:ea0f5d76a5df46fbbffaf4980e54fdf6,16271
d:ea1243fafd704dcbb0fbd860aa56471f,16272
d:ea13467d9c054ab284c5e0b5aa303fbf,16273
d:ea137b6b64e24a7482ff221d4220cffc,16274
d:ea1cfbf98b3d4468b352fc9349ff57d2,16275
d:ea1ebacb8b2c4de8adc104fc2fb8a9e5,16276
d:ea27c9dd696742f8a5c5c0318d32d68b,16277
d:ea28c9da1f144ff0ac992350c4f81bfa,16278
d:ea291a0426ad427685cc799237b0726e,16279
d:ea2dd8cdcf8c47638c05c2447cd05ee6,16280
d:ea3197c3f8004c569b1e0a1209bc796c,16281
d:ea33bf4e44d540daac4a72b1a8c9e0d5,16282
d:ea346ca39dd54f9182651779d326d380,16283
d:ea3e6641b1004450b4e1c40f108d59cb,16284
d:ea41fedb72e24fdf9ef89f90aeb19c99,16285
d:ea452bffc13648f2a8fd6ca6acb9febc,16286
d:ea48d96436d945158a73916790edccf6,16287
d:ea4c3cea321c456184fc5b75f5ac6b29,16288
d:ea4da3dc999640edba49cbe72698daef,16289
d:ea4f9f2122714048b194e332ec821158,16290
d:ea5089f922c64920b263cdbb03fb1b28,16291
d:ea53e52f81f545dc8cba9022f152ab3d,16292
d:ea53fcdd4b094dc2be9058b918bc1968,16293
d:ea57e3f02bbb41eb939fddc758395079,16294
d:ea5b9f9a7dd94b06963e670623e2bd79,16295
d:ea607dcbb0384a3fb90af255e60a5d3a,16296
d:ea64d0f6281e42aa905b5e7c8be90f87,16297
d:ea67cd33288c406782ed1218a5624a8f,16298
d:ea68882d31ae4959bac70c73daca49a2,16299
d:ea69b8cfc1754205bdee814929354891,16300
d:ea6cf4b618ed4109991fb8f01473061a,16301
d:ea6dc830b11f427f9991f40885738902,16302
d:ea7c96bd86a24a36a9a44004ddddf572,16303
d:ea7cbf632c20453d9dd326d9291fc2b5,16304
d:ea7dcf17244f4c52b264e3978839dac8,16305
d:ea826bc7bf2b4554af6d9c6de2190eff,16306
d:ea83ebaf6b3549e68e6329749088cc1f,16307
d:ea8c1344740448edabd349e4b0cf6e6d,16308
d:ea949454b573404798a769a52990bd16,16309
d:ea94e33d9f4d4deaa7c71b4841611a87,16310
d:eaa2bef21e064fbbb091468ef980515c,16311
d:eaa7d2511d5d4815bf499fed8ec3f2b1,16312
d:eaadea3c19c84ae58d3a2bf2dfc2206b,16313
d:eab670c0b8b34fe4bb54526f13d0eca5,16314
d:eac144047c0b426eaae75730d76c2dab,16315
d:eac2bcc719eb4aea9b06737e6785d9b5,16316
d:eac39b29b3984f698778daeeacc86223,16317
d:eac54d89aab1494ab2d70ccdac16f0e6,16318
d:eac648baec5a478b85498c438a04d903,16319
d:eac64c5285d040d2962192bb88c2393f,16320
d:eac9dd0aadab47078ef1cac3a3c6886c,16321
d:eaced8059a3049b9aabffe8c239b5269,16322
d:ead068c1658246e4a4bf007790bc486b,16323
d:ead94bd364194fac9db0af300f17b8ec,16324
d:eadc20e2a28b4221a67da2d41f533735,16325
d:eae14e1b76304bc78d5bf87eb5dfda3e,16326
d:eae64867c2d7435d9b512f1c0747c7c7,16327
d:eae68a134a894a929a5db290c8b32455,16328
d:eaea9aad1ade4d858bdc097dcf55b3dc,16329
d:eaeb765a457b4a228ec1311cda960625,16330
d:eaebf21e59c840a09a24d10a8a0e3d0c,16331
d:eaf4fcc38103449ebb0b2981a73a43e6,16332
d:eaf53eb31ea4415a9c3f55cfad2df762,16333
d:eaf87eac72e440edaa14c5723d800492,16334
d:eafba56edccf46428cb7b31742f527a2,16335
d:eafc073ea6a54d73ac121d24002e89ab,16336
d:eafe7904086d4418ac210d0f587f7c77,16337
d:eafe9db2b2284f45900d58d6fbb57c11,16338
d:eb0725aef3d047d08a24d9c097484089,16339
d:eb0a86f61fac40f5b2e52f148eb268a9,16340
d:eb0e8fdbf79748c1a2b7501993845965,16341
d:eb109a284bad4cc6bf7ca458ec19b33d,16342
d:eb146308577c4d5e81a2eb7fa3a8d628,16343
d:eb18ff5c307042a8b80c87155312cd75,16344
d:eb1bd0fbac714d1cad150d45c5d5e5cf,16345
d:eb1ca80364b54586853060076b0f6186,16346
d:eb1ee5bff17f4f60b241a0c1df780c5e,16347
d:eb21380ed480408c8e5dac176b4974ca,16348
d:eb2482948c8a47dd948e5d2988e6b53b,16349
d:eb2dc9cd25db43d9b98f5cf6cbd990e4,16350
d:eb2e917de4a34bb9acf0d20ed2878447,16351
d:eb2f1c530a3043af86051b6598d29eb2,16352
d:eb30bcc5278c4d03bc6cdf3494c5a174,16353
d:eb347251fd2e4404b6548806f86e7ef5,16354
d:eb34dc4499d24d94b7e4948eac60ce7b,16355
d:eb3825da2d0f43bca0b6aa9533a5c3ba,16356
d:eb42c3b16d0f4f329120448a6589a2b2,16357
d:eb4343520b444282a2664bed0b8b5d7f,16358
d:eb4f921f9e25494eafe403d32f00984b,16359
d:eb5030bd66f045fe823344818445ac1d,16360
d:eb53653fa54d4afb91ae1b0061044e57,16361
d:eb55ed9684934fe6afe5a80e90ff61db,16362
d:eb5b95e6696544928768f23228da0ec6,16363
d:eb5e6ed2d80d46a2be3be3a9efad7bda,16364
d:eb629326aa874916be92deeeff247090,16365
d:eb62cb54518f4cae9080a6b6d4a2391c,16366
d:eb6a728f45c54cca981cd1e3ca817b68,16367
d:eb6b95ce7ad24c1aaaa05b6464fda871,16368
d:eb6eb314c04341f7b130c5d68756a610,16369
d:eb7166377be1442291dd7da40404b951,16370
d:eb7a19e8898d4141b37fff1dc051ba4c,16371
d:eb7c95c4adbc4bf3885db1dbfae08319,16372
d:eb7d3c5a6fab44b49eae389b22488c7e,16373
d:eb7d8e9e9fd84a6cace6f7355a46c9cd,16374
d:eb7e59e0793d44389ea19e9975cc690b,16375
d:eb92e08c4353489e90fa371de83f8309,16376
d:eb98ebf8af1044c780c6cf575f4dfe44,16377
d:eb9b18bcf0dd4cc28e8258744adbde51,16378
d:eb9e5317ada94062a70470095434869e,16379
d:eba2baae384147e491caa101c9eda46e,16380
d:eba4b8786b1847c9a827d2dd5d88b217,16381
d:eba8a495971745a580058de65cf5cca6,16382
d:eba8df34dbfa4d06a8ece505df774077,16383
d:eba90c77cd6e40aa9091d7813f11f1bb,16384
d:ebb18a2e12de490884793715281a9712,16385
d:ebb3334dd4974a54a8aa31a8e5c4bfd9,16386
d:ebb9180cbc3f4adf9c344dbcbe5d03f3,16387
d:ebb9a4d08c634815b504facc58ba7899,16388
d:ebbb384610514dddbb1a4399b005cbe4,16389
d:ebbf46faa7b64c09b65f6962811233a5,16390
d:ebbfad078cdc4361b76720a1ce69d356,16391
d:ebc49a6395404839939c706fa39847c3,16392
d:ebc5f1ffc7234599821c6b5945ceb760,16393
d:ebcc5032ba1740f5b4f3598038f2cf06,16394
d:ebcc5f16ce094d7e926212836870e9b1,16395
d:ebecfdbbe9c84e5d8123e416c64a4d99,16396
d:ebee364e5b004c28b683c729407a6591,16397
d:ebee3cb4cdb845a4b8075a609bae4162,16398
d:ebfd6d3b070d4c1296cb9d964c25e65a,16399
d:ebffdff90c09467489a4e5beb27ce137,16400
d:ec00e11257b741fdb37f14700f61f33e,16401
d:ec0122908a62404989354520116cae54,16402
d:ec036ffc76ab43d98032377a7d114e41,16403
d:ec06d472588d406e8fd1ebe0df57a6bb,16404
d:ec094545e7224629b0e40f6821808023,16405
d:ec0a36044bb7471284b2092736a36713,16406
d:ec0b703981e24177acb866226ca753ce,16407
d:ec1244c109474ae6a7a2a4707f4cf386,16408
d:ec15ba337f6040b8be3b65205eb9f27d,16409
d:ec1ddb3410e24067a425d80b9ec4d214,16410
d:ec217aa5e8bc4ee2999da01fba36a50a,16411
d:ec2889ae6ba14fbc893b0632d927f085,16412
d:ec2a8666360740c58b706207553864de,16413
d:ec3089c39443446fbaae655ea4280e70,16414
d:ec374ec9d73146caba8c9e9df3658534,16415
d:ec3bd84ecd6a4ee2bb843025c54d8dc4,16416
d:ec471fa49b404487a0a6667e1079de96,16417
d:ec4ee1008f3a43cd845244a9dbcb278a,16418
d:ec5101c563cb41b4b366f9c6f8c7b89a,16419
d:ec533234cfa64274a19199c8eeae8bbd,16420
d:ec539a4780d144c39e31613bb0bb8876,16421
d:ec545407960b43c481e0bd3e29cc5441,16422
d:ec54d85cabfa4a508aeec12e6fdc4b49,16423
d:ec568f70a1264bca8c81ce28b66a3139,16424
d:ec56aeb3fcc34793b77028cb667986e0,16425
d:ec57fbe132ca46c0a52fe95856f63967,16426
d:ec5b484d69704f3db54b9b98f4011c73,16427
d:ec5f2c8b24174a788bb81e12a501e89a,16428
d:ec60e491cc644a3cbf8ef726ec9431ef,16429
d:ec75ddd0c76b4c6db33f014142314c03,16430
d:ec7c2c183fad42d0a697cf2e238b0bad,16431
d:ec7e2b53df624a05b9d4fe15b75b8841,16432
d:ec801b3201b24f19aaa2fb0053a7bec6,16433
d:ec805a411aec48bc8b2ca691569576a3,16434
d:ec82d2b8614e4f1492663141838bdf5e,16435
d:ec8c8c2f64fc4c3b96427d6a47ed65cb,16436
d:ec954aff6f5345f39489a3e53c214f6e,16437
d:ec96795e79af4c86892c104ff063126b,16438
d:ec9997077fb644b7bd60c775771de22c,16439
d:ec9b62c722df4dd6bdcb5ced457c8a6a,16440
d:ec9f5206f63c485e874580e1c7b32716,16441
d:eca5db115a064799a1b3922a55064e29,16442
d:eca97af52ba54358adc025c25f539f91,16443
d:ecacb73b56d949d78db38e98fccc42ae,16444
d:ecb4432ed97540578fb1cbea038a000d,16445
d:ecb760996c67411fab01b529408ce2cc,16446
d:ecbfbaa3adaf4588bd2b1885894cf7ba,16447
d:ecc4404792434c0b896ac6c04ccdb312,16448
d:ecc673c1cd234d09af4131ddaa7a365f,16449
d:ecc69552d0dd44f4badfb2ed7aa72515,16450
d:eccbcbec7e954d65b54f2819213fd0f5,16451
d:eccfdb08c47c46cfb771618356ece0a4,16452
d:ecd107d3ab5f43af8542036a052c3386,16453
d:ecd82e10f4794ef3af54fae4a998a678,16454
d:ecd8b459fb934492ac0fc9c30d7191f7,16455
d:ece35d84107e41f19814ea87ff59df2a,16456
d:ece61639cefb4693b10f3f0383238af3,16457
d:ecf012a3d1d144e0a2585b7ab05041f6,16458
d:ecf02a6edf9844c3a33d9564aa00e19c,16459
d:ecf1a212495440b6a7566bf54a9f5b0d,16460
d:ecf8ca00635e4a819f26f26a808df883,16461
d:ecfa0c35eea84dbfaa1061e5960b3aec,16462
d:ecfe9601ab7947bf8435568ed6e38f65,16463
d:ed00888ecfa34cb88e27263331242160,16464
d:ed0169ae19db4a318e4664c15e012f89,16465
d:ed045823f5074d22afcbbdcefe57104b,16466
d:ed0501ff590b44bcb1d591afd7358d51,16467
d:ed0a8acbe1a44699a2550a97d81bbb71,16468
d:ed0e446ee06d45e18168aecc3be2793f,16469
d:ed0ec733d9164040b3ef94d66d4ea786,16470
d:ed1548dfd3544d349e7d345f8acffd17,16471
d:ed1c3f1b455c42d48be07394d187f6c3,16472
d:ed27604209be48a5a40a90c288698c52,16473
d:ed27f51854974fbcb44da401cf989bdd,16474
d:ed2a07fdec884661bfd5ed10fe0ba593,16475
d:ed2dbec1bbe0469486b9977b2bd5e43f,16476
d:ed36113d92084825bc0eed6e2db4d9c5,16477
d:ed38799c247c4f9ca52a4bb6ff1c5a5a,16478
d:ed3feb25e4c34dff8e12d1269e9fe0f6,16479
d:ed40ea75b10c4b06a00e1bed27bb455e,16480
d:ed41c6564586481bb25c7dcaf9de55db,16481
d:ed4d37429a6c44a79e8efc3964ceb5f1,16482
d:ed4da9ef98684e5b9e9613a1a5f1c811,16483
d:ed557e9b349e493f861a7c0714497089,16484
d:ed5aa61fdccc41efae9245050766a252,16485
d:ed6216b68110483785006922919eed85,16486
d:ed64f790faf443129c039bf15db2c5f6,16487
d:ed69be455c754846aeeb28cd7b19b783,16488
d:ed6ba0c03b9e433b8ee339a7dd6dfc2f,16489
d:ed6e159098824fa1894ec15664e52d96,16490
d:ed73f1fec806472abb9345b97432a007,16491
d:ed76fe51c8d24868a5669e43556e60f0,16492
d:ed7c39cc0f7f49908abefc22bb0f38a6,16493
d:ed7cb22313ea4db6a5c5a162e098552f,16494
d:ed7ce64dac5947208c405b6eddc4745d,16495
d:ed81fa94ad974362bed3f890f1829069,16496
d:ed82ba04e3ae432abaaef20afe7ed916,16497
d:ed8d6e9b99e943b3a84d7416ba7a106c,16498
d:ed9336c1a4ce4879b4a9e455866b9c87,16499
d:ed94b0aee25c4c9494a7805439ee6a7e,16500
d:ed97b380d19d44ce947e992b5cf62c74,16501
d:ed98e338a714493b88c77c8d182c44de,16502
d:ed9aeeb7dd2b4f87a542ab2919178a38,16503
d:ed9c4d1648014c3d85e73daf110508c9,16504
d:edb170f3b96041fc933db0e3e9cb1385,16505
d:edb280aa15dd46cc89d5431365e242ae,16506
d:edb4a5b9d77f4252b8388dbac05847e3,16507
d:edb6a611f38747e4ac3aed90aaf67453,16508
d:edb9804fdd11458394649cc3892a48a7,16509
d:edbdb8fb2e504b7fb707265f00a7345f,16510
d:edc044ac07f642c5a792bff65b30b92e,16511
d:edc4c245a5cd44479683c247ed88ccb8,16512
d:edc5dce7e6b64476b95f1e286f3fd4be,16513
d:edc979988be446c18fd50f6485c6d081,16514
d:edca7c8d2b3f4a2880cd1128c3c2b205,16515
d:edd34a70919f40dfa33c031122495ecb,16516
d:edd4afa9b4c24c0db65d41585144fb45,16517
d:edd7676292d04f44a6f9792576306fb2,16518
d:ede0ab78099d400c9165844a2ed87689,16519
d:ede59b4455a64f04b76d4424679c55e9,16520
d:ede7e23912de455790508e9b88e344a4,16521
d:edea792800fd4bbda6618c9c21bc2483,16522
d:edefc70de24847e2846a80bdacca5b4c,16523
d:edf19fa271494deeac5b8b147aa08597,16524
d:edf23caf5e2d40c2aabce42028f0a1b2,16525
d:edf2c018e2974097b94da9c038cc29d8,16526
d:edf3a0d936a448b4bf73b0633c9ea3fb,16527
d:edf7d2f4c6134d39992d569d082dd511,16528
d:edfa5a3c73264fee8902e8243875f9bc,16529
d:edfb52f1dab44babbbbecd5a2203889e,16530
d:ee03adad0e2a48dab8de6f4850e6dfef,16531
d:ee060cea1552419496cb7a7404cf8dda,16532
d:ee06e4e12692444e83d6337bf5b9becd,16533
d:ee08fee6a6164ababb0f88954b09d86d,16534
d:ee1644f588de4b408d6c85cd68175211,16535
d:ee1c498f5dc944cb8a661908fc09c8a5,16536
d:ee1e2b4a85fe4e4cafcddec2056562c1,16537
d:ee1e674345fa4ee1abf1816e80b297f5,16538
d:ee1f3ddaf3d543d39bc13b6deb00ce7f,16539
d:ee1faabce3f54fefbbae807e1c8f60fd,16540
d:ee2373a6d7e0468ca2076365b6333f94,16541
d:ee24659d9fed448a99929b596ad872c6,16542
d:ee2605d4fcdd45c694bf04984cea04dc,16543
d:ee316ca7aced4132842a00c8591e40b5,16544
d:ee33418f09b544a8bda822e9899dcc97,16545
d:ee387fc35dc44323a2ba987efcde4aa7,16546
d:ee39455950324587a26f2e2edc2d2929,16547
d:ee3b21df0a4b4530b1de3f79b320da75,16548
d:ee4199cd22d24fb08e11b0f964c50090,16549
d:ee452c79d12843309ec3b276daf668bf,16550
d:ee49e1ec30324ec2bdc784c8bd5bb4eb,16551
d:ee4bdc814f4a47029c83ade193907600,16552
d:ee4ccb63c3804dc8b1fe1680d8ab9f42,16553
d:ee4e210cbb5b40a38c4da10aaad5458e,16554
d:ee4f6afe4cbb493aa4e978e56b5309c7,16555
d:ee59a52e826448ed84ecd3f94dbddf80,16556
d:ee5b08b659fc4c8d87b687b8e3e91b5e,16557
d:ee5c002d3ace4e2a8e0de6e9a9430cb0,16558
d:ee60dc6b7ae54777aa0a97d58179f1e0,16559
d:ee68d15ed8c54370bf8945ee5d9aad2a,16560
d:ee69e4238bf44cceb11d0d2c9dbe7bc0,16561
d:ee71840cd3334b8b828ce3ed9d91d3a9,16562
d:ee75059d0f6f494eac5522b16eca6a2a,16563
d:ee758f1af8ef4dbca401e91547196fc0,16564
d:ee766c1d69014e4192ca3f50ee93cab7,16565
d:ee78e532f9114d218f5569f1323f25af,16566
d:ee7c9dbcf4f94679953fe958ce241418,16567
d:ee7cc11604144243bbb1681259b53b03,16568
d:ee82fb29928341d0a70cc7c30faefcd3,16569
d:ee8593e4a9834eb08bed93305ce98cd9,16570
d:ee897bab7a194effaf7f149a4f7d1981,16571
d:ee8d2251093f4a2589048e49cddd1858,16572
d:ee8d7e2e954440569fa496fe567f59c4,16573
d:ee8ebfdb4dad4959b148f87a1b4b2471,16574
d:ee9e3dbe778c43cc9af5d59d06f0ab52,16575
d:eec28f3555a04439b3b3319b116adc09,16576
d:eec3e1436d6b4d8eb67efc6196cf04c1,16577
d:eec91c82de934aae833bff8f3aec98a3,16578
d:eec9b5920b4d4f0d83d38655248b22e0,16579
d:eecc150bb534413b941ad56ada277c11,16580
d:eecec586669644c297188c82802fd38e,16581
d:eed085a9676e401b9c8bf353af4eadcb,16582
d:eed217d34727413b8b3b91ca375d21ef,16583
d:eed29a4ec259411690a376fb5dcd1354,16584
d:eed2f69682da4662b688d38190649d55,16585
d:eed47d6eadd24efeaa7daba14915e4e7,16586
d:eeeb4170785941799e8387f13e4be773,16587
d:eeee76d1319248ef93bb3e38d98fd6ae,16588
d:eef221184b84405998c01245d3a3d80f,16589
d:eef3073809ca4b20a79a8da4a4178474,16590
d:eef4c82ff203494f8b5d6a7d58a6b040,16591
d:eef52dbf84234011a827858336e615a0,16592
d:eef94fdce3a441ee83f03532f7291637,16593
d:eeff2c7cd9384cd0bba7a40da6bbe1f9,16594
d:ef000469ce8c485c88a503ff2b775981,16595
d:ef004bb76e1c4b7bb9d32dc8af0bbdc3,16596
d:ef0408490edc424fa0873221bf628b1d,16597
d:ef054ea9e7934264986bfe23cb7f43ea,16598
d:ef094758d890419b910672fe00d75952,16599
d:ef09762e738946a4a63829eb9aac07e9,16600
d:ef0a5fd753e548b788bb205ada696ad0,16601
d:ef0ba7d35f994371b434d4c62b4e6400,16602
d:ef153711c6934c25b7d99c18ad27adb7,16603
d:ef227a87635e4e8c99c6fcba923e54a0,16604
d:ef2d8295b386458a91e6ad0f069803a5,16605
d:ef2ee286d4a54df490fca29d5fcc3697,16606
d:ef37574155dc497cb9de9f3afd28ea6f,16607
d:ef4b5905dd584abba00521a80ed2a32c,16608
d:ef4d986437b74f26ab39799518b76527,16609
d:ef4f153878134032b2ea070d94af0872,16610
d:ef518c38d294464696ac18c06595eaa9,16611
d:ef527ac9461f473ca3bd6bd91a934d53,16612
d:ef53300894ec49b2b087e5181dfccd6d,16613
d:ef576a9e05764aac9435864fd733ad7d,16614
d:ef586a5eee624dd095705789a41094ce,16615
d:ef5c381704c4435099fafac508eec50f,16616
d:ef5e9dc9fe0f4167893207c1cf109cb8,16617
d:ef62950b25f94fa8b8274be7c06b51dc,16618
d:ef66d46bfe7a48ffba3300ead8def853,16619
d:ef68cadd6359455cb903abc73f2962f6,16620
d:ef6dc1c9f6984c88b8d089996d119b71,16621
d:ef771b037d5f40fe82a3aae86e93043c,16622
d:ef778eb5e85140d7af76c3241f552de7,16623
d:ef79f7cd01d347d9899247cee2bd4566,16624
d:ef7e2dfe0f4f443b947b4af60a9857a8,16625
d:ef80525a7f754253a9258d3afa9b543f,16626
d:ef85d1d176534476b570dd035b67f935,16627
d:ef877c624fbf49ea8b916952d6b9db47,16628
d:ef91a869b91c461b80c77bd7b766d147,16629
d:ef92e3e8423948cb9ce9ea30fe3fc212,16630
d:ef991413ea9544a484b8563df0bdba87,16631
d:ef9c814e41d4463b8892ea982c576d52,16632
d:ef9f3cfcb4b940fb8c22eb025dc64496,16633
d:efaa6ba71bf34547b02647b611908ed0,16634
d:efb55d8552774d519902b3f91944a218,16635
d:efb85e93cd2b46ddb0178d2010c8f896,16636
d:efb88f4f2ecb4e05969c243885d7793d,16637
d:efbad76621814d60979dc34f28cb64b9,16638
d:efbb8b4fee4f4ea2a20c0518de1f04b9,16639
d:efbc4c5f6fe848d4a1161a25a1c474f4,16640
d:efc0ad4c27904027a1b05a9fb972da85,16641
d:efc1c7001f87408cb92c7afc9d124476,16642
d:efc5bf5b2e954665aea5863550119c79,16643
d:efc5cf0e76234eca87401704e6028044,16644
d:efc5f0a7c432460f994ed4f2a318a91c,16645
d:efc82732aabd4711a78662e13dd71ef8,16646
d:efd06e0368cb4b4b84a0b2ce1d9483b4,16647
d:efd7fb67470c484db9c0e696638e6020,16648
d:efd971b72dd64c5798b124a5dbce382e,16649
d:efdb89cfa1bb42f1a0d408d76ed19044,16650
d:efe3bdc7337a440cba30baca1872f007,16651
d:eff610e6825b4a97a2b03286617eddb1,16652
d:eff7b54613764c64beac2609bea226dd,16653
d:f001a1ac6f5a4d37830469f35e9e7c0f,16654
d:f00245c6254a48009650d79648cd3c12,16655
d:f0035bdafcee456f8314109562b0d06b,16656
d:f004a2d3bcb349e1b4d24e7ba3a434ea,16657
d:f0064fd10cf748748f7b418c944f33ad,16658
d:f0138da175e744a78fe71b23c8a237ec,16659
d:f017b59fe7634ad2935f024739670ee1,16660
d:f01ed22d316f4995a0a5defead4c8d29,16661
d:f026664003394102bedf771eb7789ad1,16662
d:f0288c4af9b74e80a9e58a4853dfad39,16663
d:f02d7b1ffefd4d6291b663b426cd2d9f,16664
d:f0328b15d41141b4836afa95cc373ea7,16665
d:f039dd4f4d83465caf25abf090eb54dd,16666
d:f03b668cb6924c48b7412ea66f7e212d,16667
d:f03b708da8d641c7b10230d211f6d7b8,16668
d:f03e2feb95c8481984da26538f317b11,16669
d:f0411eebaecb4b44833fb81e7b2a22df,16670
d:f043f8f592b840e0ae10caf73c0f5cd9,16671
d:f046c9fffd4f4928ba32acc654ef0dc3,16672
d:f04b61a984864d0dbc713df1e9b893b5,16673
d:f04ecd7579b74801a52c9d9ff50d3088,16674
d:f04faa5ecb2b4bf3bcdc1b821112b94d,16675
d:f054642bb01c4adfb44487d3106a6515,16676
d:f0581af154904049a8f10fd3fa230b2d,16677
d:f062fc163dc74b04b4bc54c49a2bc59c,16678
d:f067b0f2df6d4673b9bb65d691d13359,16679
d:f0693553ab4a4359be9e70ea9a911ad0,16680
d:f06ad4517cb645d1b58adf2823bcb96a,16681
d:f06c4c6c1d7e44d68adf42453dd58c6f,16682
d:f06e4a5f04ef4419a052fbf63098110f,16683
d:f074ca4740664b9f91c6f906c7ac4fd1,16684
d:f07825db99684a909664bc2bd97f8b1a,16685
d:f078de5ad3c441a3ad96403f1b197508,16686
d:f07b90c97c7e435091ba17f66c44e644,16687
d:f07c5166daeb408094c9157529b2da1e,16688
d:f080bbe816ff4164afa18ffc9aa683cd,16689
d:f083cf503814491a9e3929459735c619,16690
d:f084708a14194b0b970c5429d6f8fdff,16691
d:f087b7a696d1483fb2764fde60d75c18,16692
d:f087ddd6c980414da870fd4c723fa48b,16693
d:f08adf7c5789400ba2fed09824b4a587,16694
d:f0912cac69a540d38d9dcec5e35b2d40,16695
d:f0924468214e439183dbe364a1230ac0,16696
d:f09478c5c23e455fabeeb4b1e4ee3ee1,16697
d:f094fa4d20be4e669a951dc1788963dc,16698
d:f09e8adefbc546918cf987dc4eddebdc,16699
d:f0a7c2e600cb4c8d8e091953fc8c4918,16700
d:f0b055460b69404a8e289c57d7f23cca,16701
d:f0b2f8b310974461a8b134536384b452,16702
d:f0bb3c7256954b81b9b5c365298cba33,16703
d:f0bf8030e0634c3fb437500d1100c6fa,16704
d:f0c00574aa6b4f85bfd56838c0a50cbd,16705
d:f0c41387340f497d960c2f43511ae634,16706
d:f0c43b7756a24a89925af4de7f90f937,16707
d:f0c6b08757334111abbbfd5921b45f0b,16708
d:f0c7412aa45f47d9a515d2fede2bf6a1,16709
d:f0d629a028994b8f8153dd194fc43db4,16710
d:f0d6d0b5eaae44d49c1e0a36d3907018,16711
d:f0d92679910c45bd9ccdf9a7a1fcf4df,16712
d:f0da329975a14d5d8c16268500500bd3,16713
d:f0ddd1d38c4244598b8c185afaa6aa2c,16714
d:f0e2e2945b3f428c8ccf5dfb78322e9f,16715
d:f0e380b7fc9941cdac7a35e0ad15db20,16716
d:f0e4dc29d4f347549ac155a52355428a,16717
d:f0e7291da1c0405a81f947e1746f5b30,16718
d:f0e84cb2783241a0a02a21ed78524f0b,16719
d:f0e993c9bede4ecf937265c474278722,16720
d:f0f3a6b7122c4def9934db4dec12c3b3,16721
d:f0f4123904e342a3ac091a620937a482,16722
d:f0f6d23a00524df0946fd2f06226e8f0,16723
d:f0f8f76d76d741c19250bafdb7758dfa,16724
d:f0fcc52fdf164fe19088315604245735,16725
d:f0fdd063afeb41679ee0d3280d450249,16726
d:f105bb0cb2314b369f1dcc40aa7d581f,16727
d:f1078aea0e8247a8b5b7051850472ddd,16728
d:f110299d47d840afb1021f3541fcf089,16729
d:f11131d5e54a4900a114121d74feaaea,16730
d:f111995c43654647a6e9ee95cff6adfc,16731
d:f112fd88db5f4775bbf2c65b27853a37,16732
d:f1139dc5246246b1bad7ef3ec5853392,16733
d:f1140722dde1410d8e5aa95ccd0f4871,16734
d:f1170f8adf1842d792ec72d2d1e225cd,16735
d:f11a0f3d2f9641bd8f042a22147b5e4d,16736
d:f11af94e0e7540398669e9f15bf3be35,16737
d:f11c1e0161214f5cba8de012fd82643f,16738
d:f11cc1b506964ec18f95e855436b6da0,16739
d:f11ebccfbc154c9fa327e06d446a56b7,16740
d:f11f1ccf5a2f43449883e83204b84d57,16741
d:f122bad02d244348932ac35b6507b900,16742
d:f12a1561674a425fb8731f3316c4329c,16743
d:f12b81e340c44bdabe86549e015d649d,16744
d:f12b8c87f7bf48c3ad17e2e3256465f0,16745
d:f12d94bbcc7d46c8adac5b8c6fd88cbb,16746
d:f13505b937ce4fb3ab8e3500a6672433,16747
d:f135e6317a6343d793d0f437087e8af6,16748
d:f139aeeeab3d45fd9a63c8dd2143fcb1,16749
d:f13fca62fe6340d2898f9a5365e4266b,16750
d:f142835e7ef64025959e48d40e48f15c,16751
d:f1458fd303ab4fa080493849a1ec243b,16752
d:f1476017797e45778c2a04647589f6cb,16753
d:f14a07dc33d54eb79ce5093cad8fe490,16754
d:f14b5351c5704934b7e805c5c264de02,16755
d:f14dff3f0225441cbff165b4c947937e,16756
d:f157619ccbee490e97967821e149855a,16757
d:f15f62a8e4ec4b5fbafe11b2467a18be,16758
d:f161dd129e8e4a15b2265c2245815b5c,16759
d:f16c3c1f526d4f14b5362ae3dfc68f66,16760
d:f16d7564335440f097aad62c45b18621,16761
d:f16e1439f2e8460bad5a13a94eb42d27,16762
d:f171f9876bbc4b0098d789b03c83fbb7,16763
d:f1784e6c0a524f728be08bd383ec5701,16764
d:f17ab0b92dd546fb8d68f7b7265342d3,16765
d:f183a5623843424999243d83fd8ede89,16766
d:f188f945a13444e0a7417b43f1faefef,16767
d:f18ae619179a402b84324c6476a0af95,16768
d:f18b4d615e4c449fab2128fed11fe501,16769
d:f18b9945396b467e995d56e35dffc3bf,16770
d:f190e5cfe38a48bcbcfcdf8d92d488a2,16771
d:f195789db0e64c49bce21b507e13c529,16772
d:f197f27718984a1b83f3cb17fa2f9ff8,16773
d:f19b7d6de75d481c9daf28858588ec0e,16774
d:f19ffad77046423e980f97eb90598165,16775
d:f1a1d44325024f7cadc58361a832b1e6,16776
d:f1a293ce526a480e90d8acdc0df31caa,16777
d:f1a40f49c15644508a6c1fd43ea967ee,16778
d:f1a4b3569bc5487280739455c1c0f35e,16779
d:f1a661d42b8c45ad9e7cacfd28f96096,16780
d:f1a719aaae5543fc83282bd04758e549,16781
d:f1a742cf8e904cbc8c763c56ef16084a,16782
d:f1ae39d9244b4f9ba3055685a543e998,16783
d:f1ae7ec085dc4ec8acd3d3a56de26e20,16784
d:f1aefda8b48a423e989bae8bcc221bfa,16785
d:f1b0b29ca12f43df83c2d4b877937f9a,16786
d:f1b3023fe04f431f940420f2cd058376,16787
d:f1b82331efeb402ebb3b1de1e43f0440,16788
d:f1ba13d2014d4535a5d62d17bd99029c,16789
d:f1bad9b92dd7498fa83812248c4a60c9,16790
d:f1baf59083734f51a12b3f4baff807b7,16791
d:f1c272ea68ae4b6686a7e0b62259a732,16792
d:f1c30a915e754e2abc645d8041b44f64,16793
d:f1c5a261f38f47509d18d74054a9c2bc,16794
d:f1c7844958a64d0f8415b9d8773a2a27,16795
d:f1d1b6bf3f0047d6aae5ee7b8963641b,16796
d:f1dde3e391ca436db14a8bb3b4b3e79a,16797
d:f1e4d29b962c42ea9bfd0439ae397270,16798
d:f1e5e85299164194851abb03e3348b1d,16799
d:f1f1c00812d94caab6b01513ee938a96,16800
d:f1f397a0719f4aacb59b4c729f8886b0,16801
d:f1f3a8ce3a124a58971eff7ce43b8374,16802
d:f1f6a20a4d0d4bd0886e1ba0c0ddcdec,16803
d:f1fde98e67594132a352afb1d2c6de12,16804
d:f1ff63b2d4da4b96a10e487bc639a80b,16805
d:f20114ba4d2a4bc1ab40e4af486e1fb4,16806
d:f204c198fa4049daa2999bce4ebc1ed0,16807
d:f205f163f84542e797a0e576b5b7b6b3,16808
d:f20e6ce766dd4a3290cf6e186d4973e6,16809
d:f20ebf98811848a4815b61e81908df1b,16810
d:f21196a5eec34c269a3ad94e58e15066,16811
d:f218aac3648f43d18bd7b57d5407b29d,16812
d:f21d2d7e6d7846b2be48fec58d709dae,16813
d:f21d7a74dee0460bb53b3916a8961d82,16814
d:f21e761180b44011919bc09e804d13b5,16815
d:f220d583b6d94e52a286acc3b9f31456,16816
d:f227cd8e9b7147f1b102d80603fdc531,16817
d:f22b4939e7bb44c99ed9312f38f441b6,16818
d:f237b5d3960e41f49ac1fad9dcce72c7,16819
d:f239b47c7eed4711ba7e3d84e74b7189,16820
d:f23b481c70e9495fb1f4c99aa149d146,16821
d:f23bc746b5164241b5b0822202a06513,16822
d:f244bc7e1f4a494d95c99060af6e0263,16823
d:f245e26b79964f6780a7a15ea79005a7,16824
d:f248f4d56d4f48d6a6f98b9de8719b80,16825
d:f24e5b52580a44d1a7c4963841ba279b,16826
d:f252dc96f7e443f08b183bfaba2c6eb8,16827
d:f252f5e00a6941118ebd63adbc037078,16828
d:f254dd9f13574bacba4d7029f720080a,16829
d:f25551e0bf9d41b9ac68544c57063a6c,16830
d:f25a710335fa41bf8650961ab0c1e8c7,16831
d:f25b181c661746fe8cd611bdb0be6399,16832
d:f25eb105f48141de941ed503e3a1e2fd,16833
d:f262bc7ecd4e4532a9db28ebccbee5a4,16834
d:f263c50d810348a4baae889f7a1265cb,16835
d:f26564bb9ca34df6824df01077b3b85d,16836
d:f2675f77c53f467fa1e6009e5c70c755,16837
d:f26951f5c4234da1a5295754203a89b4,16838
d:f26e9def6ed049319a4fff962ff58bc0,16839
d:f2720b06c7d948fbbf0217f726ec765b,16840
d:f284d23e19484573bf8c95025fa2569f,16841
d:f28bc2aea37147b9b99ccc160ea62488,16842
d:f28caeb80d8647eb8dccb2ae79db53f1,16843
d:f2908b9de2d24975950d2225ce2e4db3,16844
d:f290fcaf50b04415a45e49e67e097bc1,16845
d:f293e965ed814830a79c808eb54f6b5e,16846
d:f295c7c46f1c4fb790eaa603f3e7c3f6,16847
d:f29bd52f1b9243f5b5894d331695a617,16848
d:f29c92b56e834c168c13fc60a6abe4a3,16849
d:f29d42ea0c4c42449c126607f74704ed,16850
d:f2a2786be8af494aac6f7e8a7a56a692,16851
d:f2a627c8a0174686a82ea282d602fc85,16852
d:f2a6e0b4ef984e30889c76d3845fc2e2,16853
d:f2a6feeb8e6d46a09b763326760c1168,16854
d:f2a993f683b24169881340901e9fa9be,16855
d:f2aa9901f2604067968ea70f685ae917,16856
d:f2af9f9abc864f4a9b9208865a3ffaf2,16857
d:f2b795964bda43f8afaeb21050bd4e6b,16858
d:f2c2cb652ce94c8e9581616611624061,16859
d:f2c8294c8d874468b22decad6f7435bd,16860
d:f2c8c8c74aef4192ba1699f0137ff9c8,16861
d:f2ca857bdbf64ad794ffe5ff52c38d49,16862
d:f2cbab7e3be5428a97cd169e4caa549b,16863
d:f2d0141b985d4f19bea37c905662c61a,16864
d:f2d0bce9a45e411b9500893412a49893,16865
d:f2d0c2cd553d4b88abef16206d2c8324,16866
d:f2d7b225399e4915b65ac513dc8caf4f,16867
d:f2da070019a94b90ba3656d6ce73700f,16868
d:f2db99430250497694b1cc91bf3d7540,16869
d:f2e3099fdb47413f837198e54ce14018,16870
d:f2e30df10d0e4c2b9be3c484bbac69ed,16871
d:f2e3416be5ce4f348e9e5265f7cc00ef,16872
d:f2e54932f7614a23a0473a5ac7976ff6,16873
d:f2e5a01d7f7a44f0b06b580b8fba6e6f,16874
d:f2ec652ef0624c019f5201198185d995,16875
d:f2efa8b1adbe42f7b5d354cec3ff7a79,16876
d:f2f111d0c4fa4eafb5d14d0ad5a14727,16877
d:f2f2dee66d84427499ba33b52d28b363,16878
d:f2f5a053ce1548d18930ff894a2a9c8d,16879
d:f2fe4b39afae4f9287534f7fe185b1ac,16880
d:f2fe4b8b974244b39bf767f364f06779,16881
d:f30aa8de9c984483a687bbc4ebd5a35c,16882
d:f30ff6250a254853a197b2e676ec94d9,16883
d:f3155ece76384b33a63127e205e41eac,16884
d:f319c551e9a648469e09b7732d3e8c9a,16885
d:f319ea1106a74935ad6ad9ff192a4f63,16886
d:f31c4d6b3c894059b87e9e3aea0bd379,16887
d:f31c60a201784d259cd5c5a817eab842,16888
d:f31cff04b44e4f3892ad8779618b6798,16889
d:f31d5bb4ac4e4d7fa9394ea36fb5ad9a,16890
d:f3240e23b48548f58f0b454dffb4cd7f,16891
d:f32ddfecb0c941f78fea75173081c443,16892
d:f32fd635986b4a14a3951d8df7e7ebad,16893
d:f331bc82fd604c25a0a70a39cb6c6cc7,16894
d:f33879d829804fb59a88fdf934fe17ab,16895
d:f33cf090b5d741b8953bed2b0529cb7e,16896
d:f3403d15eeaa424bb5aee797d8c2893a,16897
d:f340cb1a252f4fff9755c89dcdfe5fdd,16898
d:f340f8543fcd40e18a8a647b2d87ded2,16899
d:f34cbf6b08e14f12b6accc3b4edd8240,16900
d:f3531ec36e1e4c3c9d35a81ddab44c33,16901
d:f357dae18fd44b06ab8489a36229deb2,16902
d:f357f3fd572e48699e1d797e9faf947f,16903
d:f35d1bfcfd40418280a6717fd3f471c0,16904
d:f3675f844a2d493ca20e862765e47b1f,16905
d:f367ce4d48484faab7a20696c33f41f3,16906
d:f36aace892fe426d901aaa90393c5604,16907
d:f371cf4888114e44a16c1afc5600aa80,16908
d:f377d9592fb9486ea108a2dc0cdd16a7,16909
d:f37c95f05f344f4ba52624ff6840592c,16910
d:f37fd25cb5be4b9bb682f82241cf7fe7,16911
d:f3859ef6e5a14b90b402f5e0f64a4689,16912
d:f387cc2b776245dcbc7f57bff283569f,16913
d:f38814bbf30f4423bfcf5c393653e5a7,16914
d:f388513b784145c4a58ea130fa25eaeb,16915
d:f38a2149f47249079b0dd28ed84cb459,16916
d:f38d151fc73a4eb381ef76d68c3b2299,16917
d:f39ade3d61ff4b21a925543f43ec043f,16918
d:f3a6d3c9c6f74d5c9ca383ca4b974c8e,16919
d:f3a7a5a4aea748d6b6ce95e528ad6b6d,16920
d:f3a8b5dc9b8d4a92a9ab2301b16c25f0,16921
d:f3b630882d9d49a6801dd455c7405930,16922
d:f3b84adc811947778fe0ca006f127099,16923
d:f3ba09fa5f8e4fabb41887304fd53bc0,16924
d:f3bcb660f7c24d02907be97f42c50b15,16925
d:f3c23ed496e94be4885f5c76c734c780,16926
d:f3c264e8291d43069c40f23ba179500b,16927
d:f3c2c23a76c049ca9a408e16de970d9b,16928
d:f3cea067bf6741c4a83999e4e41653ca,16929
d:f3cf46ab375744238eb4f1cec06b33d0,16930
d:f3d1a2796f4b458b925f48d95bee8e00,16931
d:f3d1bdd4b4fd48a48fe3194d2c6db761,16932
d:f3d2578c5bf4475898b513501d7cabe2,16933
d:f3d8523e23fc4088990d6ea63a947ad1,16934
d:f3de24cd62f243ad94083b3d6ada78d4,16935
d:f3deb9576e304aa3ac74f62654bc7f51,16936
d:f3e4b4409e02484090c4948e83938ef5,16937
d:f3e66e3613bf4394aac73eb6a37a68c7,16938
d:f3e9bbdee0bb4ac3b8e778fcfa2194bd,16939
d:f3f50357352e47098e8abfbb95f263de,16940
d:f3f8e9a08d2341d29fd1fc5f1a0455fa,16941
d:f3ff625432f5477cbaa2323980753413,16942
d:f407079a2ca447b7934a91223684fca7,16943
d:f407fb45d65449a79ed9022ca61fb71f,16944
d:f40862cd932244ea9543f514e608aa74,16945
d:f41165acfb4442deb5db13c5de2a3f3b,16946
d:f4130362eea942ed8c661ebf1eafabee,16947
d:f419b451346346de94421cb709759efc,16948
d:f42036170e7e4aed9c1e129d90014979,16949
d:f426f9dc02b148adb12580e38009a4a3,16950
d:f4291b8e518b420a9cb0228f4b575212,16951
d:f43238b7144148ec8f2de54f8877abe6,16952
d:f433bedc6ea04b12bda05f44e118b529,16953
d:f439fe51df714139ada3e234e61b82c6,16954
d:f43ef23701714b478e375692486e23c6,16955
d:f443379e6fc149a2bbad0f4094d9eb6c,16956
d:f44770b96a3f4de593e85909c58267b4,16957
d:f44851adbf704499908b9e9d6da88df7,16958
d:f448f45bae0d450e920e58e61b34e924,16959
d:f449f0bdbb0f4ff1ad61ba937445b60f,16960
d:f44add20e15e445383b74be7841607ad,16961
d:f452ccd266ac4c2e8aa9f53bc4c177f9,16962
d:f45b1a7f428b4d47bc9e8a4c7452a970,16963
d:f45cbd58673546e58a27e1fc83258e7f,16964
d:f464d80cbd714eb4aec9dcefe380ecfa,16965
d:f46a63cc0b9d40829214f39b4d53e303,16966
d:f46b8188e515462aa0955341ee0c9fc4,16967
d:f46fc82b776e4fad9afe2f9f32d116c0,16968
d:f470ef6f9f814950a00ce853f86aa2d5,16969
d:f47bf36dfa324d418ac4a709653c8b32,16970
d:f47fed5721e84a6b9906dde95f7f776d,16971
d:f48607f46c6f4a4db5e8c2ef46563f27,16972
d:f486fcdde20f46fc98be9d0b785b342c,16973
d:f48727274a0e4df991062924d4c8077b,16974
d:f487311b2be24c8fb27ff07005a783a0,16975
d:f48cbf40702d49c69a6a8671d1e0c884,16976
d:f4906b1d77ce411c900909a6d8a1d474,16977
d:f4928c8ce0df49e4b443a71f1778ee9c,16978
d:f49a7bb96c3c44a899457cb2f27add05,16979
d:f49f043ac8a644e1b41164b3e020969e,16980
d:f4a38fe84c09486b8d6108b07e46977e,16981
d:f4a3cefeb12f4816adb22b23255b5ace,16982
d:f4aa8a142e0a479c84366ac1312ccd44,16983
d:f4b00828813d47aaacf15041b36d1d90,16984
d:f4b06337270c4a539b8e8f5d88f8f847,16985
d:f4b1a277349f4b419fdbfe6ec95d56ad,16986
d:f4b8818605e34f6fba501642605e4a67,16987
d:f4bb7d4106e042338ba0b6a8a6ea2ee3,16988
d:f4c3c03d7c9444a886e1711758004fd9,16989
d:f4cc49ea952749c796059f92e74580b0,16990
d:f4ccf409ef4443178e9e59cc25931cb2,16991
d:f4cd804843394cbda5d44ad2cb299eef,16992
d:f4dbe5f8e59347f29d811c82be77ebd3,16993
d:f4df7345fb57401ea59ea2df40670bdc,16994
d:f4e178e46c0a4f3f9b91b11d839e7b1c,16995
d:f4e79905498e4135bff8b3d9abfa0425,16996
d:f4ee996f6f464a70981b60c9e19d8ab4,16997
d:f4ef18c1d590497a96ebdfea657cdcdb,16998
d:f4efc0e19d3c403691d0edfcab313511,16999
d:f4f0babe326d444bb5431394594bcea7,17000
d:f4f4904d82194b948d5bf7b52cde5486,17001
d:f4fbd5de2e694d5cb1b856fc2cf0a1d7,17002
d:f502e06285df4fd88016df0a7053f810,17003
d:f50c432a6e3d4a07973cdd2ffd482ec6,17004
d:f50cb2ed3a4f40efb6eaceeb52e74fc9,17005
d:f5181b85b36644098550baa792f29397,17006
d:f51955f2c1884e39884ab0032b752b91,17007
d:f51a83906f564244868446da324ea505,17008
d:f51cf2bc77d540c6a3690068256b6c8d,17009
d:f51eadf123f34544bf08a4747c2e23ef,17010
d:f5273a36ae7642e09b9fcbec2105466d,17011
d:f52cd6afda5a43bd9fd223f716423d8c,17012
d:f53a3d5d33464cc284a70959334e824c,17013
d:f53ad48fd68c4344a906785c65f4dc3f,17014
d:f53af2a204d841bebc8a81674f1af746,17015
d:f53f75140d8c45bab6f2fd942d385857,17016
d:f540ea7507c74935b68b0e9a9c7167ea,17017
d:f541d5715a1d4ef9a3fc8d3c7bcc7bb3,17018
d:f54937af645545df8e62ba4474977e58,17019
d:f54cb3ac0a9144e8b2ec92d4b4badbab,17020
d:f5512f0bc3324a43bbf18aa4456bd04f,17021
d:f55529a1545a4213a98726e9b9b0a2a6,17022
d:f555512237484944aef83452469e66ac,17023
d:f55695106fc9464b983e037ce62e32fa,17024
d:f55fcf6af02e48b89cba012134344552,17025
d:f5610950502c4627a50c983ad738a51b,17026
d:f566bb80c1b546cc91053e38a38d1154,17027
d:f56b40412f194ef8b9b26027a8334a5a,17028
d:f5720600735648e98a692a40b5f8d4f0,17029
d:f57812f24fc4419fbe6cea7f685a299c,17030
d:f5795728207248b98dde7364f0ac86d9,17031
d:f57a57d4e25f4dabb179f8cb29445edf,17032
d:f57f919dc02e46719a0c3b92d7901a85,17033
d:f586dd6255854d4cad5ffcb2ece19f47,17034
d:f587572fe1da4128a1020c70fe5d3ba9,17035
d:f58a4c71ec7949beb49c5713d60cfa2e,17036
d:f58b3ada2bd446d58a539cb67070b3e6,17037
d:f58d64db9a4c4def9b4d26c429edaa26,17038
d:f58dea50ef92469194892addde92ae70,17039
d:f59c5a5fb75f47bf9b53a690fa1fe1e7,17040
d:f59e7198cbff47f697d577ac229b2b08,17041
d:f5a2a0ff250e4f23b12c252bd831ab44,17042
d:f5a386a67e474a078471bb338b79f629,17043
d:f5ae07b7a9e0437481d8a42196f3a19e,17044
d:f5af9c1c5aca41918744ad4ed180d229,17045
d:f5b01a4baf5140b5ae9c86801d73171c,17046
d:f5b3b4c332924878b09141cd6b660920,17047
d:f5bc711661424db4a8d8a3785455524c,17048
d:f5c26815887549f7ac2b237e7e180c95,17049
d:f5c55155f42c4ad99101dc0be602b99f,17050
d:f5c7690ea5b54879bbef43e1658d399a,17051
d:f5ccef3e67b44ba492f96bf0fcae2726,17052
d:f5d1860ced1b4eb59716d141a750a024,17053
d:f5d497eebe4a4751882d9a33d76396d5,17054
d:f5d4f53aa0124b5289086f53bea9f55a,17055
d:f5d5c57a21074341b26fc74216a1c63e,17056
d:f5d726f4b48a4b638ce2ae187fa0902b,17057
d:f5da7a881ea94aec879ee7e2074fd654,17058
d:f5dad38f39834c0d927849e44e0363ca,17059
d:f5dc96b176aa4fcb9bd526749e2e2d1d,17060
d:f5e45b7e9d8c4e42a06db8763398e1b4,17061
d:f5e5d19fcc9a402da9fdecb5c881d21e,17062
d:f5e61d0549bc41d5b0e1050e79b18c53,17063
d:f5e70b19600a4f8680e66bba371be79f,17064
d:f5ec2c0cabd74958a5a483f9aca59a60,17065
d:f5ec87b1b14a413c86a3f61c885ab7de,17066
d:f5ee3431f7b64f5197ecdfaa89eff83a,17067
d:f5f5e02d393a4ea3880d1a0a285121ba,17068
d:f5f6450060fd43d490448b24cc90bac0,17069
d:f5f754ce9cb44b0fbea50657d63d310e,17070
d:f5f8f1e549b34af0866653eaed438698,17071
d:f5f960ea9c614172bf8ae4fb26f30af3,17072
d:f605765f5d2642d192c47e9ed13ebc78,17073
d:f606b2686764495b8e59bf117bf4b8cd,17074
d:f60f939f2a4549d09ac9bf68bf6cd29f,17075
d:f61214367b52473f99e1dc0b29384976,17076
d:f61428ba08e9461aba855af9d28a73f3,17077
d:f616abc9cf124a3c9c32bd2e5cca29e0,17078
d:f616ed6ff1604f09a2bb5d913144a9fa,17079
d:f6171c0ece7044e18562882055ba9de1,17080
d:f6179ec9f8374ae4a3e968cda7e0a956,17081
d:f618835d86ec4229a37ffb36e4e31105,17082
d:f61a3901942e4ba29b537d5bb0fdb408,17083
d:f61f34da62ae4099b2b5b2eac6592ef3,17084
d:f620f90f5728473098b80d6619742352,17085
d:f62a9fdac89847a9adba911d734005df,17086
d:f62adfefaf054de6a20c8278cf6537c4,17087
d:f62bf26c61f1467eb47c0ac2e8faf8cb,17088
d:f633673cf25a477c98009296b6321f62,17089
d:f63b03c573c84c32abfc856c0d2812bd,17090
d:f63bae4bb1be4e3f9cc0ac47b2e0e27c,17091
d:f64082c2117842adbb6d2e77610c81fb,17092
d:f6421fcc6fcc46f18caae5d93f3de53a,17093
d:f64847cfd1284648b0525fec2158ffca,17094
d:f649360781ee42859e46f3d0bf4e54ec,17095
d:f64ebf9fdadd469fa38a412eb9e81503,17096
d:f65adca71d594818bf6f4daeb8abbdcb,17097
d:f65fb54898b846a08139e5f64b0147fb,17098
d:f667cd7b7f644ea2b82b2593f8d82bf3,17099
d:f6711e74b02143b0a4d10ac282640855,17100
d:f672cf39d30244038a6ae7d3563a6b2e,17101
d:f682c98294a447b1af67c987ee057e0e,17102
d:f68518c79ecb4598a5e3b0e22bc19a97,17103
d:f6861c25b6134f66887f7e988352ea90,17104
d:f68d36c100d84881bebf48b42b61e843,17105
d:f68dbafb4a88493fa26fb7cd212addeb,17106
d:f68ff9124d0a48be847be882f66c1a8f,17107
d:f6920758c38f494186e5c8caf095ca26,17108
d:f69278ec1a6145e89156de37a8ee4cf1,17109
d:f69b4a02d1d0414386450aa072472635,17110
d:f6a041cef33f4243942addaef75c5bd6,17111
d:f6a907b53cb2485692dba36f34b4a85d,17112
d:f6a9251e32774d54bfbaf3426ccbb774,17113
d:f6ae0865e5584f9b8ac79fdf80fc1de5,17114
d:f6b26595ce574a8d925a351cd7a79ddb,17115
d:f6ba9a17f5404dc1a88f0716ae9f197b,17116
d:f6bae252b09d481d8adcef40e3365c14,17117
d:f6bb192c01ed4ccaa07682fed0efa4ee,17118
d:f6bdb8b56862467d83642e38c399e530,17119
d:f6bf9d52ee094599b58f84e6a107316c,17120
d:f6c1da37550b47acb0713be3ab50344c,17121
d:f6c1dc88e6a54fa89a15ea16ab4d9946,17122
d:f6ca55be9a0540168d7ebca25c0ffa03,17123
d:f6cb036134014727a67dd18f62c4f3f0,17124
d:f6d0c856431f49ae8606357fb0c0d9a1,17125
d:f6d14a5b9eb94a189d361a0d3af693d7,17126
d:f6d6de8a9e3a4f488471569223535d1d,17127
d:f6de755183fe46a5bc0c0835acf85cf3,17128
d:f6e625dc1ec54941b72157ea02ec7fd3,17129
d:f6e8c1ac62534dab86db6e0bb4656f8e,17130
d:f6e964bd3cbf4419a9d04ba59ba26a69,17131
d:f6ec38e13a454737a79889a88a5f72eb,17132
d:f6ed28b567e14e0d9a64e1089ad293a4,17133
d:f6f9345e5d514990810cfcef140a9931,17134
d:f6fb081f7cd44aa381872e0f7fe0828e,17135
d:f6fb7ef95a6f44de83fb8ddeb91155ed,17136
d:f7005d83de8843c2a922ef383703b14b,17137
d:f7030e90ec744ee790398b42ad1eb6a7,17138
d:f703c6d0f39a441cbe74a32ab3be5b29,17139
d:f70aa4fff3864809a12b96175a86f6f0,17140
d:f70bfe58d90345898e90af6421ad16dc,17141
d:f70c73da48a9402187887d31bcf2e7ec,17142
d:f70d23dde0954d40ae3c3fe834af370e,17143
d:f70fd72c676d4cdfb570a37af22cea5e,17144
d:f7113f76962c43559f2f0ca079336966,17145
d:f711ad1d7e6345d6b0d77ada8e4fddb1,17146
d:f7131e592c1d4937b2a8d02a629d2853,17147
d:f7136ec6bae94ec3a98608f8001ead80,17148
d:f719ba043c66402fb89e850d8721eca3,17149
d:f71bef4b9ddc406789ccd1047ea50d67,17150
d:f71cd6412ac742b2bbe9351a07f4f0ce,17151
d:f722000c835942729d86c7b0af284ad6,17152
d:f723cca0f7544ae88dc73d7b3941f66a,17153
d:f728aa626b354f1190e53d6c2544ca50,17154
d:f72b1cc34b44410696e08588365e3dec,17155
d:f72d64ff64d6446b8f99ac20ad244c7e,17156
d:f7307c3bcd674404942c357b1d50565c,17157
d:f73171198b7d47be9f1c9715506de968,17158
d:f73302031e1c463ba6e0d22774994dae,17159
d:f73409d196574420baaaa5cd2aed6694,17160
d:f736088a507f4fc0b3b5d22d90dc28ef,17161
d:f73abe7680734cf792c07983fc05ea3a,17162
d:f73b9485ac4a4b3692f5603c93944be8,17163
d:f73f3d4cb1b147219e013e7ed060cf0f,17164
d:f74de7ca125d4c2cae1bb3f8a9c3c5be,17165
d:f74eb652e5bd4638a9ca95021e8234ff,17166
d:f75326fb913049f79a56abac31bd688d,17167
d:f75a8bc0b61247c1b875bb64297a31ac,17168
d:f7640c49ea424b11a358628bdf044d28,17169
d:f767437bcb1f466189a3e77f0ae52f60,17170
d:f7702fb2eb344c6db5452fce2fe99b6b,17171
d:f77405b44a5d4e6788c5ceb995a5f0a2,17172
d:f7745ed07d084077bafa07adb4b9539c,17173
d:f780682b326b43e793691abfb8b0194c,17174
d:f79317bd2691492fa900cff25422d3f9,17175
d:f793d0c4e8944ed6bec545999e1234ef,17176
d:f79d2b221e8a4d87921af3bf4bdb8cb4,17177
d:f7a847b1541746c396af9fe05b1f4bfc,17178
d:f7aae7851ab94f12a22f82f88156ba56,17179
d:f7ad24b5d30c494b8897fad4c8e3495b,17180
d:f7aefc5775c74893a5fe468052ad0327,17181
d:f7b7183fb51a467897b60a521bbf14dd,17182
d:f7be5036a7d5417593ab560a5043fe90,17183
d:f7c7d022d3454eb9a960004e298c98ad,17184
d:f7ca10d46c3a4cc69c852367f872acc2,17185
d:f7cc7ad5daad44639e9eefe23dc2b2ff,17186
d:f7cef545050748f383e56f735e179e95,17187
d:f7d403681b18484ba6904da7927592e9,17188
d:f7d618c988914afebb000db92335fa60,17189
d:f7d6988ba3434393a02bbce45ef63821,17190
d:f7e0d52b2ee741929312589f1b42157b,17191
d:f7e297fa22984bbe93e192c8f76fbc24,17192
d:f7e3f48686f04cd18a5b567e8247cc5e,17193
d:f7eb0a170d7d42b986e53c6b71b7c1d3,17194
d:f7f82c85770548ab9a8d538d26ea1ff0,17195
d:f7fecabb862f476aaab89aa9ad4f7948,17196
d:f801ecbe74e3418eb4ff21f83eeb6f56,17197
d:f80cce39500046c8b1c8fa8424b940b0,17198
d:f8100251d1f94fdbbbbae2ce8e6e9cf0,17199
d:f8154dc3408c444087de178e5fc9600d,17200
d:f81e2a550d954b669aee2a62fc11c11b,17201
d:f8229052fe934b97bddadb1200f5a1e2,17202
d:f82b2a9c0d444f47ab15fc200c863baf,17203
d:f82ce523ff8849f8bd067a785e9f55f4,17204
d:f832c20ef14f42878a4bfa8151dd425b,17205
d:f83c0a6af20f4ea08281ac2b39e12899,17206
d:f83f084f60024e19958a46ca708a9c93,17207
d:f8416da72b904e73b2e00d11df093edc,17208
d:f843b89940c844ec99cf787f975d8b8a,17209
d:f847ac42481c43cabd562c0bf6d69cad,17210
d:f8489ad1698e4e05acb9f889c0b12026,17211
d:f84d4301ca2642f9859299325627963d,17212
d:f850e1e4876d47fc925b33e330ba0822,17213
d:f8539438129f4dfe9c9ff31a1c4db288,17214
d:f854927928ed4cd885112a092ae55b1e,17215
d:f858dffde2704a8e87cf50abf9471388,17216
d:f85c9499d2c24f5b9bd57ecb2e86dddc,17217
d:f85c94c3fedd44dfb97cc668dc8e53f3,17218
d:f8603d325c6d4df783d6924d7109de15,17219
d:f86111bdd7974c33b33b7e098148dc3b,17220
d:f86bc5e581864bfa85d416e36e670613,17221
d:f86e5eab3a91496eaf720a09bb58fd3c,17222
d:f872f93e3217428fa3b20303be0388ed,17223
d:f873aa1d0f414b1aa6d71fa9aac5215e,17224
d:f873d1875bb54e27892bfcf18fc19333,17225
d:f87545fa19854efab1bed3b3ccde140d,17226
d:f87d360ecae64d95af5556135355f7fc,17227
d:f8810934ccaa4819a4bf8d06564bca6e,17228
d:f8901f24004841efbe4077db3968b2b1,17229
d:f8961a0129974c35b965ee091cca4692,17230
d:f89855998ae348a990624b7c035e8b55,17231
d:f8a0b33025f84e04822ded28814c3c65,17232
d:f8a1a45b160049d9af323b550d9fb7d8,17233
d:f8a9d1de34654442b7a71e3bc3173e14,17234
d:f8aa9ecac5c747ee9ff09cde12ccafd0,17235
d:f8b0577929714b6bb453defdd38d9e16,17236
d:f8b0861f276447af8f5bc799943914f2,17237
d:f8b0cdb02a9641ea9f51b33c58651463,17238
d:f8b388dde10243b78d5257232eeda2be,17239
d:f8b6004c511e4d848e3763de111d43b8,17240
d:f8b72348864a42c7ad554db97df833b2,17241
d:f8ba561efa074145988cc7968c830f20,17242
d:f8bae5b45e7c4fcbb7015a86e06cddc5,17243
d:f8cb7cac8ea64d7f886c8768a640bd86,17244
d:f8cc8d3b54884cd8837d46380e162a46,17245
d:f8cc93926fbd4fcf86deb311b832254f,17246
d:f8ce11bdc8234eea899c4b7fee442d67,17247
d:f8d1200ab9f7480ba254a9b25d7a9da1,17248
d:f8d2a046570c44ada8036c9796a2a3a6,17249
d:f8d73da3034c422886cd07c32020eee1,17250
d:f8dba611d846461fa66ee05de5f400c3,17251
d:f8dc1024314e4db6ba5081556d80a4b7,17252
d:f8dcf7d1bdd2446088f4aa364818ccee,17253
d:f8ddfd8ac38e4479b0c69e4e66117776,17254
d:f8e2a35503de444f9892369e81f60533,17255
d:f8e93b6abac74d7397161e05cbea6045,17256
d:f8ea72aa9aa8462daca8e1056e4e427e,17257
d:f8ef292898884f7cb55bfa9a19814cb2,17258
d:f9040aeb8c3e4034b7ef4d17658ea8f0,17259
d:f9088b64ba984165ba9eac387f38e415,17260
d:f909f013addf413a9dffa3d602192364,17261
d:f90b6636d5a2417e8e82749a2970811a,17262
d:f90f3774335c45e58cc287e1499e9119,17263
d:f916de0b61f0496d92054c7b380225fe,17264
d:f91a3d6386a44257a584c3d2566c5429,17265
d:f92751b8e0ad4e5b8b15663b53a89cc5,17266
d:f92fca4081144b9dad89e42cbf74f3fe,17267
d:f934fd691300460ca2332a402daa36d4,17268
d:f939377bac6c471eae81f5992dc04e99,17269
d:f93a0f33868540f0b2e246646d4088d5,17270
d:f93a39fa10754be59c7760ecfa4cf91d,17271
d:f93b9fcb61124ba8b3eb14723aa47965,17272
d:f942bfb5c5b2459886d038f483d048b4,17273
d:f94dda457ef54c23bdc9b95cca99b519,17274
d:f9510cf3f9194734bac741d4434ae1b7,17275
d:f95669b82fd64a6d9b55fd5e4869bd1b,17276
d:f956728b163447a69db6255c96e0a161,17277
d:f95ce18cecbf4c1e98f457068a7fd876,17278
d:f95f2a7d438342368232889ca1f77f6e,17279
d:f95f939362664a77be184862f3f99e15,17280
d:f96d771447f846baabf824177593c76c,17281
d:f96dc68e1f434740bf10ddd68cce48dc,17282
d:f96f065205784cf1ab3a4c2b3b086a6d,17283
d:f970a1cea0c54f339dfcdceaad44f106,17284
d:f9710cf9dd49493e981fc085990eb4d9,17285
d:f97415629c29486ea6292412c52aeba2,17286
d:f978468deec3476196b3df451c1a7f46,17287
d:f97aa32159a74e7aab43164e8164dcd3,17288
d:f97be2e4f69f468e9a1bab15eedd8887,17289
d:f9811c50d3ed4d4e909b63d32e2e8029,17290
d:f981a06aa34c40329baa8cb25981d50d,17291
d:f982e2888fc9451792cf95c03b6bfb81,17292
d:f98461d44b3f47508ae13bbdc705fc85,17293
d:f98519e814d7425ba3a7ed752ae5ca75,17294
d:f98c30b0f83f4099868334f6ed9eabc1,17295
d:f98d6b914a534ec68e35040e852a2453,17296
d:f99150a6ea4d46faabde73f0d88fb0e8,17297
d:f99bc2d5cd9a4ae0bb2f0f3eef35a32e,17298
d:f9a43c42df444679ac0d1d576464b2e2,17299
d:f9a68c84d39140dab6b1179c46599fe8,17300
d:f9ac22f596bc45dca226e4a6c83aae3b,17301
d:f9ae15d9531140799110c4f775047d55,17302
d:f9b2a5a4021e409eaba17f011eaac914,17303
d:f9b33e99992d45d1aec649c0e1d6d661,17304
d:f9bd2ba0bf534a3dacb68e84842d439b,17305
d:f9c1f387347e45aeb7f099756de75e9b,17306
d:f9c41bb97a2d4c9788afdb6ea3e1d698,17307
d:f9c5a953be544529ab6dad838faf4611,17308
d:f9ca0929188b434ab010f64bedcb221f,17309
d:f9ceda85efa3481a8dedc327c99989ac,17310
d:f9d0d592576341038e2322830d384f70,17311
d:f9dbc889192e4f53ab4e344482d64946,17312
d:f9e919970a40494c97d93fd9addd09c1,17313
d:f9ea6854cf6d4da3a0038ca9f029efad,17314
d:f9f34f6ef7c74f91bf5d5740f36b1d46,17315
d:f9f47355033245b08e36370876cc1776,17316
d:f9f49411a7094dfba118311f401bc7fb,17317
d:f9faf2f6c9f741e79a24036d300b14c9,17318
d:fa067a3283cb4676a2cdc6d4a0ab2bad,17319
d:fa0745248dba4d0fb73ab5bb849937ca,17320
d:fa0db6a94654468a9f283c04309e2c0f,17321
d:fa10feb3e47041cbb590af082647a543,17322
d:fa1490a8ae3941be9c8d963ed7a8f236,17323
d:fa2c9f88e0164ff78ebe88e6239d71cb,17324
d:fa2ef63ca44b4a538b3d713145118d58,17325
d:fa30dabf1f7a481f9a6dba3220bbb806,17326
d:fa33721e1b74482e9e5b9edf3c91f091,17327
d:fa371d5a58484e6ba39eecc4165140fa,17328
d:fa378491120545689890f7160299401a,17329
d:fa3a16a5d19240acb06668ed8f9ed5c6,17330
d:fa40060539074578ab2fcb621f35a273,17331
d:fa41ad79c2a74c5ca502b0f94e96a496,17332
d:fa4320e99d4f48179ff3368482702afc,17333
d:fa44700953144c8d8b9de85bf969a560,17334
d:fa4df984b2c44489a12b42caaa485496,17335
d:fa5448bb700b4aa1b4eaca6e433daa69,17336
d:fa54f484d6db4b46866d539684a1316a,17337
d:fa55a8ef638945c0b24e524766eccf05,17338
d:fa57d9bf45d5486e91dd18ef141870ea,17339
d:fa608ac3145e4fa9995d8dd0c0249035,17340
d:fa615ada60184e6ea1d4a961042e6e77,17341
d:fa61ce00bab745159456de2b4fe6b158,17342
d:fa622f188d154af194606797f780707b,17343
d:fa66b62ec2464337a01725dadc8ceb6e,17344
d:fa6818be16ed4f869c3e4318a8f52190,17345
d:fa689972fd464f09860bdf07ea4d1009,17346
d:fa719aed1de544748ed73e4dcd13e83e,17347
d:fa76961529794e09a2518785e3635164,17348
d:fa769b73deda406ebb971215de01c7d5,17349
d:fa769bb4efb4474fb08ee1a10ccf5d63,17350
d:fa7fbd310ecc438f9d79405e16769132,17351
d:fa7ff66512854f8798f21d4116616329,17352
d:fa841a6d3c6f4f75b8ec90ba31b42703,17353
d:fa84a288678241e69275aa15d7e5c4ad,17354
d:fa93391a129a4a80941eaf24fd7cfa6f,17355
d:fa94f44dc8134800b66aa5a3788a960d,17356
d:fa993303c4884083963e7d0b6dba1a1c,17357
d:fa9b11fcadc043a789a9a67bd7cee144,17358
d:fa9d8eccc003441ab49d48eaa3b63b02,17359
d:faa3a55ba256408a916b8642a373a0a8,17360
d:faa5bb4d33b14ee781da471834441611,17361
d:faa9927975a6481da27bf0f00861a5ba,17362
d:fab018737c194787ac7e99e9b6ac3a69,17363
d:fab6753b256b4853bbd72821b5955c8f,17364
d:fab6c50058f74cb1a9f6c175e3f08834,17365
d:fabe004842514316841098caf4bc750f,17366
d:fac222e30fc04552b324c00ce1fd61d1,17367
d:facc704082d34df2abd043aa7c50cf29,17368
d:facd8ac745044c02b9a574250aa10f07,17369
d:facdb8b386964026b4389e57bbdf8afc,17370
d:facf143ed05040d6ab9c3f4d6ee00d24,17371
d:facf1663741c47de96449ee4dbfaaa91,17372
d:fad0ec3305904d0daed2cfc8c53c47a3,17373
d:fad23336849e4680be38d20cb6042181,17374
d:fad33663e24b480ea4303a07f737b265,17375
d:fad645abd259492f92b1822b1b6f9255,17376
d:fadcfdc5f9564b60bf9be52ff9250ac4,17377
d:fae1715db5594a708c43ff6e5d4fe6e3,17378
d:fae6efad6b384403bc85909cd704849f,17379
d:faeb9d36572a4009853188c3e012374c,17380
d:faeeea73d5614e568a0fbb88ac34f9e3,17381
d:faf4037a23eb4e6a9b67f0ac6236b947,17382
d:faf9cf967b8341378a298861b01cfcd7,17383
d:fafe2feb5b9b403794378a32f2a46bb5,17384
d:fb03bdac647748cbbda2d47d5726838d,17385
d:fb05bdf32a0e48e59ed8d100b9807557,17386
d:fb0b28b7d517494e820e3a50e90e41b7,17387
d:fb0d4916a57e45638eefc7c49f1378b6,17388
d:fb11fb75a2a9469595935aea75d0fb10,17389
d:fb14ee7e70e240e78c3c4cda3d3fce49,17390
d:fb1532415c914ac5bcf117f75aa0a40f,17391
d:fb17c9fdb8f2411195d9e9c9f05b7065,17392
d:fb19454848254aa48115259bd9c94783,17393
d:fb1fe6243a1149ce8242cd7d87247981,17394
d:fb20244444c7438898c38a096f005924,17395
d:fb20653b91ae438092af8a1216974727,17396
d:fb25768740894cfcb724af07741a132c,17397
d:fb2994be10d4401380d174f2b21b11a0,17398
d:fb2e032767cd49b89fcb35f08f52576f,17399
d:fb2e5dbe691a4516bc00073f3b1f1704,17400
d:fb2f45e668b84846ab38404d3de528fb,17401
d:fb366e820e3446d8a26059047e897748,17402
d:fb3883fc25bb45e0a6188c7f3f07a6fa,17403
d:fb3924fa65244cb5860b9baeeae69f32,17404
d:fb407f3725c2444f886884c74b76cd95,17405
d:fb4446c5e2ef41d98d491d64fb5df302,17406
d:fb4678f4926a478fb922ae9f9ac420df,17407
d:fb4e7942f87d40e98130fc3d583783fa,17408
d:fb4fa4e6fadd4873bc04879144d82dfe,17409
d:fb51170f7dd243a0854dd32a27af9e26,17410
d:fb51cca4bc3d483898ae7c594b835115,17411
d:fb561378fda5437393788f33d6e55b43,17412
d:fb5630f0606c4ec5addc7a02cbfc01cb,17413
d:fb5b0603531e4194a7392389e9453eb3,17414
d:fb5cff15790d44faa06def8849306c4c,17415
d:fb5f187bfc8b4183b114d56eb0cddaed,17416
d:fb625ade987f44b08daabb4a7195ca32,17417
d:fb6824693cf8449e9bcba64e6ef302f4,17418
d:fb6d3907df8840468b52ab26c5c9c2b7,17419
d:fb71f284010c4fd1bace91374224e702,17420
d:fb72c0c1aaf448b88aca1f60d105260a,17421
d:fb782a1f71204eb8bc17bbf35183b59d,17422
d:fb79c7639efa4a3da7f0c427a357f4dc,17423
d:fb7d276a4a5a4195823b098fac0737a8,17424
d:fb7fddacfd774016b2e9b24d65ec933d,17425
d:fb826dec0b59423b9a09f22839efc178,17426
d:fb866becf311432283b86846dbfde139,17427
d:fb88066f407f484b952af62be6719e12,17428
d:fb89123e725943b7a7826f4d97b6421a,17429
d:fb8d679658004af39d284b972e9529af,17430
d:fb8feca50fce4f92a49059d8dcc572dc,17431
d:fb907fc76235403086d23b965d502bb5,17432
d:fb918293643e412e9092c672937db9db,17433
d:fb93b8dbf4924228b99047a4d2c9c8c0,17434
d:fb99d24b4bb145a6b3ea5e7d0a12dc3b,17435
d:fba09999279e4dd0bc3771bbb400b0e0,17436
d:fba0a4d4df16413585f933dfd27a7931,17437
d:fba0fad238b04f95a51ceb83dda8bdca,17438
d:fba106e03d8f494dade2ece882729f75,17439
d:fba99fd33d1f49db8552ac8ccb98dd43,17440
d:fbabc797a25946d9b3905d1d7ccc8eab,17441
d:fbad149e10774744b788da55621c6ccf,17442
d:fbb507e9890f4e8e8962d65e9a04bcef,17443
d:fbb70afb554044579f124174661083d2,17444
d:fbb73aa7207d4c0d933ba84df4410755,17445
d:fbc094f2223c45f98d273b61654a6e80,17446
d:fbcb260e567d48238ed68a0d3fa12d94,17447
d:fbd2d3658dc94e25b9a14de1c985ccb9,17448
d:fbde9a0d8923484c8ea90bc8167761d5,17449
d:fbdf585927b3467d991ea71824bbcfa6,17450
d:fbe2a7453d0f468ca2d903c91410abfd,17451
d:fbebfd25b1674a1d970f9e567a1f51a4,17452
d:fbf00eeacfcc400296f7657f57d985ff,17453
d:fbf162da5c404d03922cd23d78960bc1,17454
d:fbf5e1f6fdee4c9893b4772c93e51a76,17455
d:fbf940f44ce1486aa5c5164cfa332408,17456
d:fbf9ee64c4514ae48ba0143dc7342306,17457
d:fbfd20e9a76744c08b69b5fe07e0eb2b,17458
d:fbfda098b4ad40b88199d2838f833abc,17459
d:fc05c02d282b4bcda550da0102bec86a,17460
d:fc0c90e3ce6f4fc5913a659a49083429,17461
d:fc0e9bd0fe3f4a0e9fd5895cdc72a238,17462
d:fc119fb86deb44d5abdba8bcf74de5b9,17463
d:fc15ddf62782472dbd0b41b100dcee66,17464
d:fc1ecf84687c463499c1d8687ea8be2f,17465
d:fc1f8f94b4834f9c94bb55a61a529e43,17466
d:fc2510f119f045f9b7caebc3d3ec8c77,17467
d:fc2920b50e0341d9b484aada683fadcf,17468
d:fc316022295c40f7af6dee72b94b0a18,17469
d:fc31cbc3ec7043789c61ba6fd35720a8,17470
d:fc33242ef7534eada4c9228737056ebe,17471
d:fc3bd609b6f94de2ab464faf9bf66d14,17472
d:fc3d8804c557413e9e399ec3700c4a1b,17473
d:fc489dc6c52f41df8432e4c0f1243d81,17474
d:fc49002584f94cd785adfcef02560077,17475
d:fc4df022f07e490da21aed017b73a138,17476
d:fc52471ce91c40e8a265c9eff2af7791,17477
d:fc56e1997856494f9b983fd5434d9e2b,17478
d:fc5ae91f792b4dfea2e45d013853f5b2,17479
d:fc6006eabcc049abb2f117d10459f8bc,17480
d:fc62d2772bbe4476ac815a79ac82ef00,17481
d:fc6738e978e64a3a9db05a8e76faea73,17482
d:fc692126884b4ca78d4bcbc4b4f39987,17483
d:fc6f9e9845a04de3ac2128d974572a1a,17484
d:fc70e77353134e838e6d7634ec690fd2,17485
d:fc731bdaa10241e693b980a60c504cf3,17486
d:fc7718d116d74d5a8129d87066032e10,17487
d:fc7e307d04fa40fc8adbf4e04b71ca5c,17488
d:fc85a081db3d4bff9583cdd500094745,17489
d:fc8aceb392994b9a961ce0ec21014e39,17490
d:fc8ec715dcfc4037b6d36abf6f0d5dfb,17491
d:fc94e87976f644c992f7b6454d88c8c4,17492
d:fc97865041bb45049ee97453143185f6,17493
d:fc9a8592cd1549d6a6359df0848658fe,17494
d:fc9e6cd2e6d7499ca35d0bcba6550891,17495
d:fc9fb1c7e5254160983e89ae61b44015,17496
d:fca3a22c133b49cca324408da7ae46ac,17497
d:fca97aa4c6a24781a70090f2c15b5840,17498
d:fcae06477f4441a8b3fed54750ec04f7,17499
d:fcaef37472264a259aab664f4f155be1,17500
d:fcafdc70c13c4551b3341b4845586086,17501
d:fcb8d1396d974b1f8a7e1d8dcc38c0ec,17502
d:fcbf029a50204f43a473e689b54b497c,17503
d:fcc3ebd9b0a24889aaa599f05b2af340,17504
d:fcc5fc7e08b9452885734f24521ae65a,17505
d:fcc657dc1ea94da9bfa09719fbc43e91,17506
d:fcc7de2c253540e0abdbf84101e0b747,17507
d:fccd0181f54d44b485085d49c50c4150,17508
d:fcd8be0fc14945dfb9daff84e4867fcc,17509
d:fcde6a8268f34d2a9a7255a4019ebffa,17510
d:fcdee750ac324e61ad0dd15e91b0563b,17511
d:fce2c73f977a47dea994290c4acffd52,17512
d:fce4c23826f44802a81e9e3628ac1e0e,17513
d:fce78c7563944f39b2435e334c91a4e8,17514
d:fceb6612f45d45138aec07dd0f1906d2,17515
d:fcf288763c9e44e0921110da21aa8179,17516
d:fcf66e36863341f0b1f5abe2daef8e9d,17517
d:fcf689f5179342fb8be093679a20afae,17518
d:fcf71c6b96a24b2ba19e73984a30c536,17519
d:fcfb84dd3acc44ef90916f0ae2416eca,17520
d:fcfeda29e058473aad24c8306da1e914,17521
d:fd021a8f728d441aac098518716030f2,17522
d:fd07387bcbe5413f81d1bfbcfa10fecd,17523
d:fd0ba69f176741a09373abc92209e021,17524
d:fd14e9f5585d47ae8bb4b42570ce0f7f,17525
d:fd14f54dae1f45068b561556cbb2b20b,17526
d:fd1d598f71a04a40a623ce7c0d2540fb,17527
d:fd1ecb0492a94cf0864327a3b9d2de80,17528
d:fd20232392504db8b6fdbda126975f91,17529
d:fd22dbe54a8c4d50b06d35e495fbfb60,17530
d:fd25450263f446208db5e5f6529d4e9f,17531
d:fd2ae8f8d10b4bcbbc804ed4f7c679d9,17532
d:fd3002e85e7c40f0941a64ffc461a4ae,17533
d:fd3090451bee443db576fc017594183c,17534
d:fd331c0a4bcd40f0a538ed0022a50a68,17535
d:fd338c31a14f4530a7afd0ef7a9bec5d,17536
d:fd371344e16c4db2a8004b05f8bb0139,17537
d:fd3a70ab3bf74a9bbe38ec299873d98b,17538
d:fd40a9151e5d417ab7481657327502b4,17539
d:fd41a957d0ff46eebfbd2a1f7b57504a,17540
d:fd44b28724f141c3aa3943e004a031d7,17541
d:fd46149ae71844289aaed0979fa1d8b4,17542
d:fd46fdff2e3f40198de5d5d96316f997,17543
d:fd47bbf1c3b14054ae3bc65f819909c0,17544
d:fd4bd9bfec12410b8efab8b63815f0a6,17545
d:fd4f4cede1f84851aeeae48bb5fba3d3,17546
d:fd55db10059d4d68a6ec596b3fbc349a,17547
d:fd5730ea12064cfabea8fce4051213a6,17548
d:fd5ca08e90894acaa6d518f35232b6b6,17549
d:fd5d532fdd6e403e91a512386dc8a5be,17550
d:fd5f0296c9b9479ab38ab3f77e2ebb98,17551
d:fd64e04f876949318bc11d056a61da69,17552
d:fd687e9b63b645ebaf371ef2935e0b30,17553
d:fd6c11e9e9894be3b8195945a6bf1bf4,17554
d:fd72a370991045d78b0eb3e28db9c863,17555
d:fd737855a1044c7bb61a703f22651bbd,17556
d:fd760fac5b55496cac1a748a129f179e,17557
d:fd874835ae5e4d12b83db798f51ab345,17558
d:fd8adf91077b4b9fad5c4e5bc7b6db14,17559
d:fd8c969d9d4446b182b515b9b3f68ba4,17560
d:fd8da815f37047c59ce44652eb112545,17561
d:fd8f273a579f428986e4e8e2b1fe9b2f,17562
d:fd8f4d4826fd4ddbb49a3f2c60cdf157,17563
d:fd98b7ff4778441a9eb5fd30209ed4d8,17564
d:fda439c3b5f04658ba2d2f0b4c5af449,17565
d:fda855b57d0f4711ad5c06ce2e29f3f5,17566
d:fdab5bee633148469dfb0c60d79e1655,17567
d:fdb2acde002b422c85f0585574d12d06,17568
d:fdb73ee4da154740ad54d219c3b1ec3e,17569
d:fdb86120e7e3475f8b1b4f41f26f9c48,17570
d:fdc66f7c154d4ae48d6d4b866f189369,17571
d:fdc75977346246c0bc8359e8e1dda0b7,17572
d:fdc8a15db0c54c29a6dca864d16a641e,17573
d:fdca0a311f124bd3a7b3a17c8bb19107,17574
d:fdcbc0d424014d8089d3a20d88fd5952,17575
d:fdcfc284062243a6925f658a9699c8cf,17576
d:fdd1eca75a0c4b32b6ccf8ddc171d804,17577
d:fde6461c9e6144cd84f3dd5f5053f2d6,17578
d:fdef1c739efa4800bab35b06754a896c,17579
d:fdf10cfd46804dd8a1c7ce225977a735,17580
d:fdf674a511db4601bea2c9f52b9598c9,17581
d:fdfbd19cc75f4ea9bceda02f7d011e8a,17582
d:fdff4cced51646f3babb1f9f9bc25eb1,17583
d:fe00fe6031ea43af8939f1958ef6348e,17584
d:fe0389dd34574f6fb5690c6e6a394718,17585
d:fe0705cfc2e54b84b764f2df25e65c50,17586
d:fe072e025cb2444b85ea4404f701701e,17587
d:fe0a29847b2b4839ad9816e8d05a2f35,17588
d:fe0ace053e31412ba2329bd968775ac6,17589
d:fe0f1a5b588f4b539eba1dbb09819916,17590
d:fe107c43d1984dbe963b41d655296016,17591
d:fe12844802df471abcb233e27b3168db,17592
d:fe1352a7fc7d401cbeb49b14a2a48c4a,17593
d:fe16f7e82408456483b7b45df0826ed1,17594
d:fe180b705dde47729ca32107fab5f09a,17595
d:fe1e5aacd5d94a14a6149481b00b4036,17596
d:fe238c6bc30f4e379c0f78808c0b9121,17597
d:fe254539ace54a9490a7d53bd07ad70f,17598
d:fe26bc91c8954573a670d903c7f3fd72,17599
d:fe3003788b1345edbbe9b84418eb0268,17600
d:fe31e49ea0b34953958d9bd9f1fc96b7,17601
d:fe346779369f433fbcdac7296cdfc653,17602
d:fe3542b9d90148069669ac8f32e188ca,17603
d:fe3c6a3a25c144f78b54d551b6cabb3a,17604
d:fe421a0b5362493d8471be6a55753ed2,17605
d:fe4273b27a844c8d88d80b456b24f4c5,17606
d:fe46ac0584664e549f6ca68bb7cec856,17607
d:fe46b220e7a143cd81a2d4c0730928fe,17608
d:fe516e843cb340babc2b7183ada843a4,17609
d:fe581f9328824bf18fae5956d97f1216,17610
d:fe5855b64d454d06bf6189fe2a85b8da,17611
d:fe5b43f8dedb420588ed31f46b1bb23b,17612
d:fe5b5f5bcb3b45f281f7bc4d745e8b8e,17613
d:fe5eb7932c224103ad0fb08fc357fba1,17614
d:fe60b1e043da44a3a11598c00a7c7716,17615
d:fe6151a89fbb4e549c630601347488b4,17616
d:fe646fb62a794ceda62636a9eb79cd98,17617
d:fe6ea883c3ed45e69a60e92cbd036823,17618
d:fe7030aa2370455ca2f89ae73b088a03,17619
d:fe7e1239aae74dc0b5de75df1db4799c,17620
d:fe7f785571fb4e5fa39a4b2be5d4c48d,17621
d:fe8766a687424806aa0fb54bdf18b462,17622
d:fe914bebb5584e2593fbbf642e7b900a,17623
d:fe91af4204744bb7b38015521b3927b2,17624
d:fe977fc17f694f9cb81e4d08dfa2c111,17625
d:fe9843f392cd442e859e3214528cd7b8,17626
d:fe9cc24aac194070ba6d44ba40736a28,17627
d:fe9f5aa7e2684a7faed4729d83973895,17628
d:fea5f0c161784a1aa2c72f7b0146d90a,17629
d:fea7805634eb4f49809afed114e1499d,17630
d:fea8d2c66c004d7aa78f1f10c548091d,17631
d:fea9bbf5e86b42ee92ee11a619567e6d,17632
d:feaa3940b11e433faeba00628d05f63f,17633
d:feadf793c7f74d1584d9da128cc7eda7,17634
d:feb33f7b229244c2800717e9949978e9,17635
d:feb3e91c91c54e3ab03099dc6d83cf7d,17636
d:feb44644078b4cb9a1bba59fe0bd8278,17637
d:feb55a048b9f424ca524ad82bf87ad98,17638
d:feb87159458041459e16fda191047beb,17639
d:fec45bfa49be4175bb7af2791d4b6828,17640
d:fecc5575c60e4fddb05365688132e526,17641
d:fed0fcf5c101465188aa091a6c46f87f,17642
d:fed8001ceda84223937163cbf138da13,17643
d:fedf443466eb41738b1cf6f5ce6bfa10,17644
d:fee279e8640349a7beabe2e40392289f,17645
d:fee36202266b4d3db90b8f3b72f63963,17646
d:feebe171e5d143baa02d1255ce4e7ab1,17647
d:fef13ea8391e4613b15175d9610ba0e8,17648
d:fef673ad0f714381afd6cd5753516abf,17649
d:fef7ab8a50994a8bbcc486ffdaa0f1ee,17650
d:fefa2f4bc36c49db88263011917f7a23,17651
d:fefda69fd7f34b49afa42d54ee6ed4f3,17652
d:fefee9db812f41f6b2d77d5fae59fcfc,17653
d:feffc6581d344fc794765e7a4fc9be26,17654
d:ff06f60273264f9eab3772bb54cca151,17655
d:ff0c9b0cb66a4cb880e0630aadbe150a,17656
d:ff0cad1649b140248d15ff19578b2e22,17657
d:ff0da06582d44190bfa202009f11f5c7,17658
d:ff114da5011e4ee99d1157263d5353e0,17659
d:ff1316e1ca624d81bebc385c3f706bf3,17660
d:ff1775bfbd644cd59b9bd922225d1027,17661
d:ff189df0f2444a238934979c36459993,17662
d:ff1e9297c2bc4b89a649d2cfbcb293e2,17663
d:ff28bf024f964ad0abd9bf26a62d001a,17664
d:ff2c89de52fb44ac86fc9b73e97814fe,17665
d:ff308a018580463db1da4dee9033b4f7,17666
d:ff31421d3daa4b2d84cacd6ede5f6a12,17667
d:ff34c4f6ce6a4c48a8f00c1da315e1f6,17668
d:ff375b4336a14ad1b3773e4242069152,17669
d:ff3baa0c107043a6a8a1f4ceb4500bc9,17670
d:ff443805bb2a4e05a162d2a0080f54c5,17671
d:ff45e4a24d7f4508b3d008081639b64b,17672
d:ff4d3b22c3d947a19c2744a99ab03e62,17673
d:ff4fff05a04c4272b3e7a5094a23ec12,17674
d:ff53936c5d5340fe9c204f3d449197a7,17675
d:ff550d53713d4603b150c78b3b820d47,17676
d:ff56839409fc4088951daa10764f2079,17677
d:ff5af86373624c70bd1fccd52606c017,17678
d:ff5eafb8619145699c1a4680c5528090,17679
d:ff5f258eb7454f7496e1eefe3831b7ef,17680
d:ff5f7b80dd984d648f61f1896a454ac5,17681
d:ff5f8ac7506549918e4e437d0a7a3066,17682
d:ff65343d247940929d54742ea6d2affa,17683
d:ff6575401e084609b7ab701c8577618a,17684
d:ff661d903f234636b84d04a36229649a,17685
d:ff6a5a71834f4791a5d433976f979358,17686
d:ff6af655d4044affbdbe158b1a5a8000,17687
d:ff6e69189c684f0f8174d972d50b7acc,17688
d:ff6fae96f2234a5caa4910d42843b040,17689
d:ff70b6d53b23472582dfba93f71d3aec,17690
d:ff72f7878734449c937e7068da39974f,17691
d:ff735c3278b141db919b41a3bdbb8a2b,17692
d:ff7dbf5262da44b0a35af5f71db2ae1a,17693
d:ff7e23e1b57d4506a66aea70886db4e2,17694
d:ff7eb9e415be4e6f8e260f9b8a54d298,17695
d:ff855a71ee644d4cab10953959c42fcd,17696
d:ff8f32c196774ea19935cb3115f4798c,17697
d:ff90c504feee469bae43d0bfa31dea87,17698
d:ff9a255e15a044c3a2bbc26ca20e1ae2,17699
d:ff9abb31bd574e7cb46ce49b804d6841,17700
d:ffa7b2ca003b4e6f8d8824c97286736e,17701
d:ffabfb9b769c4ba3a4191fb17680db10,17702
d:ffae72ec2ea6490eb074a7a52f07de11,17703
d:ffb2227fd08c44e592e2629fc0b92f63,17704
d:ffb41739a3824722b323554a8dd1ca7d,17705
d:ffb9fff34941434ea7afa2079bd74760,17706
d:ffbc802b34da4e13a3abd2742929a4ff,17707
d:ffbfbe2aab1740e4bd0f0bcf3fdfcaef,17708
d:ffc836cf1c944d1fb745f072286f01e6,17709
d:ffcd5c78279c48fe81a146ec9dc8cbf3,17710
d:ffd04425e2f94ad0b48f86d11c276ad7,17711
d:ffd2b9f5819541168416762610767974,17712
d:ffd54e3ddac5425fbedd5170f14752d7,17713
d:ffd585cf6a984aea924d0600a0d6a95a,17714
d:ffd88ff4bc8b494c994a7ac0386a963d,17715
d:ffdd3a498921404fa365139307f30f18,17716
d:ffe753af765340c6b4a212532ad84c35,17717
d:ffe9d6f3d0a7429cba71ec5ee827814d,17718
d:fff59f7a14804f8bb3d25f90dd317c1a,17719
d:ffff1307fd534e64a91d5bb5bcb04b94,17720
d:ffff2868d9594da8aeb92dec53b571d6,17721
d:ffffdf9721b041f59685757dba295ba1,17722
d:fffffe240875466082c0c5f01baa09df,17723
