seq,identity,kind,section,title,artist,date,material,accession,qid,gallery,gallery_why,onview_raw,image,url,desc
197,acc:E14376,official,african-art,Mwaash aMbooy mask,Kuba artist in Democratic Republic of the Congo,19th century,"Raffia, leopard cloth, leopard fur, cowrie shells, and glass beads",E14376,,,页面未写在展,,https://s3.us-east-1.amazonaws.com/pem-org/general/collafr_MwashambooyMask_e1476_1200.jpg,https://www.pem.org/the-pem-collection/african-art,"Kuba artist in Democratic Republic of the Congo, Mwaash aMbooy mask, 19th century. Raffia, leopard cloth, leopard fur, cowrie shells, and glass beads. Gift of Dr. Charles Goddard Weld, 1910. E14376."
198,acc:E16924,official,african-art,Figure group,Kongo artist in Loango region,early to mid 19th century,Ivory,E16924,,,页面未写在展,,https://s3.us-east-1.amazonaws.com/pem-org/general/collafrfigureGroup_e16924j_1200.jpg,https://www.pem.org/the-pem-collection/african-art,"Kongo artist in Loango region, Democratic Republic of the Congo or Republic of the Congo, Figure group, early to mid 19th century. Ivory. Museum purchase, 1917. E16924."
199,acc:E23804,official,african-art,Barkcloth,Baganda artist in Uganda,late 19th-early 20th century,Fig tree bark and pigment,E23804,,,页面未写在展,,https://s3.us-east-1.amazonaws.com/pem-org/general/barkcloth_e2384_1200.jpg,https://www.pem.org/the-pem-collection/african-art,"Baganda artist in Uganda, Barkcloth, late 19th–early 20th century. Fig tree bark and pigment. Gift of the estate of Mary Brooks, 1941. E23804."
200,acc:E28249,official,african-art,Sowo-wui mask,Mende artist in Sierra Leone,late 19th-early 20th century,Bombax wood,E28249,,,裸徽章 ON VIEW，未点名地点,ON VIEW,https://s3.us-east-1.amazonaws.com/pem-org/general/afrSowomask_e28249_1200.jpg,https://www.pem.org/the-pem-collection/african-art,"Mende artist in Sierra Leone, Sowo-wui mask, late 19th–early 20th century. Bombax wood. Gift of the estate of Isabel Anderson, 1949. E28249."
201,acc:E301988,official,african-art,West African Outlook,"Charles Sekano (born 1943, South Africa)",about 2000,Oil pastel on paper,E301988,,,页面未写在展,,https://s3.us-east-1.amazonaws.com/pem-org/general/collafrwestafoutlook_e301988_1200.jpg,https://www.pem.org/the-pem-collection/african-art,"Charles Sekano (born 1943, South Africa), West African Outlook, about 2000. Oil pastel on paper. Museum purchase, 2002. E301988."
202,acc:E33723,official,african-art,Kiti cha enzi (chair of power),Swahili artists in Zanzibar,early 19th century,"Wood, bone, and plant fiber",E33723,,,裸徽章 ON VIEW，未点名地点,ON VIEW,https://s3.us-east-1.amazonaws.com/pem-org/general/afrKiti-chairPower_e33723_1200.jpg,https://www.pem.org/the-pem-collection/african-art,"Swahili artists in Zanzibar, Kiti cha enzi (chair of power), early 19th century. Wood, bone, and plant fiber. Gift of Elizabeth Williams, Mary Ropes Trumbull, and Ruth Ropes, 1940. E33723."
203,acc:E53566,official,african-art,Headrest,Zulu artist in South Africa,mid-19th century,Wood,E53566,,,页面未写在展,,https://s3.us-east-1.amazonaws.com/pem-org/general/afr_Headrest_e53566_1200.jpg,https://www.pem.org/the-pem-collection/african-art,"Zulu artist in South Africa, Headrest, mid-19th century. Wood. Transferred to Peabody Essex Museum by the Andover Newton Theological School, 2017. E53566."
204,acc:E62935,official,african-art,Finger piano,Artist in South Africa,19th century,"Wood, iron, and brass",E62935,,,页面未写在展,,https://s3.us-east-1.amazonaws.com/pem-org/general/afrFingerDrum_e62935_1200.jpg,https://www.pem.org/the-pem-collection/african-art,"Artist in South Africa, Finger piano, 19th century. Wood, iron, and brass. Museum purchase, made possible by the Anna Pingree Phillips Fund and the Edward Daland Lovejoy Fund, 1979. E62935."
205,acc:E6756,official,african-art,Drum,Ga artist in Ghana,late 19th century,"Wood, fiber, animal hide, and pigment",E6756,,,页面未写在展,,https://s3.us-east-1.amazonaws.com/pem-org/general/afr_drum_e6756_1200.jpg,https://www.pem.org/the-pem-collection/african-art,"Ga artist in Ghana, Drum, late 19th century. Wood, fiber, animal hide, and pigment. Gift of T. C. W. Nash, 1890. E6756."
206,acc:E6764,official,african-art,Mask,"Grebo or Kru artist near Cape Palmas, Liberia",1830s or earlier,"Wood, ceramic, iron nails, and pigment",E6764,,,页面未写在展,,https://s3.us-east-1.amazonaws.com/pem-org/general/coll_afrmask_e6764_1200.jpg,https://www.pem.org/the-pem-collection/african-art,"Grebo or Kru artist near Cape Palmas, Liberia, Mask, 1830s or earlier. Wood, ceramic, iron nails, and pigment. Gift of Dr. George A. Perkins, about 1859. E6764."
207,acc:E6765,official,african-art,Ceremonial axe,Artist (possibly Makonde) near Lake Malawi,mid-19th century,"Wood, iron, and glass beads",E6765,,,页面未写在展,,https://s3.us-east-1.amazonaws.com/pem-org/general/afr_CeremonialAxe_e6765_1200_2023-11-09-155013_geax.jpg,https://www.pem.org/the-pem-collection/african-art,"Artist (possibly Makonde) near Lake Malawi; Malawi, Mozambique, or Tanzania, Ceremonial axe, mid-19th century. Wood, iron, and glass beads. Gift of Edward D. Ropes, 1859. E6765."
208,acc:E67892,official,african-art,Sensul (Folding icons) in original embossed leather case,Artist in Ethiopia,15th-early 16th century,"Parchment, pigments, and leather",E67892,,,页面未写在展,,https://s3.us-east-1.amazonaws.com/pem-org/general/Collection_AfricanArt_e67892_1200_1.jpg,https://www.pem.org/the-pem-collection/african-art,"Artist in Ethiopia, Sensul (Folding icons) in original embossed leather case, 15th-early 16th century. Parchment, pigments, and leather. Gift of Charles R. and Elizabeth C. Langmuir, 1979. E67892."
209,acc:107924,official,american-art,Salem Common on Training Day,George Ropes Jr.,1808,Oil on canvas,107924,Q65088070,,展览《On This Ground: Being and Belonging in America》：2 个展厅，歧义，不采用,On view in On This Ground: Being and Belonging in America.,https://s3.us-east-1.amazonaws.com/pem-org/video/Collection_AmericanArt_GeorgeRopesJr._1200px.jpg,https://www.pem.org/the-pem-collection/american-art,"George Ropes Jr. (1788–1819, United States), Salem Common on Training Day, 1808. Oil on canvas. Museum purchase, made possible by William Crowninshield Endicott, Mrs. Lucy Bowdoin, Mrs. Francis Lee Higginson, Dudley P. Rogers, Henry Wyckoff Belknap, George A. Peabody, Charles S. Rea, William H. Gove, George R. Lord, Arthur H. Phippen, R. Osgood, William O. Chapman, Frank Weston Benson, Henry P. Benson, John Albree, William H. Ropes, Henry Morrill Batchelder, Hardy Phippen, William M. Jelly, Arthur F. Benson, and Lawrence W. Jenkins, 1919. 107924."
210,acc:138704,official,american-art,La belle epoque,Grace Hartigan,1995,Oil on canvas,138704,,,展览《On This Ground: Being and Belonging in America》：2 个展厅，歧义，不采用,On view in On This Ground: Being and Belonging in America.,https://s3.us-east-1.amazonaws.com/pem-org/general/Coll_AmArt_138704_1200.jpg,https://www.pem.org/the-pem-collection/american-art,"Grace Hartigan (1922–2008, United States), La belle époque, 1995. Oil on canvas. Gift of Fay Chandler, 2008. 138704."
211,acc:2014.59.2,official,american-art,Untitled,Felrath Hines,1967-73,Oil on canvas,2014.59.2,,,页面未写在展,,https://s3.us-east-1.amazonaws.com/pem-org/video/Collection_AmericanArt_FelrathHines_1200px.jpg,https://www.pem.org/the-pem-collection/american-art,"Felrath Hines (1913–1993, United States), Untitled, 1967–73. Oil on canvas. Gift of Dorothy Fisher, widow of the artist. 2014.59.2."
212,acc:2015.44.66,official,american-art,"Webster House, Provincetown",E. Ambrose Webster,1931,Oil on canvas,2015.44.66,,Seamans Gallery,在展原句直接点名：American Art Gallery,On view in the American Art Gallery.,https://s3.us-east-1.amazonaws.com/pem-org/video/Collection_AmericanArt_E.AmbroseWebster_1200px.jpg,https://www.pem.org/the-pem-collection/american-art,"E. Ambrose Webster (1869–1935, United States), Webster House, Provincetown, 1931. Oil on canvas. The Sheila W. and Samuel M. Robbins Collection. 2015.44.66."
213,acc:2018.35.1AE,official,american-art,Weight,Alison Saar,2012,"Fiberglass coated with coal dust-infused resin, found metal and wood objects, and rope",2018.35.1A-E,,,展览《On This Ground: Being and Belonging in America》：2 个展厅，歧义，不采用,On view in On This Ground: Being and Belonging in America.,https://s3.us-east-1.amazonaws.com/pem-org/video/Collection_AmericanArt_AlisonSaar_1200px.jpg,https://www.pem.org/the-pem-collection/american-art,"Alison Saar (born 1956, United States), Weight, 2012. Fiberglass coated with coal dust–infused resin, found metal and wood objects, and rope. Museum purchase, made possible by the Willoughby Stuart Memorial Fund. 2018.35.1A-E."
214,acc:2018.72.1,official,american-art,"East Headland, Appledore, Isles of Shoals",Childe Hassam,1911,Oil on canvas,2018.72.1,,,页面未写在展,,https://s3.us-east-1.amazonaws.com/pem-org/video/Collection_AmericanArt_ChildeHassam_1200px.jpg,https://www.pem.org/the-pem-collection/american-art,"Childe Hassam (1859–1935, United States), East Headland, Appledore, Isles of Shoals, 1911. Oil on canvas. Gift of Peter S. Lynch in memory of Carolyn A. Lynch. 2018.72.1."
215,acc:M4473,official,american-art,Portrait of Ahmad bin Na'aman,Edward Ludlow Mooney,1840,Oil on canvas,M4473,,,页面未写在展,,https://s3.us-east-1.amazonaws.com/pem-org/video/Collection_AmericanArt_EdwardLudlowMooney_1200px.jpg,https://www.pem.org/the-pem-collection/american-art,"Edward Ludlow Mooney (1813–1887, United States), Portrait of Ahmad bin Na'aman, 1840. Oil on canvas. Gift of Mrs. William P. McMullan, 1918. M4473."
216,acc:101303,official,american-decorative-art,Velocipede,Artists in the United States,1855-1865,"Wood, paint, metal",101303,,,裸徽章 ON VIEW，未点名地点,ON VIEW,https://s3.us-east-1.amazonaws.com/pem-org/general/Collection_AmericanDecorativeArts_1200_9.jpg,https://www.pem.org/the-pem-collection/american-decorative-art,"Artists in the United States, Velocipede, 1855–1865. Wood, paint, metal. Gift of Frank D. Hutchinson, 1908. 101303."
217,acc:103074,official,american-decorative-art,Jug,"Thomas W. Commeraw (1771-1819, United States)",1800-1819,Salt-glazed stoneware and cobalt,103074,,,裸徽章 ON VIEW，未点名地点,ON VIEW,https://s3.us-east-1.amazonaws.com/pem-org/general/Collection_AmericanDecorativeArts_1200_14.jpg,https://www.pem.org/the-pem-collection/american-decorative-art,"Thomas W. Commeraw (1771–1819, United States), Jug, 1800–1819. Salt-glazed stoneware and cobalt. Museum purchase, 1911. 103074."
218,acc:106944,official,american-decorative-art,Pear,"Samuel McIntire (1757-1811, United States), and Michele Felice Corne (1752-1845, United States)",1807,"Painted pine, iron",106944,,,裸徽章 ON VIEW，未点名地点,ON VIEW,https://s3.us-east-1.amazonaws.com/pem-org/general/Collection_AmericanDecorativeArts_1200_10.jpg,https://www.pem.org/the-pem-collection/american-decorative-art,"Samuel McIntire (1757–1811, United States), and Michele Felice Cornè (1752–1845, United States), pear, 1807. Painted pine, iron. Gift of J. Tucker and T. Pickering, 1821. 106944. Photo by Dennis Helmar."
219,acc:108886,official,american-decorative-art,Great chair,"Thomas Dennis (1638-1706, modern-day United States)",about 1670,Oak,108886,,,裸徽章 ON VIEW，未点名地点,ON VIEW,https://s3.us-east-1.amazonaws.com/pem-org/general/Collection_AmericanDecorativeArts_1200_13b.jpg,https://www.pem.org/the-pem-collection/american-decorative-art,"Thomas Dennis (1638–1706, modern-day United States), Great chair, about 1670. Oak. Gift of Robert Brookhouse, 1821. 108886."
220,acc:117596,official,american-decorative-art,Chimneypiece from the Simon Forrester house,"Artists from the North Shore, Massachusetts",1791,Carved and painted pine,117596,,,裸徽章 ON VIEW，未点名地点,ON VIEW,https://s3.us-east-1.amazonaws.com/pem-org/general/Collection_AmericanDecorativeArts_1200_8.jpg,https://www.pem.org/the-pem-collection/american-decorative-art,"Artists from the North Shore, Massachusetts, Chimneypiece from the Simon Forrester house, 1791. Carved and painted pine. Gift of Francis Shaw, 1924. 117596. Photo by Dennis Helmar."
221,acc:122350,official,american-decorative-art,Dressing chest,"Thomas Seymour (1771-1848, United States), Carving attributed to Thomas Wightman (1759-1827)",about 1810,"Mahogany, bird's-eye maple, satinwood veneer, brass, and glass",122350,,,裸徽章 ON VIEW，未点名地点,ON VIEW,https://s3.us-east-1.amazonaws.com/pem-org/general/Collection_AmericanDecorativeArts_1200_13.jpg,https://www.pem.org/the-pem-collection/american-decorative-art,"Thomas Seymour (1771–1848, United States), Carving attributed to Thomas Wightman (1759–1827), Dressing chest, about 1810. Mahogany, bird’s-eye maple, satinwood veneer, brass, and glass. Gift of Miriam and Francis Shaw Jr., 1935. 122350."
222,acc:123559,official,american-decorative-art,Pictorial Sampler,"Mary Richardson (1772-1824, United States)",1783,"Silk, linen",123559,,,页面未写在展,,https://s3.us-east-1.amazonaws.com/pem-org/general/Collection_AmericanDecorativeArts_1200_7.jpg,https://www.pem.org/the-pem-collection/american-decorative-art,"Mary Richardson (1772–1824, United States), Pictorial Sampler, 1783. Silk, linen. Gift of Lucy L. Caller, 1938. 123559."
223,acc:130002,official,american-decorative-art,Side chair,"Nathaniel Gould (1734-1781, United States)",1763-68,Mahogany and reproduction upholstery,130002,,,裸徽章 ON VIEW，未点名地点,ON VIEW,https://s3.us-east-1.amazonaws.com/pem-org/general/Collection_AmericanDecorativeArts_1200_11.jpg,https://www.pem.org/the-pem-collection/american-decorative-art,"Nathaniel Gould (1734–1781, United States), Side chair, 1763–68. Mahogany and reproduction upholstery. Gift of John H. Ricketson, 1961. 130002."
224,acc:137713,official,american-decorative-art,Dwarf Clock,"Samuel Mulliken (1761-1847, United States)",1790,"Mahogany and pine, brass movement",137713,,,页面未写在展,,https://s3.us-east-1.amazonaws.com/pem-org/general/Collection_AmericanDecorativeArts_1200_5.jpg,https://www.pem.org/the-pem-collection/american-decorative-art,"Samuel Mulliken (1761–1847, United States), Dwarf Clock, 1790. Mahogany and pine, brass movement. Museum purchase, 1994. 137713."
225,acc:137986.13AB,official,american-decorative-art,Coffee service,"Michael Banner (b. 1939, United States) and Maureen Banner (b. 1946, United States)",1998,Silver,137986.1-3AB; 4,,,裸徽章 ON VIEW，未点名地点,ON VIEW,https://s3.us-east-1.amazonaws.com/pem-org/general/Collection_AmericanDecorativeArts_1200_18.jpg,https://www.pem.org/the-pem-collection/american-decorative-art,"Michael Banner (b. 1939, United States) and Maureen Banner (b. 1946, United States), Coffee service, 1998. Silver. Museum purchase in honor of the Museum's Bicentennial Year, 1999. 137986.1-3AB, 4."
226,acc:138011,official,american-decorative-art,Valuables cabinet owned by Joseph and Bathsheba Pope,"James Symonds (b. 1633, modern-day United States)",1679,"Oak, maple, iron, and paint",138011,,,页面未写在展,,https://s3.us-east-1.amazonaws.com/pem-org/general/CollectionAmericanDecorativeArts_1200_6.jpg,https://www.pem.org/the-pem-collection/american-decorative-art,"James Symonds (b. 1633, modern-day United States), Valuables cabinet owned by Joseph and Bathsheba Pope, 1679. Oak, maple, iron, and paint. Museum purchase, made possible by anonymous donors, 2000. 138011. Photo by Dennis Helmar."
227,acc:138410.AB,official,american-decorative-art,Teapot in Hand,"Michelle Erickson (b. 1960, United States)",2003,"Porcelain, stoneware, tin-glazed earthenware, and gold leaf",138410.AB,,,裸徽章 ON VIEW，未点名地点,ON VIEW,https://s3.us-east-1.amazonaws.com/pem-org/general/Collection_AmericanDecorativeArt_teacup_1200.jpg,https://www.pem.org/the-pem-collection/american-decorative-art,"Michelle Erickson (b. 1960, United States), Teapot in Hand, 2003. Porcelain, stoneware, tin-glazed earthenware, and gold leaf. Museum purchase, 2003. 138410.AB. © Michelle Erickson."
228,acc:2019.9.1,official,american-decorative-art,Talavera Poblana Basin,Artists in Mexico,1700-1730,Tin-glazed earthenware,2019.9.1,,,页面未写在展,,https://s3.us-east-1.amazonaws.com/pem-org/general/Collection_AmericanDecorativeArts_1200_1.jpg,https://www.pem.org/the-pem-collection/american-decorative-art,"Artists in Mexico, Talavera Poblana Basin, 1700–1730. Tin-glazed earthenware. Museum purchase, in honor of Dr. H. A. Crosby Forbes, made possible by the generosity of many donors, 2019.9.1."
229,acc:2022.6.230,official,american-decorative-art,Isabella,"Toots Zynsky (b. 1951, United States)",2003,Filet de verre,2022.6.230,,,裸徽章 ON VIEW，未点名地点,ON VIEW,https://s3.us-east-1.amazonaws.com/pem-org/general/Collection_AmericanDecorativeArt_isabella_1200.jpg,https://www.pem.org/the-pem-collection/american-decorative-art,"Toots Zynsky (b. 1951, United States), Isabella, 2003. Filet de verre. Gift of Carl and Betty Pforzheimer. 2022.6.230. © Toots Zynsky. Photo by Richard P. Goodbody."
230,acc:2023.31.2,official,american-decorative-art,Brooch,"Tiffany & Company (1837-present, United States)",1910,"Gold, chrysoprase",2023.31.2,,,页面未写在展,,https://s3.us-east-1.amazonaws.com/pem-org/general/Collection_AmericanDecorativeArt_Brooch_1200.jpg,https://www.pem.org/the-pem-collection/american-decorative-art,"Tiffany & Company (1837–present, United States), Brooch, 1910. Gold, chrysoprase. Gift of Jody Sataloff in memory of Dr. and Mrs. Joseph Sataloff, 2023.31.2."
231,acc:2023.46.1,official,american-decorative-art,Cabinet,"Artist in Virginia and Mary Scheier (1908-2007, United States)","constructed 1874, altered 1937",Walnut,2023.46.1,,,页面未写在展,,https://s3.us-east-1.amazonaws.com/pem-org/general/Collection_AmericanDecorativeArts_1200_2.jpg,https://www.pem.org/the-pem-collection/american-decorative-art,"Artist in Virginia and Mary Scheier (1908–2007, United States), Cabinet, constructed 1874, altered 1937. Walnut. Museum purchase, 2023.46.1."
232,acc:E22846,official,american-decorative-art,Sampler,Artist in Mexico,late 1700s,Cotton and silk,E22846,,,页面未写在展,,https://s3.us-east-1.amazonaws.com/pem-org/general/Collection_AmericanDecorativeArts_1200_4.jpg,https://www.pem.org/the-pem-collection/american-decorative-art,"Artist in Mexico, Sampler, late 1700s. Cotton and silk. Gift of Dr. E. D. Lovejoy, 1937. E22846."
233,acc:2012.22.35,official,asian-export-art,Child's jacket,"Artists on the Coromandel Coast, India",1700s,"Cotton, linen, and silk, assembled in the Netherlands",2012.22.35,,,页面未写在展,,https://s3.us-east-1.amazonaws.com/pem-org/images/Collection_AsianExportArt_ChildJacket_1200px.jpg,https://www.pem.org/the-pem-collection/asian-export-art,"Artists on the Coromandel Coast, India, Child’s jacket, 1700s. Cotton, linen, and silk, assembled in the Netherlands. Museum purchase, the Veldman-Eecen Collection, made possible by an anonymous donor. 2012.22.35."
234,acc:2013.59.1AD,official,asian-export-art,Dressing table,"Artists in Nagasaki, Japan",about 1878,"Lacquer, mother of pearl, glass, and copper",2013.59.1A-D,,,页面未写在展,,https://s3.us-east-1.amazonaws.com/pem-org/images/Collection_AsianExportArt_DressingTable_1200px.jpg,https://www.pem.org/the-pem-collection/asian-export-art,"Artists in Nagasaki, Japan, Dressing table, about 1878. Lacquer, mother of pearl, glass, and copper. Given in memory of Katherine Tiffany Abbott. 2013.59.1A-D."
235,acc:AE85329,official,asian-export-art,Shuja-ud-Daula and His Sons,"Artists in Guangzhou, China",after 1797,Reverse painting on glass,AE85329,,Sean M. Healey Family Gallery of Asian Export Art,在展原句直接点名：Sean M. Healey Family Gallery of Asian Export Art,On view in the Sean M. Healey Family Gallery of Asian Export Art.,https://s3.us-east-1.amazonaws.com/pem-org/images/Collection_AsianExportArt_AE85329_1200px.jpg,https://www.pem.org/the-pem-collection/asian-export-art,"Artists in Guangzhou, China, after a print by P. & E. Renault, 1797, after a painting by Tilly Kettle, 1772. Shuja-ud-Daula and His Sons, after 1797, Reverse painting on glass. Museum purchase, made possible by an anonymous donor, and gift of Jeremy Ltd., London, 1996. AE85329."
236,acc:AE85461,official,asian-export-art,Mounted crow cup,"Artists in Jingdezhen, China, and Peter Wiber (active 1603-1641, Germany)",about 1610,Porcelain with gilded-silver mounts,AE85461,,Sean M. Healey Family Gallery of Asian Export Art,在展原句直接点名：Sean M. Healey Family Gallery of Asian Export Art,On view in the Sean M. Healey Family Gallery of Asian Export Art.,https://s3.us-east-1.amazonaws.com/pem-org/images/Collection_AsianExportArt_AE85461_1200px.jpg,https://www.pem.org/the-pem-collection/asian-export-art,"Artists in Jingdezhen, China, and Peter Wiber (active 1603–1641, Germany), Mounted crow cup, about 1610. Porcelain with gilded-silver mounts. Anonymous gift, 2001. AE85461. Photo by Dennis Helmar."
237,acc:AE85718,official,asian-export-art,Ewer,"Artists in Gujarat, India",1570-1620,"Wood, mother-of-pearl, and brass",AE85718,,Sean M. Healey Family Gallery of Asian Export Art,在展原句直接点名：Sean M. Healey Family Gallery of Asian Export Art,On view in the Sean M. Healey Family Gallery of Asian Export Art.,https://s3.us-east-1.amazonaws.com/pem-org/images/Collection_AsianExportArt_AE85718_1200px.jpg,https://www.pem.org/the-pem-collection/asian-export-art,"Artists in Gujarat, India, Ewer, 1570–1620. Wood, mother-of-pearl, and brass. Museum purchase, made possible by an anonymous donor, 2000. AE85718."
238,acc:AE85752,official,asian-export-art,Portable shrine,"Attributed to the School of Giovanni Niccolo and the Jesuit Seminary workshop, Kyushu, Japan",about 1597,"Oil on wood panel, in a lacquered wood case with mother-of-pearl inlay",AE85752,Q112300783,Sean M. Healey Family Gallery of Asian Export Art,在展原句直接点名：Sean M. Healey Family Gallery of Asian Export Art,On view in the Sean M. Healey Family Gallery of Asian Export Art.,https://s3.us-east-1.amazonaws.com/pem-org/images/Collection_AsianExportArt_AE85752_1200px.jpg,https://www.pem.org/the-pem-collection/asian-export-art,"Attributed to the School of Giovanni Niccolò and the Jesuit Seminary workshop, Kyushu, Japan, with lacquer case by artists in Japan, probably Kyushu, Portable shrine, about 1597. Oil on wood panel, in a lacquered wood case with mother-of-pearl inlay. Museum purchase, made possible by an anonymous donor, 2000. AE85752."
239,acc:AE85784,official,asian-export-art,Chair,"Artists in Visakhapatnam, India",1760-70,"Ebony, inlaid ivory, cane, and lac",AE85784,,Sean M. Healey Family Gallery of Asian Export Art,在展原句直接点名：Sean M. Healey Family Gallery of Asian Export Art,On view in the Sean M. Healey Family Gallery of Asian Export Art.,https://s3.us-east-1.amazonaws.com/pem-org/images/Collection_AsianExportArt_AE85784_1200px.jpg,https://www.pem.org/the-pem-collection/asian-export-art,"Artists in Visakhapatnam, India, Chair, 1760–70. Ebony, inlaid ivory, cane, and lac. Museum purchase, made possible by an anonymous donor, 2001. AE85784."
240,acc:AE85873,official,asian-export-art,Figure of a bijin (beautiful woman),"Artists in Arita, Japan",1690-1710,Porcelain,AE85873,,Sean M. Healey Family Gallery of Asian Export Art,在展原句直接点名：Sean M. Healey Family Gallery of Asian Export Art,On view in the Sean M. Healey Family Gallery of Asian Export Art.,https://s3.us-east-1.amazonaws.com/pem-org/images/Collection_AsianExportArt_AE85873_1200px.jpg,https://www.pem.org/the-pem-collection/asian-export-art,"Artists in Arita, Japan, Figure of a bijin (beautiful woman), 1690–1710. Porcelain. Gift, the Copeland Collection, 2001. AE85873."
241,acc:AE86556.AS,official,asian-export-art,A complete set of Chinese wallpaper,"Artists in Guangzhou, China",about 1800,Opaque watercolor on mulberry paper,AE86556.A-S,,Sean M. Healey Family Gallery of Asian Export Art,在展原句直接点名：Sean M. Healey Family Gallery of Asian Export Art,On view in the Sean M. Healey Family Gallery of Asian Export Art.,https://s3.us-east-1.amazonaws.com/pem-org/images/Collection_AsianExportArt_AE86556_1200px.jpg,https://www.pem.org/the-pem-collection/asian-export-art,"Artists in Guangzhou, China, A complete set of Chinese wallpaper (detail), about 1800. Originally installed in Strathallan Castle, Perthshire, Scotland, by James Drummond. Opaque watercolor on mulberry paper. Museum purchase in honor of William R. Sargent, made possible by the Lee and Juliet Folger Fund and an anonymous donor, 2006. AE86556.A-S."
242,acc:E7100,official,asian-export-art,Tea packer and tea porter,"Artists in Guangzhou, China",about 1803,"Unfired clay, paint, wood, and human hair",E7100; E7101,,Sean M. Healey Family Gallery of Asian Export Art,在展原句直接点名：Sean M. Healey Family Gallery of Asian Export Art,On view in the Sean M. Healey Family Gallery of Asian Export Art.,https://s3.us-east-1.amazonaws.com/pem-org/images/Collection_AsianExportArt_TeaPackerPorter_1200px.jpg,https://www.pem.org/the-pem-collection/asian-export-art,"Artists in Guangzhou, China, Tea packer and tea porter, about 1803. Unfired clay, paint, wood, and human hair. Gift of Captain Richard Wheatland, 1803. E7100 and E7101. Photo by Dennis Helmar."
243,acc:E82042,official,asian-export-art,Charger with the Okeover family coat of arms,"Artists in Jingdezhen, China",1740 or 1743,Porcelain,E82042,,Sean M. Healey Family Gallery of Asian Export Art,在展原句直接点名：Sean M. Healey Family Gallery of Asian Export Art,On view in the Sean M. Healey Family Gallery of Asian Export Art.,https://s3.us-east-1.amazonaws.com/pem-org/images/Collection_AsianExportArt_E82042_1200px.jpg,https://www.pem.org/the-pem-collection/asian-export-art,"Artists in Jingdezhen, China, Charger with the Okeover family coat of arms, 1740 or 1743. Porcelain. Museum purchase, made possible by an anonymous donor, 1987. E82042."
244,acc:E82766.AB,official,asian-export-art,Teapot,Artists in southern China,about 1680,Silver,E82766.AB,,Sean M. Healey Family Gallery of Asian Export Art,在展原句直接点名：Sean M. Healey Family Gallery of Asian Export Art,On view in the Sean M. Healey Family Gallery of Asian Export Art.,https://s3.us-east-1.amazonaws.com/pem-org/images/Collection_AsianExportArt_E82766_1200px.jpg,https://www.pem.org/the-pem-collection/asian-export-art,"Artists in southern China, Teapot, about 1680. Silver. Museum purchase, made possible by an anonymous donor, 1989. E82766.AB."
245,acc:E85219,official,asian-export-art,Christ child,"Artists in Goa, India, or Sri Lanka",1550-1650,"Rock crystal with gold, rubies, and sapphires",E85219,Q112300627,Sean M. Healey Family Gallery of Asian Export Art,在展原句直接点名：Sean M. Healey Family Gallery of Asian Export Art,On view in the Sean M. Healey Family Gallery of Asian Export Art.,https://s3.us-east-1.amazonaws.com/pem-org/images/Collection_AsianExportArt_E85219_1200px.jpg,https://www.pem.org/the-pem-collection/asian-export-art,"Artists in Goa, India, or Sri Lanka, Christ child, 1550–1650. Rock crystal with gold, rubies, and sapphires. Museum purchase, made possible by an anonymous donor, 1996. E85219."
246,acc:M25794,official,asian-export-art,Tea Production in China,"Artists in Guangzhou, China",about 1800,Oil on canvas,M25794,,Sean M. Healey Family Gallery of Asian Export Art,在展原句直接点名：Sean M. Healey Family Gallery of Asian Export Art,On view in the Sean M. Healey Family Gallery of Asian Export Art.,https://s3.us-east-1.amazonaws.com/pem-org/images/Collection_AsianExportArt_M25794_1200px.jpg,https://www.pem.org/the-pem-collection/asian-export-art,"Artists in Guangzhou, China, Tea Production in China, about 1800. Oil on canvas. Museum purchase, made possible by an anonymous donor, 1993. M25794."
247,acc:AE85782.AB,official,chinese-art,Augustus the Strong's covered vase,"Artists in Jingdezhen, China",1710-15,Porcelain,AE85782.AB,,Sean M. Healey Family Gallery of Asian Export Art,在展原句直接点名：Sean M. Healey Family Gallery of Asian Export Art,On view in the Sean M. Healey Family Gallery of Asian Export Art.,https://s3.us-east-1.amazonaws.com/pem-org/images/Collection_AsianExportArt_AugustusStrong_1200px.jpg,https://www.pem.org/the-pem-collection/chinese-art,"Artists in Jingdezhen, China, Augustus the Strong’s covered vase, 1710–15. Porcelain. Museum purchase, made possible by an anonymous donor, 2001. AE85782.AB. Photo by Dennis Helmar."
248,acc:E21773.AF,official,chinese-art,Six-panel wall hanging,"Imperial Silk Manufactory, Suzhou, China",1736-1795,Embroidered and appliqued silk,E21773.A-F,,,页面未写在展,,https://s3.us-east-1.amazonaws.com/pem-org/images/Collection_AsianExportArt_6PanelHanging_1200px.jpg,https://www.pem.org/the-pem-collection/chinese-art,"Imperial Silk Manufactory, Suzhou, China, Six-panel wall hanging, 1736–95. Embroidered and appliquéd silk. Gift of the estate of William F. Spinney, 1933. E21773.A-F. Photo by Dennis Helmar."
249,acc:E301906.12,official,chinese-art,Pair of tribute bearers,"Artists in Beijing, China",late 18th century,"Wood, ivory, mother of pearl, and cloisonne",E301906.1-2,,,页面未写在展,,https://s3.us-east-1.amazonaws.com/pem-org/images/Collection_AsianExportArt_TributeBearers_1200px.jpg,https://www.pem.org/the-pem-collection/chinese-art,"Artists in Beijing, China, Pair of tribute bearers, late 18th century. Wood, ivory, mother of pearl, and cloisonné. Museum purchase, made possible by an anonymous donor, 2001. E301906.1–2."
250,acc:E302067,official,chinese-art,"Jesus, Mary, and Joseph","Lu Hongnian (John Lu, 1914-1989, China)",early to mid-20th century,Ink and color on paper,E302067,,,页面未写在展,,https://s3.us-east-1.amazonaws.com/pem-org/images/Collection_AsianExportArt_E302067_1200px.jpg,https://www.pem.org/the-pem-collection/chinese-art,"Lu Hongnian (John Lu, 1914–1989, China), Jesus, Mary, and Joseph, early to mid-20th century. Ink and color on paper. Museum purchase, made possible by the Asian Art Visiting Committee, 2003. E302067."
251,acc:E302178,official,chinese-art,Second-degree Daoist priest's robe,Artists in China,18th century,"Silk, embroidered silk, and gold-wrapped thread",E302178,,,页面未写在展,,https://s3.us-east-1.amazonaws.com/pem-org/general/Collection_AsianExportArt_DaoistRobe_1200_2.jpg,https://www.pem.org/the-pem-collection/chinese-art,"Artists in China, Second-degree Daoist priest’s robe, 18th century. Silk, embroidered silk, and gold-wrapped thread. Museum purchase, made possible by an anonymous donor, 2003. E302178."
252,acc:E303674,official,chinese-art,Stool,"Shi Jianmin (born 1962, China)",2006,Stainless steel,E303674,,,On view on the Ground Level of the New Wing stairwell —— 已登记为不对应实体展厅,On view on the Ground Level of the New Wing stairwell.,https://s3.us-east-1.amazonaws.com/pem-org/images/Collection_AsianExportArt_Stool_1200px.jpg,https://www.pem.org/the-pem-collection/chinese-art,"Shi Jianmin (born 1962, China), Stool, 2006. Stainless steel. Gift of the artist, 2008. E303674."
253,acc:E303846,official,chinese-art,Bed cover,"Junxiu (life dates unknown, China)",mid to late 20th century,Hand-pieced and quilted fabric scraps,E303846,,,页面未写在展,,https://s3.us-east-1.amazonaws.com/pem-org/images/Collection_AsianExportArt_E303846_1200px.jpg,https://www.pem.org/the-pem-collection/chinese-art,"Junxiu (life dates unknown, China), Bed cover, mid to late 20th century. Hand-pieced and quilted fabric scraps. Museum purchase, 2008. E303846."
254,acc:E33619,official,chinese-art,Empress Xiaoxian,"Ignatius Sichelbarth (Ai Qimeng, 1708-1780, Bohemia), Yi Lantai (active about 1748-86, China), and possibly Wang Ruxue (active 18th century, China)",1777,Hanging scroll; ink and color on silk,E33619,,,页面未写在展,,https://s3.us-east-1.amazonaws.com/pem-org/images/Collection_AsianExportArt_EmpressXiaoxian_1200px.jpg,https://www.pem.org/the-pem-collection/chinese-art,"Ignatius Sichelbarth (Ai Qimeng, 1708–1780, Bohemia), Yi Lantai (active about 1748–86, China), and possibly Wang Ruxue (active 18th century, China), Empress Xiaoxian, 1777, with repainting possibly in the 19th century. Hanging scroll; ink and color on silk. Gift of Elizabeth Sturgis Hinds, 1956. E33619."
255,acc:E46998,official,chinese-art,Lidded ritual grain container with lozenges and scrolls,Artists in China,6th-5th century B.C.E.,Cast bronze,E46998,,Yin Yu Tang Interpretive Gallery,展览《Double Happiness: Celebration in Chinese Art》的展览页点名：Yin Yu Tang Interpretive Gallery,On view in Double Happiness: Celebration in Chinese Art,https://s3.us-east-1.amazonaws.com/pem-org/general/Collection_ChineseArt_1200_e46998.jpg,https://www.pem.org/the-pem-collection/chinese-art,"Artists in China, lidded ritual grain container with lozenges and scrolls, Eastern Zhou dynasty, Spring and Autumn period, 6th–5th century B.C.E. Cast bronze. Gift of Francis Lee Higginson Jr., 1971. E46998."
256,acc:E74137,official,chinese-art,Desk and dressing table on stand,"Artists in Guangzhou, China",mid-18th century,"Ivory, zitan (red sandalwood), and metal",E74137,,,页面未写在展,,https://s3.us-east-1.amazonaws.com/pem-org/images/Collection_AsianExportArt_E74137_1200px.jpg,https://www.pem.org/the-pem-collection/chinese-art,"Artists in Guangzhou, China, Desk and dressing table on stand, mid-18th century. Ivory, zitan (red sandalwood), and metal. Museum purchase, made possible by an anonymous donor, 1985. E74137."
257,acc:E75225.A,official,chinese-art,Headdress,Artists in China,about 1800,"Kingfisher feathers, imitation pearls, coral, semiprecious stones, copper alloy with gilding, and silk threads",E75225.A,,,页面未写在展,,https://s3.us-east-1.amazonaws.com/pem-org/images/Collection_AsianExportArt_Headress_1200px.jpg,https://www.pem.org/the-pem-collection/chinese-art,"Artists in China, Headdress, about 1800. Kingfisher feathers, imitation pearls, coral, semiprecious stones, copper alloy with gilding, and silk threads. Gift in honor of Mr. and Mrs. Austin Cheney by their daughters, Ruth C. Krumbhaar, Marjorie B. C. Shaw, Elizabeth C. Buckley, and Mabel C. Smith, 1991. E75225.A."
258,acc:E82696.AC,official,chinese-art,Snuff bottle,"Imperial Studios, Beijing",1750-95,Enamel on copper with ivory stand,E82696.A-C,,,页面未写在展,,https://s3.us-east-1.amazonaws.com/pem-org/images/Collection_AsianExportArt_SnuffBottle_1200px.jpg,https://www.pem.org/the-pem-collection/chinese-art,"Imperial Studios, Beijing, Snuff bottle, 1750-95. Enamel on copper with ivory stand. Museum purchase, made possible by an anonymous donor, 1988. E82696.A–C. Photo by Barabara Kennedy."
259,acc:2011.23.1,official,contemporary-art,Figurehead 2.0,Charles Sandison,2019,Computer-generated data projection,2011.23.1,,,页面未写在展,,https://s3.us-east-1.amazonaws.com/pem-org/images/Collection_Contemporary_CharlesSanderson_1200px.jpg,https://www.pem.org/the-pem-collection/contemporary-art,"Charles Sandison (b. 1969, England), Figurehead 2.0, 2019. Computer-generated data projection. Commissioned by the Peabody Essex Museum in 2010 and reiterated in 2019. Museum purchase, made possible by Susan Esco Chandler and Alfred D. Chandler, Nancy B. Teiken, Dan Elias and Karen Keane, and the Anna Pingree Phillips Fund. 2011.23.1."
260,acc:2015.46.3,official,contemporary-art,"Alchemy of the Soul, Elixir of the Spirits",Maria Magdalena Campos-Pons,2015,"Blown glass, cast glass, steel, cast resin, silicone, acrylic, polyvinyl chloride tubing, and water and rum essence, with multichannel sound installation",2015.46.3,,Seamans Gallery,在展原句直接点名：American Art Gallery,On view in the American Art Gallery.,https://s3.us-east-1.amazonaws.com/pem-org/images/Collection_Contemporary_MagdalenaCampos-Pons_1200px.jpg,https://www.pem.org/the-pem-collection/contemporary-art,"Maria Magdalena Campos-Pons (b. 1959, Cuba), Alchemy of the Soul, Elixir of the Spirits (installation view), 2015. Blown glass, cast glass, steel, cast resin, silicone, acrylic, polyvinyl chloride tubing, and water and rum essence, with multichannel sound installation. Commission, 2015. Museum purchase, made possible by the Nancy B. Tieken Memorial Fund and the Elizabeth Rogers Fund. 2015.46.3. Photo by Peter Vanderwarker."
261,acc:2016.76.13,official,contemporary-art,Mr. and Mrs. Paul Mellon Staircase and Galleries,Michael Lin,2011-12,Acrylic paint,2016.76.1-3,,,stairway of the new wing —— 已登记为不对应实体展厅,On view in the stairway of the new wing.,https://s3.us-east-1.amazonaws.com/pem-org/images/Collection_Contemporary_MichaelLin_1200px.jpg,https://www.pem.org/the-pem-collection/contemporary-art,"Michael Lin (b. 1964, Japan), Mr. and Mrs. Paul Mellon Staircase and Galleries (detail), 2011-12. Acrylic paint. 22.03.12-22.03.13. Commission, 2012. Museum purchase, by exchange. 2016.76.1-3"
262,acc:2017.36.1,official,contemporary-art,Immanence,Yoan Capote,2015,"Door hinges, wood doors, and metal armature",2017.36.1,,,页面未写在展,,https://s3.us-east-1.amazonaws.com/pem-org/images/Collection_Contemporary_YoanCapote_1200px.jpg,https://www.pem.org/the-pem-collection/contemporary-art,"Yoan Capote (Born 1977, Cuba), Immanence (detail), 2015. Door hinges, wood doors, and metal armature. Museum purchase, made possible by Dick and Deborah Carlson, Mark and Meg du Four, Jim and Mary Lou Hawkes, Andrew and Erin Heiskell, Kate and Ford O’Neil, Olivia Parker, Abby and Gene Record, Katharine Redmond, Molly and Patrick Ryan, and Christina and Ralph Sweetland. 2017.36.1."
263,acc:2022.26.1,official,contemporary-art,Pretty Pretty 10,Gio Swaby,2021,"Thread, machine-stitched on reverse of canvas with fabric applique",2022.26.1,,,页面未写在展,,https://s3.us-east-1.amazonaws.com/pem-org/images/Collection_Contemporary_GioSwaby_1200px.jpg,https://www.pem.org/the-pem-collection/contemporary-art,"Gio Swaby (b. 1991, The Bahamas), Pretty Pretty 10, 2021. Thread, machine-stitched on reverse of canvas with fabric appliqué. Museum purchase, by exchange 2022.26.1 © Gio Swaby Courtesy of the Peabody Essex Museum."
264,acc:121493.AB,official,european-art,Stamp Act Repeal'd teapot,Cockhill Pit Factory,1766,Glazed earthenware,121493.AB,,,展览《On this Ground: Being and Belonging in America》：2 个展厅，歧义，不采用,On view in On this Ground: Being and Belonging in America,https://s3.us-east-1.amazonaws.com/pem-org/images/Collection_European_StampActTeapot_1200px.jpg,https://www.pem.org/the-pem-collection/european-art,"Cockhill Pit Factory, ""Stamp Act Repeal'd” teapot, 1766. Glazed earthenware. Gift of Professor Richard C. Manning, 1933. 121493.AB."
265,acc:2011.40.1,official,european-art,Two English Boys in Asian Clothing,"Tilly Kettle (1734-1786, United Kingdom)",about 1780,Oil on canvas,2011.40.1,,Sean M. Healey Family Gallery of Asian Export Art,在展原句直接点名：Sean M. Healey Family Gallery of Asian Export Art,On view in the Sean M. Healey Family Gallery of Asian Export Art,https://s3.us-east-1.amazonaws.com/pem-org/images/Collection_European_TillyKettle_1200px.jpg,https://www.pem.org/the-pem-collection/european-art,"Tilly Kettle (1734–1786, United Kingdom), Two English Boys in Asian Clothing, about 1780. Oil on canvas. Museum purchase, made possible by an anonymous donor. 2011.40.1."
266,acc:2015.10.1,official,european-art,Side chair from the grand salon on the ocean liner Normandie,"Jean-Maurice Rothschild (1902-1998, France), Baptistin Spade (1891-1969, France), Emile Gaudissart (1872-1956, France), and Aubusson Manufacturers",1934,"Gilded wood, metal, and wool and silk tapestry",2015.10.1,,,页面未写在展,,https://s3.us-east-1.amazonaws.com/pem-org/images/Collection_European_Jean-MauriceRothschild_1200px.jpg,https://www.pem.org/the-pem-collection/european-art,"Jean-Maurice Rothschild (1902–1998, France), Baptistin Spade (1891–1969, France), Émile Gaudissart (1872–1956, France), and Aubusson Manufacturers, Side chair from the grand salon on the ocean liner Normandie, 1934. Gilded wood, metal, and wool and silk tapestry. Museum purchase. 2015.10.1."
267,acc:2016.2.1AF,official,european-art,"Homeland, Blue and White","Bouke de Vries (b. 1960, The Netherlands)",2015,17th-century Chinese and Japanese porcelain and Dutch delftware fragments,2016.2.1A-F,,,页面未写在展,,https://s3.us-east-1.amazonaws.com/pem-org/images/Collection_European_BoukedeVries-_1200px.jpg,https://www.pem.org/the-pem-collection/european-art,"Bouke de Vries (b. 1960, The Netherlands), Homeland, Blue and White, 2015. 17th-century Chinese and Japanese porcelain and Dutch delftware fragments. Museum purchase. 2016.2.1A-F."
268,acc:E304084.12,official,european-art,"Armor, helmet and cuirass, used for the gioco del ponte (contest on the bridge) in Pisa",Artists in Italy,before 1807,Painted iron,E304084.1-2,,,页面未写在展,,https://s3.us-east-1.amazonaws.com/pem-org/images/Collection_European_Armor_1200px.jpg,https://www.pem.org/the-pem-collection/european-art,"Artists in Italy, Armor, helmet and cuirass, used for the gioco del ponte (contest on the bridge) in Pisa, before 1807. Painted iron. Gift of Captain Samuel Dudley Tucker, 1807. E304084.1-2. Photo by Dennis Helmar."
269,acc:E84084.AB,official,european-art,Potpourri vase,Artists in Paris,about 1740,"Chinese, Japanese, and French porcelain and French gilded bronze",E84084.AB,,Sean M. Healey Family Gallery of Asian Export Art,在展原句直接点名：Sean M. Healey Gallery of Asian Export Art,On view in the Sean M. Healey Gallery of Asian Export Art,https://s3.us-east-1.amazonaws.com/pem-org/images/Collection_European_PotpourriVase_1200px.jpg,https://www.pem.org/the-pem-collection/european-art,"Artists in Paris, Potpourri vase, about 1740. Chinese, Japanese, and French porcelain and French gilded bronze. Museum purchase, made possible by an anonymous donor, 1994. E84084.AB. Photo by Dennis Helmar."
270,acc:M23017,official,european-art,"Dr. Thomas Richardson Colledge and His Assistant Afun in Their Ophthalmic Hospital, Macau","George Chinnery (1774-1852, United Kingdom)",1833,Oil on canvas,M23017,,Sean M. Healey Family Gallery of Asian Export Art,在展原句直接点名：Sean M. Healey Family Gallery of Asian Export Art,On view in the Sean M. Healey Family Gallery of Asian Export Art.,https://s3.us-east-1.amazonaws.com/pem-org/images/Collection_European_GeorgeChinnery_1200px.jpg,https://www.pem.org/the-pem-collection/european-art,"George Chinnery (1774–1852, United Kingdom), Dr. Thomas Richardson Colledge and His Assistant Afun in Their Ophthalmic Hospital, Macau, 1833. Oil on canvas. Gift of Cecilia Colledge, in memory of her father, Lionel Colledge, FRCS, 2003. M23017."
271,acc:M26444,official,european-art,Launching of an Armed Merchantman in Calcutta Harbor,"Frans Balthazar Solvyns (1760-1824, Belgium)",1791-96,Oil on panel,M26444,,Sean M. Healey Family Gallery of Asian Export Art,在展原句直接点名：Sean M. Healey Family Gallery of Asian Export Art,On view in the Sean M. Healey Family Gallery of Asian Export Art,https://s3.us-east-1.amazonaws.com/pem-org/images/Collection_European_FransBalthazarSolvyns_1200px.jpg,https://www.pem.org/the-pem-collection/european-art,"Frans Balthazar Solvyns (1760–1824, Belgium), Launching of an Armed Merchantman in Calcutta Harbor, 1791–96. Oil on panel. Museum purchase, made possible by an anonymous donor, 1994. M26444."
272,acc:M27413.12,official,european-art,"Pair of vases, USS Demologos and USS Constitution vs. HMS Guerriere","Pierre Louis Dagoty (1771-1840, France)",about 1817,Porcelain and marble,M27413.1-2,,Byrne Family Gallery of Maritime Art,在展原句直接点名：Byrne Family Gallery of Maritime Art,On view in the Byrne Family Gallery of Maritime Art.,https://s3.us-east-1.amazonaws.com/pem-org/images/Collection_European_PairVases_1200px.jpg,https://www.pem.org/the-pem-collection/european-art,"Pierre Louis Dagoty (1771–1840, France), Pair of vases, USS Demologos and USS Constitution vs. HMS Guerriere, about 1817. Porcelain and marble. Museum purchase, made possible by an anonymous donor, 1998. M27413.1-2."
273,acc:M557.A,official,european-art,Prayer bead with the God in Glory and the Last Judgment,"Adam Dirckz (around 1500, Netherlands) and workshop",1500-1530,Carved boxwood,M557.A,,,页面未写在展,,https://s3.us-east-1.amazonaws.com/pem-org/images/Collection_European_PrayerBead_1200px.jpg,https://www.pem.org/the-pem-collection/european-art,"Adam Dirckz (around 1500, Netherlands) and workshop, Prayer bead with the God in Glory and the Last Judgment, 1500–1530. Carved boxwood. Gift of Elias Hasket Derby Jr., 1806. M557.A."
274,acc:M81,official,european-art,Chandelier for East India Marine Hall,Artists in England,mid-1700s,Cut glass,M81,,East India Marine Hall,在展原句直接点名：East India Marine Hall,On view in East India Marine Hall.,https://s3.us-east-1.amazonaws.com/pem-org/images/Collection_European_Chandelier_1200px.jpg,https://www.pem.org/the-pem-collection/european-art,"Artists in England, Chandelier for East India Marine Hall, mid-1700s. Cut glass. Gift of Captain Benjamin Carpenter, 1804. M81."
275,acc:100044,official,fashion-textiles,Salem Light Infantry uniform,Artists in the United States,about 1812,"Broadcloth with gilt braid, buckskin, and wool felt",100044; 100045; 100046,,,页面未写在展,,https://s3.us-east-1.amazonaws.com/pem-org/images/Collection_Fashion_LightInfantry_1200px.jpg,https://www.pem.org/the-pem-collection/fashion-textiles,"Artists in the United States, Salem Light Infantry uniform, about 1812. Broadcloth with gilt braid, buckskin, and wool felt. Gift of Mrs. John C. Dow, 1902. 100044, 100045, and 100046."
276,acc:116364,official,fashion-textiles,Corset,"Les Grands Magasins du Louvre, Paris",1893-95,"Satin brocade, lace, metal, and ribbon",116364,,,页面未写在展,,https://s3.us-east-1.amazonaws.com/pem-org/images/Collection_Fashion_Corsett_1200px.jpg,https://www.pem.org/the-pem-collection/fashion-textiles,"Les Grands Magasins du Louvre, Paris, Corset, 1893–95. Satin brocade, lace, metal, and ribbon. Anonymous gift, 1922. 116364."
277,acc:129156.1AD,official,fashion-textiles,Wedding dress,"Artist in Salem, United States",1872,Silk and cotton,129156.1A-D,,,页面未写在展,,https://s3.us-east-1.amazonaws.com/pem-org/images/Collection_Fashion_WeddingDress_1200px.jpg,https://www.pem.org/the-pem-collection/fashion-textiles,"Artist in Salem, United States, Wedding dress, 1872. Silk and cotton. Gift of Annie L. Cutts, 1958. 129156.1A-D."
278,acc:131932,official,fashion-textiles,Applique Rising-Sun Quilt,Artist in Massachusetts,about 1845,Cotton,131932,,,页面未写在展,,https://s3.us-east-1.amazonaws.com/pem-org/images/Collection_Fashion_RisingSunQuilt2_1200px.jpg,https://www.pem.org/the-pem-collection/fashion-textiles,"Artist in Massachusetts, Applique Rising-Sun Quilt, about 1845. Cotton. Gift of Miss Bessom S. Harris, 1969. 131932."
279,acc:132306,official,fashion-textiles,Dress,"Jeanne Adele Bernard Sacerdote (1868-1962, France) for Jenny, Paris",1927,"Glass, silk, lame, metal",132306,,,页面未写在展,,https://s3.us-east-1.amazonaws.com/pem-org/images/Collection_Fashion_SacerdoteDot_1200px.jpg,https://www.pem.org/the-pem-collection/fashion-textiles,"Jeanne Adèle Bernard Sacerdote (1868–1962, France) for Jenny, Paris, Dress, 1927. Glass, silk, lamé, metal. Gift of Mrs. Edward Gates, 1970. 132306."
280,acc:133574,official,fashion-textiles,Banyan (dressing gown),Artists in the United Kingdom and the United States,mid-1700s,Silk damask and linen,133574,,,页面未写在展,,https://s3.us-east-1.amazonaws.com/pem-org/images/Collection_Fashion_Banyan_1200px.jpg,https://www.pem.org/the-pem-collection/fashion-textiles,"Artists in the United Kingdom and the United States, Banyan (dressing gown), mid-1700s. Silk damask and linen. Gift of the heirs of Andrew Nichols, 1975. 133574."
281,acc:2012.22.82,official,fashion-textiles,Palampore (bed cover),Artists in India,1710-50,Cotton embroidered with silk and metal,2012.22.82,,,页面未写在展,,https://s3.us-east-1.amazonaws.com/pem-org/images/Collection_Fashion_BedCover2_1200px.jpg,https://www.pem.org/the-pem-collection/fashion-textiles,"Artists in India, Palampore (bed cover), 1710-50. Cotton embroidered with silk and metal. Museum purchase, the Veldman-Eecen Collection, made possible by an anonymous donor. 2012.22.82. © Fotostudio John Stoel."
282,acc:2013.61.37,official,fashion-textiles,Evening tuxedo jumpsuit,"Geoffrey Beene (1927-2004, United States)",late 1990s-early 2000s,Wool and silk crepe,2013.61.37,,,页面未写在展,,https://s3.us-east-1.amazonaws.com/pem-org/images/Collection_Fashion_TuxedoJumpsuit_1200px.jpg,https://www.pem.org/the-pem-collection/fashion-textiles,"Geoffrey Beene (1927–2004, United States), Evening “tuxedo” jumpsuit, late 1990s–early 2000s. Wool and silk crepe. Gift of Iris Barrel Apfel, in memory of Syd and Sam Barrel. 2013.61.37."
283,acc:2014.21.2,official,fashion-textiles,Bracelet,"Cody Sanderson (Dine (Navajo) and Hopi, b. 1964)",early 21st century,Silver,2014.21.2,,,页面未写在展,,https://s3.us-east-1.amazonaws.com/pem-org/images/Collection_Fashion_Bracelet_1200px.jpg,https://www.pem.org/the-pem-collection/fashion-textiles,"Cody Sanderson (Diné (Navajo) and Hopi, b. 1964), Bracelet, early 21st century. Silver. Gift of Charles Franklin Sayre. 2014.21.2"
284,acc:2018.29.3,official,fashion-textiles,Dress,"Claire McCardell, for Townley Frocks Inc.",1940s,,2018.29.3,,,页面未写在展,,https://s3.us-east-1.amazonaws.com/pem-org/images/Collection_Fashion_Claire-McCardellDress_1200px.jpg,https://www.pem.org/the-pem-collection/fashion-textiles,"Claire McCardell, for Townley Frocks Inc., Dress, 1940s. The Albert Szabo and Brenda Dyer Szabo Collection. 2018.29.3."
285,acc:2018.34.8AB,official,fashion-textiles,Kiss Me Dolores,"Charlotte Olympia, United Kingdom",2010s,"Rhinestones, leather and silk satin",2018.34.8AB,,Carl and Iris Barrel Apfel Gallery of Fashion and Design,在展原句直接点名：Carl and Iris Barrel Apfel Gallery of Fashion and Design,On view in the Carl and Iris Barrel Apfel Gallery of Fashion and Design.,https://s3.us-east-1.amazonaws.com/pem-org/images/Collection_Fashion_KissMeDolores_1200px.jpg,https://www.pem.org/the-pem-collection/fashion-textiles,"Charlotte Olympia, United Kingdom, Kiss Me Dolores, 2010s. Rhinestones, leather and silk satin. Gift of Susan Esco Chandler. 2018.34.8AB."
286,acc:2020.7.1AB,official,fashion-textiles,"Ensemble, from the collection Fashion as Resistance","Carla Fernandez (Mexican, b. 1973)",Fall/Winter 2018,"Rayon, acrylic paint",2020.7.1AB,,,页面未写在展,,https://s3.us-east-1.amazonaws.com/pem-org/images/Collection_Fashion_CarlaFerna%CC%81ndez_1200px.jpg,https://www.pem.org/the-pem-collection/fashion-textiles,"Carla Fernández (Mexican, b. 1973), Ensemble, from the collection ""Fashion as Resistance"", Fall/Winter 2018. Rayon, acrylic paint. Museum purchase, made possible by the Willoughby Stuart Memorial Fund. 2020.7.1AB."
287,acc:E3662.A,official,fashion-textiles,Cape,"Unangax (Aleut) artist, name once known",about 1820,"Mammal intestine, esophagus, hair, and dye",E3662.A,,,页面未写在展,,https://s3.us-east-1.amazonaws.com/pem-org/images/Collection_Fashion_Cape_1200px.jpg,https://www.pem.org/the-pem-collection/fashion-textiles,"Unangax̂ (Aleut) artist, name once known, Aleutian Islands, Cape, about 1820. Mammal intestine, esophagus, hair, and dye. Gift of Thomas Meek, before 1821. E3662.A."
288,acc:E16310.B,official,japanese-art,Doll of a woman and child (iki ningyo),Artists in Japan,1883,"Gesso over paper, wood, and vegetable fiber",E16310.B,,,页面未写在展,,https://s3.us-east-1.amazonaws.com/pem-org/images/Collection_Japanese_iki_ningyo%CC%84_1200px.jpg,https://www.pem.org/the-pem-collection/japanese-art,"Artists in Japan, Doll of a woman and child (iki ningyō), 1883. Gesso over paper, wood, and vegetable fiber. Commissioned by Edward Sylvester Morse for PEM, 1883. E16310.B."
289,acc:E17983,official,japanese-art,"Kabuki robe (uchikake) with design of tortoise, crane, and pines",Artists in Japan,1850-68,"Wool, silk, cotton, gold-wrapped thread, and metals",E17983,,,页面未写在展,,https://s3.us-east-1.amazonaws.com/pem-org/images/Collection_Japanese_KabukiRobe_1200px.jpg,https://www.pem.org/the-pem-collection/japanese-art,"Artists in Japan, Kabuki robe (uchikake) with design of tortoise, crane, and pines, 1850–68. Wool, silk, cotton, gold-wrapped thread, and metals. Gift of Dr. William Sturgis Bigelow, 1921. E17983. Photo by Dennis Helmar."
290,acc:E300414.B,official,japanese-art,"Dejima, the Dutch Trading Station at Nagasaki handscroll","Artists in Nagasaki, Japan",about 1800,Paint and ink on silk,E300414.B,,,页面未写在展,,https://s3.us-east-1.amazonaws.com/pem-org/images/Collection_Japanese_Dejima_1200px.jpg,https://www.pem.org/the-pem-collection/japanese-art,"Artists in Nagasaki, Japan, Dejima, the Dutch Trading Station at Nagasaki handscroll, about 1800. Paint and ink on silk. Museum purchase, made possible by an anonymous donor, 1999. E300414.B."
291,acc:E30279,official,japanese-art,Teacup and saucer,Artists in Japan,about 1801,Stoneware and lacquered wood,E30279; E30280,,,页面未写在展,,https://s3.us-east-1.amazonaws.com/pem-org/images/Collection_Japanese_Teacup_1200px.jpg,https://www.pem.org/the-pem-collection/japanese-art,"Artists in Japan, Teacup and saucer, about 1801. Stoneware and lacquered wood. Gift of Captain Samuel G. Derby, 1803. E30279 and E30280."
292,acc:E303608,official,japanese-art,Surcoat (jinbaori),Artists in Japan,18th century,"Dutch gilt leather and wool, European-printed cotton lining, and silk trim",E303608,,Sean M. Healey Family Gallery of Asian Export Art,在展原句直接点名：Sean M. Healey Family Gallery of Asian Export Art,On view in the Sean M. Healey Family Gallery of Asian Export Art.,https://s3.us-east-1.amazonaws.com/pem-org/images/Collection_Japanese_-Surcoat_jinbaori_1200px.jpg,https://www.pem.org/the-pem-collection/japanese-art,"Artists in Japan, Surcoat (jinbaori), 18th century. Dutch gilt leather and wool, European-printed cotton lining, and silk trim. Museum purchase, made possible by an anonymous donor, 2007. E303608."
293,acc:E5798,official,japanese-art,Brazier in the form of a rabbit,Artists in Japan,18th or 19th century,Stoneware,E5798,,,展览《Salem Stories》：页面未点名展厅,On view in Salem Stories.,https://s3.us-east-1.amazonaws.com/pem-org/images/Collection_Japanese_BrazierRabbit_1200px.jpg,https://www.pem.org/the-pem-collection/japanese-art,"Artists in Japan, Brazier in the form of a rabbit, 18th or 19th century. Stoneware. Gift of Edward Sylvester Morse, 1900. E5798."
294,acc:M4311,official,japanese-art,Portrait of Edward Sylvester Morse,"Frank Weston Benson (American, 1862-1951)",1913,Oil on canvas,M4311,,,展览《Salem Stories》：页面未点名展厅,On view in Salem Stories.,https://s3.us-east-1.amazonaws.com/pem-org/images/Collection_Japanese_EdwardSylvesterMorse_1200px.jpg,https://www.pem.org/the-pem-collection/japanese-art,"Frank Weston Benson (American, 1862–1951), Portrait of Edward Sylvester Morse, 1913. Oil on canvas. Gift of Edith Owen Robb, 1914. M4311."
295,acc:134187,official,korean-art,Screen,Korean artist,late 18th century,,134187,,,页面未写在展,,https://s3.us-east-1.amazonaws.com/pem-org/general/Coll_KoreatArt_e70027_screen_1200.jpg,https://www.pem.org/the-pem-collection/korean-art,"Korean artist, screen, late 18th century. Gift of Mr. and Mrs. Thomas P. Beal. 134187. Peabody Essex Museum."
296,acc:2023.29.1,official,korean-art,Ten-panel screen (Banquet of Guo Ziyi),Artist in Korea,late 19th-early 20th century,"Silk, paint and ink",2023.29.1,,,页面未写在展,,https://s3.us-east-1.amazonaws.com/pem-org/general/Coll_KoreanArt_2023-29-1_10Screen_1200.jpg,https://www.pem.org/the-pem-collection/korean-art,"Artist in Korea, Ten-panel screen (Banquet of Guo Ziyi), late 19th-early 20th century. Silk, paint and ink. Gift of Cynthia M. Nadai, in memory and honor of Edwin Morgan. 2023.29.1. Courtesy of the Peabody Essex Museum."
297,acc:E1459,official,korean-art,Soban (small individual table),Artist in Korea,late 1800s,"Wood, lacquer, and mother-of-pearl",E1459,,,页面未写在展,,https://s3.us-east-1.amazonaws.com/pem-org/general/e1459_image06_O4.jpg,https://www.pem.org/the-pem-collection/korean-art,"Artist in Korea, Soban (small individual table), late 1800s. Wood, lacquer, and mother-of-pearl. Museum purchase, 1884. E1459. Peabody Essex Museum. Photo courtesy of Overseas Korean Cultural Heritage Foundation."
298,acc:E1573,official,korean-art,Hat (gat),Artist in Korea,before 1883,"Hair, lacquer, and bamboo",E1573,,,展览《Salem Stories》：页面未点名展厅,On view in Salem Stories.,https://s3.us-east-1.amazonaws.com/pem-org/images/Collection_Korean_Hat_1200px.jpg,https://www.pem.org/the-pem-collection/korean-art,"Artist in Korea, Hat (gat), before 1883. Hair, lacquer, and bamboo. Gift of Yu Giljun, 1883. E1573."
299,acc:E18987,official,korean-art,Cotton armor with talismans,Artist in Korea,1800s,"Cotton, hemp, copper alloy, and iron",E18987,,,页面未写在展,,https://s3.us-east-1.amazonaws.com/pem-org/general/e18987_image02_o4.jpg,https://www.pem.org/the-pem-collection/korean-art,"Artist in Korea, cotton armor with talismans, 1800s. Cotton, hemp, copper alloy, and iron. Gift of the United States Naval Academy, 1923. E18987. Peabody Essex Museum. Photo courtesy of Overseas Korean Cultural Heritage Foundation."
300,acc:E2,official,korean-art,Portrait of Yu Giljun,"A. B. Cross Photography Studio, Salem, Massachusetts",19th century,Photographic print,E2; box 88 3 Japan; ETH000031,,,展览《Salem Stories》：页面未点名展厅,On view in Salem Stories.,https://s3.us-east-1.amazonaws.com/pem-org/images/Collection_Korean_YuGiljun_1200px.jpg,https://www.pem.org/the-pem-collection/korean-art,"A. B. Cross Photography Studio, Salem, Massachusetts, Portrait of Yu Giljun, 19th century. Photographic print. Phillips Library. Edward Sylvester Morse Papers. E2, box 88 3 Japan, ETH000031."
301,acc:E20165,official,korean-art,Noblewoman's bridal fan (jinjuseon),Artist in Korea,18th century,Embroidered silk and metal fittings,E20165,,,页面未写在展,,https://s3.us-east-1.amazonaws.com/pem-org/images/Collection_Korean_BridalFan_1200px.jpg,https://www.pem.org/the-pem-collection/korean-art,"Artist in Korea, Noblewoman’s bridal fan (jinjuseon), 18th century. Embroidered silk and metal fittings. Museum purchase. 1927. E20165. Photo by Dennis Helmar"
302,acc:E20190.F,official,korean-art,Hwarot (bridal robe),Artists in Korea,late 18th century,"Silk, paper, cotton, wool, and metallic thread",E20190.F,,,裸徽章 ON VIEW，未点名地点,ON VIEW,https://s3.us-east-1.amazonaws.com/pem-org/images/Collection_Korean_BridalRope_1200px.jpg,https://www.pem.org/the-pem-collection/korean-art,"Artists in Korea, hwarot (bridal robe), late 18th century. Silk, paper, cotton, wool, and metallic thread. Museum purchase from Yamanaka and Company, 1927. E20190.F. Photo by Dennis Helmar."
303,acc:E20809,official,korean-art,Village guardian posts (jangseung),Artists in Korea,late 19th century,"Wood, pigment",E20809; E20810,,,Garden Atrium —— 已登记为不对应实体展厅,On view in the Garden Atrium.,https://s3.us-east-1.amazonaws.com/pem-org/images/Collection_Korean_VillageGuardian_1200px.jpg,https://www.pem.org/the-pem-collection/korean-art,"Artists in Korea, Village guardian posts (jangseung), late 19th century. Wood, pigment. Gift of Yamanaka and Company, in memory of Professor Edward S. Morse, 1930. E20809, E20810. Photo by Dennis Helmar."
304,acc:E300228.AD,official,korean-art,Box,Artist in Korea,1500s-1600s,"Wood, lacquer, and mother-of-pearl",E300228.A-D,,,页面未写在展,,https://s3.us-east-1.amazonaws.com/pem-org/general/e300228-a-d_image03_o4.jpg,https://www.pem.org/the-pem-collection/korean-art,"Artist in Korea, box, 1500s–1600s. Wood, lacquer, and mother-of-pearl. Museum purchase, made possible by an anonymous donor, 1998. E300228.A-D. Peabody Essex Museum. Photo courtesy of Overseas Korean Cultural Heritage Foundation."
305,acc:E301728,official,korean-art,Wrapping cloth (bojagi),Artist in Korea,20th century,Ramie,E301728,,,页面未写在展,,https://s3.us-east-1.amazonaws.com/pem-org/images/Collection_Korean_WrappingCloth_1200px.jpg,https://www.pem.org/the-pem-collection/korean-art,"Artist in Korea, Wrapping cloth (bojagi), 20th century. Ramie. Museum purchase, made possible by the Toplitz Hilborn Memorial Fund, 2001. E301728."
306,acc:E302324,official,korean-art,Nectar Ritual (gamnotaeng) hanging scroll,Artists in Korea,1744,Ink and pigment on silk,E302324,,,页面未写在展,,https://s3.us-east-1.amazonaws.com/pem-org/images/Collection_Korean_NectarRitual_1200px.jpg,https://www.pem.org/the-pem-collection/korean-art,"Artists in Korea, Nectar Ritual (gamnotaeng) hanging scroll, 1744. Ink and pigment on silk. Museum purchase, made possible by an anonymous donor, 2004. E302324."
307,acc:E302330,official,korean-art,Dragon jar,Artists in Korea,late 19th century,Porcelain,E302330,,,裸徽章 ON VIEW，未点名地点,ON VIEW,https://s3.us-east-1.amazonaws.com/pem-org/images/Collection_Korean_DragonJar_1200px.jpg,https://www.pem.org/the-pem-collection/korean-art,"Artists in Korea, Dragon jar, late 19th century. Porcelain. Gift of Kang Collection, Korean Art, New York, 2004. E302330. Photo by Dennis Helmar"
308,acc:E50273,official,korean-art,Bowler hat,Artist in Korea,around 1883,"Horsehair, bamboo, and paper",E50273,,,页面未写在展,,https://s3.us-east-1.amazonaws.com/pem-org/general/e50273_image09_O4.jpg,https://www.pem.org/the-pem-collection/korean-art,"Artist in Korea, bowler hat, around 1883. Horsehair, bamboo, and paper. Gift of Mrs. R. Keith Kane, 1974. E50273. Peabody Essex Museum. Photo courtesy of the Overseas Korean Cultural Heritage Foundation."
309,acc:E76054.AB,official,korean-art,"Inkwell inscribed, Madam Pauling, Joseon Ministry of Internal Affairs",Artist in Korea,about 1895-97,Silver and brass,E76054.AB,,,页面未写在展,,https://s3.us-east-1.amazonaws.com/pem-org/general/e76054_image09_o4.jpg,https://www.pem.org/the-pem-collection/korean-art,"Artist in Korea, Inkwell inscribed, “Madam Pauling, Joseon Ministry of Internal Affairs,” about 1895–97. Silver and brass. Museum purchase, 1986. E76054.AB. Peabody Essex Museum. Photo courtesy of Overseas Korean Cultural Heritage Foundation."
310,acc:E9739,official,korean-art,Sword and sheath,Artist in Korea,before 1899,"Wood, lacquer, iron, and silk",E9739,,,页面未写在展,,https://s3.us-east-1.amazonaws.com/pem-org/general/e9739_image07_O4.jpg,https://www.pem.org/the-pem-collection/korean-art,"Artist in Korea, sword and sheath, before 1899. Wood, lacquer, iron, and silk. Gift of Dr. Charles Goddard Weld, 1889. E9739. Peabody Essex Museum. Photo courtesy of the Overseas Korean Cultural Heritage Foundation."
311,acc:E9796,official,korean-art,Free reed wind instrument (saenghwang),Artist in Korea,19th century,"Bamboo, rattan, wood, and bone",E9796,,,展览《Salem Stories》：页面未点名展厅,On view in Salem Stories.,https://s3.us-east-1.amazonaws.com/pem-org/images/Collection_Korean_saenghwang_1200px.jpg,https://www.pem.org/the-pem-collection/korean-art,"Artist in Korea, Free reed wind instrument (saenghwang), 19th century. Bamboo, rattan, wood, and bone. Museum purchase from the World's Columbian Exhibition, Chicago, 1893. E9796."
312,acc:E9801,official,korean-art,Lute (biwa),Artist in Korea,19th century,"Wood, composite, and cotton",E9801,,,裸徽章 ON VIEW，未点名地点,ON VIEW,https://s3.us-east-1.amazonaws.com/pem-org/images/Collection_Korean_biwa_1200px.jpg,https://www.pem.org/the-pem-collection/korean-art,"Artist in Korea, Lute (biwa), 19th century. Wood, composite, and cotton. Museum purchase from the World's Columbian Exhibition, Chicago, 1893. E9801."
313,acc:E9812,official,korean-art,Fan (taegeukseon),Artist in Korea,19th century,"Paper, lacquer, and wood",E9812,,,展览《Salem Stories》：页面未点名展厅,On view in Salem Stories.,https://s3.us-east-1.amazonaws.com/pem-org/images/Collection_Korean_taegeukseon_1200px.jpg,https://www.pem.org/the-pem-collection/korean-art,"Artist in Korea, Fan (taegeukseon), 19th century. Paper, lacquer, and wood. Gift of Dr. Charles Goddard Weld, 1899. E9812."
314,acc:108332,official,maritime-art-and-history,Launching of the Ship Fame,"George Ropes (1788-1819, United States)",1802,Oil on canvas,108332,,,页面未写在展,,https://s3.us-east-1.amazonaws.com/pem-org/images/Collection_Maritime_LaunchingFame_1200px.jpg,https://www.pem.org/the-pem-collection/maritime-art-and-history,"George Ropes (1788–1819, United States), Launching of the Ship Fame, 1802. Oil on canvas. Gift of Nathaniel Silsbee, 1862. 108332."
315,acc:2018.12.1,official,maritime-art-and-history,Two-headed equestrian figurehead,Artist in the United Kingdom,about 1750,White pine,2018.12.1,,Byrne Family Gallery of Maritime Art,在展原句直接点名：Byrne Family Gallery of Maritime Art,On view in the Byrne Family Gallery of Maritime Art.,https://s3.us-east-1.amazonaws.com/pem-org/images/Collection_Maritime_EquestrianFigureHead_1200px.jpg,https://www.pem.org/the-pem-collection/maritime-art-and-history,"Artist in the United Kingdom, Two-headed equestrian figurehead, about 1750 (detail). White pine. Museum purchase, made possible by Ulf B. and Elizabeth C. Heide. 2018.12.1."
316,acc:M10920,official,maritime-art-and-history,"The Stranding of Corvettes in the Mauvais Canal, Strait of Torres","Louis Le Breton (1818-1886, France)",1843,Oil on canvas,M10920,,Byrne Family Gallery of Maritime Art,在展原句直接点名：Byrne Family Gallery of Maritime Art,On view in the Byrne Family Gallery of Maritime Art.,https://s3.us-east-1.amazonaws.com/pem-org/images/Collection_Maritime_StrandingCorvettes_1200px.jpg,https://www.pem.org/the-pem-collection/maritime-art-and-history,"Louis Le Breton (1818–1886, France), The Stranding of Corvettes in the Mauvais Canal, Strait of Torres (L’échouage des corvettes dans le canal Mauvais, détroit de Torrès), 1843. Oil on canvas. Museum purchase, made possible by the Fellows and Friends Fund, 1961. M10920."
317,acc:M10975,official,maritime-art-and-history,Royal presentation octant dedicated to King Louis XVI,"Jean Baptiste Magnie (mid-18th century, France)",about 1786,"Brass, mahogany, and glass",M10975,,Byrne Family Gallery of Maritime Art,在展原句直接点名：Byrne Family Gallery of Maritime Art,On view in the Byrne Family Gallery of Maritime Art.,https://s3.us-east-1.amazonaws.com/pem-org/images/Collection_Maritime_M10975_1200px.jpg,https://www.pem.org/the-pem-collection/maritime-art-and-history,"Jean Baptiste Magnié (mid-18th century, France), Royal presentation octant dedicated to King Louis XVI, about 1786. Brass, mahogany, and glass. Gift of Strafford Morss, 1966. M10975."
318,acc:M13,official,maritime-art-and-history,Scrimshaw of the ship Susan,"Frederick Myrick (1808-1862, United States)",1829,Whale tooth,M13,,Byrne Family Gallery of Maritime Art,在展原句直接点名：Byrne Family Gallery of Maritime Art,On view in the Byrne Family Gallery of Maritime Art.,https://s3.us-east-1.amazonaws.com/pem-org/images/Collection_Maritime_ScrimshawShipSusan_1200px.jpg,https://www.pem.org/the-pem-collection/maritime-art-and-history,"Frederick Myrick (1808–1862, United States), Scrimshaw of the ship Susan, 1829. Whale tooth. Gift of George Peirce, 1830. M13."
319,acc:M14220,official,maritime-art-and-history,Model of the ship Queen Elizabeth,"Bassett-Lowke Ltd (Northampton, United Kingdom)",1947-48,"White mahogany, gunmetal and brass",M14220,,Byrne Family Gallery of Maritime Art,在展原句直接点名：Byrne Family Gallery of Maritime Art,On view in the Byrne Family Gallery of Maritime Art.,https://s3.us-east-1.amazonaws.com/pem-org/images/Collection_Maritime_QueenElizabeth_1200px.jpg,https://www.pem.org/the-pem-collection/maritime-art-and-history,"Bassett-Lowke Ltd (Northampton, United Kingdom), Model of the ship Queen Elizabeth, 1947–48 (detail). White mahogany, gunmetal and brass. Gift of Cunard Line Ltd., 1970. M14220."
320,acc:M18639,official,maritime-art-and-history,Ship Southern Cross in Boston Harbor,"Fitz Henry Lane (1804-1865, United States)",1851,Oil on canvas,M18639,Q125399927,,裸徽章 ON VIEW，未点名地点,ON VIEW,https://s3.us-east-1.amazonaws.com/pem-org/images/Collection_Maritime_SouthernCross_1200px.jpg,https://www.pem.org/the-pem-collection/maritime-art-and-history,"Fitz Henry Lane (1804–1865, United States), Ship Southern Cross in Boston Harbor, 1851. Oil on canvas. Gift of the estate of Stephen Wheatland, 1987. M18639."
321,acc:M27190,official,maritime-art-and-history,Icebound Ship,"William Bradford (1823-1892, United States)",about 1880,Oil on canvas,M27190,,,页面未写在展,,https://s3.us-east-1.amazonaws.com/pem-org/images/Collection_Maritime_IceboundShip_1200px.jpg,https://www.pem.org/the-pem-collection/maritime-art-and-history,"William Bradford (1823–1892, United States), Icebound Ship, about 1880. Oil on canvas. Museum purchase with funds donated anonymously, 1996. M27190."
322,acc:M27834,official,maritime-art-and-history,They Took Their Wives with Them on Their Cruises,"N. C. Wyeth (1882-1945, United States)",about 1938,Oil on board,M27834,,Byrne Family Gallery of Maritime Art,在展原句直接点名：Byrne Family Gallery of Maritime Art,On view in the Byrne Family Gallery of Maritime Art.,https://s3.us-east-1.amazonaws.com/pem-org/images/Collection_Maritime_Wyeth_1200px.jpg,https://www.pem.org/the-pem-collection/maritime-art-and-history,"N. C. Wyeth (1882–1945, United States), They Took Their Wives with Them on Their Cruises, about 1938. Oil on board. Museum purchase, made possible by Nancy and George Putnam, 2007. M27834. Photo by Dennis Helmar."
323,acc:M370,official,maritime-art-and-history,Portrait of Nathaniel Bowditch,"Charles Osgood (1809-1890, United States)",1835,Oil on canvas,M370,,Byrne Family Gallery of Maritime Art,在展原句直接点名：Byrne Family Gallery of Maritime Art,On view in the Byrne Family Gallery of Maritime Art.,https://s3.us-east-1.amazonaws.com/pem-org/images/Collection_Maritime_NathanielBowditch_1200px.jpg,https://www.pem.org/the-pem-collection/maritime-art-and-history,"Charles Osgood (1809–1890, United States), Portrait of Nathaniel Bowditch, 1835. Oil on canvas. Commissioned by the East India Marine Society, 1835. M370. Photo by Mark Sexton."
324,acc:M48,official,maritime-art-and-history,Model of the ship Friendship,"Thomas Russell and Mr. Odell (active 19th century, United States)",about 1804,"Wood, cordage and bronze",M48,,Byrne Family Gallery of Maritime Art,在展原句直接点名：Byrne Family Gallery of Maritime Art,On view in the Byrne Family Gallery of Maritime Art.,https://s3.us-east-1.amazonaws.com/pem-org/images/Collection_Maritime_Friendship_1200px.jpg,https://www.pem.org/the-pem-collection/maritime-art-and-history,"Thomas Russell and Mr. Odell (active 19th century, United States), Model of the ship Friendship, about 1804. Wood, cordage and bronze. Gift of Captain William Story, about 1804. M48."
325,acc:M5923,official,maritime-art-and-history,Captain Cook Cast a Way on Cape Cod,"Michele Felice Corne (1752-1845, Italian, American)",1802,Gouache on paper,M5923,,,页面未写在展,,https://s3.us-east-1.amazonaws.com/pem-org/images/Collection_Maritime_CaptainCook_1200px.jpg,https://www.pem.org/the-pem-collection/maritime-art-and-history,"Michele Felice Cornè (1752–1845, Italian, American), Captain Cook Cast a Way on Cape Cod, 1802. Gouache on paper. Gift of Augustus Peabody Loring Jr., 1946. M5923. Photo by Mark Sexton."
326,acc:M8900,official,maritime-art-and-history,Ship Alfred of Salem Cap Joseph Felt,"Nicolas Cammillieri (1773-1860, France)",1806,Watercolor on paper,M8900,,,页面未写在展,,https://s3.us-east-1.amazonaws.com/pem-org/images/Collection_Maritime_ShipAlfred_1200px.jpg,https://www.pem.org/the-pem-collection/maritime-art-and-history,"Nicolas Cammillieri (1773–1860, France), Ship Alfred of Salem Cap Joseph Felt, 1806. Watercolor on paper. Gift of Marion H. Lieb, Elizabeth M. Ringquist, and Grace F. Agge, 1956. M8900. Photo by Mark Sexton."
327,acc:2011.29.72.12,official,native-american-art,Hovenweep #331,"Kay WalkingStick (Cherokee Nation, b. 1935)",1987,"Acrylic, oil, and saponified wax on canvas",2011.29.72.1-2,,,展览《On This Ground: Being and Belonging in America》：2 个展厅，歧义，不采用,On view in On This Ground: Being and Belonging in America.,https://s3.us-east-1.amazonaws.com/pem-org/images/Collection_NativeAmerican_Hovenweep331_1200px.jpg,https://www.pem.org/the-pem-collection/native-american-art,"Kay WalkingStick (Cherokee Nation, b. 1935), Hovenweep #331, 1987. Acrylic, oil, and saponified wax on canvas. Gift of Katrina M. Carye. 2011.29.72.1-2."
328,acc:2012.25.1,official,native-american-art,"Tsu Heidei Shugaxtutaan (We Will Again Open This Container of Wisdom That Has Been Left in Our Care), Parts I and II","Nicholas Galanin, Yeil Ya-Tseen (Tlingit and Unangax, b. 1979)",2006,"Digital video, looped, edition 2/5",2012.25.1,,,展览《On This Ground: Being and Belonging in America》：2 个展厅，歧义，不采用,On view in On This Ground: Being and Belonging in America.,https://s3.us-east-1.amazonaws.com/pem-org/images/Collection_NativeAmerican_TsuHeideiShugaxtutaan_1200px.jpg,https://www.pem.org/the-pem-collection/native-american-art,"Nicholas Galanin | Yéil Ya-Tseen (Tlingit and Unangax̂, b. 1979), Tsu Heidei Shugaxtutaan (We Will Again Open This Container of Wisdom That Has Been Left in Our Care), Parts I and II, 2006. Digital video (Part I, 4:36 minutes; Part II 3:06 minutes), looped, edition 2/5. Performance of Part I by David “Elsewhere” Bernal (Peruvian-American, born 1979). Performance of Part II by Dan Littlefield (Tlingit). Museum purchase, made possible by the Willoughby Stuart Memorial Fund and the Native American Artist Fund. 2012.25.1"
329,acc:2014.44.1AB,official,native-american-art,Boots,"Jamie Okuma (Luiseno and Shoshone-Bannock, born 1977)",2014,Glass beads on boots designed by Christian Louboutin,2014.44.1AB,,,展览《On This Ground: Being and Belonging in America》：2 个展厅，歧义，不采用,On view in On This Ground: Being and Belonging in America.,https://s3.us-east-1.amazonaws.com/pem-org/images/Collection_NativeAmerican_OkumaBoots_1200px.jpg,https://www.pem.org/the-pem-collection/native-american-art,"Jamie Okuma (Luiseño and Shoshone-Bannock, born 1977), Boots, 2014. Glass beads on boots designed by Christian Louboutin. Museum commission with support from Katrina M. Carye, John Curuby, Karen Keane and Dan Elias, Cynthia Gardner, Merry Glosband, and Steve and Ellen Hoffman and the Willoughby Stuart Memorial Fund. 2014.44.1AB."
330,acc:2015.35.1,official,native-american-art,Indian with Beaded Headdress,"T.C. Cannon (Kiowa and Caddo, 1946-1978)",1978,Oil on canvas,2015.35.1,,,展览《On This Ground: Being and Belonging in America》：2 个展厅，歧义，不采用,On view in On This Ground: Being and Belonging in America.,https://s3.us-east-1.amazonaws.com/pem-org/images/Collection_NativeAmerican_TCCannon_1200px.jpg,https://www.pem.org/the-pem-collection/native-american-art,"T.C. Cannon (Kiowa and Caddo, 1946–1978), Indian with Beaded Headdress, 1978. Oil on canvas. Museum purchase. 2015.35.1."
331,acc:2019.38.1AB,official,native-american-art,Hanodaga:yas (Town Destroyer),"Alan Michelson (Mohawk member of the Six Nations of the Grand River, b. 1953)",2018,"High-definition video, bonded stone replica of Jean-Antoine Houdon's late 1700s bust of George Washington, antique surveyor's tripod, and artificial turf",2019.38.1AB,,,展览《On This Ground: Being and Belonging in America》：2 个展厅，歧义，不采用,On view in On This Ground: Being and Belonging in America.,https://s3.us-east-1.amazonaws.com/pem-org/images/Collection_NativeAmerican_TownDestroyer_1200px.jpg,https://www.pem.org/the-pem-collection/native-american-art,"Alan Michelson (Mohawk member of the Six Nations of the Grand River, b. 1953), Hanödaga:yas (Town Destroyer), edition 1/3, 2018. High-definition video, bonded stone replica of Jean-Antoine Houdon’s late 1700s bust of George Washington, antique surveyor’s tripod, and artificial turf. Sound: members of Six Nations of the Grand River Territory. Digital video looped, 5:57 minutes. Museum purchase, by exchange. 2019.38.1AB."
332,acc:2021.26,official,native-american-art,"David Weeden (Mashpee Wampanoag), from the ongoing Critical Indigenous Photographic Exchange series","Will Wilson (Dine, Navajo, b. 1969)",2019,"Archival pigment print from wet plate collodion scan, printed 2021",2021.26,,,展览《On This Ground: Being and Belonging in America》：2 个展厅，歧义，不采用,On view in On This Ground: Being and Belonging in America.,https://s3.us-east-1.amazonaws.com/pem-org/images/Collection_NativeAmerican_DavidWeeden_1200px.jpg,https://www.pem.org/the-pem-collection/native-american-art,"Will Wilson, (Diné, Navajo, b. 1969), David Weeden (Mashpee Wampanoag), from the ongoing “Critical Indigenous Photographic Exchange” series, 2019. Archival pigment print from wet plate collodion scan, printed 2021. Museum purchase, made possible by the Ellen and Stephen Hoffman Fund for Native American Art Acquisitions. 2021.26. Courtesy of the artist: willwilson.photoshelter.com."
333,acc:2021.4.1,official,native-american-art,"Companion Species: Cosmos, Sunrise, Flint","Marie Watt (Seneca, born 1967)",2019-21,Reclaimed wool blankets and embroidery thread,2021.4.1,,,展览《On This Ground: Being and Belonging in America》：2 个展厅，歧义，不采用,On view in On This Ground: Being and Belonging in America.,https://s3.us-east-1.amazonaws.com/pem-org/images/Collection_NativeAmerican_MarieWatt_1200px.jpg,https://www.pem.org/the-pem-collection/native-american-art,"Marie Watt (Seneca, born 1967), Companion Species: Cosmos, Sunrise, Flint, 2019–21. Reclaimed wool blankets and embroidery thread. Museum purchase by exchange. 2021.4.1. Image Courtesy of Marie Watt. Photo by Kevin McConnell."
334,acc:E13084,official,native-american-art,Drum,"Yup'ik artist, name once known",late 1800s,"Wood, bladder, and paint",E13084,,,展览《On This Ground: Being and Belonging in America》：2 个展厅，歧义，不采用,On view in On This Ground: Being and Belonging in America.,https://s3.us-east-1.amazonaws.com/pem-org/images/Collection_NativeAmerican_Drum_1200px.jpg,https://www.pem.org/the-pem-collection/native-american-art,"Yup’ik artist, name once known, Drum, late 1800s. Current-day Northwest Alaska. Wood, bladder, and paint. Gift of Israel Albert Lee, 1910. E13084."
335,acc:E25963,official,native-american-art,Sash,"Chahta (Choctaw) artist, name once known",mid-1800s,"Wool, silk, and glass beads",E25963,,,展览《On This Ground: Being and Belonging in America》：2 个展厅，歧义，不采用,On view in On This Ground: Being and Belonging in America.,https://s3.us-east-1.amazonaws.com/pem-org/images/Collection_NativeAmerican_Sash_1200px.jpg,https://www.pem.org/the-pem-collection/native-american-art,"Chahta (Choctaw) artist, name once known, Southeast, Sash, mid-1800s. Wool, silk, and glass beads. Gift of Dr. Charles Heald, 1955. E25963."
336,acc:E27984,official,native-american-art,Bibi k'inpi (cradleboard),"Dakota artist, name once known",about 1840,"Porcupine quill, metal, glass beads, leather, and wood",E27984,,,展览《On This Ground: Being and Belonging in America》：2 个展厅，歧义，不采用,On view in On This Ground: Being and Belonging in America.,https://s3.us-east-1.amazonaws.com/pem-org/images/Collection_NativeAmerican_Cradleboard_1200px.jpg,https://www.pem.org/the-pem-collection/native-american-art,"Dakota artist, name once known, Bibi k’inpi (cradleboard), about 1840. Western Great Lakes region. Porcupine quill, metal, glass beads, leather, and wood. Museum purchase, made possible by an anonymous donor, 2002. E27984."
337,acc:E28573,official,native-american-art,Mask,"Heiltsuk or Coast Tsimshian artist, name once known",1840-60,Wood and paint,E28573,,,展览《On This Ground: Being and Belonging in America》：2 个展厅，歧义，不采用,On view in On This Ground: Being and Belonging in America.,https://s3.us-east-1.amazonaws.com/pem-org/images/Collection_NativeAmerican_Mask_1200px.jpg,https://www.pem.org/the-pem-collection/native-american-art,"Heiltsuk or Coast Tsimshian artist, name once known, Mask, 1840–60. Wood and paint. Gift of Edward S. Moseley, 1979. E28573."
338,acc:E28771,official,native-american-art,Basket,"Chumash artist, name once known",about 1825,Juncus rush and dye,E28771,,,展览《On This Ground: Being and Belonging in America》：2 个展厅，歧义，不采用,On view in On This Ground: Being and Belonging in America.,https://s3.us-east-1.amazonaws.com/pem-org/images/Collection_NativeAmerican_Basket_1200px.jpg,https://www.pem.org/the-pem-collection/native-american-art,"Chumash artist, name once known, Southern California, Basket, about 1825. Juncus rush and dye. Gift of Alvin P. Johnson, 1950. E28771."
339,acc:E302691,official,native-american-art,The Seine of Journeys,"Truman Lowe (Ho-Chunk, 1944-2019)",2003,"Willow, monofilament, and metal",E302691,,,展览《On This Ground: Being and Belonging in America》：2 个展厅，歧义，不采用,On view in On This Ground: Being and Belonging in America.,https://s3.us-east-1.amazonaws.com/pem-org/images/Collection_NativeAmerican_SeineJourneys_1200px.jpg,https://www.pem.org/the-pem-collection/native-american-art,"Truman Lowe (Ho-Chunk, 1944–2019), The Seine of Journeys, 2003. Willow, monofilament, and metal. Museum commission. Made possible by the Edward Daland Lovejoy Fund, the Anna Pingree Phillips Fund, and the Docent Fund, 2005. E302691."
340,acc:E3496,official,native-american-art,Pipe,"Haida artist, name once known",about 1825,Argillite,E3496,,,展览《On This Ground: Being and Belonging in America》：2 个展厅，歧义，不采用,On view in On This Ground: Being and Belonging in America.,https://s3.us-east-1.amazonaws.com/pem-org/images/Collection_NativeAmerican_Pipe_1200px.jpg,https://www.pem.org/the-pem-collection/native-american-art,"Haida artist, name once known, Pipe, about 1825. Argillite. Gift of Captain John Bradshaw, 1832. E3496."
341,acc:E50296,official,native-american-art,Sculpture,"Likely Pawtucket band of Massachusett artist, name once known",1500s,Basalt,E50296,,,展览《On This Ground: Being and Belonging in America》：2 个展厅，歧义，不采用,On view in On This Ground: Being and Belonging in America.,https://s3.us-east-1.amazonaws.com/pem-org/images/Collection_NativeAmerican_Sculpture_1200px.jpg,https://www.pem.org/the-pem-collection/native-american-art,"Likely Pawtucket band of Massachusett artist, name once known, Sculpture, 1500s. Naumkeag (now Salem, Massachusetts). Basalt. Gift of Miss Bessie Eaton, 1898. E50296."
342,acc:E8157,official,native-american-art,Doll,Lakota (Teton/Western Sioux) artist,late 1800s,"Leather, velvet, glass, cotton, metal, and ink",E8157,,,展览《On This Ground: Being and Belonging in America》：2 个展厅，歧义，不采用,On view in On This Ground: Being and Belonging in America.,https://s3.us-east-1.amazonaws.com/pem-org/images/Collection_NativeAmerican_Doll_1200px.jpg,https://www.pem.org/the-pem-collection/native-american-art,"Lakota (Teton/Western Sioux) artist, Doll, late 1800s. Leather, velvet, glass, cotton, metal, and ink. Gift of Dr. Charles Goddard Weld, 1905. E8157."
343,acc:EIMS1219.1,official,natural-history,King penguin (Aptenodytes patagonicus),,about 1820,,EIMS1219.1,,,展览《Salem Stories》：页面未点名展厅,On view in Salem Stories.,https://s3.us-east-1.amazonaws.com/pem-org/images/Collection_NaturalHistory_Penguin_1200px.jpg,https://www.pem.org/the-pem-collection/natural-history,"King penguin (Aptenodytes patagonicus), Collected live on the Falkland Islands, about 1820. Gift of Captain George Hodges, 1821. EIMS1219.1."
344,acc:EIMS482,official,natural-history,Coco de mer (Lodoicea maldivica) nut,,about 1800,,EIMS482,,,展览《Salem Stories》：页面未点名展厅,On view in Salem Stories.,https://s3.us-east-1.amazonaws.com/pem-org/images/Collection_NaturalHistory_Nut_1200px.jpg,https://www.pem.org/the-pem-collection/natural-history,"Coco de mer (Lodoicea maldivica) nut, Collected on or near the Seychelles, about 1800. Probably gift of Captain Samuel Lambert, 1800–1802. EIMS482."
345,acc:EIMS502,official,natural-history,Ostrich (Struthio camelus) egg,,before 1800,,EIMS502,,,展览《Salem Stories》：页面未点名展厅,On view in Salem Stories.,https://s3.us-east-1.amazonaws.com/pem-org/images/Collection_NaturalHistory_Egg_1200px.jpg,https://www.pem.org/the-pem-collection/natural-history,"Ostrich (Struthio camelus) egg, Collected on the Cape of Good Hope, South Africa, before 1800. Gift of Captain Benjamin Carpenter, 1800 - 1802. EIMS502."
346,acc:FIC2021.929.1,official,natural-history,Leatherback turtle (Dermochelys coriacea),,1885,,FIC2021.929.1,,,展览《Salem Stories》：页面未点名展厅,On view in Salem Stories.,https://s3.us-east-1.amazonaws.com/pem-org/images/Collection_NaturalHistory_Turtle_1200px.jpg,https://www.pem.org/the-pem-collection/natural-history,"Leatherback turtle (Dermochelys coriacea), Collected live off Rockport, Massachusetts, 1885. Gift of Mr. Parsons, 1885. FIC2021.929.1. On view in Salem Stories."
347,acc:NB852,official,natural-history,Red Malay rooster (Gallus gallus domesticus),,about 1846,,NB852,,,页面未写在展,,https://s3.us-east-1.amazonaws.com/pem-org/images/Collection_NaturalHistory_Rooster_1200px.jpg,https://www.pem.org/the-pem-collection/natural-history,"Red Malay rooster (Gallus gallus domesticus), Collected live on the Malay Peninsula, about 1846, brought to Salem and bred to local hens by George Wheatland Jr., Gift of George Wheatland, 1846. NB852."
348,acc:NH130,official,natural-history,Zoological illustration of a newly discovered species of toad,Augustus Fowler,1858,Watercolor on paper,NH130,,,页面未写在展,,https://s3.us-east-1.amazonaws.com/pem-org/images/Collection_NaturalHistory_Toads_1200px.jpg,https://www.pem.org/the-pem-collection/natural-history,"Augustus Fowler, Zoological illustration of a newly discovered species of toad from three angles, later named Fowler’s toad (Anaxyrus fowleri) in honor of naturalist Samuel Fowler, who first described the species, 1858. Watercolor on paper. Museum collection, after 1858. NH130."
349,acc:NH310,official,natural-history,"Insect teaching chart for the Peabody Academy of Science's Summer School of Biology, Salem",James Henry Emerton,about 1876,Paint on canvas,NH310,,,页面未写在展,,https://s3.us-east-1.amazonaws.com/pem-org/images/Collection_NaturalHistory_InsectChart_1200px.jpg,https://www.pem.org/the-pem-collection/natural-history,"James Henry Emerton (1847–1931, Salem, Massachusetts), Insect teaching chart for the Peabody Academy of Science’s Summer School of Biology, Salem, about 1876. Paint on canvas. Gift of Dr. Ralph W. Dexter, 1981. NH310."
350,acc:NHDP1,official,natural-history,Pintail decoy,Joseph W. Lincoln,about 1920,"Wood, paint, metal, and glass",NHDP1,,,Pod —— 已登记为不对应实体展厅,On view in The Pod.,https://s3.us-east-1.amazonaws.com/pem-org/images/Collection_NaturalHistory_DecoyDuck_1200px.jpg,https://www.pem.org/the-pem-collection/natural-history,"Joseph W. Lincoln (1859–1938, United States), Pintail decoy, about 1920. Wood, paint, metal, and glass. Museum purchase, made possible by the Special Fund for Natural History, 1992. NHDP1."
351,acc:NHDSB24,official,natural-history,Decorative carving of a semipalmated sandpiper,A. Elmer Crowell,about 1915,"Wood, paint, glass, oyster shell, and metal",NHDSB24,,,Pod —— 已登记为不对应实体展厅,On view in The Pod.,https://s3.us-east-1.amazonaws.com/pem-org/images/Collection_NaturalHistory_SandPiper_1200px.jpg,https://www.pem.org/the-pem-collection/natural-history,"A. Elmer Crowell (1862–1952, United States), Decorative carving of a semipalmated sandpiper, about 1915. Wood, paint, glass, oyster shell, and metal. Gift of Arthur C. Phillips, 1978. NHDSB24."
352,acc:NHH1.410,official,natural-history,Marginal wood fern (Dryopteris marginalis),John Robinson,1865,,NHH1.410,,,页面未写在展,,https://s3.us-east-1.amazonaws.com/pem-org/images/Collection_NaturalHistory_WoodFern_1200px.jpg,https://www.pem.org/the-pem-collection/natural-history,"Authoritative “holotype” specimen of the Marginal wood fern (Dryopteris marginalis), collected in Chebacco Woods, Swampscott, Massachusetts, by John Robinson, 1865. Gift of John Robinson, after 1865. NHH1.410."
353,acc:NM294,official,natural-history,"American bison, bull",,1886,,NM294,,,页面未写在展,,https://s3.us-east-1.amazonaws.com/pem-org/images/Collection_NaturalHistory_Bison_1200px.jpg,https://www.pem.org/the-pem-collection/natural-history,"American bison, bull, Collected at Porcupine Creek, Dawson County, Montana, by the Smithsonian Institution, 1886. Gift of William Crowninshield Endicott, 1887. NM294."
354,acc:E17750,official,oceanic-art,Headdress,Marquesan artist,,"Sennit, feather",E17750,,,页面未写在展,,https://s3.us-east-1.amazonaws.com/pem-org/images/Collection_Oceanic_Headdress_1200px.jpg,https://www.pem.org/the-pem-collection/oceanic-art,"Marquesan artist, Headdress, Sennit, feather. Gift of Stephen W. Phillips, 1919. E17750."
355,acc:E23544,official,oceanic-art,Pipe,Patoromu Tamatea (19th century),1880s-1890s,"Wood, paua shell",E23544,,,页面未写在展,,https://s3.us-east-1.amazonaws.com/pem-org/images/Collection_Oceanic_E23544_1200px.jpg,https://www.pem.org/the-pem-collection/oceanic-art,"Patoromu Tamatea (19th century), (Ngati Tamatea Tutahi tribe, part of Ngati Pikiao who lived around Lake Rotoiti; Maori), Pipe, 1880s–1890s. Wood, paua shell. Museum purchase, 1939. E23544."
356,acc:E301984.AB,official,oceanic-art,"Kava - We, the two of us","Bernice Akimine (Native Hawaiian, b. 1949)",2000,"Glass, glass powder, dye, and sand",E301984.AB,,,页面未写在展,,https://s3.us-east-1.amazonaws.com/pem-org/images/Collection_Oceanic_Kava_1200px.jpg,https://www.pem.org/the-pem-collection/oceanic-art,"Bernice Akimine (Native Hawaiian, b. 1949), Kava - We, the two of us, 2000. Glass, glass powder, dye, and sand. Museum purchase, made possible by the Piilani Cook Whittier Fund, 2002. E301984.AB."
357,acc:E3172,official,oceanic-art,Tapa,Artist not identified,early-mid 19th century,"Tapa (processed inner tree bark), pigments",E3172,,,页面未写在展,,https://s3.us-east-1.amazonaws.com/pem-org/images/Collection_Oceanic_barkcloth_1200px.jpg,https://www.pem.org/the-pem-collection/oceanic-art,"Artist in Austral Islands, Tapa, early to mid-century. barkcloth, pigments. Museum collection, before 1867. E3172."
358,acc:E35650,official,oceanic-art,Peue ei (women's head ornament),Marquesan artist,mid-19th century,"Coconut fiber, porpoise teeth, beads",E35650,,,页面未写在展,,https://s3.us-east-1.amazonaws.com/pem-org/images/Collection_Oceanic_Peue_ei_1200px.jpg,https://www.pem.org/the-pem-collection/oceanic-art,"Marquesan artist, Peue ei (women's head ornament), mid-19th century. Coconut fiber, porpoise teeth, beads. Marquesas Islands. Gift of F. Walter Bergmann, 1958. E35650."
359,acc:E5037,official,oceanic-art,Bure kalou (spirit house),Fijian artist,early 19th century,"Coconut fiber, wood, shell",E5037,,,页面未写在展,,https://s3.us-east-1.amazonaws.com/pem-org/images/Collection_Oceanic_SpiritHouse_1200px.jpg,https://www.pem.org/the-pem-collection/oceanic-art,"Fijian artist, Bure kalou (spirit house), early 19th century. Coconut fiber, wood, shell. Gift of Joseph Winn Jr., 1835. E5037."
360,acc:E5299,official,oceanic-art,Kupe'e hoaka (boar tusk bracelet),Kanaka Maoli (Native Hawaiian) artist,late 18th century,Wild boar tusks and fiber,E5299,,,展览《Salem Stories》：页面未点名展厅,On view in Salem Stories.,https://s3.us-east-1.amazonaws.com/pem-org/images/Collection_Oceanic_Kupeehoaka_1200px.jpg,https://www.pem.org/the-pem-collection/oceanic-art,"Kanaka Maoli (Native Hawaiian) artist, Kupe'e hoaka (boar tusk bracelet), late 18th century. Wild boar tusks and fiber. Gift of Nathaniel Silsbee, 1800. E5299. Photo by Jeffrey R. Dykes/PEM."
361,acc:E5351,official,oceanic-art,Fan,Marquesan artist,,"Wood, pandanus, coconut fiber",E5351,,,页面未写在展,,https://s3.us-east-1.amazonaws.com/pem-org/images/Collection_Oceanic_Fan_1200px.jpg,https://www.pem.org/the-pem-collection/oceanic-art,"Marquesan artist, Fan. Wood, pandanus, coconut fiber. Gift of Clifford Crowninshield and Matthew Folger, 1802. E5351."
362,acc:750S433,official,phillips-library-collection,Scrapbook containing ancestor portraits of Chinese men and women,Artist in China,about 1880-1911,Watercolor and ink on paper,750 S433 ++,,,页面未写在展,,https://s3.us-east-1.amazonaws.com/pem-org/images/Collection_Library_AncestorPortraits_1200px.jpg,https://www.pem.org/the-pem-collection/phillips-library-collection,"Artist in China, Scrapbook containing ancestor portraits of Chinese men and women, about 1880–1911. Watercolor and ink on paper. Phillips Library. Gift of Thomas Franklin Hunt, before 1898; or purchase, Ward Memorial Fund, after 1900. China Ward Collection. 750 S433 ++."
363,acc:E44,official,phillips-library-collection,Designs for fur coats,Frank G. Speck,1927,Ink on paper,E44; box 1; folder 13,,,页面未写在展,,https://s3.us-east-1.amazonaws.com/pem-org/images/Collection_Library_FurCoatDesign_1200px.jpg,https://www.pem.org/the-pem-collection/phillips-library-collection,"Frank G. Speck, Designs for fur coats, 1927. Ink on paper. Phillips Library. Gift of Dr. Frank G. Speck. Frank G. Speck Papers, 1908-1949. E44, box 1, folder 13."
364,acc:FAM.MSS.611,official,phillips-library-collection,The New Testament of our Lord and Saviour Jesus Christ,,1862,Book with leather cover and encased bullet,Fam. Mss. 611; box 1,,,页面未写在展,,https://s3.us-east-1.amazonaws.com/pem-org/images/Collection_Library_SaviourJesusChrist_1200px.jpg,https://www.pem.org/the-pem-collection/phillips-library-collection,"The New Testament of our Lord and Saviour Jesus Christ (New York: American Bible Society, 1862). Book with leather cover and encased bullet. Phillips Library. Charles William Merrill Papers, 1861–63. Fam. Mss. 611, box 1."
365,acc:G7964.N26E573,official,phillips-library-collection,"Map of Nagasaki, Hizen Province, Japan (Hizen Nagasaki zu)",Kumamoto Ensai,1696,Ink and color on paper,G7964.N26 E573,,,页面未写在展,,https://s3.us-east-1.amazonaws.com/pem-org/images/Collection_Library_NagasakiMap_1200px.jpg,https://www.pem.org/the-pem-collection/phillips-library-collection,"Kumamoto Ensai, Map of Nagasaki, Hizen Province, Japan (Hizen Nagasaki zu), 1696. Ink and color on paper. Phillips Library. Gift of Mr. Philip Hofer and Mr. Francis B. Lothrop, 1972. G7964.N26 E573."
366,acc:MSS15,official,phillips-library-collection,Cleopatra's Barge (Yacht) journal,George Crowninshield Jr.,1817,"Ink, watercolor, and pencil on paper",MSS 15; Box 21,,,页面未写在展,,https://s3.us-east-1.amazonaws.com/pem-org/images/Collection_Library_CleopatraBargeJournal_1200px.jpg,https://www.pem.org/the-pem-collection/phillips-library-collection,"George Crowninshield Jr., Cleopatra's Barge (Yacht) journal, 1817. Ink, watercolor, and pencil on paper. Phillips Library. Purchase, Elizabeth Rogers Fund, 2022. Crowninshield family papers. MSS 15, Box 21."
367,acc:MSS264,official,phillips-library-collection,Study for the front elevation of Derby Mansion,Samuel McIntire,1795-98,Pen and ink on paper,MSS 264; box 3; folder 3 #21,,,页面未写在展,,https://s3.us-east-1.amazonaws.com/pem-org/images/Collection_Library_DerbyMansion_1200px.jpg,https://www.pem.org/the-pem-collection/phillips-library-collection,"Samuel McIntire, Study for the front elevation of Derby Mansion, 1795–98. Pen and ink on paper. Phillips Library. Gift of Richard H. Derby, before 1900. Samuel McIntire Papers. MSS 264, box 3, folder 3 #21."
368,acc:MSS271,official,phillips-library-collection,"Account of Lafayette Dinner, August 30, 1824",John Remond (about 1788-1874),"August 30, 1824",Ink on paper,MSS 271; box 2; folder 3,,,页面未写在展,,https://s3.us-east-1.amazonaws.com/pem-org/images/Collection_Library_LafayetteDinner_1200px.jpg,https://www.pem.org/the-pem-collection/phillips-library-collection,"John Remond (about 1788–1874), Account of Lafayette Dinner, August 30, 1824. Ink on paper. Phillips Library. Gift of Miss Cecilia R. Babcock, June 22, 1915. Remond Family Papers. MSS 271, box 2, folder 3."
369,acc:MSS322,official,phillips-library-collection,Commonplace book,Henry Tiffin,1748-76,Book; watercolor and ink on paper,MSS 322,,,页面未写在展,,https://s3.us-east-1.amazonaws.com/pem-org/images/Collection_Library_CommonplaceBook_1200px.jpg,https://www.pem.org/the-pem-collection/phillips-library-collection,"Henry Tiffin, Commonplace book, 1748–76. Book; watercolor and ink on paper. Phillips Library. Gift of Mrs. Anna Glen Butler Vietor, 1982. MSS 322."
370,acc:MSS831,official,phillips-library-collection,Massachusetts Colony five-shilling note,Massachusetts General Court,1690,Ink on paper,MSS 831,,,页面未写在展,,https://s3.us-east-1.amazonaws.com/pem-org/general/LibraryCollection_5_shilling_note_1200.jpg,https://www.pem.org/the-pem-collection/phillips-library-collection,"Massachusetts General Court, Massachusetts Colony five-shilling note, 1690. Ink on paper. Phillips Library. Currency Collection, 1690–1910. MSS 831."
371,acc:MSS871,official,phillips-library-collection,Illustrated note,Sayed Haider (S.H.) Raza,1984,Ink on paper,MSS 871; box 6; folder 3; item 24,,,页面未写在展,,https://s3.us-east-1.amazonaws.com/pem-org/images/Collection_Library_IllustratedNote_1200px.jpg,https://www.pem.org/the-pem-collection/phillips-library-collection,"Sayed Haider (S.H.) Raza, Illustrated note, 1984. Ink on paper. Phillips Library. Gift of Chester and Davida Herwitz, 2002. Chester and Davida Herwitz Collection, 1952-2011. MSS 871, box 6, folder 3, item 24."
372,acc:N7433.4.C639A582017,official,phillips-library-collection,America: A Hymnal,Bethany Collins,2017,Book with 100 laser-cut leaves,N7433.4 .C639 A58 2017 +,,,our special exhibitions gallery —— 已登记为不对应实体展厅,On view in our special exhibitions gallery.,https://s3.us-east-1.amazonaws.com/pem-org/images/Collection_Library_BethanyCollins_1200px.jpg,https://www.pem.org/the-pem-collection/phillips-library-collection,"Bethany Collins, America: A Hymnal, 2017, book with 100 laser-cut leaves. Published by Candor Arts/Matt Austin and PATRON Gallery. Purchase, 2018. Phillips Library, Peabody Essex Museum, N7433.4 .C639 A58 2017 +. Photo by Tim Johnson. Courtesy of the Artist and PATRON Gallery, Chicago."
373,acc:NA1547.P3I891925,official,phillips-library-collection,Shina Pekinjo Kenchiku (plate 18),Ito Chuta,1925,,NA1547.P3 I89 1925 +,,,页面未写在展,,https://s3.us-east-1.amazonaws.com/pem-org/images/Collection_Library_ShinaPekinjo%CC%84Kenchiku_1200px.jpg,https://www.pem.org/the-pem-collection/phillips-library-collection,"Itō Chūta. 支那北京城建築 = Shina Pekinjō Kenchiku (plate 18), 1925. Phillips Library. Gift of Scott Offen, Herbert Offen Research Collection, 2004. NA1547.P3 I89 1925 +."
374,sec:phillips-library-collection#petition of mary esty september 15 1692,official,phillips-library-collection,"Petition of Mary Esty, September 15, 1692",,"September 15, 1692",Ink on paper,,,,页面未写在展,,https://s3.us-east-1.amazonaws.com/pem-org/images/Collection_Library_PetitionMaryEsty_1200px.jpg,https://www.pem.org/the-pem-collection/phillips-library-collection,"Petition of Mary Esty, September 15, 1692. Ink on paper. Property of the Massachusetts Supreme Judicial Court, Division of Archives and Records Preservation. Digital image courtesy of Phillips Library."
375,acc:112333.DUP,official,photography,"Portrait of William Lloyd Garrison, George Thompson, and Wendell Phillips","Albert Sands Southworth (1811-1894, United States) and Josiah Johnson Hawes (1808-1901, United States)",about 1850,"Daguerreotype, whole plate",112333.DUP,,,页面未写在展,,https://s3.us-east-1.amazonaws.com/pem-org/images/Collection_Photography_SeatedMen_1200px.jpg,https://www.pem.org/the-pem-collection/photography,"Albert Sands Southworth (1811–1894, United States) and Josiah Johnson Hawes (1808–1901, United States), Portrait of William Lloyd Garrison, George Thompson, and Wendell Phillips, about 1850. Daguerreotype, whole plate. Museum purchase, 1921. 112333.DUP."
376,acc:1231,official,photography,"Pont Neuf, Paris","Attributed to Vincent Chevalier (1771-1841, France)",about 1839,"Daguerreotype, half plate",1231,,,页面未写在展,,https://s3.us-east-1.amazonaws.com/pem-org/images/Collection_Photography_PontNeuf_1200px.jpg,https://www.pem.org/the-pem-collection/photography,"Attributed to Vincent Chevalier (1771–1841, France), Pont Neuf, Paris, about 1839. Daguerreotype, half plate. Gift of John Burley, 1858. 1231."
377,acc:2014.28.11.2,official,photography,"Cinquefoil, from the Ephemera portfolio","Olivia Parker (b. 1941, United States)","1975, printed 1977",Gelatin silver print,2014.28.11.2,,,页面未写在展,,https://s3.us-east-1.amazonaws.com/pem-org/images/Collection_Photography_Cinquefoil_1200px.jpg,https://www.pem.org/the-pem-collection/photography,"Olivia Parker (b. 1941, United States), Cinquefoil, From the Ephemera portfolio, 1975, printed 1977. Gelatin silver print. Gift of the artist. 2014.28.11.2."
378,acc:2014.43.1,official,photography,Scrimshaw Carver,Artist in the United States,about 1890,Cyanotype print,2014.43.1,,,页面未写在展,,https://s3.us-east-1.amazonaws.com/pem-org/images/Collection_Photography_ScrimshawCarver_1200px.jpg,https://www.pem.org/the-pem-collection/photography,"Artist in the United States, Scrimshaw Carver, about 1890. Cyanotype print. Museum purchase. 2014.43.1."
379,acc:2016.70.19,official,photography,"Canyonlands, Utah","Michael A. Smith (1942-2018, United States)",1993,Gelatin silver print,2016.70.19,,,展览《On This Ground: Being and Belonging in America》：2 个展厅，歧义，不采用,On view in On This Ground: Being and Belonging in America.,https://s3.us-east-1.amazonaws.com/pem-org/images/Collection_Photography_Canyonlands_1200px.jpg,https://www.pem.org/the-pem-collection/photography,"Michael A. Smith (1942–2018, United States), Canyonlands, Utah, 1993. Gelatin silver print. Gift of Garrett Gunderson. 2016.70.19."
380,acc:FIC2016.10.1,official,photography,Japanese Woman at Her Toilette,"Kusakabe Kimbei (1841-1934, Japan)",about 1880,Albumen print with hand coloring,FIC2016.10.1,,,页面未写在展,,https://s3.us-east-1.amazonaws.com/pem-org/images/Collection_Photography_WomanToilette_1200px.jpg,https://www.pem.org/the-pem-collection/photography,"Kusakabe Kimbei (1841–1934, Japan), Japanese Woman at Her Toilette, about 1880. Albumen print with hand coloring. Edward Sylvester Morse Collection. FIC2016.10.1."
381,acc:PH104.17,official,photography,"Wounded Soldiers Being Tended in the Field after the Battle of Chancellorsville near Fredericksburg, VA",Studio of Mathew B. Brady,1863,Albumen print,PH104.17,,,展览《On This Ground: Being and Belonging in America》：2 个展厅，歧义，不采用,On view in On This Ground: Being and Belonging in America.,https://s3.us-east-1.amazonaws.com/pem-org/images/Collection_Photography_WoundedSoldiers_1200px.jpg,https://www.pem.org/the-pem-collection/photography,"Studio of Mathew B. Brady, Wounded Soldiers Being Tended in the Field after the Battle of Chancellorsville near Fredericksburg, VA, 1863. Albumen print. Gift of Mrs. William C. Endicott, in honor of William C. Endicott, 1911. PH104.17."
382,acc:PH188,official,photography,"View of the Beach, The Mangrove Coast, Florida","Walker Evans (1903-1975, United States)",1941,Gelatin silver print,PH188,,,展览《On This Ground: Being and Belonging in America》：2 个展厅，歧义，不采用,On view in On This Ground: Being and Belonging in America.,https://s3.us-east-1.amazonaws.com/pem-org/images/Collection_Photography_MangroveCoast_1200px.jpg,https://www.pem.org/the-pem-collection/photography,"Walker Evans (1903–1975, United States), View of the Beach, The Mangrove Coast, Florida, 1941. Gelatin silver print. Gift of Joan and Clark Worswick, 1999. PH188."
383,acc:PH2.83,official,photography,"Treasury Street, Canton","Felice Beato (1832-1909, United Kingdom, born in Italy)",1860,Albumen print,PH2.83,,,页面未写在展,,https://s3.us-east-1.amazonaws.com/pem-org/images/Collection_Photography_TreasuryStreet_1200px.jpg,https://www.pem.org/the-pem-collection/photography,"Felice Beato (1832–1909, United Kingdom, born in Italy), Treasury Street, Canton, 1860. Albumen print. Gift of Howard Corning, Albert Farley Heard Collection, before 1956, PH2.83."
384,acc:PH26.19,official,photography,"The Island Pagoda, from the album Foochow and the River Min","John Thomson (1837-1921, Scotland)",1873,Carbon print,PH26.19,,,页面未写在展,,https://s3.us-east-1.amazonaws.com/pem-org/images/Collection_Photography_IslandPagoda_1200px.jpg,https://www.pem.org/the-pem-collection/photography,"John Thomson (1837–1921, Scotland), The Island Pagoda, From the album Foochow and the River Min, 1873. Carbon print. Gift of the Estate of Mrs. Anthony Rives, 1973. PH26.19."
385,acc:PH285.351,official,photography,Whalers Rousseau and Desdemona,"Edwin Hale Lincoln (1848-1938, United States)",1889,Platinum print,PH285.351,,,页面未写在展,,https://s3.us-east-1.amazonaws.com/pem-org/images/Collection_Photography_WhalersRousseau_1200px.jpg,https://www.pem.org/the-pem-collection/photography,"Edwin Hale Lincoln (1848–1938, United States), Whalers Rousseau and Desdemona, 1889. Platinum print. Museum purchase, 1972. PH285.351."
386,acc:PH78.33,official,photography,Portrait of a Woman (Possibly Empress Myeongseong),Artist in Korea,1887-1892,Albumen print,PH78.33,,,页面未写在展,,https://s3.us-east-1.amazonaws.com/pem-org/images/Collection_Photography_PortraitWoman_1200px.jpg,https://www.pem.org/the-pem-collection/photography,"Artist in Korea, Portrait of a Woman (Possibly Empress Myeongseong), 1887–1892. Albumen print. Museum purchase, made possible by John O. and Olivia Hood Parker, 2001. PH78.33."
387,acc:PH80.6,official,photography,"Khamba Jong, Tibet, from the album Tibet and Lhasa","John Claude White (1853-1918, United Kingdom)",1907-08,Carbon print,PH80.6,,,页面未写在展,,https://s3.us-east-1.amazonaws.com/pem-org/images/Collection_Photography_KhambaJong_1200px.jpg,https://www.pem.org/the-pem-collection/photography,"John Claude White (1853–1918, United Kingdom), Khamba Jong, Tibet, from the album Tibet and Lhasa, 1907–08. Carbon print. Anonymous donor, 2000. PH80.6."
388,acc:PH81.110,official,photography,A Royal Family,"Lala Deen Dayal (1844-1905, India)",late 19th century,Gelatin silver print,PH81.110,,,页面未写在展,,https://s3.us-east-1.amazonaws.com/pem-org/images/Collection_Photography_RoyalFamily_1200px.jpg,https://www.pem.org/the-pem-collection/photography,"Lala Deen Dayal (1844–1905, India), A Royal Family, late 19th century. Gelatin silver print. Museum purchase, made possible by an anonymous donor, 2000. PH81.110."
389,acc:E18001,official,south-asian-art,Protector Goddess,"Artists in Kerala, India",mid-19th century,Wood and pigment,E18001,,Louise Du Pont Crowninshield Gallery,展览《Powerful Figures》的展览页点名：Louise Du Pont Crowninshield Gallery,On view in Powerful Figures.,https://s3.us-east-1.amazonaws.com/pem-org/images/Collection_SouthAsian_ProtectorGoddess_1200px.jpg,https://www.pem.org/the-pem-collection/south-asian-art,"Artists in Kerala, India, Protector Goddess, mid-19th century. Wood and pigment. Gift of Robert P. Gay, 1921. E18001."
390,acc:E300456,official,south-asian-art,Woman '95,G. Ravinder Reddy,1995,Fiberglass and gilding,E300456,,,South Asian Art Gallery —— 已登记为不对应实体展厅,On view in the South Asian Art Gallery.,https://s3.us-east-1.amazonaws.com/pem-org/images/Collection_SouthAsian_Woman95_1200px.jpg,https://www.pem.org/the-pem-collection/south-asian-art,"G. Ravinder Reddy (b. 1956, India), Woman ’95, 1995. Fiberglass and gilding. Gift of the Chester and Davida Herwitz Collection, 1999, E300456."
391,acc:E301030,official,south-asian-art,August '81,Biren De,1981,Oil on canvas,E301030,,,South Asian Art Gallery —— 已登记为不对应实体展厅,On view in the South Asian Art Gallery.,https://s3.us-east-1.amazonaws.com/pem-org/images/Collection_SouthAsian_August81_1200px.jpg,https://www.pem.org/the-pem-collection/south-asian-art,"Biren De (1926–2011, India), August ‘81, 1981. Oil on canvas. Gift of the Chester and Davida Herwitz Collection, 2001. E301030."
392,acc:E301088,official,south-asian-art,Old Arguments on Indigenism,Nalini Malani,1989,Acrylic and oil on canvas,E301088,,,South Asian Art Gallery —— 已登记为不对应实体展厅,On view in the South Asian Art Gallery.,https://s3.us-east-1.amazonaws.com/pem-org/images/Collection_SouthAsian_OldArguments_1200px.jpg,https://www.pem.org/the-pem-collection/south-asian-art,"Nalini Malani (b. 1946, India), Old Arguments on Indigenism, 1989. Acrylic and oil on canvas. Gift of the Chester and Davida Herwitz Collection, 2001. E301088."
393,acc:E301092,official,south-asian-art,2nd October,Atul Dodiya,1993,Acrylic and oil on canvas,E301092,,,South Asian Art Gallery —— 已登记为不对应实体展厅,On view in the South Asian Art Gallery.,https://s3.us-east-1.amazonaws.com/pem-org/images/Collection_SouthAsian_2ndOctober_1200px.jpg,https://www.pem.org/the-pem-collection/south-asian-art,"Atul Dodiya (b. 1959, India), 2nd October, 1993. Acrylic and oil on canvas. Gift of the Chester and Davida Herwitz Collection, 2001. E301092."
394,acc:E301099,official,south-asian-art,Untitled,Tyeb Mehta,1973,Acrylic on canvas,E301099,,,South Asian Art Gallery —— 已登记为不对应实体展厅,On view in the South Asian Art Gallery.,https://s3.us-east-1.amazonaws.com/pem-org/images/Collection_SouthAsian_TyebMehta_1200px.jpg,https://www.pem.org/the-pem-collection/south-asian-art,"Tyeb Mehta (1925–2009, India), Untitled, 1973. Acrylic on canvas. Gift of the Chester and Davida Herwitz Collection, 2001. E301099. Courtesy of the Estate of Tyeb Mehta."
395,acc:E301146,official,south-asian-art,Man,Maqbool Fida (M.F.) Husain,1951,Oil on fiberboard,E301146,,,South Asian Art Gallery —— 已登记为不对应实体展厅,On view in the South Asian Art Gallery.,https://s3.us-east-1.amazonaws.com/pem-org/images/Collection_SouthAsian_Man_1200px.jpg,https://www.pem.org/the-pem-collection/south-asian-art,"Maqbool Fida (M.F.) Husain (1915–2011, India), Man, 1951. Oil on fiberboard. Gift of the Chester and Davida Herwitz Collection, 2001. E301146. Estate of M.F. Husain."
396,acc:E301248,official,south-asian-art,Bindu La Terre,Sayed Haider (S.H.) Raza,1983,Oil on canvas,E301248,,,页面未写在展,,https://s3.us-east-1.amazonaws.com/pem-org/images/Collection_SouthAsian_BinduLaTerre_1200px.jpg,https://www.pem.org/the-pem-collection/south-asian-art,"Sayed Haider (S.H.) Raza (1922–2016, India), Bindu La Terre, 1983. Oil on canvas. Gift of the Chester and Davida Herwitz Collection, 2003. E301248."
397,acc:E301289,official,south-asian-art,Two Men with Hand Cart,Gieve Patel,1979,Oil on canvas,E301289,,,South Asian Art Gallery —— 已登记为不对应实体展厅,On view in the South Asian Art Gallery.,https://s3.us-east-1.amazonaws.com/pem-org/images/Collection_SouthAsian_TwoMenHandCart_1200px.jpg,https://www.pem.org/the-pem-collection/south-asian-art,"Gieve Patel (b. 1940, India), Two Men with Hand Cart, 1979. Oil on canvas. Gift of the Chester and Davida Herwitz Collection, 2003. E301289."
398,acc:E301396,official,south-asian-art,Girl Eating Rasagolla,K.G. Subramanyan,1980,Reverse painting on acrylic,E301396,,,South Asian Art Gallery —— 已登记为不对应实体展厅,On view in the South Asian Art Gallery.,https://s3.us-east-1.amazonaws.com/pem-org/images/Collection_SouthAsian_GirlEatingRasagolla_1200px.jpg,https://www.pem.org/the-pem-collection/south-asian-art,"K.G. Subramanyan (1924–2016, India), Girl Eating Rasagolla, 1980. Reverse painting on acrylic. Gift of the Chester and Davida Herwitz Collection, 2001. E301396."
399,acc:E302104,official,south-asian-art,Hanuman Revealing Rama and Sita in his Heart,"Artists in Kolkata, India",19th century,Watercolor and tin on paper,E302104,,,页面未写在展,,https://s3.us-east-1.amazonaws.com/pem-org/images/Collection_SouthAsian_HanumanRevealingRama_1200px.jpg,https://www.pem.org/the-pem-collection/south-asian-art,"Artists in Kolkata, India, Hanuman Revealing Rama and Sita in his Heart, 19th century. Watercolor and tin on paper. Museum purchase, made possible by an anonymous donor, 2003. E302104."
400,acc:E9923,official,south-asian-art,Devotee of Krishna,Kashinath Pal in Krishnanagar,about 1823,"Unfired clay, paint, textile",E9923,,,South Asian Art Gallery —— 已登记为不对应实体展厅,On view in the South Asian Art Gallery.,https://s3.us-east-1.amazonaws.com/pem-org/images/Collection_SouthAsian_DevoteeKrishna_1200px.jpg,https://www.pem.org/the-pem-collection/south-asian-art,"Kashinath Pal in Krishnanagar, Devotee of Krishna, about 1823. Unfired clay, paint, textile. Gift of Captain James Buffington Briggs/Capt. Benjamin Vanderford, 1823. E9923."
401,acc:100924.A,wikidata,,Portrait of Captain William B. Aiken,http://www.wikidata.org/.well-known/genid/69b55076216ed25316e4f630d3cc2e67,1800-01-01T00:00:00Z,canvas; oil paint,100924.A,Q65109174,,页面未写在展,,http://commons.wikimedia.org/wiki/Special:FilePath/Portrait%20of%20William%20B.%20Aiken.jpg,https://www.wikidata.org/wiki/Q65109174,
402,acc:103354,wikidata,,Portrait of Charlotte Story Forrester,Jane Stuart; Gilbert Stuart,1825-01-01T00:00:00Z,panel; oil paint,103354,Q65115249,,页面未写在展,,http://commons.wikimedia.org/wiki/Special:FilePath/Portrait%20of%20Charlotte%20Story%20Forrester.jpg,https://www.wikidata.org/wiki/Q65115249,
403,acc:103818,wikidata,,Portrait of Nancy Blood Story,http://www.wikidata.org/.well-known/genid/78be3d4fca3219dd31290af001fdac5c,1835-01-01T00:00:00Z,canvas; oil paint,103818,Q65115267,,页面未写在展,,http://commons.wikimedia.org/wiki/Special:FilePath/Nancy%20Blood%20Story%2C%20unknown%20artist%2C%20New%20England%2C%20c.%201835%2C%20oil%20on%20canvas%20-%20Peabody%20Essex%20Museum%20-%20DSC07648.jpg,https://www.wikidata.org/wiki/Q65115267,
404,acc:103932,wikidata,,View of the Northfields (North Salem) and Beverly,http://www.wikidata.org/.well-known/genid/a5e2cdc21030ef313afa7d75daf11b5d,1800-01-01T00:00:00Z,wood; oil paint,103932,Q65048602,,页面未写在展,,http://commons.wikimedia.org/wiki/Special:FilePath/View%20of%20Salem%20and%20Beverly.jpg,https://www.wikidata.org/wiki/Q65048602,
405,acc:106806,wikidata,,Portrait of William Pepperrell,John Smibert,1745-01-01T00:00:00Z,canvas; oil paint,106806,Q65115276,,页面未写在展,,http://commons.wikimedia.org/wiki/Special:FilePath/William%20Pepperrell.jpg,https://www.wikidata.org/wiki/Q65115276,
406,acc:106820,wikidata,,John Quincy Adams by Charles Osgood,Charles Osgood,1828-01-01T00:00:00Z,canvas; oil paint,106820,Q65116999,,页面未写在展,,http://commons.wikimedia.org/wiki/Special:FilePath/John%20Quincy%20Adams%20by%20Charles%20Osgood.jpg,https://www.wikidata.org/wiki/Q65116999,
407,acc:106821,wikidata,,Portrait of Alexander Hamilton,John Trumbull,1792-01-01T00:00:00Z,canvas; oil paint,106821,Q65088567,,页面未写在展,,http://commons.wikimedia.org/wiki/Special:FilePath/Alexander%20Hamilton%20by%20John%20Trumbull%2C%20c.%201792%2C%20oil%20on%20canvas%20-%20Peabody%20Essex%20Museum%20-%20DSC07012.jpg,https://www.wikidata.org/wiki/Q65088567,
408,acc:107487,wikidata,,Portrait of Henry Carwick,Foeiqua,1820-01-01T00:00:00Z,canvas; oil paint,107487,Q65117003,,页面未写在展,,http://commons.wikimedia.org/wiki/Special:FilePath/Henry%20Carwick.jpg,https://www.wikidata.org/wiki/Q65117003,
409,acc:108499,wikidata,,View of Courthouse Square,Q65048649,1815-01-01T00:00:00Z,wood; oil paint,108499,Q65048644,,页面未写在展,,http://commons.wikimedia.org/wiki/Special:FilePath/View%20of%20Courthouse%20Square.jpg,https://www.wikidata.org/wiki/Q65048644,
410,acc:117394,wikidata,,Portrait of Abraham Prescott Jr.,Calvin Balis,1842-01-01T00:00:00Z,canvas; oil paint,117394,Q65117014,,页面未写在展,,http://commons.wikimedia.org/wiki/Special:FilePath/Abraham%20Prescott%20Jr.%20by%20Calvin%20Balis%2C%201842%2C%20oil%20on%20canvas%20-%20Peabody%20Essex%20Museum%20-%20DSC07603.jpg,https://www.wikidata.org/wiki/Q65117014,
411,acc:121459,wikidata,,Portrait of Nathaniel Hawthorne,Charles Osgood,1840-01-01T00:00:00Z,canvas; oil paint,121459,Q117447443,,页面未写在展,,http://commons.wikimedia.org/wiki/Special:FilePath/Charles%20Osgood%20-%20Portrait%20of%20Nathaniel%20Hawthorne%20%281840%29.jpg,https://www.wikidata.org/wiki/Q117447443,
412,acc:125121,wikidata,,Portrait of Jane Shattuck,Frank Weston Benson,1904-01-01T00:00:00Z,canvas; oil paint,125121,Q132542579,,页面未写在展,,http://commons.wikimedia.org/wiki/Special:FilePath/Frank%20W.%20Benson%2C%20Portrait%20of%20Jane%20Shattuck%2C%201904.jpg,https://www.wikidata.org/wiki/Q132542579,
413,acc:134356.1253AB,wikidata,,Shoes 134356.1253AB,,1920-01-01T00:00:00Z,silk fabric; leather,134356.1253AB,Q65088222,,页面未写在展,,http://commons.wikimedia.org/wiki/Special:FilePath/Shoe%201920.jpg,https://www.wikidata.org/wiki/Q65088222,
414,acc:138076,wikidata,,"The Captain, by Gilbert Gaul",Gilbert Gaul,1890-01-01T00:00:00Z,canvas; oil paint,138076,Q65085797,,页面未写在展,,http://commons.wikimedia.org/wiki/Special:FilePath/The%20Captain%2C%20by%20Gilbert%20Gaul%2C%20c.%201890%2C%20oil%20on%20canvas%20-%20Peabody%20Essex%20Museum%20-%20DSC07022.jpg,https://www.wikidata.org/wiki/Q65085797,
415,acc:138747,wikidata,,After the Storm,Frank Weston Benson,1884-01-01T00:00:00Z,canvas; oil paint,138747,Q132528102,,页面未写在展,,http://commons.wikimedia.org/wiki/Special:FilePath/After%20the%20Storm%201884%20Frank%20Weston%20Benson.jpg,https://www.wikidata.org/wiki/Q132528102,
416,acc:1961,wikidata,,Timothy Fitch by Joseph Blackburn,Joseph Blackburn,1768-01-01T00:00:00Z,canvas; oil paint,1961,Q65087990,,页面未写在展,,http://commons.wikimedia.org/wiki/Special:FilePath/Timothy%20Fitch%20by%20Joseph%20Blackburn%2C%201760%2C%20oil%20on%20canvas%20-%20Peabody%20Essex%20Museum%20-%20DSC06978.jpg,https://www.wikidata.org/wiki/Q65087990,
417,acc:2010.38.1,wikidata,,Portrait of Elizabeth Chipman Gray,Gilbert Stuart,1800-01-01T00:00:00Z,canvas; oil paint,2010.38.1,Q65051108,,页面未写在展,,http://commons.wikimedia.org/wiki/Special:FilePath/Elizabeth%20Chipman%20Gray%20%28Mrs.%20William%20Gray%29%20by%20Gilbert%20Stuart%2C%20c.%201800%2C%20oil%20on%20canvas%20-%20Peabody%20Essex%20Museum%20-%20DSC06984.jpg,https://www.wikidata.org/wiki/Q65051108,
418,acc:2010.38.2,wikidata,,Portrait of William Gray,Gilbert Stuart,1800-01-01T00:00:00Z,canvas; oil paint,2010.38.2,Q65050680,,页面未写在展,,http://commons.wikimedia.org/wiki/Special:FilePath/Captain%20William%20Gray%20by%20Gilbert%20Stuart%2C%20c.%201800%2C%20oil%20on%20canvas%20-%20Peabody%20Essex%20Museum%20-%20DSC06982.jpg,https://www.wikidata.org/wiki/Q65050680,
419,acc:2015591,wikidata,,Cage of la Corriveau,,1763-04-01T00:00:00Z,metal; iron,2015-59-1; 4028,Q30652305,,页面未写在展,,http://commons.wikimedia.org/wiki/Special:FilePath/Gibbet%20of%20La%20Corriveau%20%28NYPL%29%20%28cropped-2%29.jpg,https://www.wikidata.org/wiki/Q30652305,
420,acc:AE85682,wikidata,,Plate with the coat of arms of Willem van Outhoorn,http://www.wikidata.org/.well-known/genid/3ed5222532058613b4d3bdfee6bb8573,1700-01-01T00:00:00Z,silver; lacquer; wood; gold,AE85682,Q112308848,,页面未写在展,,http://commons.wikimedia.org/wiki/Special:FilePath/Plate%20with%20the%20coat%20of%20arms%20of%20Willem%20van%20Outhoorn%2C%20Japan%2C%20c.%201700%20AD%2C%20lacquered%20wood%2C%20gold%2C%20silver%20-%20Peabody%20Essex%20Museum%20-%20DSC07682.jpg,https://www.wikidata.org/wiki/Q112308848,
421,acc:AE85686.AI.,wikidata,,Sweetmeat set with the coat of arms of Johannes Camphuys,,1700-01-01T00:00:00Z,porcelain,AE85686.A-I.,Q112311163,,页面未写在展,,http://commons.wikimedia.org/wiki/Special:FilePath/Set%20of%20dishes%20with%20the%20arms%20of%20Johannes%20Camphuys%2C%20China%2C%20Jingdezhen%2C%201671-1690%20AD%2C%20porcelain%20-%20Peabody%20Essex%20Museum%20-%20DSC07690.jpg,https://www.wikidata.org/wiki/Q112311163,
422,acc:AE85730,wikidata,,Dish/Charger with the IHS cipher for Christ,,1600-01-01T00:00:00Z,porcelain,AE85730,Q112300481,,页面未写在展,,http://commons.wikimedia.org/wiki/Special:FilePath/Dish%20with%20IHS%20cipher%20for%20Christ%2C%20Jingdezhen%2C%20China%2C%201520-1540%20AD%2C%20porcelain%20-%20Peabody%20Essex%20Museum%20-%20Salem%2C%20MA%20-%20DSC05216.jpg,https://www.wikidata.org/wiki/Q112300481,
423,acc:AE85977,wikidata,,,,,,AE85977,Q112322625,,页面未写在展,,,https://www.wikidata.org/wiki/Q112322625,
424,acc:AE86448,wikidata,,Charger with a view of Xiamen (Amoy),,1700-01-01T00:00:00Z,,AE86448,Q112300414,,页面未写在展,,,https://www.wikidata.org/wiki/Q112300414,
425,acc:E12071,wikidata,,Kuka'ilimoku E12071,,1825-01-01T00:00:00Z,wood,E12071,Q65054727,,页面未写在展,,http://commons.wikimedia.org/wiki/Special:FilePath/Kuka%27ilimoku1.jpg,https://www.wikidata.org/wiki/Q65054727,
426,acc:E19679,wikidata,,Leiomano E19679,,1825-01-01T00:00:00Z,wood; tooth; copper; abalone shell,E19679,Q65054736,,页面未写在展,,http://commons.wikimedia.org/wiki/Special:FilePath/Leiomano.jpg,https://www.wikidata.org/wiki/Q65054736,
427,acc:E21292,wikidata,,Sioux baby carrier E21292,,1875-01-01T00:00:00Z,cotton; leather; silk; brass,E21292,Q65053610,,页面未写在展,,http://commons.wikimedia.org/wiki/Special:FilePath/Sioux%20baby%20carrier.jpg,https://www.wikidata.org/wiki/Q65053610,
428,acc:E3483,wikidata,,Djilakons mask,,1820-01-01T00:00:00Z,pigment; wood,E3483,Q65052377,,页面未写在展,,http://commons.wikimedia.org/wiki/Special:FilePath/Djilakons%20mask.jpg,https://www.wikidata.org/wiki/Q65052377,
429,acc:E5520,wikidata,,Nguru E5520,,1805-01-01T00:00:00Z,wood; abalone shell,E5520,Q65054095,,页面未写在展,,http://commons.wikimedia.org/wiki/Special:FilePath/Nguru.jpg,https://www.wikidata.org/wiki/Q65054095,
430,acc:E7626,wikidata,,Jagannatha-E7626,,1815-01-01T00:00:00Z,clay,E7626,Q65048559,,页面未写在展,,http://commons.wikimedia.org/wiki/Special:FilePath/Jagannatha.jpg,https://www.wikidata.org/wiki/Q65048559,
431,acc:E77824,wikidata,,Kutch blouse E77824,Ahir,1925-01-01T00:00:00Z,thread; mirror; cotton fabric; rayon,E77824,Q65088082,,页面未写在展,,http://commons.wikimedia.org/wiki/Special:FilePath/Kutch%20blouse.jpg,https://www.wikidata.org/wiki/Q65088082,
432,acc:E82512,wikidata,,european family,http://www.wikidata.org/.well-known/genid/d8a303ae91171835c0df61f5b6062505,1800-01-01T00:00:00Z,porcelain,E82512,Q112300948,,页面未写在展,,http://commons.wikimedia.org/wiki/Special:FilePath/European%20family%20group%2C%20Dehua%2C%20China%2C%201700-1720%20AD%2C%20porcelain%20-%20Peabody%20Essex%20Museum%20-%20Salem%2C%20MA%20-%20DSC05150.jpg,https://www.wikidata.org/wiki/Q112300948,
433,acc:E83830,wikidata,,Charger with VOC emblem,,,porcelain,E83830,Q112310530,,页面未写在展,,http://commons.wikimedia.org/wiki/Special:FilePath/Charger%20with%20VOC%20emblem%2C%20Arita%20ware%2C%20Japan%2C%20late%201600s%20AD%2C%20porcelain%20-%20Peabody%20Essex%20Museum%20-%20DSC07693.jpg,https://www.wikidata.org/wiki/Q112310530,
434,acc:M10698,wikidata,,Ropework beckets M10698,http://www.wikidata.org/.well-known/genid/5a6d39fc7a0ddb1b85f98aff91a4f97d,1875-01-01T00:00:00Z,paint; leather; rope,M10698,Q65054778,,页面未写在展,,http://commons.wikimedia.org/wiki/Special:FilePath/Ropework%20beckets.jpg,https://www.wikidata.org/wiki/Q65054778,
435,acc:M10977,wikidata,,"An unsigned, undated astrolabe with an unusual rete",,,brass,M 10977,Q60659582,,页面未写在展,,,https://www.wikidata.org/wiki/Q60659582,
436,acc:M11043,wikidata,,Judge Richard Saltonstall by Robert Feke,Robert Feke,1750-01-01T00:00:00Z,canvas; oil paint,M11043,Q65083684,,页面未写在展,,http://commons.wikimedia.org/wiki/Special:FilePath/Judge%20Richard%20Saltonstall%20by%20Robert%20Feke%2C%20c.%201750%2C%20oil%20on%20canvas%20-%20Peabody%20Essex%20Museum%20-%20DSC07009.jpg,https://www.wikidata.org/wiki/Q65083684,
437,acc:M20450,wikidata,,Mouqua,Lam Qua,1840-01-01T00:00:00Z,canvas; oil paint,M20450,Q65083129,,页面未写在展,,http://commons.wikimedia.org/wiki/Special:FilePath/Mouqua.jpg,https://www.wikidata.org/wiki/Q65083129,
438,acc:M20453,wikidata,,Aquamarine demi-parure M20453,,1820-01-01T00:00:00Z,aquamarine; gold,M20453,Q65088215,,页面未写在展,,http://commons.wikimedia.org/wiki/Special:FilePath/Demi-parure%2C%20England%2C%20c.%201820%2C%20aquamarine%2C%20gold%20-%20Peabody%20Essex%20Museum%20-%20DSC07628.jpg,https://www.wikidata.org/wiki/Q65088215,
439,acc:M22309,wikidata,,Figurehead from the ship Galatea,http://www.wikidata.org/.well-known/genid/428a035ac5185ed75e5dde4a3378bbc8,1854-01-01T00:00:00Z,paint; wood,M22309,Q65088392,,页面未写在展,,http://commons.wikimedia.org/wiki/Special:FilePath/Figurehead%20from%20the%20ship%20Galatea%2C%20artist%20unknown%2C%20United%20States%2C%20c.%201854%2C%20wood%2C%20paint%20-%20Peabody%20Essex%20Museum%20-%20DSC06652.jpg,https://www.wikidata.org/wiki/Q65088392,
440,acc:M23296,wikidata,,Portrait of Mrs. Thomas Shippard,Joseph Badger,1758-01-01T00:00:00Z,canvas; oil paint,M23296,Q65054877,,页面未写在展,,http://commons.wikimedia.org/wiki/Special:FilePath/Mrs.%20Thomas%20Shippard%20by%20Joseph%20Badger%2C%20c.%201758%2C%20oil%20on%20canvas%20-%20Peabody%20Essex%20Museum%20-%20DSC07600.jpg,https://www.wikidata.org/wiki/Q65054877,
441,acc:M2502,wikidata,,Great Clipper Trade Wind for Panama,,1852-01-01T00:00:00Z,cloth,M2502,Q65054869,,页面未写在展,,http://commons.wikimedia.org/wiki/Special:FilePath/Great%20Clipper%20Trade%20Wind%20for%20Panama.jpg,https://www.wikidata.org/wiki/Q65054869,
442,acc:M27185,wikidata,,Female figurehead M27185,"Simeon Skillin, Jr.",1805-01-01T00:00:00Z,pine; paint,M27185,Q65054759,,页面未写在展,,http://commons.wikimedia.org/wiki/Special:FilePath/Female%20figurehead.jpg,https://www.wikidata.org/wiki/Q65054759,
443,acc:M5027,wikidata,,Portrait of Rajinder Dutt,http://www.wikidata.org/.well-known/genid/e32aa146a1810dd1827408887e107b06,1850-01-01T00:00:00Z,watercolor paint; ivory,M5027,Q65088097,,页面未写在展,,http://commons.wikimedia.org/wiki/Special:FilePath/Rajinder%20Dutt.jpg,https://www.wikidata.org/wiki/Q65088097,
444,acc:M6490,wikidata,,Figurehead M6490,,1800-01-01T00:00:00Z,paint; wood,M6490,Q65088431,,页面未写在展,,http://commons.wikimedia.org/wiki/Special:FilePath/Figurehead%2C%20probably%20New%20England%2C%201825-1850%2C%20wood%2C%20paint%20-%20Peabody%20Essex%20Museum%20-%20DSC07637.jpg,https://www.wikidata.org/wiki/Q65088431,
445,qid:Q106609644,wikidata,,The Examination of a Witch,T. H. Matteson,1853-01-01T00:00:00Z,canvas; oil paint,,Q106609644,,页面未写在展,,http://commons.wikimedia.org/wiki/Special:FilePath/Examination%20of%20a%20Witch%20-%20Tompkins%20Matteson.jpg,https://www.wikidata.org/wiki/Q106609644,
446,qid:Q110644433,wikidata,,U.S.S. WASP Boarding H.M Brig FROLIC,Thomas Birch,1815-01-01T00:00:00Z,canvas; oil paint,,Q110644433,,页面未写在展,,http://commons.wikimedia.org/wiki/Special:FilePath/U.S.S.%20Wasp%20Boarding%20H.M%20Brig%20Frolic.jpg,https://www.wikidata.org/wiki/Q110644433,
447,qid:Q111470816,wikidata,,Clipper Ship HURRICANE in the English Channel,Stephen Dadd Skillett,,oil paint,,Q111470816,,页面未写在展,,http://commons.wikimedia.org/wiki/Special:FilePath/S.%20D.%20Skillet%20-%20Clipper%20Ship%20HURRICANE%20in%20the%20English%20Channel.jpg,https://www.wikidata.org/wiki/Q111470816,
448,qid:Q116251748,wikidata,,Burning of the Ocean Monarch,Samuel Walters,1850-01-01T00:00:00Z,canvas; oil paint,,Q116251748,,页面未写在展,,http://commons.wikimedia.org/wiki/Special:FilePath/Ocean%20Monarch.jpg,https://www.wikidata.org/wiki/Q116251748,
449,qid:Q117789990,wikidata,,,William John Huggins,1835-01-01T00:00:00Z,canvas; oil paint,,Q117789990,,页面未写在展,,http://commons.wikimedia.org/wiki/Special:FilePath/Whampoa%20in%20China.jpg,https://www.wikidata.org/wiki/Q117789990,
450,qid:Q117790055,wikidata,,View of Whampoa Island and the Whampoa anchorage from Dane's Island (Changzhou) in the Pearl River in Canton (Guangzhou).,Youqua,1850-01-01T00:00:00Z,canvas; oil paint,,Q117790055,,页面未写在展,,http://commons.wikimedia.org/wiki/Special:FilePath/Whampoa%20by%20Youqua.jpg,https://www.wikidata.org/wiki/Q117790055,
451,qid:Q118448148,wikidata,,"A catalogue of the different specimens of cloth collected in the three voyages of Captain Cook, to the southern hemisphere",Alexander H. Shaw,,,,Q118448148,,页面未写在展,,,https://www.wikidata.org/wiki/Q118448148,
452,qid:Q125400082,wikidata,,"The Yacht America Winning the International Race, 1851",Fitz Henry Lane,1851-01-01T00:00:00Z,canvas; oil paint,,Q125400082,,页面未写在展,,http://commons.wikimedia.org/wiki/Special:FilePath/The%20Yacht%20%27America%27%20Winning%20the%20International%20Race%20Fitz%20Hugh%20Lane%201851.jpeg,https://www.wikidata.org/wiki/Q125400082,
453,qid:Q139713804,wikidata,,birdcage vase,http://www.wikidata.org/.well-known/genid/9a32f4c04351050dfb4b86dd0bd4fabd,1700-01-01T00:00:00Z,porcelain; papier-mâché,,Q139713804,,页面未写在展,,http://commons.wikimedia.org/wiki/Special:FilePath/Trompetvormige%20bekervaas%20met%20een%20metalen%20vogelkooi%2C%20AK-NM-6554-A.jpg,https://www.wikidata.org/wiki/Q139713804,
454,qid:Q139940985,wikidata,,Crowninshield's Wharf,Q21497855,1806-01-01T00:00:00Z,canvas; oil paint,,Q139940985,,页面未写在展,,http://commons.wikimedia.org/wiki/Special:FilePath/Crowninshield%27s%20Wharf%20no%20frame%20%28edit%29.jpg,https://www.wikidata.org/wiki/Q139940985,
455,qid:Q141268687,wikidata,,"Still-Life with Green and Purple Grapes, a Peach, and a Pear",Q28234219,,,,Q141268687,,页面未写在展,,http://commons.wikimedia.org/wiki/Special:FilePath/Still-Life%20with%20Green%20and%20Purple%20Grapes%2C%20a%20Peach%2C%20and%20a%20Pear%2C%20by%20Robert%20Spear%20Dunning%2C%201800s%2C%20oil%20on%20canvas%20-%20Peabody%20Essex%20Museum%20-%20DSC07276.jpg,https://www.wikidata.org/wiki/Q141268687,
456,qid:Q20032047,wikidata,,Dashing Wave Clipper Ship off Boston Light,William Bradford,1855-01-01T00:00:00Z,canvas; oil paint,,Q20032047,,页面未写在展,,http://commons.wikimedia.org/wiki/Special:FilePath/William%20Bradford%20-%20%E2%80%9ADashing%20Wave%E2%80%98%20clipper%20ship%20off%20Boston%20Light.jpg,https://www.wikidata.org/wiki/Q20032047,
457,qid:Q20160235,wikidata,,Portrait of Stephen Reynolds,John Mix Stanley,1848-01-01T00:00:00Z,,,Q20160235,,页面未写在展,,http://commons.wikimedia.org/wiki/Special:FilePath/Stephen%20Reynolds%2C%20portrait%20by%20John%20Mix%20Stanley%2C%201848.jpg,https://www.wikidata.org/wiki/Q20160235,
458,qid:Q65051798,wikidata,,Sailor's embroidered ditty bag,,1875-01-01T00:00:00Z,cotton; thread; linen,,Q65051798,,页面未写在展,,http://commons.wikimedia.org/wiki/Special:FilePath/Ditty%20bag.jpg,https://www.wikidata.org/wiki/Q65051798,
459,qid:Q65053374,wikidata,,PEM Inca dance crown,,1600-01-01T00:00:00Z,silver; gemstone,,Q65053374,,页面未写在展,,http://commons.wikimedia.org/wiki/Special:FilePath/Inca%20dance%20crown.jpg,https://www.wikidata.org/wiki/Q65053374,
460,qid:Q65054749,wikidata,,The Great Gale of 1846,Q65054752,1850-01-01T00:00:00Z,wood; oil paint,,Q65054749,,页面未写在展,,http://commons.wikimedia.org/wiki/Special:FilePath/The%20Great%20Gale%20of%201846.jpg,https://www.wikidata.org/wiki/Q65054749,
461,qid:Q65054794,wikidata,,Stamp Act Repeal'd teapot,,1766-01-01T00:00:00Z,earthenware; lead glaze,,Q65054794,,页面未写在展,,http://commons.wikimedia.org/wiki/Special:FilePath/Stamp%20Act%20Repeal%27d%20teapot%20%28PEM%20121493%29.jpg,https://www.wikidata.org/wiki/Q65054794,
462,qid:Q65079649,wikidata,,John Morton painting,,1866-01-01T00:00:00Z,paper; watercolor paint,,Q65079649,,页面未写在展,,http://commons.wikimedia.org/wiki/Special:FilePath/John%20Morton.jpg,https://www.wikidata.org/wiki/Q65079649,
463,qid:Q65088179,wikidata,,Ostrich egg PEM,,1850-01-01T00:00:00Z,egg as food,,Q65088179,,页面未写在展,,http://commons.wikimedia.org/wiki/Special:FilePath/Scrimshawed%20ostrich%20egg.jpg,https://www.wikidata.org/wiki/Q65088179,
464,qid:Q65088199,wikidata,,"Hamilton, Salem",William Henry Luscomb,1851-01-01T00:00:00Z,canvas; oil paint,,Q65088199,,页面未写在展,,http://commons.wikimedia.org/wiki/Special:FilePath/Hamilton%2C%20Salem.jpg,https://www.wikidata.org/wiki/Q65088199,
465,qid:Q65088230,wikidata,,The Letter by Lucy Hiller Lambert Cleveland,Lucy Hiller Lambert Cleveland,1840-01-01T00:00:00Z,cotton; wool,,Q65088230,,页面未写在展,,http://commons.wikimedia.org/wiki/Special:FilePath/The%20Letter.jpg,https://www.wikidata.org/wiki/Q65088230,
466,qid:Q65088406,wikidata,,Figurehead of Britannia,,1800-01-01T00:00:00Z,paint; wood,,Q65088406,,页面未写在展,,http://commons.wikimedia.org/wiki/Special:FilePath/Figurehead%20of%20Britannia%2C%20by%20Isacc%20Fowle%2C%20United%20States%2C%20early%201800s%2C%20wood%20and%20paint%20-%20Peabody%20Essex%20Museum%20-%20DSC07267.jpg,https://www.wikidata.org/wiki/Q65088406,
467,qid:Q65088562,wikidata,,"View of the City of Victoria, Hong Kong, by Sunqua",Sunqua,1857-01-01T00:00:00Z,canvas; oil paint,,Q65088562,,页面未写在展,,http://commons.wikimedia.org/wiki/Special:FilePath/View%20of%20the%20City%20of%20Victoria%2C%20Hong%20Kong%2C%20by%20Sunqua%2C%20Guangzhou%20or%20Hong%20Kong%2C%201855-1860%2C%20oil%20on%20canvas%20-%20Peabody%20Essex%20Museum%20-%20DSC07336.jpg,https://www.wikidata.org/wiki/Q65088562,
468,qid:Q65092039,wikidata,,Portrait of Harriet Low,George Chinnery,1833-01-01T00:00:00Z,canvas; oil paint,,Q65092039,,页面未写在展,,http://commons.wikimedia.org/wiki/Special:FilePath/Harriet%20Low%20by%20George%20Chinnery%2C%20India%20and%20China%2C%201833%2C%20oil%20on%20canvas%20-%20Peabody%20Essex%20Museum%20-%20DSC07304.jpg,https://www.wikidata.org/wiki/Q65092039,
469,qid:Q65092175,wikidata,,Portrait of Henry Hoolulu Pitman,http://www.wikidata.org/.well-known/genid/9ba61a835dc59f8c325d32edb508075e,1800-01-01T00:00:00Z,,,Q65092175,,页面未写在展,,http://commons.wikimedia.org/wiki/Special:FilePath/Henry%20Hoolulu%20Pitman%2C%20Peabody%20Essex%20Museum.jpg,https://www.wikidata.org/wiki/Q65092175,
